{"q_values": {"(2, 5, 2, 2)": [0.03246898576617241, 0.028744632378220558, 0.029663249850273132, 0.0284066554158926, 0.029894981533288956], "(2, 5, 3, 2)": [0.031700409948825836, 0.03188779950141907, 0.032111648470163345, 0.029930386692285538, 0.03175368160009384], "(2, 5, 3, 3)": [0.0268836822360754, 0.03093281388282776, 0.027462614700198174, 0.0275660939514637, 0.026470623910427094], "(2, 4, 2, 2)": [0.028778094798326492, 0.02815120667219162, 0.030225414782762527, 0.0326048918068409, 0.02894265577197075], "(2, 4, 3, 2)": [0.02940584532916546, 0.03182856738567352, 0.028844065964221954, 0.0325278639793396, 0.03177698701620102], "(2, 4, 3, 3)": [0.032630983740091324, 0.0326402373611927, 0.0326247476041317, 0.03262711316347122, 0.0325961709022522], "(2, 4, 4, 3)": [0.032773833721876144, 0.032787419855594635, 0.032805435359478, 0.032756514847278595, 0.03279220685362816], "(2, 4, 1, 1)": [0.03092600218951702, 0.030582847073674202, 0.030247030779719353, 0.03141431510448456, 0.03236094489693642], "(2, 4, 2, 1)": [0.02521859109401703, 0.018652042374014854, 0.02583775296807289, 0.02589002251625061, 0.03225850686430931], "(2, 5, 4, 3)": [0.029952554032206535, 0.028910920023918152, 0.03156081214547157, 0.029718341305851936, 0.029004782438278198], "(2, 4, 1, 2)": [0.0322563573718071, 0.032250143587589264, 0.03225979954004288, 0.032234057784080505, 0.03264692425727844], "(2, 5, 1, 2)": [0.031812310218811035, 0.032738130539655685, 0.0295090489089489, 0.029281936585903168, 0.028827238827943802], "(2, 5, 0, 2)": [0.03231945261359215, 0.03242761641740799, 0.029244370758533478, 0.03236421197652817, 0.03219175711274147], "(2, 5, 2, 3)": [0.03163363039493561, 0.024731211364269257, 0.02688998356461525, 0.02457638829946518, 0.024600783362984657], "(2, 4, 0, 1)": [0.03225083649158478, 0.03211256116628647, 0.032463882118463516, 0.03213224560022354, 0.032773081213235855], "(2, 4, 4, 2)": [0.03244543820619583, 0.03234690800309181, 0.03225485235452652, 0.03228788822889328, 0.03253715857863426], "(2, 4, 5, 3)": [0.03171722590923309, 0.03167771175503731, 0.0329793356359005, 0.03091070055961609, 0.030952217057347298], "(3, 4, 4, 2)": [0.031241578981280327, 0.031983230262994766, 0.028854060918092728, 0.03222784027457237, 0.0329136997461319], "(3, 4, 3, 2)": [0.0321291945874691, 0.029494302347302437, 0.032187048345804214, 0.032939665019512177, 0.03234796226024628], "(3, 4, 2, 1)": [0.024993153288960457, 0.023774320259690285, 0.026116229593753815, 0.03124738670885563, 0.026325775310397148], "(3, 4, 2, 2)": [0.03159947320818901, 0.028848225250840187, 0.03135322406888008, 0.02897288091480732, 0.032894618809223175], "(3, 4, 3, 1)": [0.005136661231517792, 0.009173051454126835, 0.02012939564883709, 0.004373584873974323, 0.0], "(2, 5, 1, 1)": [0.032796408981084824, 0.03284536302089691, 0.03281288221478462, 0.032880231738090515, 0.03281179815530777], "(2, 5, 0, 1)": [0.03274095430970192, 0.0329471156001091, 0.03274615481495857, 0.03275259956717491, 0.032725609838962555], "(1, 5, 1, 2)": [0.032665517181158066, 0.0325273759663105, 0.03186527267098427, 0.03262019902467728, 0.03240152820944786], "(1, 5, 2, 2)": [0.03176753968000412, 0.032865751534700394, 0.029929988086223602, 0.032838162034749985, 0.03279981017112732], "(1, 5, 3, 3)": [0.03301062807440758, 0.031336817890405655, 0.031786710023880005, 0.03158842772245407, 0.0319475494325161], "(1, 5, 2, 3)": [0.032386574894189835, 0.026801565662026405, 0.028471557423472404, 0.027132371440529823, 0.027273762971162796], "(1, 4, 0, 1)": [0.032623015344142914, 0.032722439616918564, 0.031676799058914185, 0.03200367093086243, 0.033240389078855515], "(2, 5, 2, 1)": [0.015897683799266815, 0.013710400089621544, 0.01640576682984829, 0.015062578022480011, 0.03307757526636124], "(2, 5, 5, 3)": [0.03285157307982445, 0.02782599627971649, 0.028214989230036736, 0.02515101432800293, 0.02699335850775242], "(3, 5, 5, 3)": [0.032981690019369125, 0.027421964332461357, 0.025402123108506203, 0.024798795580863953, 0.026002662256360054], "(3, 5, 4, 3)": [0.030886007472872734, 0.032872267067432404, 0.031313855201005936, 0.030823616310954094, 0.030988669022917747], "(3, 5, 4, 2)": [0.030776409432291985, 0.03252198547124863, 0.03257938474416733, 0.032240211963653564, 0.032940011471509933], "(3, 5, 3, 2)": [0.032580554485321045, 0.03132922202348709, 0.03249547630548477, 0.032598935067653656, 0.03249959275126457], "(3, 4, 1, 1)": [0.028414491564035416, 0.02709987759590149, 0.028638752177357674, 0.02790336310863495, 0.032325249165296555], "(3, 5, 2, 2)": [0.032243821769952774, 0.03237122297286987, 0.03252048045396805, 0.03245421126484871, 0.032502029091119766], "(3, 5, 1, 2)": [0.03187492862343788, 0.031750064343214035, 0.032173626124858856, 0.031913820654153824, 0.03206207975745201], "(3, 5, 1, 1)": [0.03220255300402641, 0.03213132172822952, 0.03225741162896156, 0.03255939856171608, 0.0315588042140007], "(3, 4, 0, 1)": [0.02120949700474739, 0.01964258961379528, 0.023000087589025497, 0.027880951762199402, 0.022001411765813828], "(1, 4, 1, 1)": [0.03019949421286583, 0.03058655746281147, 0.03033379837870598, 0.028954006731510162, 0.033203575760126114], "(1, 4, 2, 2)": [0.032645490020513535, 0.03236270323395729, 0.03242919594049454, 0.031838975846767426, 0.033175189048051834], "(1, 4, 3, 2)": [0.032674867659807205, 0.03272184729576111, 0.03262341395020485, 0.03300773724913597, 0.03261956945061684], "(1, 4, 4, 2)": [0.03254564478993416, 0.006176260765641928, 0.0032837812323123217, 0.013292019255459309, 0.008682695217430592], "(1, 5, 0, 2)": [0.032813310623168945, 0.03280270844697952, 0.032739486545324326, 0.03280090168118477, 0.032874468713998795], "(1, 5, 0, 1)": [0.03292219713330269, 0.03301333636045456, 0.03298606351017952, 0.033030904829502106, 0.03310975804924965], "(1, 5, 1, 3)": [0.002137663308531046, 0.004799379035830498, 0.008115068078041077, 0.027943894267082214, 0.008733272552490234], "(2, 5, 4, 2)": [0.03299891948699951, 0.03202018514275551, 0.03248589485883713, 0.031446292996406555, 0.030824698507785797], "(2, 5, 5, 4)": [-0.0035127869341522455, 0.004171616397798061, 0.006043131463229656, 0.006765821948647499, 0.009181329049170017], "(2, 4, 0, 2)": [0.03192318603396416, 0.03239442780613899, 0.03220483660697937, 0.03213918209075928, 0.033111657947301865], "(2, 4, -1, 1)": [0.0025829861406236887, 0.022587619721889496, -0.0021239714697003365, 0.0049621169455349445, 0.0], "(3, 5, 3, 3)": [0.018886342644691467, 0.03226325288414955, 0.0209804717451334, 0.02460956573486328, 0.024550898000597954], "(2, 5, 6, 3)": [0.022476719692349434, 0.002174804452806711, 0.005322371609508991, 0.004711395129561424, 0.005686861462891102], "(2, 4, 2, 3)": [0.008875387720763683, 0.014030535705387592, 0.013212686404585838, 0.006203623488545418, 0.03265126049518585], "(1, 4, 1, 2)": [0.03295431658625603, 0.03306812047958374, 0.032881610095500946, 0.03324078395962715, 0.03301239013671875], "(1, 4, 3, 3)": [0.032873596996068954, 0.03322465717792511, 0.032747358083724976, 0.03271222859621048, 0.0329103097319603], "(2, 4, 0, 0)": [0.008342654444277287, 0.0012050389777868986, 0.004804106429219246, 0.011293052695691586, 0.0], "(3, 4, 4, 3)": [0.03265973925590515, 0.03277384862303734, 0.0330318808555603, 0.032623592764139175, 0.03268048167228699], "(1, 5, -1, 1)": [0.02779344469308853, 0.009058508090674877, 0.008419685065746307, 0.014979694969952106, 0.012644516304135323], "(1, 4, -1, 1)": [0.012136663310229778, 0.015930192545056343, 0.010964246466755867, 0.013252044096589088, 0.02599124051630497], "(1, 4, 0, 2)": [0.03272965922951698, 0.03262226656079292, 0.032802507281303406, 0.03287084400653839, 0.03324632719159126], "(1, 4, 2, 3)": [0.03105974942445755, 0.030525797978043556, 0.033179305493831635, 0.030579030513763428, 0.02752370573580265], "(1, 5, 4, 3)": [0.0332309827208519, 0.026735037565231323, 0.02646840550005436, 0.028422189876437187, 0.02834954299032688], "(3, 4, 5, 3)": [0.03300439193844795, 0.025974435731768608, 0.026057252660393715, 0.028836270794272423, 0.02573099546134472],