{"q_values": {"(2, 5, 2, 2)": [0.03283660113811493, 0.03312324732542038, 0.03265676274895668, 0.03260711953043938, 0.032490234822034836], "(2, 5, 3, 2)": [0.03311719000339508, 0.03089267574250698, 0.03268473967909813, 0.03278276324272156, 0.031891122460365295], "(2, 5, 3, 3)": [0.03319687768816948, 0.029982415959239006, 0.030975114554166794, 0.029459398239850998, 0.030571697279810905], "(2, 4, 2, 2)": [0.032302599400281906, 0.02990996092557907, 0.0316285640001297, 0.03279521316289902, 0.03213808313012123], "(2, 4, 3, 2)": [0.030103018507361412, 0.03236214816570282, 0.03148724138736725, 0.032812364399433136, 0.030669277533888817], "(2, 4, 3, 3)": [0.0332002118229866, 0.032726582139730453, 0.03269358351826668, 0.03276684880256653, 0.0328514501452446], "(2, 4, 4, 3)": [0.03297707438468933, 0.032933566719293594, 0.032886113971471786, 0.03292545676231384, 0.03292753919959068], "(2, 4, 1, 1)": [0.031960081309080124, 0.03186649829149246, 0.030837396159768105, 0.03190162405371666, 0.032772257924079895], "(2, 4, 2, 1)": [0.02521859109401703, 0.015114737674593925, 0.02496412768959999, 0.029003381729125977, 0.031257838010787964], "(2, 5, 4, 3)": [0.03308754414319992, 0.031743694096803665, 0.03068535029888153, 0.03195091709494591, 0.031247401610016823], "(2, 4, 1, 2)": [0.03134029358625412, 0.0308003481477499, 0.033034805208444595, 0.03201368451118469, 0.029278509318828583], "(2, 5, 1, 2)": [0.0330987423658371, 0.03285849839448929, 0.032415974885225296, 0.0326300747692585, 0.032057955861091614], "(2, 5, 0, 2)": [0.03311511501669884, 0.03234678879380226, 0.030566159635782242, 0.03230816125869751, 0.032291147857904434], "(2, 5, 2, 3)": [0.033137377351522446, 0.025574296712875366, 0.024450743570923805, 0.02457638829946518, 0.024600783362984657], "(2, 4, 0, 1)": [0.03262189403176308, 0.03267824649810791, 0.03273734822869301, 0.03278842195868492, 0.03295380249619484], "(2, 4, 4, 2)": [0.032341234385967255, 0.031276505440473557, 0.03234708681702614, 0.032269060611724854, 0.03308526799082756], "(2, 4, 5, 3)": [0.03125777095556259, 0.030604606494307518, 0.03131333738565445, 0.03187728673219681, 0.031172314658761024], "(3, 4, 4, 2)": [0.031361814588308334, 0.030958175659179688, 0.031643740832805634, 0.03164704889059067, 0.032992418855428696], "(3, 4, 3, 2)": [0.029947439208626747, 0.030421802774071693, 0.02883664332330227, 0.03303689882159233, 0.03033287078142166], "(3, 4, 2, 1)": [0.026865819469094276, 0.026256421580910683, 0.024634800851345062, 0.028676733374595642, 0.032540805637836456], "(3, 4, 2, 2)": [0.028947152197360992, 0.02946629375219345, 0.03169205039739609, 0.03301117569208145, 0.029872320592403412], "(3, 4, 3, 1)": [0.005136661231517792, 0.009173051454126835, 0.017380783334374428, 0.004373584873974323, 0.0], "(2, 5, 1, 1)": [0.033080413937568665, 0.03284648805856705, 0.032927509397268295, 0.03295537829399109, 0.03298253193497658], "(2, 5, 0, 1)": [0.03280477225780487, 0.03292806074023247, 0.03309307247400284, 0.03290708363056183, 0.03301560878753662], "(1, 5, 1, 2)": [0.03323833644390106, 0.03243172541260719, 0.03145666420459747, 0.031580500304698944, 0.03029918670654297], "(1, 5, 2, 2)": [0.03318977355957031, 0.032561615109443665, 0.032575443387031555, 0.032254863530397415, 0.03079420141875744], "(1, 5, 3, 3)": [0.033139824867248535, 0.032236918807029724, 0.03201892226934433, 0.03245355933904648, 0.03174024820327759], "(1, 5, 2, 3)": [0.03319160267710686, 0.029086539521813393, 0.02825321815907955, 0.028017910197377205, 0.028826775029301643], "(1, 4, 0, 1)": [0.02810578979551792, 0.030187034979462624, 0.027107156813144684, 0.03305806219577789, 0.02935011126101017], "(2, 5, 2, 1)": [0.015897683799266815, 0.013710400089621544, 0.01640576682984829, 0.015062578022480011, 0.033069197088479996], "(2, 5, 5, 3)": [0.025250546634197235, 0.02689429372549057, 0.031218761578202248, 0.02612520009279251, 0.027341850101947784], "(3, 5, 5, 3)": [0.033045053482055664, 0.029267333447933197, 0.028826594352722168, 0.027597559615969658, 0.02928042598068714], "(3, 5, 4, 3)": [0.030514173209667206, 0.03311571106314659, 0.030879085883498192, 0.028701212257146835, 0.030698921531438828], "(3, 5, 4, 2)": [0.03246953338384628, 0.03221738710999489, 0.03315345197916031, 0.03047117590904236, 0.03238754719495773], "(3, 5, 3, 2)": [0.03318387269973755, 0.02986835688352585, 0.03215860575437546, 0.03200828656554222, 0.032410748302936554], "(3, 4, 1, 1)": [0.02879895269870758, 0.02978373132646084, 0.029533857479691505, 0.03299206122756004, 0.028929922729730606], "(3, 5, 2, 2)": [0.030993685126304626, 0.03320668265223503, 0.029842559248209, 0.03191833943128586, 0.03266981244087219], "(3, 5, 1, 2)": [0.03263884037733078, 0.033167097717523575, 0.03267928212881088, 0.031595729291439056, 0.0323992595076561], "(3, 5, 1, 1)": [0.03250198811292648, 0.032587163150310516, 0.03262417018413544, 0.03263508528470993, 0.03316937014460564], "(3, 4, 0, 1)": [0.02964792214334011, 0.027345916256308556, 0.028287865221500397, 0.02886037901043892, 0.032464753836393356], "(1, 4, 1, 1)": [0.02623385190963745, 0.026091942563652992, 0.025285841897130013, 0.03298630565404892, 0.02682594023644924], "(1, 4, 2, 2)": [0.03173551708459854, 0.03250207006931305, 0.0328025221824646, 0.03275791183114052, 0.032547563314437866], "(1, 4, 3, 2)": [0.0322243869304657, 0.031017189845442772, 0.03273502737283707, 0.03233099728822708, 0.03234110400080681], "(1, 4, 4, 2)": [0.03270576894283295, 0.006176260765641928, 0.0032837812323123217, 0.017053091898560524, 0.008682695217430592], "(1, 5, 0, 2)": [0.0327511802315712, 0.0332341305911541, 0.032756127417087555, 0.03295410796999931, 0.03052770532667637], "(1, 5, 0, 1)": [0.03276771679520607, 0.03290616720914841, 0.03299928084015846, 0.03299013525247574, 0.033228207379579544], "(1, 5, 1, 3)": [0.005221660248935223, 0.004799379035830498, 0.008115068078041077, 0.025386139750480652, 0.008733272552490234], "(2, 5, 4, 2)": [0.03321107104420662, 0.032140281051397324, 0.03255332261323929, 0.03177875652909279, 0.03126797080039978], "(2, 5, 5, 4)": [-0.0035127869341522455, 0.004171616397798061, 0.006043131463229656, 0.006765821948647499, 0.01819343864917755], "(2, 4, 0, 2)": [0.03229197487235069, 0.032524190843105316, 0.03247174993157387, 0.032418619841337204, 0.03320164233446121], "(2, 4, -1, 1)": [0.0025829861406236887, 0.026094725355505943, -0.0021239714697003365, 0.0049621169455349445, 0.0], "(3, 5, 3, 3)": [0.03310856968164444, 0.027425970882177353, 0.028697285801172256, 0.028443653136491776, 0.029614461585879326], "(2, 5, 6, 3)": [0.022476719692349434, 0.002174804452806711, 0.005322371609508991, 0.004711395129561424, 0.005686861462891102], "(2, 4, 2, 3)": [0.011294781230390072, 0.014030535705387592, 0.015179915353655815, 0.006203623488545418, 0.03312154859304428], "(1, 4, 1, 2)": [0.03245249018073082, 0.032721057534217834, 0.030479539185762405, 0.032910607755184174, 0.03053409792482853], "(1, 4, 3, 3)": [0.03254207968711853, 0.03268023580312729, 0.03261592239141464, 0.03239372745156288, 0.033191658556461334], "(2, 4, 0, 0)": [0.008342654444277287, 0.0012050389777868986, 0.004804106429219246, 0.011733213439583778, 0.0], "(3, 4, 4, 3)": [0.03241657838225365, 0.032725732773542404, 0.03253995627164841, 0.03310278058052063, 0.03254329413175583], "(1, 5, -1, 1)": [0.027247989550232887, 0.009058508090674877, 0.008419685065746307, 0.014979694969952106, 0.012644516304135323], "(1, 4, -1, 1)": [0.012136663310229778, 0.015930192545056343, 0.010964246466755867, 0.013252044096589088, 0.028519857674837112], "(1, 4, 0, 2)": [0.030625777319073677, 0.032371215522289276, 0.03226510435342789, 0.03230936825275421, 0.03320135176181793], "(1, 4, 2, 3)": [0.031790878623723984, 0.030795106664299965, 0.03320040553808212, 0.030579030513763428, 0.028083007782697678], "(1, 5, 4, 3)": [0.03306965157389641, 0.025710830464959145, 0.02911451831459999, 0.02821776084601879, 0.029161060228943825], "(3, 4, 5, 3)": [0.03296394646167755, 0.029263311997056007, 0.032159022986888885, 0.03120576962828636, 0.029181642457842827],