{"q_values": {"(2, 5, 2, 2)": [0.02517891116440296, 0.028664862737059593, 0.028296973556280136, 0.028168141841888428, 0.02673770673573017], "(2, 5, 3, 2)": [0.025774529203772545, 0.023799559101462364, 0.026108840480446815, 0.024677913635969162, 0.024420207366347313], "(2, 5, 3, 3)": [0.022414129227399826, 0.020333776250481606, 0.017253929749131203, 0.019591856747865677, 0.01759888045489788], "(2, 4, 2, 2)": [0.028633300215005875, 0.02626195177435875, 0.029278293251991272, 0.02853274717926979, 0.028941091150045395], "(2, 4, 3, 2)": [0.028359727934002876, 0.026562007144093513, 0.02745715342462063, 0.02700958028435707, 0.028137588873505592], "(2, 4, 3, 3)": [0.010096726007759571, 0.014167523011565208, 0.010114535689353943, 0.006167025770992041, 0.007005799096077681], "(2, 4, 4, 3)": [0.010079313069581985, 0.0139376325532794, 0.013959970325231552, 0.015781782567501068, 0.012737478129565716], "(2, 4, 1, 1)": [0.019545117393136024, 0.01877666637301445, 0.021003946661949158, 0.0199651550501585, 0.01607145555317402], "(2, 4, 2, 1)": [0.007028018590062857, 0.00601719506084919, 0.0033274302259087563, 0.007251568138599396, 0.004900036379694939], "(2, 5, 4, 3)": [0.015043681487441063, 0.01496802642941475, 0.007035335060209036, 0.014107375405728817, 0.016068343073129654], "(2, 4, 1, 2)": [0.027057895436882973, 0.026083992794156075, 0.020901473239064217, 0.026840506121516228, 0.025584908202290535], "(2, 5, 1, 2)": [0.026189815253019333, 0.027227122336626053, 0.024820495396852493, 0.025360042229294777, 0.026914307847619057], "(2, 5, 0, 2)": [0.00873548723757267, 0.013059633783996105, 0.008905315771698952, 0.008925058878958225, 0.008275732398033142], "(2, 5, 2, 3)": [0.008711968548595905, 0.007318821735680103, 0.0021683014929294586, 0.005405248608440161, 0.005549273919314146], "(2, 4, 0, 1)": [0.007146546151489019, 0.011133383959531784, 0.015172427520155907, 0.00894674751907587, 0.007660248316824436], "(2, 4, 4, 2)": [0.00505364965647459, 0.006133631803095341, 0.006344010587781668, 0.007542884908616543, 0.007191582582890987], "(2, 4, 5, 3)": [0.0, 0.0012698821956291795, 0.0016553249442949891, 0.0028433254919946194, 0.0010455112205818295], "(3, 4, 4, 2)": [0.0021495437249541283, 0.001815189141780138, 0.0, 0.001116239815019071, 0.0], "(3, 4, 3, 2)": [-0.0008772260043770075, 0.0011612987145781517, 0.006515771150588989, 0.0019719975534826517, 0.0036159732844680548], "(3, 4, 2, 1)": [0.0012783972779288888, 0.0, 0.0, 0.0009284255211241543, 0.002833557315170765], "(3, 4, 2, 2)": [0.0022059581242501736, 0.0, 0.0009928542422130704, 0.0, 0.0], "(3, 4, 3, 1)": [0.0, 0.0, 0.0, 0.0, 0.0], "(2, 5, 1, 1)": [0.0020061025861650705, 0.0055600376799702644, 0.004824098199605942, 0.00439779506996274, 0.004012215416878462], "(2, 5, 0, 1)": [0.012587103061378002, 0.01212860457599163, 0.013381590135395527, 0.010381110943853855, 0.013536745682358742], "(1, 5, 1, 2)": [0.0064513711258769035, 0.0030523804016411304, 0.00947264488786459, 0.0, 0.002486684126779437], "(1, 5, 2, 2)": [0.0, 0.003085250500589609, 0.001053724903613329, 0.001020630355924368, 0.0026731977704912424], "(1, 5, 3, 3)": [0.0010584910633042455, 0.0, 0.0, 0.0012965577188879251, 0.0], "(1, 5, 2, 3)": [0.0009750138269737363, 0.0018204811494797468, 0.0014809422427788377, -0.002116631716489792, 0.0023519443348050117], "(1, 4, 0, 1)": [0.0009483795729465783, 0.000965641753282398, 0.0, 0.0009808664908632636, 0.0009385150042362511], "(2, 5, 2, 1)": [0.0, 0.0, 0.0022367823403328657, 0.0, 0.0], "(2, 5, 5, 3)": [0.004074460826814175, 0.001542750047519803, 0.008732276037335396, 0.00683667091652751, 0.002040737308561802], "(3, 5, 5, 3)": [0.0, 0.0009144367650151253, 0.0, 0.0, 0.0], "(3, 5, 4, 3)": [0.0009070417727343738, 0.002979479730129242, -0.0012293318286538124, 0.0, 0.0011753985891118646], "(3, 5, 4, 2)": [0.0, 0.0, 0.0, 0.0009009420755319297, 0.0], "(3, 5, 3, 2)": [0.002774944994598627, 0.0011537191458046436, 0.0, 0.002546540228649974, -1.803738996386528e-06], "(3, 4, 1, 1)": [0.0016679455293342471, 0.0, 0.0, 0.0, 0.0], "(3, 5, 2, 2)": [0.0009864872554317117, 0.0, 0.0, 0.0, 0.0], "(3, 5, 1, 2)": [0.0011421794770285487, 0.0, 0.0, 0.0010717361001297832, 0.0009909336222335696], "(3, 5, 1, 1)": [0.0028260312974452972, 0.0, 0.0, 0.0, 0.0], "(3, 4, 0, 1)": [0.000989383552223444, 0.0013018931495025754, 0.0, 0.0, 0.0], "(1, 4, 1, 1)": [0.0, 0.0009981926996260881, 0.0, 0.0008635343401692808, 0.0009474060498178005], "(1, 4, 2, 2)": [0.004128423985093832, 0.0, 0.0009111788240261376, 0.003213070100173354, 0.0017226797062903643], "(1, 4, 3, 2)": [0.0010112498421221972, 0.0017098637763410807, 0.0016916687600314617, 0.0018660055939108133, 0.0026829103007912636], "(1, 4, 4, 2)": [0.0010173566406592727, 0.0, 0.0, 0.0, 0.0], "(1, 5, 0, 2)": [0.004327216651290655, 0.00522192707285285, 0.002148101106286049, 0.0037106317467987537, 0.00446676928550005], "(1, 5, 0, 1)": [0.0, 0.0, 0.0, 0.0, 0.0012753736227750778], "(1, 5, 1, 3)": [0.0, 0.0, 0.0, 0.00099466135725379, 0.0009630506974644959], "(2, 5, 4, 2)": [0.0015718883369117975, 0.0, 0.0, 0.0, 0.0], "(2, 5, 5, 4)": [0.0, 0.0, -0.0011378690833225846, -0.0022038116585463285, 0.0], "(2, 4, 0, 2)": [0.0017446445999667048, 0.005246840417385101, 0.0, 0.0027087656781077385, 0.0]}}