{"q_values": {"(2, 5, 2, 2)": [0.03293756768107414, 0.031271692365407944, 0.03185151889920235, 0.03200385719537735, 0.032476626336574554], "(2, 5, 3, 2)": [0.03224434331059456, 0.03258999437093735, 0.03313916176557541, 0.03082411177456379, 0.03280051797628403], "(2, 5, 3, 3)": [0.03149859979748726, 0.03315078467130661, 0.03005235083401203, 0.03054773434996605, 0.03003132902085781], "(2, 4, 2, 2)": [0.030602052807807922, 0.03208580240607262, 0.02995617501437664, 0.030973635613918304, 0.0332304872572422], "(2, 4, 3, 2)": [0.031400132924318314, 0.032745715230703354, 0.03280412778258324, 0.03323499858379364, 0.030801953747868538], "(2, 4, 3, 3)": [0.03285461291670799, 0.033220745623111725, 0.03287498652935028, 0.032768238335847855, 0.0328277125954628], "(2, 4, 4, 3)": [0.032731324434280396, 0.032693855464458466, 0.033207569271326065, 0.032931577414274216, 0.03272011876106262], "(2, 4, 1, 1)": [0.029783600941300392, 0.029075590893626213, 0.0298145804554224, 0.033173639327287674, 0.030434221029281616], "(2, 4, 2, 1)": [0.026003729552030563, 0.01852775737643242, 0.02496412768959999, 0.03303886950016022, 0.026878736913204193], "(2, 5, 4, 3)": [0.0296519473195076, 0.03314746916294098, 0.030940834432840347, 0.02740953303873539, 0.029598111286759377], "(2, 4, 1, 2)": [0.031112922355532646, 0.0323881059885025, 0.030744681134819984, 0.03319201618432999, 0.03216664120554924], "(2, 5, 1, 2)": [0.03302953764796257, 0.03252989053726196, 0.032566189765930176, 0.03209258243441582, 0.03271232172846794], "(2, 5, 0, 2)": [0.03312982618808746, 0.032141122967004776, 0.031953711062669754, 0.03208697587251663, 0.032119397073984146], "(2, 5, 2, 3)": [0.03187154233455658, 0.025574296712875366, 0.024450743570923805, 0.02541147917509079, 0.024600783362984657], "(2, 4, 0, 1)": [0.03050515241920948, 0.030011946335434914, 0.03007226623594761, 0.0331297442317009, 0.02979068085551262], "(2, 4, 4, 2)": [0.03244684636592865, 0.0322294682264328, 0.032507605850696564, 0.03321561962366104, 0.03244674950838089], "(2, 4, 5, 3)": [0.03143424168229103, 0.03084215521812439, 0.03131333738565445, 0.032627567648887634, 0.03124571591615677], "(3, 4, 4, 2)": [0.0317702554166317, 0.03223492577672005, 0.03155922517180443, 0.03151214122772217, 0.032795313745737076], "(3, 4, 3, 2)": [0.03232262283563614, 0.03126836195588112, 0.03163701668381691, 0.02984282560646534, 0.03289194032549858], "(3, 4, 2, 1)": [0.029661985114216805, 0.02806922234594822, 0.02846699208021164, 0.02778124436736107, 0.03126102313399315], "(3, 4, 2, 2)": [0.030919542536139488, 0.03197488561272621, 0.031038057059049606, 0.032994505017995834, 0.031084449961781502], "(3, 4, 3, 1)": [0.005136661231517792, 0.009173051454126835, 0.019077429547905922, 0.004373584873974323, 0.0], "(2, 5, 1, 1)": [0.0327235609292984, 0.03288300335407257, 0.0329718291759491, 0.033231716603040695, 0.03270707279443741], "(2, 5, 0, 1)": [0.03283650428056717, 0.032885391265153885, 0.03303999826312065, 0.032820042222738266, 0.032747093588113785], "(1, 5, 1, 2)": [0.03315135836601257, 0.031767964363098145, 0.031893204897642136, 0.03146188333630562, 0.03044394589960575], "(1, 5, 2, 2)": [0.03318854421377182, 0.031664032489061356, 0.031777992844581604, 0.03204462304711342, 0.03197500854730606], "(1, 5, 3, 3)": [0.0331839919090271, 0.029181448742747307, 0.030301380902528763, 0.029973231256008148, 0.030737899243831635], "(1, 5, 2, 3)": [0.024534674361348152, 0.033172570168972015, 0.024958526715636253, 0.024020548909902573, 0.02684151381254196], "(1, 4, 0, 1)": [0.030604062601923943, 0.031170470640063286, 0.031549036502838135, 0.03304651379585266, 0.03103652596473694], "(2, 5, 2, 1)": [0.015897683799266815, 0.013710400089621544, 0.01640576682984829, 0.016877394169569016, 0.03318970277905464], "(2, 5, 5, 3)": [0.02604183740913868, 0.03150380030274391, 0.024643290787935257, 0.023033464327454567, 0.02524757571518421], "(3, 5, 5, 3)": [0.030829036608338356, 0.03310009837150574, 0.029930949211120605, 0.027597559615969658, 0.030980564653873444], "(3, 5, 4, 3)": [0.03308536112308502, 0.029899481683969498, 0.03183611109852791, 0.03162720799446106, 0.02909853495657444], "(3, 5, 4, 2)": [0.03308945149183273, 0.032550398260354996, 0.03263864666223526, 0.03186368942260742, 0.032536692917346954], "(3, 5, 3, 2)": [0.031848225742578506, 0.0300888791680336, 0.033131107687950134, 0.032446570694446564, 0.03243602067232132], "(3, 4, 1, 1)": [0.028105691075325012, 0.02859005704522133, 0.027713140472769737, 0.029482491314411163, 0.03226228430867195], "(3, 5, 2, 2)": [0.03238082677125931, 0.03314666822552681, 0.029660798609256744, 0.032413776963949203, 0.03260505944490433], "(3, 5, 1, 2)": [0.032390691339969635, 0.0313229076564312, 0.03322400152683258, 0.03257019817829132, 0.0323127880692482], "(3, 5, 1, 1)": [0.032632410526275635, 0.03252997249364853, 0.03263171762228012, 0.0326245054602623, 0.032866235822439194], "(3, 4, 0, 1)": [0.02834310568869114, 0.02795363962650299, 0.028367234393954277, 0.031343430280685425, 0.02871551550924778], "(1, 4, 1, 1)": [0.02842438966035843, 0.028266247361898422, 0.028177112340927124, 0.027406685054302216, 0.032712172716856], "(1, 4, 2, 2)": [0.0299859419465065, 0.029363898560404778, 0.0303814560174942, 0.0332103855907917, 0.03003835864365101], "(1, 4, 3, 2)": [0.03258426487445831, 0.032264333218336105, 0.03222418949007988, 0.032634906470775604, 0.03319645673036575], "(1, 4, 4, 2)": [0.033217184245586395, 0.008874290622770786, 0.013559599407017231, 0.017053091898560524, 0.013328777626156807], "(1, 5, 0, 2)": [0.0320940837264061, 0.028888916596770287, 0.031349871307611465, 0.033148329704999924, 0.03175779804587364], "(1, 5, 0, 1)": [0.032622214406728745, 0.03256768360733986, 0.032329265028238297, 0.03311341255903244, 0.03243637830018997], "(1, 5, 1, 3)": [0.005221660248935223, 0.004799379035830498, 0.008115068078041077, 0.028425974771380424, 0.008733272552490234], "(2, 5, 4, 2)": [0.033183805644512177, 0.03233424201607704, 0.032660000026226044, 0.032041285187006, 0.03162217512726784], "(2, 5, 5, 4)": [-0.0035127869341522455, 0.004171616397798061, 0.006043131463229656, 0.006765821948647499, 0.014928470365703106], "(2, 4, 0, 2)": [0.03229197487235069, 0.03257668390870094, 0.032715339213609695, 0.032418619841337204, 0.03307465463876724], "(2, 4, -1, 1)": [0.0025829861406236887, 0.026640458032488823, -0.0021239714697003365, 0.0049621169455349445, 0.0], "(3, 5, 3, 3)": [0.029339022934436798, 0.03312162309885025, 0.03003544546663761, 0.03034302592277527, 0.030627302825450897], "(2, 5, 6, 3)": [0.02425919659435749, 0.002174804452806711, 0.005322371609508991, 0.004711395129561424, 0.005686861462891102], "(2, 4, 2, 3)": [0.011294781230390072, 0.014030535705387592, 0.015179915353655815, 0.006203623488545418, 0.032853201031684875], "(1, 4, 1, 2)": [0.031054016202688217, 0.03082740120589733, 0.03167884796857834, 0.0313144214451313, 0.03316172957420349], "(1, 4, 3, 3)": [0.032803311944007874, 0.03324254974722862, 0.032560255378484726, 0.032580018043518066, 0.03254023939371109], "(2, 4, 0, 0)": [0.008342654444277287, 0.0012050389777868986, 0.004804106429219246, 0.01582374796271324, 0.0], "(3, 4, 4, 3)": [0.032812781631946564, 0.032866593450307846, 0.033073075115680695, 0.03286794200539589, 0.03266233950853348], "(1, 5, -1, 1)": [0.02920590341091156, 0.009058508090674877, 0.008419685065746307, 0.014979694969952106, 0.012644516304135323], "(1, 4, -1, 1)": [0.012136663310229778, 0.015930192545056343, 0.010964246466755867, 0.013252044096589088, 0.03136559575796127], "(1, 4, 0, 2)": [0.031099697574973106, 0.03239694982767105, 0.032496705651283264, 0.03248245269060135, 0.033113203942775726], "(1, 4, 2, 3)": [0.032055750489234924, 0.030795106664299965, 0.03320959582924843, 0.031063450500369072, 0.029005227610468864], "(1, 5, 4, 3)": [0.033199433237314224, 0.027103105559945107, 0.027977190911769867, 0.0269746296107769, 0.027392109856009483], "(3, 4, 5, 3)": [0.030774841085076332, 0.03155101090669632, 0.032728590071201324, 0.03120576962828636, 0.03021756187081337],