{"q_values": {"(2, 5, 2, 2)": [0.03309017792344093, 0.0321739986538887, 0.03249521180987358, 0.03207654505968094, 0.031087413430213928], "(2, 5, 3, 2)": [0.031290508806705475, 0.03307105228304863, 0.03243313357234001, 0.030482079833745956, 0.030213546007871628], "(2, 5, 3, 3)": [0.033097803592681885, 0.029092982411384583, 0.028994016349315643, 0.029089801013469696, 0.028827590867877007], "(2, 4, 2, 2)": [0.029277298599481583, 0.03068297915160656, 0.03064141981303692, 0.03277764096856117, 0.030936507508158684], "(2, 4, 3, 2)": [0.03128141537308693, 0.030573749914765358, 0.03137335926294327, 0.03149992972612381, 0.03302270919084549], "(2, 4, 3, 3)": [0.032534725964069366, 0.03260239213705063, 0.03255001828074455, 0.033180736005306244, 0.03240101411938667], "(2, 4, 4, 3)": [0.033137790858745575, 0.03255900368094444, 0.03245572745800018, 0.03249042481184006, 0.032745227217674255], "(2, 4, 1, 1)": [0.030254539102315903, 0.03014945425093174, 0.03073948621749878, 0.03281092271208763, 0.029280755668878555], "(2, 4, 2, 1)": [0.02521859109401703, 0.015114737674593925, 0.02762516215443611, 0.02854818105697632, 0.03286226838827133], "(2, 5, 4, 3)": [0.027289502322673798, 0.03307989239692688, 0.027202598750591278, 0.028585154563188553, 0.02932531200349331], "(2, 4, 1, 2)": [0.03228025138378143, 0.03194773569703102, 0.029613198712468147, 0.031031446531414986, 0.03292277827858925], "(2, 5, 1, 2)": [0.0330459401011467, 0.032396987080574036, 0.03250293433666229, 0.03264348953962326, 0.031886421144008636], "(2, 5, 0, 2)": [0.03304733708500862, 0.032399773597717285, 0.02995137684047222, 0.0324859619140625, 0.03223247081041336], "(2, 5, 2, 3)": [0.03263966366648674, 0.024731211364269257, 0.024450743570923805, 0.02457638829946518, 0.024600783362984657], "(2, 4, 0, 1)": [0.028223402798175812, 0.02815062738955021, 0.030497677624225616, 0.029826311394572258, 0.03292403742671013], "(2, 4, 4, 2)": [0.0331161767244339, 0.02997174672782421, 0.032148078083992004, 0.03152799606323242, 0.032459791749715805], "(2, 4, 5, 3)": [0.03217955306172371, 0.030604606494307518, 0.03131333738565445, 0.03150838240981102, 0.031172314658761024], "(3, 4, 4, 2)": [0.03172660619020462, 0.029621915891766548, 0.03286375477910042, 0.03189349174499512, 0.032311029732227325], "(3, 4, 3, 2)": [0.03202738240361214, 0.031952012330293655, 0.031303126364946365, 0.03166501596570015, 0.03261973708868027], "(3, 4, 2, 1)": [0.0261748768389225, 0.027611736208200455, 0.024634800851345062, 0.02676313929259777, 0.03265834227204323], "(3, 4, 2, 2)": [0.0326450951397419, 0.03263458237051964, 0.03263530507683754, 0.03286886215209961, 0.03234060853719711], "(3, 4, 3, 1)": [0.005136661231517792, 0.009173051454126835, 0.023859083652496338, 0.004373584873974323, 0.0], "(2, 5, 1, 1)": [0.0326840877532959, 0.03303872421383858, 0.03279171884059906, 0.032727379351854324, 0.0327385850250721], "(2, 5, 0, 1)": [0.032500576227903366, 0.03303162381052971, 0.03276728466153145, 0.032844431698322296, 0.032734669744968414], "(1, 5, 1, 2)": [0.03306574374437332, 0.02937471494078636, 0.029740585014224052, 0.029345611110329628, 0.031573548913002014], "(1, 5, 2, 2)": [0.03307191655039787, 0.029594406485557556, 0.027640821412205696, 0.0294838547706604, 0.027026643976569176], "(1, 5, 3, 3)": [0.03288903087377548, 0.027414273470640182, 0.027863886207342148, 0.02755923569202423, 0.026535693556070328], "(1, 5, 2, 3)": [0.03195203095674515, 0.02627853862941265, 0.027108103036880493, 0.026803212240338326, 0.027244970202445984], "(1, 4, 0, 1)": [0.030618414282798767, 0.029489681124687195, 0.03002558834850788, 0.03272037208080292, 0.030539575964212418], "(2, 5, 2, 1)": [0.015897683799266815, 0.013710400089621544, 0.01640576682984829, 0.015062578022480011, 0.03296417370438576], "(2, 5, 5, 3)": [0.024724995717406273, 0.02689429372549057, 0.030981142073869705, 0.02612520009279251, 0.027611684054136276], "(3, 5, 5, 3)": [0.028518904000520706, 0.03297274187207222, 0.02666545659303665, 0.026923295110464096, 0.02731146849691868], "(3, 5, 4, 3)": [0.03306850045919418, 0.03099823370575905, 0.03180927038192749, 0.03169019892811775, 0.03142350912094116], "(3, 5, 4, 2)": [0.03210202232003212, 0.03242214396595955, 0.03313931077718735, 0.03047117590904236, 0.032288361340761185], "(3, 5, 3, 2)": [0.033061616122722626, 0.03294594585895538, 0.03280555084347725, 0.03290429338812828, 0.03283348307013512], "(3, 4, 1, 1)": [0.028222668915987015, 0.029825689271092415, 0.03153671696782112, 0.029499437659978867, 0.02986607700586319], "(3, 5, 2, 2)": [0.03292430192232132, 0.031963709741830826, 0.03256571665406227, 0.032254308462142944, 0.03263605758547783], "(3, 5, 1, 2)": [0.03318003565073013, 0.032764967530965805, 0.03280869871377945, 0.03285813704133034, 0.03005291521549225], "(3, 5, 1, 1)": [0.03195502236485481, 0.03250138834118843, 0.03212616592645645, 0.03231089189648628, 0.032867610454559326], "(3, 4, 0, 1)": [0.02606625109910965, 0.02436327002942562, 0.023570597171783447, 0.02513113245368004, 0.03262009099125862], "(1, 4, 1, 1)": [0.02863939106464386, 0.028801634907722473, 0.027646146714687347, 0.032698195427656174, 0.025350093841552734], "(1, 4, 2, 2)": [0.032050855457782745, 0.03226247802376747, 0.031574614346027374, 0.031538236886262894, 0.032863542437553406], "(1, 4, 3, 2)": [0.03244856745004654, 0.030529379844665527, 0.03183634951710701, 0.0330687053501606, 0.03250584751367569], "(1, 4, 4, 2)": [0.032774150371551514, 0.006176260765641928, 0.0032837812323123217, 0.017053091898560524, 0.008682695217430592], "(1, 5, 0, 2)": [0.03237051144242287, 0.03296259790658951, 0.03235950320959091, 0.03236326575279236, 0.032317422330379486], "(1, 5, 0, 1)": [0.03253389522433281, 0.0329522006213665, 0.03264402970671654, 0.0327235609292984, 0.03284425660967827], "(1, 5, 1, 3)": [0.002137663308531046, 0.004799379035830498, 0.008115068078041077, 0.022200703620910645, 0.008733272552490234], "(2, 5, 4, 2)": [0.03314164653420448, 0.032140281051397324, 0.032494042068719864, 0.03177875652909279, 0.03126797080039978], "(2, 5, 5, 4)": [-0.0035127869341522455, 0.004171616397798061, 0.006043131463229656, 0.006765821948647499, 0.01911945454776287], "(2, 4, 0, 2)": [0.03210080787539482, 0.03246721625328064, 0.03238829970359802, 0.03213918209075928, 0.032933954149484634], "(2, 4, -1, 1)": [0.0025829861406236887, 0.025308772921562195, -0.0021239714697003365, 0.0049621169455349445, 0.0], "(3, 5, 3, 3)": [0.02890736237168312, 0.032936010509729385, 0.027259960770606995, 0.02927597612142563, 0.02892407588660717], "(2, 5, 6, 3)": [0.022476719692349434, 0.002174804452806711, 0.005322371609508991, 0.004711395129561424, 0.005686861462891102], "(2, 4, 2, 3)": [0.008875387720763683, 0.014030535705387592, 0.013212686404585838, 0.006203623488545418, 0.03287348523736], "(1, 4, 1, 2)": [0.030331438407301903, 0.03124859742820263, 0.03165911138057709, 0.031793322414159775, 0.03270276263356209], "(1, 4, 3, 3)": [0.032198939472436905, 0.03246118873357773, 0.03223346546292305, 0.03224464878439903, 0.0330578051507473], "(2, 4, 0, 0)": [0.008342654444277287, 0.0012050389777868986, 0.004804106429219246, 0.011733213439583778, 0.0], "(3, 4, 4, 3)": [0.032691940665245056, 0.03280152752995491, 0.0326341837644577, 0.0329449363052845, 0.032801248133182526], "(1, 5, -1, 1)": [0.02779344469308853, 0.009058508090674877, 0.008419685065746307, 0.014979694969952106, 0.012644516304135323], "(1, 4, -1, 1)": [0.012136663310229778, 0.015930192545056343, 0.010964246466755867, 0.013252044096589088, 0.028529729694128036], "(1, 4, 0, 2)": [0.029311954975128174, 0.03226308524608612, 0.03239362686872482, 0.03222848102450371, 0.03283926099538803], "(1, 4, 2, 3)": [0.03127742558717728, 0.030525797978043556, 0.03284749016165733, 0.030579030513763428, 0.02752370573580265], "(1, 5, 4, 3)": [0.03277912735939026, 0.025710830464959145, 0.02822759933769703, 0.026501839980483055, 0.02773544192314148], "(3, 4, 5, 3)": [0.032777104526758194, 0.0288458913564682, 0.03147033229470253, 0.03100462257862091, 0.028253542259335518],