{"q_values": {"(2, 5, 2, 2)": [0.0324275940656662, 0.032355647534132004, 0.032436471432447433, 0.0323617048561573, 0.031013119965791702], "(2, 5, 3, 2)": [0.03257904201745987, 0.029611732810735703, 0.032478827983140945, 0.03251659870147705, 0.029410038143396378], "(2, 5, 3, 3)": [0.03203217685222626, 0.03251013159751892, 0.029808271676301956, 0.029063472524285316, 0.030814720317721367], "(2, 4, 2, 2)": [0.03269415348768234, 0.03289172053337097, 0.032825928181409836, 0.032879456877708435, 0.03304670751094818], "(2, 4, 3, 2)": [0.032949790358543396, 0.03283664584159851, 0.03291511908173561, 0.0330825075507164, 0.03296589106321335], "(2, 4, 3, 3)": [0.03288741409778595, 0.03291431814432144, 0.03298870474100113, 0.03293796256184578, 0.03284231945872307], "(2, 4, 4, 3)": [0.03292820230126381, 0.0331047847867012, 0.03286951407790184, 0.03260447084903717, 0.032909248024225235], "(2, 4, 1, 1)": [0.0302402563393116, 0.03039635717868805, 0.032474905252456665, 0.03177669271826744, 0.03302951529622078], "(2, 4, 2, 1)": [0.022372251376509666, 0.02142016962170601, 0.02255370281636715, 0.02346402406692505, 0.029193155467510223], "(2, 5, 4, 3)": [0.029818333685398102, 0.03032168373465538, 0.032595306634902954, 0.028614621609449387, 0.02983004041016102], "(2, 4, 1, 2)": [0.032835204154253006, 0.03286764398217201, 0.032809387892484665, 0.0330551378428936, 0.03287861868739128], "(2, 5, 1, 2)": [0.03270775079727173, 0.03251096233725548, 0.03255128115415573, 0.03238380327820778, 0.032374948263168335], "(2, 5, 0, 2)": [0.03273935243487358, 0.0322883240878582, 0.03235401213169098, 0.032242804765701294, 0.03234877809882164], "(2, 5, 2, 3)": [0.024004818871617317, 0.030198903754353523, 0.023275764659047127, 0.023427540436387062, 0.02073822170495987], "(2, 4, 0, 1)": [0.032809507101774216, 0.032600391656160355, 0.03237084671854973, 0.0329669751226902, 0.03274872899055481], "(2, 4, 4, 2)": [0.032331690192222595, 0.03216763958334923, 0.0291228499263525, 0.03226849436759949, 0.0331617034971714], "(2, 4, 5, 3)": [0.03065342642366886, 0.030265582725405693, 0.032817427068948746, 0.029846131801605225, 0.029558153823018074], "(3, 4, 4, 2)": [0.031151125207543373, 0.033096496015787125, 0.03218510001897812, 0.03144759684801102, 0.03235678747296333], "(3, 4, 3, 2)": [0.03251398727297783, 0.0325617790222168, 0.03235616907477379, 0.03232177719473839, 0.03312717005610466], "(3, 4, 2, 1)": [0.027261726558208466, 0.026760945096611977, 0.025385873392224312, 0.027290288358926773, 0.03296428173780441], "(3, 4, 2, 2)": [0.032347485423088074, 0.031813256442546844, 0.032483991235494614, 0.032541822642087936, 0.03306836262345314], "(3, 4, 3, 1)": [0.005136661231517792, 0.009173051454126835, 0.012226869352161884, 0.0057875411584973335, 0.0], "(2, 5, 1, 1)": [0.032960277050733566, 0.03299190104007721, 0.03294317424297333, 0.03266465663909912, 0.03282300382852554], "(2, 5, 0, 1)": [0.03280873969197273, 0.032851409167051315, 0.03279339522123337, 0.03292828053236008, 0.03289176896214485], "(1, 5, 1, 2)": [0.0326857827603817, 0.029849408194422722, 0.029268179088830948, 0.030364809557795525, 0.02999533712863922], "(1, 5, 2, 2)": [0.03170322999358177, 0.03204252943396568, 0.0319351851940155, 0.03189615160226822, 0.031958140432834625], "(1, 5, 3, 3)": [0.03139464557170868, 0.032355017960071564, 0.03128606826066971, 0.03192136436700821, 0.03195229917764664], "(1, 5, 2, 3)": [0.032270174473524094, 0.026773028075695038, 0.026334723457694054, 0.029144639149308205, 0.029791947454214096], "(1, 4, 0, 1)": [0.028002748265862465, 0.02938346192240715, 0.029627924785017967, 0.02914249151945114, 0.03208824619650841], "(2, 5, 2, 1)": [0.013989163562655449, 0.013710400089621544, 0.01640576682984829, 0.013059908524155617, 0.03293503075838089], "(2, 5, 5, 3)": [0.02279147133231163, 0.0324002206325531, 0.023341640830039978, 0.022769605740904808, 0.024483462795615196], "(3, 5, 5, 3)": [0.024045327678322792, 0.032484233379364014, 0.015605284832417965, 0.019167669117450714, 0.024502813816070557], "(3, 5, 4, 3)": [0.03032544255256653, 0.03257090970873833, 0.031385377049446106, 0.031559478491544724, 0.03200223296880722], "(3, 5, 4, 2)": [0.0316556841135025, 0.03176965191960335, 0.033143483102321625, 0.03177030384540558, 0.032054878771305084], "(3, 5, 3, 2)": [0.03246002644300461, 0.033139266073703766, 0.03137277066707611, 0.032732754945755005, 0.032169513404369354], "(3, 4, 1, 1)": [0.029977932572364807, 0.028035059571266174, 0.029683109372854233, 0.030681543052196503, 0.03300207108259201], "(3, 5, 2, 2)": [0.03312109038233757, 0.03167802095413208, 0.03176905959844589, 0.031941644847393036, 0.03225623071193695], "(3, 5, 1, 2)": [0.032898399978876114, 0.03140537813305855, 0.03083542175590992, 0.03103749267756939, 0.031603697687387466], "(3, 5, 1, 1)": [0.03223184123635292, 0.03213360905647278, 0.0316736213862896, 0.028530854731798172, 0.03305783495306969], "(3, 4, 0, 1)": [0.020891934633255005, 0.023867717012763023, 0.02574107050895691, 0.024890251457691193, 0.028945421800017357], "(1, 4, 1, 1)": [0.02666604332625866, 0.02849631756544113, 0.03048667311668396, 0.027779841795563698, 0.028103327378630638], "(1, 4, 2, 2)": [0.032443247735500336, 0.03231172263622284, 0.0310854222625494, 0.0324847437441349, 0.032709985971450806], "(1, 4, 3, 2)": [0.030035492032766342, 0.03265414386987686, 0.032054051756858826, 0.0322379544377327, 0.030382370576262474], "(1, 4, 4, 2)": [0.03202605992555618, 0.003297477727755904, 0.0, 0.008789487183094025, 0.005961710587143898], "(1, 5, 0, 2)": [0.03207535669207573, 0.03208941966295242, 0.032718364149332047, 0.03209325671195984, 0.03214074671268463], "(1, 5, 0, 1)": [0.03251428157091141, 0.03282841295003891, 0.03275779262185097, 0.032625313848257065, 0.03275575861334801], "(1, 5, 1, 3)": [0.002137663308531046, 0.004799379035830498, 0.008115068078041077, 0.02470412850379944, 0.008733272552490234], "(2, 5, 4, 2)": [0.03297074884176254, 0.031237764284014702, 0.031273577362298965, 0.03011707402765751, 0.029243716970086098], "(2, 5, 5, 4)": [-0.0035127869341522455, 0.0019594498444348574, 0.006043131463229656, 0.004129519686102867, 0.017196865752339363], "(2, 4, 0, 2)": [0.030740488320589066, 0.03289223089814186, 0.03174540773034096, 0.03118450939655304, 0.03179505094885826], "(2, 4, -1, 1)": [0.0032611461356282234, 0.02010919339954853, -0.0021239714697003365, 0.0049621169455349445, 0.0], "(3, 5, 3, 3)": [0.015806525945663452, 0.030170999467372894, 0.01703445054590702, 0.02419251762330532, 0.022721998393535614], "(2, 5, 6, 3)": [0.021449405699968338, 0.002174804452806711, 0.005322371609508991, 0.004711395129561424, 0.005686861462891102], "(2, 4, 2, 3)": [0.008875387720763683, 0.011927885934710503, 0.01105284783989191, 0.006203623488545418, 0.0305845458060503], "(1, 4, 1, 2)": [0.03080984205007553, 0.03080211952328682, 0.0323125496506691, 0.03237646445631981, 0.03271917998790741], "(1, 4, 3, 3)": [0.03257786110043526, 0.03256354480981827, 0.03250020742416382, 0.03277645632624626, 0.032522089779376984], "(2, 4, 0, 0)": [0.008342654444277287, 0.0012050389777868986, 0.004804106429219246, 0.016009435057640076, 0.0], "(3, 4, 4, 3)": [0.03313770890235901, 0.032315511256456375, 0.032368239015340805, 0.03246252238750458, 0.03246598690748215], "(1, 5, -1, 1)": [0.027131905779242516, 0.009058508090674877, 0.008419685065746307, 0.014979694969952106, 0.012644516304135323], "(1, 4, -1, 1)": [0.012136663310229778, 0.014688199386000633, 0.010964246466755867, 0.013252044096589088, 0.028704339638352394], "(1, 4, 0, 2)": [0.032454706728458405, 0.03283194825053215, 0.03267357498407364, 0.03259875625371933, 0.032830800861120224], "(1, 4, 2, 3)": [0.029309608042240143, 0.02549881860613823, 0.032811786979436874, 0.028434623032808304, 0.025493714958429337], "(1, 5, 4, 3)": [0.032535016536712646, 0.024503089487552643, 0.022215459495782852, 0.028374290093779564, 0.026746323332190514], "(3, 4, 5, 3)": [0.031054534018039703, 0.020021477714180946, 0.020069044083356857, 0.021523064002394676, 0.02088307961821556],