{"q_values": {"(2, 5, 2, 2)": [0.033144496381282806, 0.03227267041802406, 0.03223824501037598, 0.03247454762458801, 0.031039921566843987], "(2, 5, 3, 2)": [0.033140167593955994, 0.03251707926392555, 0.03126310557126999, 0.03259481489658356, 0.03137322887778282], "(2, 5, 3, 3)": [0.03287108987569809, 0.029751650989055634, 0.03120974637567997, 0.03072231635451317, 0.03155473992228508], "(2, 4, 2, 2)": [0.03124948777258396, 0.031627822667360306, 0.030176198109984398, 0.030827732756733894, 0.032891981303691864], "(2, 4, 3, 2)": [0.032242871820926666, 0.032377906143665314, 0.03234829753637314, 0.032412659376859665, 0.03308216482400894], "(2, 4, 3, 3)": [0.032607629895210266, 0.03258572518825531, 0.0326274149119854, 0.033000633120536804, 0.032665569335222244], "(2, 4, 4, 3)": [0.03256818652153015, 0.0330975204706192, 0.032459717243909836, 0.03246490657329559, 0.03267325088381767], "(2, 4, 1, 1)": [0.030652247369289398, 0.029539896175265312, 0.031382881104946136, 0.030459173023700714, 0.0329056978225708], "(2, 4, 2, 1)": [0.022372251376509666, 0.022228065878152847, 0.02326580323278904, 0.02782326750457287, 0.022878121584653854], "(2, 5, 4, 3)": [0.03312522545456886, 0.029644547030329704, 0.027963150292634964, 0.029501523822546005, 0.029817886650562286], "(2, 4, 1, 2)": [0.03063688427209854, 0.03290318325161934, 0.03207510709762573, 0.03196920454502106, 0.031237095594406128], "(2, 5, 1, 2)": [0.033071037381887436, 0.032566849142313004, 0.03246136009693146, 0.03251258283853531, 0.032331399619579315], "(2, 5, 0, 2)": [0.032764457166194916, 0.032295528799295425, 0.03232535347342491, 0.03232639655470848, 0.032344866544008255], "(2, 5, 2, 3)": [0.025771327316761017, 0.025500833988189697, 0.03033224307000637, 0.025155534967780113, 0.02196982316672802], "(2, 4, 0, 1)": [0.03073839843273163, 0.030843626707792282, 0.03039943426847458, 0.03289887309074402, 0.02964055724442005], "(2, 4, 4, 2)": [0.032475799322128296, 0.03250984475016594, 0.033079832792282104, 0.031799811869859695, 0.03212988004088402], "(2, 4, 5, 3)": [0.03017670288681984, 0.030095942318439484, 0.03083433210849762, 0.02954239398241043, 0.031241420656442642], "(3, 4, 4, 2)": [0.031951677054166794, 0.029824906960129738, 0.030868299305438995, 0.030245013535022736, 0.03136434406042099], "(3, 4, 3, 2)": [0.029977262020111084, 0.029891010373830795, 0.029526537284255028, 0.02830754779279232, 0.032360002398490906], "(3, 4, 2, 1)": [0.02285161428153515, 0.024688055738806725, 0.022917678579688072, 0.022716213017702103, 0.026603540405631065], "(3, 4, 2, 2)": [0.030420156195759773, 0.0304156094789505, 0.0305221825838089, 0.03272527828812599, 0.02948099933564663], "(3, 4, 3, 1)": [0.005136661231517792, 0.009173051454126835, 0.016935298219323158, 0.0057875411584973335, 0.0], "(2, 5, 1, 1)": [0.03268929198384285, 0.03270503133535385, 0.03303533419966698, 0.032494813203811646, 0.03268392011523247], "(2, 5, 0, 1)": [0.03235459327697754, 0.03220929950475693, 0.03168831765651703, 0.03299037367105484, 0.03254644572734833], "(1, 5, 1, 2)": [0.032733552157878876, 0.03147440776228905, 0.03214897960424423, 0.0302547886967659, 0.031989630311727524], "(1, 5, 2, 2)": [0.032486557960510254, 0.03036142699420452, 0.029192309826612473, 0.03183547034859657, 0.03207496181130409], "(1, 5, 3, 3)": [0.029362579807639122, 0.030924886465072632, 0.02757825143635273, 0.027642108500003815, 0.027859879657626152], "(1, 5, 2, 3)": [0.026226677000522614, 0.028040554374456406, 0.027517342939972878, 0.027391701936721802, 0.025404592975974083], "(1, 4, 0, 1)": [0.03066805750131607, 0.03002675250172615, 0.028590092435479164, 0.03022732585668564, 0.032858408987522125], "(2, 5, 2, 1)": [0.013989163562655449, 0.013710400089621544, 0.01640576682984829, 0.013059908524155617, 0.03269456699490547], "(2, 5, 5, 3)": [0.02323712408542633, 0.030660569667816162, 0.02509114146232605, 0.02511899545788765, 0.02503545582294464], "(3, 5, 5, 3)": [0.02204771153628826, 0.026142114773392677, 0.013759895227849483, 0.014238663949072361, 0.022928718477487564], "(3, 5, 4, 3)": [0.03196635842323303, 0.02829442359507084, 0.02841031737625599, 0.027462003752589226, 0.028839297592639923], "(3, 5, 4, 2)": [0.032149866223335266, 0.030099017545580864, 0.03143548592925072, 0.030147559940814972, 0.03105418011546135], "(3, 5, 3, 2)": [0.030551664531230927, 0.0319373793900013, 0.028928782790899277, 0.028973789885640144, 0.030619733035564423], "(3, 4, 1, 1)": [0.026363957673311234, 0.026997145265340805, 0.027608562260866165, 0.027657147496938705, 0.030546553432941437], "(3, 5, 2, 2)": [0.03204267472028732, 0.032224930822849274, 0.03205888345837593, 0.029329992830753326, 0.029072288423776627], "(3, 5, 1, 2)": [0.029836120083928108, 0.030308805406093597, 0.030281873419880867, 0.02875153347849846, 0.03068317286670208], "(3, 5, 1, 1)": [0.03165442496538162, 0.031014662235975266, 0.030224118381738663, 0.022979630157351494, 0.03080945648252964], "(3, 4, 0, 1)": [0.021052753552794456, 0.023336872458457947, 0.022389650344848633, 0.022761285305023193, 0.027715260162949562], "(1, 4, 1, 1)": [0.02818332612514496, 0.023974183946847916, 0.026368645951151848, 0.03143474459648132, 0.028653258457779884], "(1, 4, 2, 2)": [0.03245006874203682, 0.03238276392221451, 0.03199375048279762, 0.03269923850893974, 0.032511115074157715], "(1, 4, 3, 2)": [0.032501205801963806, 0.03251863270998001, 0.03281537443399429, 0.03258302062749863, 0.03247604891657829], "(1, 4, 4, 2)": [0.0312524177134037, 0.003297477727755904, 0.0, 0.008789487183094025, 0.005961710587143898], "(1, 5, 0, 2)": [0.03256245702505112, 0.03243700787425041, 0.032680004835128784, 0.03243623301386833, 0.032444458454847336], "(1, 5, 0, 1)": [0.03270323947072029, 0.03263377398252487, 0.03260641545057297, 0.032709602266550064, 0.032948508858680725], "(1, 5, 1, 3)": [0.002137663308531046, 0.004799379035830498, 0.0056753153912723064, 0.024948401376605034, 0.008733272552490234], "(2, 5, 4, 2)": [0.03296840563416481, 0.031026074662804604, 0.030915409326553345, 0.029802067205309868, 0.02842923253774643], "(2, 5, 5, 4)": [-0.0027118846774101257, 0.0019594498444348574, 0.006043131463229656, 0.004129519686102867, 0.018280621618032455], "(2, 4, 0, 2)": [0.030207810923457146, 0.03259432315826416, 0.031606148928403854, 0.031025581061840057, 0.031650133430957794], "(2, 4, -1, 1)": [0.0032611461356282234, 0.021682048216462135, -0.0021239714697003365, 0.0049621169455349445, 0.0], "(3, 5, 3, 3)": [0.01603607088327408, 0.031525418162345886, 0.013335979543626308, 0.023233644664287567, 0.020544344559311867], "(2, 5, 6, 3)": [0.021449405699968338, 0.002174804452806711, 0.005322371609508991, 0.004711395129561424, 0.005686861462891102], "(2, 4, 2, 3)": [0.008875387720763683, 0.011927885934710503, 0.01105284783989191, 0.006203623488545418, 0.02892144024372101], "(1, 4, 1, 2)": [0.032594166696071625, 0.03225456550717354, 0.031477704644203186, 0.032400503754615784, 0.032946765422821045], "(1, 4, 3, 3)": [0.032591115683317184, 0.03256252035498619, 0.032586902379989624, 0.03259608894586563, 0.032326675951480865], "(2, 4, 0, 0)": [0.008342654444277287, 0.0012050389777868986, 0.004804106429219246, 0.015568098984658718, 0.0], "(3, 4, 4, 3)": [0.030952295288443565, 0.03188580647110939, 0.031415410339832306, 0.03200102597475052, 0.030193762853741646], "(1, 5, -1, 1)": [0.028445737436413765, 0.009058508090674877, 0.008419685065746307, 0.01339816302061081, 0.012644516304135323], "(1, 4, -1, 1)": [0.012136663310229778, 0.014688199386000633, 0.010964246466755867, 0.013252044096589088, 0.02867433801293373], "(1, 4, 0, 2)": [0.03193727135658264, 0.0325247161090374, 0.03222290426492691, 0.031964752823114395, 0.033023133873939514], "(1, 4, 2, 3)": [0.02826923318207264, 0.02549881860613823, 0.03285672515630722, 0.026117710396647453, 0.023787256330251694], "(1, 5, 4, 3)": [0.024541430175304413, 0.023806441575288773, 0.017481790855526924, 0.026633255183696747, 0.025387659668922424],