{"q_values": {"(2, 5, 2, 2)": [0.03318126127123833, 0.0320843905210495, 0.031302113085985184, 0.030543942004442215, 0.031168149784207344], "(2, 5, 3, 2)": [0.032011449337005615, 0.03210781514644623, 0.03315230458974838, 0.03226521611213684, 0.03185778856277466], "(2, 5, 3, 3)": [0.033146847039461136, 0.03056447021663189, 0.029105929657816887, 0.02691527269780636, 0.029295818880200386], "(2, 4, 2, 2)": [0.03242051601409912, 0.03114975430071354, 0.032656751573085785, 0.032728128135204315, 0.03311152011156082], "(2, 4, 3, 2)": [0.03189384192228317, 0.032605163753032684, 0.03108576312661171, 0.03154677525162697, 0.03317072615027428], "(2, 4, 3, 3)": [0.032714858651161194, 0.03315354883670807, 0.03267228975892067, 0.03228386864066124, 0.03274872899055481], "(2, 4, 4, 3)": [0.03249827399849892, 0.032404396682977676, 0.03313976526260376, 0.03248981386423111, 0.032547060400247574], "(2, 4, 1, 1)": [0.03152341768145561, 0.03064115345478058, 0.03159235790371895, 0.03183530271053314, 0.033088359981775284], "(2, 4, 2, 1)": [0.02521859109401703, 0.015114737674593925, 0.02702106162905693, 0.027220802381634712, 0.030925704166293144], "(2, 5, 4, 3)": [0.033140212297439575, 0.029168017208576202, 0.0286286361515522, 0.028027547523379326, 0.02945801243185997], "(2, 4, 1, 2)": [0.03217215836048126, 0.033094100654125214, 0.030592523515224457, 0.032503727823495865, 0.031017888337373734], "(2, 5, 1, 2)": [0.033202074468135834, 0.03221313655376434, 0.0305104348808527, 0.03208881616592407, 0.03226865082979202], "(2, 5, 0, 2)": [0.03234092891216278, 0.03231698274612427, 0.02960165962576866, 0.03304110839962959, 0.032143864780664444], "(2, 5, 2, 3)": [0.0317772775888443, 0.024731211364269257, 0.02739202231168747, 0.02457638829946518, 0.024600783362984657], "(2, 4, 0, 1)": [0.0315348282456398, 0.03235418349504471, 0.0314340814948082, 0.03196995332837105, 0.03308366239070892], "(2, 4, 4, 2)": [0.032032545655965805, 0.03300584480166435, 0.0320722796022892, 0.030385011807084084, 0.03178658336400986], "(2, 4, 5, 3)": [0.03167048841714859, 0.030604606494307518, 0.03131333738565445, 0.03150838240981102, 0.031172314658761024], "(3, 4, 4, 2)": [0.031007777899503708, 0.031451515853405, 0.03308366984128952, 0.03192605823278427, 0.031827669590711594], "(3, 4, 3, 2)": [0.03246849775314331, 0.03219306468963623, 0.031961552798748016, 0.03272904455661774, 0.032142024487257004], "(3, 4, 2, 1)": [0.0276234969496727, 0.02740011364221573, 0.027647705748677254, 0.02676313929259777, 0.032722875475883484], "(3, 4, 2, 2)": [0.03212478756904602, 0.03245669975876808, 0.03203460946679115, 0.033028941601514816, 0.029879722744226456], "(3, 4, 3, 1)": [0.005136661231517792, 0.009173051454126835, 0.024535464122891426, 0.004373584873974323, 0.0], "(2, 5, 1, 1)": [0.03285282477736473, 0.03294598311185837, 0.032911479473114014, 0.03280303254723549, 0.033190105110406876], "(2, 5, 0, 1)": [0.032408230006694794, 0.032716054469347, 0.033175259828567505, 0.03257887065410614, 0.03259120136499405], "(1, 5, 1, 2)": [0.0330488421022892, 0.03261580318212509, 0.0315324105322361, 0.030822942033410072, 0.03026454709470272], "(1, 5, 2, 2)": [0.03265822306275368, 0.03267864137887955, 0.032733164727687836, 0.03301011398434639, 0.03273841738700867], "(1, 5, 3, 3)": [0.033033985644578934, 0.03262067586183548, 0.03251266106963158, 0.03256183862686157, 0.03264596685767174], "(1, 5, 2, 3)": [0.033067889511585236, 0.027819206938147545, 0.029697144404053688, 0.02821674942970276, 0.02883327752351761], "(1, 4, 0, 1)": [0.028384394943714142, 0.028632137924432755, 0.029157521203160286, 0.03249780088663101, 0.030403345823287964], "(2, 5, 2, 1)": [0.015897683799266815, 0.013710400089621544, 0.01640576682984829, 0.015062578022480011, 0.03302554786205292], "(2, 5, 5, 3)": [0.0276414193212986, 0.029969535768032074, 0.027643591165542603, 0.02612520009279251, 0.027611684054136276], "(3, 5, 5, 3)": [0.028023889288306236, 0.02883162535727024, 0.025952251628041267, 0.026249747723340988, 0.02731146849691868], "(3, 5, 4, 3)": [0.031988296657800674, 0.027751781046390533, 0.02705066092312336, 0.02636638842523098, 0.025934981182217598], "(3, 5, 4, 2)": [0.0318564847111702, 0.03215416148304939, 0.032348617911338806, 0.03239106386899948, 0.032382041215896606], "(3, 5, 3, 2)": [0.02966953068971634, 0.028739484027028084, 0.03246641904115677, 0.027676191180944443, 0.028023574501276016], "(3, 4, 1, 1)": [0.029469212517142296, 0.03288901969790459, 0.03009890578687191, 0.02984199859201908, 0.030528998002409935], "(3, 5, 2, 2)": [0.03003278188407421, 0.03266054764389992, 0.028798943385481834, 0.02885628677904606, 0.028834771364927292], "(3, 5, 1, 2)": [0.03300578519701958, 0.03214259445667267, 0.031932368874549866, 0.032125525176525116, 0.03178223595023155], "(3, 5, 1, 1)": [0.03215860575437546, 0.03243144229054451, 0.03235861286520958, 0.03232133015990257, 0.033059071749448776], "(3, 4, 0, 1)": [0.027765804901719093, 0.023711081594228745, 0.02642502635717392, 0.025504762306809425, 0.03289352357387543], "(1, 4, 1, 1)": [0.029108304530382156, 0.030985122546553612, 0.028747299686074257, 0.027973134070634842, 0.026071254163980484], "(1, 4, 2, 2)": [0.031157808378338814, 0.03035832569003105, 0.03181401640176773, 0.033119939267635345, 0.03149491176009178], "(1, 4, 3, 2)": [0.032601308077573776, 0.032503869384527206, 0.030868755653500557, 0.032412946224212646, 0.033136896789073944], "(1, 4, 4, 2)": [0.0330682136118412, 0.006176260765641928, 0.0032837812323123217, 0.01528178621083498, 0.008682695217430592], "(1, 5, 0, 2)": [0.03303661197423935, 0.032696325331926346, 0.0326533243060112, 0.032662007957696915, 0.03261661157011986], "(1, 5, 0, 1)": [0.03270161524415016, 0.03272956982254982, 0.0327126570045948, 0.03276707977056503, 0.03291743993759155], "(1, 5, 1, 3)": [0.002137663308531046, 0.004799379035830498, 0.008115068078041077, 0.026278071105480194, 0.008733272552490234], "(2, 5, 4, 2)": [0.032630156725645065, 0.032140281051397324, 0.03262339159846306, 0.03177875652909279, 0.031064115464687347], "(2, 5, 5, 4)": [-0.0035127869341522455, 0.004171616397798061, 0.006043131463229656, 0.006765821948647499, 0.017916126176714897], "(2, 4, 0, 2)": [0.03200262784957886, 0.03246721625328064, 0.03220483660697937, 0.03213918209075928, 0.03306770324707031], "(2, 4, -1, 1)": [0.0025829861406236887, 0.02425343729555607, -0.0021239714697003365, 0.0049621169455349445, 0.0], "(3, 5, 3, 3)": [0.020295524969697, 0.025575637817382812, 0.022193975746631622, 0.030738284811377525, 0.02614389918744564], "(2, 5, 6, 3)": [0.022476719692349434, 0.002174804452806711, 0.005322371609508991, 0.004711395129561424, 0.005686861462891102], "(2, 4, 2, 3)": [0.008875387720763683, 0.014030535705387592, 0.013212686404585838, 0.006203623488545418, 0.03306509181857109], "(1, 4, 1, 2)": [0.0315307155251503, 0.03182315081357956, 0.029560362920165062, 0.0330476351082325, 0.029681822285056114], "(1, 4, 3, 3)": [0.03315228596329689, 0.03297371044754982, 0.033032212406396866, 0.03296492248773575, 0.03285656124353409], "(2, 4, 0, 0)": [0.008342654444277287, 0.0012050389777868986, 0.004804106429219246, 0.011293052695691586, 0.0], "(3, 4, 4, 3)": [0.03267262876033783, 0.03285815566778183, 0.032528553158044815, 0.03262653201818466, 0.03257833048701286], "(1, 5, -1, 1)": [0.02779344469308853, 0.009058508090674877, 0.008419685065746307, 0.014979694969952106, 0.012644516304135323], "(1, 4, -1, 1)": [0.012136663310229778, 0.015930192545056343, 0.010964246466755867, 0.013252044096589088, 0.028189968317747116], "(1, 4, 0, 2)": [0.032754942774772644, 0.03273533284664154, 0.032756153494119644, 0.03254009038209915, 0.032995983958244324], "(1, 4, 2, 3)": [0.03127742558717728, 0.030525797978043556, 0.0331541933119297, 0.030579030513763428, 0.02752370573580265], "(1, 5, 4, 3)": [0.033033959567546844, 0.026735037565231323, 0.028493965044617653, 0.029291681945323944, 0.02963310293853283], "(3, 4, 5, 3)": [0.0325329452753067, 0.0288458913564682, 0.03147033229470253, 0.03100462257862091, 0.028253542259335518],