{"q_values": {"(2, 5, 2, 2)": [0.031342510133981705, 0.03155886381864548, 0.031768083572387695, 0.03158578649163246, 0.029088210314512253], "(2, 5, 3, 2)": [0.031881183385849, 0.030804935842752457, 0.029564492404460907, 0.03164483606815338, 0.029489899054169655], "(2, 5, 3, 3)": [0.027152689173817635, 0.02523515745997429, 0.02619210071861744, 0.027772657573223114, 0.027569875121116638], "(2, 4, 2, 2)": [0.031947650015354156, 0.03210917115211487, 0.03136303275823593, 0.03211558237671852, 0.028958726674318314], "(2, 4, 3, 2)": [0.032167788594961166, 0.03216562792658806, 0.03204650804400444, 0.032472409307956696, 0.03236118704080582], "(2, 4, 3, 3)": [0.03231319040060043, 0.03207515925168991, 0.0320204421877861, 0.032079342752695084, 0.0320136658847332], "(2, 4, 4, 3)": [0.031815867871046066, 0.03201821446418762, 0.032236792147159576, 0.03201902657747269, 0.03161828964948654], "(2, 4, 1, 1)": [0.029796790331602097, 0.03181300684809685, 0.030701935291290283, 0.02869793400168419, 0.02992706000804901], "(2, 4, 2, 1)": [0.01920248009264469, 0.02633385919034481, 0.02395642362535, 0.024133600294589996, 0.024143796414136887], "(2, 5, 4, 3)": [0.030041251331567764, 0.03143729642033577, 0.030636759474873543, 0.030435113236308098, 0.03004942089319229], "(2, 4, 1, 2)": [0.031242940574884415, 0.03225644677877426, 0.03170102462172508, 0.03188329562544823, 0.03244246542453766], "(2, 5, 1, 2)": [0.032117851078510284, 0.031771041452884674, 0.03179188445210457, 0.03164198249578476, 0.03175630420446396], "(2, 5, 0, 2)": [0.032160818576812744, 0.03233014792203903, 0.03203302621841431, 0.03203907236456871, 0.032094117254018784], "(2, 5, 2, 3)": [0.025496024638414383, 0.026256058365106583, 0.025851842015981674, 0.022320715710520744, 0.02333407662808895], "(2, 4, 0, 1)": [0.030715802684426308, 0.031114425510168076, 0.031163403764367104, 0.03167801722884178, 0.031844671815633774], "(2, 4, 4, 2)": [0.03188387677073479, 0.03131956234574318, 0.0318165123462677, 0.031558625400066376, 0.03207545727491379], "(2, 4, 5, 3)": [0.027226988226175308, 0.0236859992146492, 0.026436951011419296, 0.031372275203466415, 0.027459867298603058], "(3, 4, 4, 2)": [0.024244897067546844, 0.02898356504738331, 0.02432927116751671, 0.026119301095604897, 0.02737923339009285], "(3, 4, 3, 2)": [0.02819380909204483, 0.0294030774384737, 0.029955243691802025, 0.025269050151109695, 0.02808677777647972], "(3, 4, 2, 1)": [0.01839069090783596, 0.017100632190704346, 0.01912856288254261, 0.016228487715125084, 0.02491280995309353], "(3, 4, 2, 2)": [0.02737090177834034, 0.02665823884308338, 0.02600673958659172, 0.021875379607081413, 0.024244926869869232], "(3, 4, 3, 1)": [0.0, 0.0024564480409026146, 0.008522320538759232, 0.0, 0.0], "(2, 5, 1, 1)": [0.032090868800878525, 0.03250478208065033, 0.032454073429107666, 0.032382965087890625, 0.03234335035085678], "(2, 5, 0, 1)": [0.031194161623716354, 0.03214869275689125, 0.03193826973438263, 0.03229933977127075, 0.03246665745973587], "(1, 5, 1, 2)": [0.028752243146300316, 0.02837013639509678, 0.02864881232380867, 0.02897883951663971, 0.031069738790392876], "(1, 5, 2, 2)": [0.0290673915296793, 0.030148150399327278, 0.030897902324795723, 0.030115343630313873, 0.03035983256995678], "(1, 5, 3, 3)": [0.029560774564743042, 0.02547716349363327, 0.025238074362277985, 0.023087576031684875, 0.024234982207417488], "(1, 5, 2, 3)": [0.02237953431904316, 0.02275831438601017, 0.022045671939849854, 0.02074204571545124, 0.022375157102942467], "(1, 4, 0, 1)": [0.023899191990494728, 0.019968988373875618, 0.024802425876259804, 0.025537528097629547, 0.02996416762471199], "(2, 5, 2, 1)": [0.0012997390003874898, 0.0, 0.005099008791148663, 0.0, 0.013518297113478184], "(2, 5, 5, 3)": [0.02364494651556015, 0.028543811291456223, 0.025630535557866096, 0.022245537489652634, 0.02581111527979374], "(3, 5, 5, 3)": [0.008632147684693336, 0.019079184159636497, 0.008889805525541306, 0.008165786042809486, 0.007612952031195164], "(3, 5, 4, 3)": [0.018528124317526817, 0.025864241644740105, 0.01647021621465683, 0.01842753402888775, 0.020400887355208397], "(3, 5, 4, 2)": [0.015049785375595093, 0.01160081010311842, 0.026573292911052704, 0.016944406554102898, 0.0027470046188682318], "(3, 5, 3, 2)": [0.029856840148568153, 0.026675205677747726, 0.027968892827630043, 0.025560326874256134, 0.027875807136297226], "(3, 4, 1, 1)": [0.019808584824204445, 0.022189555689692497, 0.02452295646071434, 0.02455776184797287, 0.024420728906989098], "(3, 5, 2, 2)": [0.030932387337088585, 0.02752598747611046, 0.028204888105392456, 0.026737825945019722, 0.028260251507163048], "(3, 5, 1, 2)": [0.022434111684560776, 0.025678832083940506, 0.019840825349092484, 0.02894791215658188, 0.021983498707413673], "(3, 5, 1, 1)": [0.027342813089489937, 0.01113322377204895, 0.016046011820435524, 0.007028057239949703, 0.018949709832668304], "(3, 4, 0, 1)": [0.01300717145204544, 0.013362747617065907, 0.02214311808347702, 0.004228254780173302, 0.010070323012769222], "(1, 4, 1, 1)": [0.011361313052475452, 0.009701956063508987, 0.003941026516258717, 0.02798639051616192, 0.017868902534246445], "(1, 4, 2, 2)": [0.029873983934521675, 0.029940620064735413, 0.028025999665260315, 0.03067076951265335, 0.030184054747223854], "(1, 4, 3, 2)": [0.02219301648437977, 0.020940788090229034, 0.02542678266763687, 0.019550707191228867, 0.03093763254582882], "(1, 4, 4, 2)": [0.0031075128354132175, 0.0, 0.0, 0.0, 0.0], "(1, 5, 0, 2)": [0.030652031302452087, 0.024338528513908386, 0.025934837758541107, 0.025846317410469055, 0.026942666620016098], "(1, 5, 0, 1)": [0.02894640900194645, 0.023470813408493996, 0.023783676326274872, 0.02298649586737156, 0.02622288465499878], "(1, 5, 1, 3)": [0.002137663308531046, 0.0, 0.0029769071843475103, 0.015830736607313156, 0.0038037532940506935], "(2, 5, 4, 2)": [0.03164885938167572, 0.015095450915396214, 0.02158142440021038, 0.016795022413134575, 0.017139974981546402], "(2, 5, 5, 4)": [-0.0009804515866562724, 0.001225340529344976, -0.0011378690833225846, 0.0013515485916286707, 0.003863584715873003], "(2, 4, 0, 2)": [0.016772909089922905, 0.0320795439183712, 0.016148488968610764, 0.022277019917964935, 0.02578478306531906], "(2, 4, -1, 1)": [0.0032611461356282234, 0.007703716401010752, -0.0021239714697003365, 0.0013340155128389597, 0.0], "(3, 5, 3, 3)": [0.00979559775441885, 0.025531597435474396, 0.005945118144154549, 0.008769350126385689, 0.00865225400775671], "(2, 5, 6, 3)": [0.01234221551567316, 0.002174804452806711, 0.0027629488613456488, 0.004711395129561424, 0.0027790931053459644], "(2, 4, 2, 3)": [0.0032672749366611242, 0.0023012012243270874, 0.005932406522333622, 0.006203623488545418, 0.009531690739095211], "(1, 4, 1, 2)": [0.028487471863627434, 0.027553830295801163, 0.02883400209248066, 0.030597886070609093, 0.029172247275710106], "(1, 4, 3, 3)": [0.02952844649553299, 0.02129083126783371, 0.015995876863598824, 0.018176324665546417, 0.019885001704096794], "(2, 4, 0, 0)": [-0.002318639075383544, 0.0, 0.0, 0.004393298178911209, 0.0], "(3, 4, 4, 3)": [0.021044280380010605, 0.011184751987457275, 0.010871486738324165, 0.007177882827818394, 0.011470305733382702], "(1, 5, -1, 1)": [0.01577404886484146, 0.0, 0.0010690158233046532, 0.003223349340260029, 0.0068830931559205055], "(1, 4, -1, 1)": [0.007263791281729937, 0.0065643517300486565, 0.005784995853900909, 0.008775845170021057, 0.0180924441665411], "(1, 4, 0, 2)": [0.015431343577802181, 0.014657090418040752, 0.013122924603521824, 0.012049218639731407, 0.02997204102575779], "(1, 4, 2, 3)": [0.01045684888958931, 0.009991459548473358, 0.025062164291739464, 0.009833001531660557, 0.012627828866243362], "(1, 5, 4, 3)": [0.025861110538244247, 0.013484149239957333, 0.005045438650995493, 0.011142568662762642, 0.0056639136746525764], "(3, 4, 5, 3)": [0.017246974632143974, 0.004814854823052883, 0.009827341884374619, 0.0018573672277852893, 0.0], "(3, 5, 0, 1)": [0.011193456128239632, 0.01805252954363823, 0.004873053170740604, 0.006490504369139671, 0.01229077484458685],