{"q_values": {"(2, 5, 2, 2)": [0.03141665831208229, 0.0290665365755558, 0.031153060495853424, 0.02818818762898445, 0.029166018590331078], "(2, 5, 3, 2)": [0.031882353127002716, 0.03151314705610275, 0.028801806271076202, 0.03169728443026543, 0.028371181339025497], "(2, 5, 3, 3)": [0.03137307986617088, 0.029351787641644478, 0.030209606513381004, 0.030492905527353287, 0.029073383659124374], "(2, 4, 2, 2)": [0.028996996581554413, 0.029547948390245438, 0.031223244965076447, 0.028531357645988464, 0.03055289387702942], "(2, 4, 3, 2)": [0.03206130489706993, 0.032142847776412964, 0.03213827311992645, 0.03156401962041855, 0.032137613743543625], "(2, 4, 3, 3)": [0.03195010498166084, 0.03250683471560478, 0.03216377645730972, 0.03233668953180313, 0.03219353407621384], "(2, 4, 4, 3)": [0.03173859789967537, 0.03158503770828247, 0.0321955680847168, 0.031145598739385605, 0.03168586641550064], "(2, 4, 1, 1)": [0.023333078250288963, 0.02384002134203911, 0.025836380198597908, 0.02676471509039402, 0.02805933728814125], "(2, 4, 2, 1)": [0.018453501164913177, 0.02241305634379387, 0.02528597041964531, 0.02049601823091507, 0.022144943475723267], "(2, 5, 4, 3)": [0.027871182188391685, 0.028692955151200294, 0.029697267338633537, 0.030550673604011536, 0.03070223703980446], "(2, 4, 1, 2)": [0.030297979712486267, 0.03043346107006073, 0.030341878533363342, 0.02596757933497429, 0.030513878911733627], "(2, 5, 1, 2)": [0.032020874321460724, 0.030560476705431938, 0.030331414192914963, 0.03185059130191803, 0.03180810064077377], "(2, 5, 0, 2)": [0.03216203302145004, 0.03184803947806358, 0.03180205076932907, 0.032278068363666534, 0.03206346184015274], "(2, 5, 2, 3)": [0.024487802758812904, 0.02836335264146328, 0.02461123839020729, 0.0194382481276989, 0.022161196917295456], "(2, 4, 0, 1)": [0.027216654270887375, 0.026115603744983673, 0.02766023948788643, 0.02974322997033596, 0.028269747272133827], "(2, 4, 4, 2)": [0.03180128335952759, 0.032013554126024246, 0.03129829466342926, 0.031426746398210526, 0.031937532126903534], "(2, 4, 5, 3)": [0.025499187409877777, 0.0236859992146492, 0.02517111226916313, 0.030106697231531143, 0.027459867298603058], "(3, 4, 4, 2)": [0.024244897067546844, 0.02925581857562065, 0.022138331085443497, 0.023315299302339554, 0.026670748367905617], "(3, 4, 3, 2)": [0.025478040799498558, 0.02802959457039833, 0.028152234852313995, 0.02738357149064541, 0.026192795485258102], "(3, 4, 2, 1)": [0.018903395161032677, 0.012891321443021297, 0.01763545162975788, 0.013687554746866226, 0.020590132102370262], "(3, 4, 2, 2)": [0.022977253422141075, 0.025590669363737106, 0.0241815447807312, 0.019315442070364952, 0.018411248922348022], "(3, 4, 3, 1)": [0.0, 0.0024564480409026146, 0.008522320538759232, 0.0, 0.0], "(2, 5, 1, 1)": [0.03207259625196457, 0.03189254552125931, 0.03214539214968681, 0.031967420130968094, 0.031917840242385864], "(2, 5, 0, 1)": [0.03190697729587555, 0.03179333731532097, 0.03187210485339165, 0.03183082863688469, 0.031904857605695724], "(1, 5, 1, 2)": [0.028127925470471382, 0.027173079550266266, 0.02777983993291855, 0.0283951498568058, 0.030852822586894035], "(1, 5, 2, 2)": [0.0305696502327919, 0.029368480667471886, 0.029742442071437836, 0.02893255092203617, 0.028266815468668938], "(1, 5, 3, 3)": [0.02795478329062462, 0.023738306015729904, 0.02395457774400711, 0.022339869290590286, 0.02419457398355007], "(1, 5, 2, 3)": [0.02254967950284481, 0.02264471910893917, 0.021030442789196968, 0.01967811770737171, 0.022032592445611954], "(1, 4, 0, 1)": [0.02255786582827568, 0.017719555646181107, 0.02359418384730816, 0.022565698251128197, 0.028971225023269653], "(2, 5, 2, 1)": [0.0012997390003874898, 0.0, 0.0022367823403328657, 0.0, 0.008908203803002834], "(2, 5, 5, 3)": [0.02364494651556015, 0.0279161985963583, 0.025509867817163467, 0.022573664784431458, 0.024486808106303215], "(3, 5, 5, 3)": [0.008632147684693336, 0.018292073160409927, 0.008889805525541306, 0.008165786042809486, 0.007612952031195164], "(3, 5, 4, 3)": [0.016441363841295242, 0.023403162136673927, 0.015204587951302528, 0.016517143696546555, 0.019260603934526443], "(3, 5, 4, 2)": [0.015049785375595093, 0.01160081010311842, 0.025385325774550438, 0.016944406554102898, 0.0027470046188682318], "(3, 5, 3, 2)": [0.028645699843764305, 0.023251213133335114, 0.02672194503247738, 0.024213194847106934, 0.0270453542470932], "(3, 4, 1, 1)": [0.019976304844021797, 0.02346195839345455, 0.02470610849559307, 0.023762172088027, 0.022725092247128487], "(3, 5, 2, 2)": [0.02822394110262394, 0.0260717011988163, 0.02584378980100155, 0.025453919544816017, 0.0275933425873518], "(3, 5, 1, 2)": [0.021587729454040527, 0.022049350664019585, 0.018794214352965355, 0.027248913422226906, 0.021315738558769226], "(3, 5, 1, 1)": [0.02553337626159191, 0.01113322377204895, 0.015506511554121971, 0.007028057239949703, 0.016218170523643494], "(3, 4, 0, 1)": [0.011988118290901184, 0.013533992692828178, 0.0175473690032959, 0.004228254780173302, 0.007642542012035847], "(1, 4, 1, 1)": [0.00948655977845192, 0.009701956063508987, 0.001070217345841229, 0.02575504593551159, 0.016505450010299683], "(1, 4, 2, 2)": [0.029458370059728622, 0.029738714918494225, 0.02981705032289028, 0.02967059426009655, 0.03038504160940647], "(1, 4, 3, 2)": [0.020112471655011177, 0.021059291437268257, 0.02328650653362274, 0.0184355229139328, 0.029850848019123077], "(1, 4, 4, 2)": [0.0031075128354132175, 0.0, 0.0, 0.0, 0.0], "(1, 5, 0, 2)": [0.029714947566390038, 0.02274899184703827, 0.024876795709133148, 0.024741247296333313, 0.024258967489004135], "(1, 5, 0, 1)": [0.029530638828873634, 0.020797131583094597, 0.022645553573966026, 0.021248171105980873, 0.022002967074513435], "(1, 5, 1, 3)": [0.002137663308531046, 0.0, 0.0029769071843475103, 0.010576550848782063, 0.0009630506974644959], "(2, 5, 4, 2)": [0.030479682609438896, 0.01142175029963255, 0.02158142440021038, 0.016795022413134575, 0.017139974981546402], "(2, 5, 5, 4)": [-0.0009804515866562724, 0.0, -0.0011378690833225846, 0.0013515485916286707, 0.0028268618043512106], "(2, 4, 0, 2)": [0.01315067708492279, 0.03112536296248436, 0.012430766597390175, 0.017116514965891838, 0.024250661954283714], "(2, 4, -1, 1)": [0.0011869657319039106, 0.0023970240727066994, -0.0021239714697003365, 0.0, 0.0], "(3, 5, 3, 3)": [0.006156358867883682, 0.020729651674628258, 0.005945118144154549, 0.0014486662112176418, 0.006421694532036781], "(2, 5, 6, 3)": [0.01234221551567316, 0.002174804452806711, 0.0027629488613456488, 0.004711395129561424, 0.0027790931053459644], "(2, 4, 2, 3)": [0.0032672749366611242, 0.0023012012243270874, 0.003223402425646782, 0.0, 0.006187545135617256], "(1, 4, 1, 2)": [0.028861116617918015, 0.02840747870504856, 0.026068750768899918, 0.030685892328619957, 0.0277238879352808], "(1, 4, 3, 3)": [0.02798384800553322, 0.02129083126783371, 0.013065327890217304, 0.018176324665546417, 0.01871265284717083], "(2, 4, 0, 0)": [-0.002318639075383544, 0.0, 0.0, 0.004393298178911209, 0.0], "(3, 4, 4, 3)": [0.018144188448786736, 0.008997642435133457, 0.00869302824139595, 0.007177882827818394, 0.008385958150029182], "(1, 5, -1, 1)": [0.014030488207936287, 0.0, 0.0010690158233046532, 0.003223349340260029, 0.004392945673316717], "(1, 4, -1, 1)": [0.007263791281729937, 0.0065643517300486565, 0.0031493850983679295, 0.007352861575782299, 0.01667439192533493], "(1, 4, 0, 2)": [0.013890191912651062, 0.01298961229622364, 0.013122924603521824, 0.012049218639731407, 0.028633378446102142], "(1, 4, 2, 3)": [0.008256394416093826, 0.009991459548473358, 0.021001264452934265, 0.009833001531660557, 0.01056660246104002], "(1, 5, 4, 3)": [0.025395099073648453, 0.011611317284405231, 0.005045438650995493, 0.011142568662762642, 0.0056639136746525764], "(3, 4, 5, 3)": [0.016510695219039917, 0.004814854823052883, 0.009827341884374619, 0.0018573672277852893, 0.0], "(3, 5, 0, 1)": [0.008898858912289143, 0.015586604364216328, 0.004873053170740604, 0.006490504369139671, 0.011044720187783241],