{"q_values": {"(2, 5, 2, 2)": [0.033021703362464905, 0.031873542815446854, 0.03226541727781296, 0.032247092574834824, 0.03135807812213898], "(2, 5, 3, 2)": [0.032563790678977966, 0.03302108496427536, 0.03254307433962822, 0.0319613553583622, 0.030788114294409752], "(2, 5, 3, 3)": [0.030034087598323822, 0.033002156764268875, 0.031561825424432755, 0.02921954356133938, 0.03105822205543518], "(2, 4, 2, 2)": [0.031714390963315964, 0.029920287430286407, 0.03172844648361206, 0.033175334334373474, 0.031880933791399], "(2, 4, 3, 2)": [0.030713463202118874, 0.029979418963193893, 0.028776628896594048, 0.03120417892932892, 0.033101726323366165], "(2, 4, 3, 3)": [0.033017050474882126, 0.0327957458794117, 0.032791830599308014, 0.032794129103422165, 0.03265857324004173], "(2, 4, 4, 3)": [0.03268634155392647, 0.03270048648118973, 0.03299393504858017, 0.03269051015377045, 0.032135430723428726], "(2, 4, 1, 1)": [0.030051184818148613, 0.03086203895509243, 0.030717913061380386, 0.02819615975022316, 0.03287535160779953], "(2, 4, 2, 1)": [0.02521859109401703, 0.018652042374014854, 0.024168938398361206, 0.02510395459830761, 0.0314420722424984], "(2, 5, 4, 3)": [0.030193991959095, 0.03298433497548103, 0.029517101123929024, 0.02937312424182892, 0.028684087097644806], "(2, 4, 1, 2)": [0.03238263726234436, 0.032311875373125076, 0.03224797546863556, 0.03313956409692764, 0.03229694813489914], "(2, 5, 1, 2)": [0.033043161034584045, 0.03228038549423218, 0.030521616339683533, 0.03182065486907959, 0.03224587067961693], "(2, 5, 0, 2)": [0.03258353844285011, 0.03246738761663437, 0.03245443478226662, 0.03239819407463074, 0.03234811872243881], "(2, 5, 2, 3)": [0.02604394406080246, 0.024731211364269257, 0.024796241894364357, 0.023783957585692406, 0.024600783362984657], "(2, 4, 0, 1)": [0.029508819803595543, 0.027553534135222435, 0.027612926438450813, 0.029429977759718895, 0.03275604173541069], "(2, 4, 4, 2)": [0.0324055477976799, 0.032411906868219376, 0.0319698229432106, 0.032359715551137924, 0.03222637251019478], "(2, 4, 5, 3)": [0.03171722590923309, 0.031512271612882614, 0.0325142964720726, 0.03091070055961609, 0.030952217057347298], "(3, 4, 4, 2)": [0.030950918793678284, 0.031665410846471786, 0.031328488141298294, 0.03132880851626396, 0.032555751502513885], "(3, 4, 3, 2)": [0.03136062994599342, 0.03036010079085827, 0.03108147904276848, 0.03256217762827873, 0.02989232912659645], "(3, 4, 2, 1)": [0.025528008118271828, 0.024299126118421555, 0.027032174170017242, 0.023252371698617935, 0.022254569455981255], "(3, 4, 2, 2)": [0.027712933719158173, 0.02750486321747303, 0.027435027062892914, 0.0258711576461792, 0.031071458011865616], "(3, 4, 3, 1)": [0.005136661231517792, 0.009173051454126835, 0.01712767966091633, 0.004373584873974323, 0.0], "(2, 5, 1, 1)": [0.03276507183909416, 0.0328078493475914, 0.03275027126073837, 0.032998908311128616, 0.032800883054733276], "(2, 5, 0, 1)": [0.032605573534965515, 0.032611582428216934, 0.0326133593916893, 0.03261232376098633, 0.03298244625329971], "(1, 5, 1, 2)": [0.03307747095823288, 0.029569419100880623, 0.03276483714580536, 0.03203193470835686, 0.03228920325636864], "(1, 5, 2, 2)": [0.03284192085266113, 0.03315972164273262, 0.03273919224739075, 0.0326845720410347, 0.03212288022041321], "(1, 5, 3, 3)": [0.03315010666847229, 0.03156706690788269, 0.03270949423313141, 0.03254938870668411, 0.032732028514146805], "(1, 5, 2, 3)": [0.029616476967930794, 0.029524587094783783, 0.030776603147387505, 0.02724054455757141, 0.030714422464370728], "(1, 4, 0, 1)": [0.03211726248264313, 0.03231304511427879, 0.032010518014431, 0.032834626734256744, 0.0324118509888649], "(2, 5, 2, 1)": [0.015897683799266815, 0.013710400089621544, 0.01640576682984829, 0.015062578022480011, 0.03302779048681259], "(2, 5, 5, 3)": [0.027821391820907593, 0.03251064568758011, 0.02871038392186165, 0.028846677392721176, 0.029458150267601013], "(3, 5, 5, 3)": [0.024869002401828766, 0.031967271119356155, 0.020221548154950142, 0.022884169593453407, 0.024426432326436043], "(3, 5, 4, 3)": [0.02953100949525833, 0.029480382800102234, 0.031890854239463806, 0.02989383414387703, 0.028563736006617546], "(3, 5, 4, 2)": [0.03216630965471268, 0.032471127808094025, 0.03130624443292618, 0.03119046241044998, 0.03221672773361206], "(3, 5, 3, 2)": [0.03164608031511307, 0.032628051936626434, 0.030535470694303513, 0.030166324228048325, 0.030823994427919388], "(3, 4, 1, 1)": [0.025878526270389557, 0.026253288611769676, 0.026465388014912605, 0.025334173813462257, 0.026163721457123756], "(3, 5, 2, 2)": [0.03233444318175316, 0.02992413565516472, 0.03038155846297741, 0.030577193945646286, 0.02881971001625061], "(3, 5, 1, 2)": [0.03111475706100464, 0.03134547546505928, 0.032021716237068176, 0.031292472034692764, 0.031474024057388306], "(3, 5, 1, 1)": [0.03143753856420517, 0.031686604022979736, 0.03125552088022232, 0.030944885686039925, 0.031237060204148293], "(3, 4, 0, 1)": [0.023006759583950043, 0.022564813494682312, 0.01751149259507656, 0.030186129733920097, 0.023061782121658325], "(1, 4, 1, 1)": [0.02924950234591961, 0.0294562429189682, 0.029213767498731613, 0.029250700026750565, 0.032848432660102844], "(1, 4, 2, 2)": [0.030734378844499588, 0.031814903020858765, 0.03241252154111862, 0.033146098256111145, 0.03268926590681076], "(1, 4, 3, 2)": [0.032943256199359894, 0.032893091440200806, 0.0326416976749897, 0.033125054091215134, 0.032976508140563965], "(1, 4, 4, 2)": [0.033123910427093506, 0.006176260765641928, 0.0032837812323123217, 0.011232695542275906, 0.008682695217430592], "(1, 5, 0, 2)": [0.03255268558859825, 0.03242449834942818, 0.03237810730934143, 0.031504929065704346, 0.032318346202373505], "(1, 5, 0, 1)": [0.03292727470397949, 0.03295210003852844, 0.03299901634454727, 0.03298591449856758, 0.03300521895289421], "(1, 5, 1, 3)": [0.002137663308531046, 0.004799379035830498, 0.008115068078041077, 0.023135937750339508, 0.008733272552490234], "(2, 5, 4, 2)": [0.03291431441903114, 0.03174464404582977, 0.03232990577816963, 0.031117606908082962, 0.03055870719254017], "(2, 5, 5, 4)": [-0.0035127869341522455, 0.0048470403999090195, 0.006043131463229656, 0.00939871184527874, 0.022245001047849655], "(2, 4, 0, 2)": [0.03178888186812401, 0.03239442780613899, 0.03220483660697937, 0.031905487179756165, 0.032591789960861206], "(2, 4, -1, 1)": [0.0032611461356282234, 0.01980043202638626, -0.0021239714697003365, 0.0049621169455349445, 0.0], "(3, 5, 3, 3)": [0.018886342644691467, 0.030838139355182648, 0.0209804717451334, 0.02460956573486328, 0.023620478808879852], "(2, 5, 6, 3)": [0.022476719692349434, 0.002174804452806711, 0.005322371609508991, 0.004711395129561424, 0.005686861462891102], "(2, 4, 2, 3)": [0.008875387720763683, 0.011927885934710503, 0.01105284783989191, 0.006203623488545418, 0.032411910593509674], "(1, 4, 1, 2)": [0.032577794045209885, 0.03208312392234802, 0.03256954997777939, 0.03300775587558746, 0.03251297026872635], "(1, 4, 3, 3)": [0.03308079019188881, 0.03306218236684799, 0.033131420612335205, 0.03307083249092102, 0.033016037195920944], "(2, 4, 0, 0)": [0.008342654444277287, 0.0012050389777868986, 0.004804106429219246, 0.015599450096487999, 0.0], "(3, 4, 4, 3)": [0.03245633468031883, 0.032561469823122025, 0.03236136958003044, 0.03242902457714081, 0.03243209049105644], "(1, 5, -1, 1)": [0.02704632095992565, 0.009058508090674877, 0.008419685065746307, 0.014979694969952106, 0.012644516304135323], "(1, 4, -1, 1)": [0.012136663310229778, 0.014688199386000633, 0.010964246466755867, 0.013252044096589088, 0.029284313321113586], "(1, 4, 0, 2)": [0.032917220145463943, 0.03280571475625038, 0.032974135130643845, 0.03304143249988556, 0.032848622649908066], "(1, 4, 2, 3)": [0.03084360808134079, 0.030402349308133125, 0.03312487527728081, 0.03032602369785309, 0.02752370573580265], "(1, 5, 4, 3)": [0.03314872458577156, 0.027914531528949738, 0.027880115434527397, 0.030720656737685204, 0.029141608625650406],