{"q_values": {"(2, 5, 2, 2)": [0.033241041004657745, 0.030831702053546906, 0.0322086438536644, 0.030980266630649567, 0.03086765483021736], "(2, 5, 3, 2)": [0.03319816291332245, 0.032752469182014465, 0.03282804414629936, 0.03256261721253395, 0.03276241570711136], "(2, 5, 3, 3)": [0.03317612037062645, 0.030390916392207146, 0.030864669010043144, 0.03177668899297714, 0.03191015124320984], "(2, 4, 2, 2)": [0.029317885637283325, 0.028065623715519905, 0.029721520841121674, 0.029769914224743843, 0.03324566408991814], "(2, 4, 3, 2)": [0.029220186173915863, 0.032301295548677444, 0.03203202784061432, 0.0332171767950058, 0.03217257559299469], "(2, 4, 3, 3)": [0.032976940274238586, 0.03278723731637001, 0.033197298645973206, 0.03297716751694679, 0.0329725407063961], "(2, 4, 4, 3)": [0.03279407322406769, 0.03281506523489952, 0.03316953405737877, 0.03268297389149666, 0.03264089301228523], "(2, 4, 1, 1)": [0.02776556834578514, 0.026177341118454933, 0.027706090360879898, 0.028696706518530846, 0.0331876277923584], "(2, 4, 2, 1)": [0.026003729552030563, 0.01992560736835003, 0.02496412768959999, 0.03271995857357979, 0.02742304652929306], "(2, 5, 4, 3)": [0.03315864875912666, 0.03108774870634079, 0.031783390790224075, 0.030930133536458015, 0.03174459561705589], "(2, 4, 1, 2)": [0.03181774169206619, 0.03196180984377861, 0.03180786594748497, 0.031887397170066833, 0.03325897082686424], "(2, 5, 1, 2)": [0.03251001611351967, 0.033271826803684235, 0.03242450952529907, 0.03247644379734993, 0.031045380979776382], "(2, 5, 0, 2)": [0.033065617084503174, 0.032141122967004776, 0.031953711062669754, 0.03208697587251663, 0.03223077580332756], "(2, 5, 2, 3)": [0.032880764454603195, 0.025574296712875366, 0.024450743570923805, 0.02541147917509079, 0.024600783362984657], "(2, 4, 0, 1)": [0.027654089033603668, 0.029128221794962883, 0.028584562242031097, 0.033215418457984924, 0.028945554047822952], "(2, 4, 4, 2)": [0.0324883908033371, 0.03248396888375282, 0.033233337104320526, 0.03230071812868118, 0.032225146889686584], "(2, 4, 5, 3)": [0.03143424168229103, 0.03101424314081669, 0.03144241124391556, 0.031683988869190216, 0.03124571591615677], "(3, 4, 4, 2)": [0.0317702554166317, 0.03223492577672005, 0.0321146696805954, 0.03181172534823418, 0.03310750424861908], "(3, 4, 3, 2)": [0.03268742188811302, 0.03234909474849701, 0.03246288001537323, 0.031557582318782806, 0.033159077167510986], "(3, 4, 2, 1)": [0.028056425973773003, 0.02855682000517845, 0.0293432530015707, 0.02778124436736107, 0.03293163329362869], "(3, 4, 2, 2)": [0.03215350583195686, 0.030716465786099434, 0.03250226378440857, 0.032268013805150986, 0.033193439245224], "(3, 4, 3, 1)": [0.005136661231517792, 0.009173051454126835, 0.021737538278102875, 0.004373584873974323, 0.0], "(2, 5, 1, 1)": [0.0324399471282959, 0.03249558061361313, 0.03239777311682701, 0.03251234441995621, 0.033262576907873154], "(2, 5, 0, 1)": [0.03240557760000229, 0.032617900520563126, 0.03325607255101204, 0.03251498565077782, 0.03269242122769356], "(1, 5, 1, 2)": [0.033249929547309875, 0.029253024607896805, 0.02960163727402687, 0.03088867850601673, 0.029296131804585457], "(1, 5, 2, 2)": [0.03318050503730774, 0.032497040927410126, 0.03246591240167618, 0.032639432698488235, 0.032474469393491745], "(1, 5, 3, 3)": [0.03313711658120155, 0.029910597950220108, 0.03165347874164581, 0.03028479963541031, 0.031193727627396584], "(1, 5, 2, 3)": [0.024534674361348152, 0.03313813358545303, 0.024958526715636253, 0.024020548909902573, 0.02684151381254196], "(1, 4, 0, 1)": [0.03167746588587761, 0.031912483274936676, 0.03192831948399544, 0.033197127282619476, 0.032137129455804825], "(2, 5, 2, 1)": [0.015897683799266815, 0.013710400089621544, 0.01640576682984829, 0.016877394169569016, 0.03307853266596794], "(2, 5, 5, 3)": [0.02604183740913868, 0.02971302717924118, 0.024643290787935257, 0.023033464327454567, 0.02524757571518421], "(3, 5, 5, 3)": [0.03160467371344566, 0.03301652520895004, 0.030240552499890327, 0.029474711045622826, 0.031381551176309586], "(3, 5, 4, 3)": [0.03308182582259178, 0.03171500563621521, 0.03239389881491661, 0.032343167811632156, 0.0313650444149971], "(3, 5, 4, 2)": [0.03305542469024658, 0.03267334774136543, 0.032723117619752884, 0.03209879621863365, 0.03265306353569031], "(3, 5, 3, 2)": [0.03264731168746948, 0.0324743390083313, 0.03272920101881027, 0.03270487114787102, 0.03218505159020424], "(3, 4, 1, 1)": [0.028678923845291138, 0.029063468798995018, 0.028829213231801987, 0.03238745033740997, 0.029725240543484688], "(3, 5, 2, 2)": [0.03275676816701889, 0.03275573253631592, 0.032821863889694214, 0.03185097128152847, 0.03264152631163597], "(3, 5, 1, 2)": [0.032779134809970856, 0.032308273017406464, 0.03280307725071907, 0.03272566199302673, 0.032811880111694336], "(3, 5, 1, 1)": [0.03271131217479706, 0.0327099971473217, 0.03265318274497986, 0.032903674989938736, 0.0327087864279747], "(3, 4, 0, 1)": [0.027511481195688248, 0.02935507707297802, 0.028367234393954277, 0.029283586889505386, 0.03270847350358963], "(1, 4, 1, 1)": [0.02719626948237419, 0.026369361206889153, 0.028648946434259415, 0.028424350544810295, 0.032901581376791], "(1, 4, 2, 2)": [0.030293352901935577, 0.029991284012794495, 0.028527170419692993, 0.029503272846341133, 0.033228304237127304], "(1, 4, 3, 2)": [0.032551106065511703, 0.032698869705200195, 0.032664954662323, 0.032653890550136566, 0.03315964341163635], "(1, 4, 4, 2)": [0.03308812156319618, 0.011244861409068108, 0.015511568635702133, 0.017053091898560524, 0.013328777626156807], "(1, 5, 0, 2)": [0.03225501999258995, 0.03006630949676037, 0.03169069066643715, 0.03325225040316582, 0.03203575685620308], "(1, 5, 0, 1)": [0.03285117447376251, 0.03275544196367264, 0.03275097906589508, 0.033257532864809036, 0.03259015828371048], "(1, 5, 1, 3)": [0.005221660248935223, 0.004799379035830498, 0.008115068078041077, 0.024269839748740196, 0.008733272552490234], "(2, 5, 4, 2)": [0.03320670872926712, 0.03233424201607704, 0.03272033482789993, 0.032041285187006, 0.03162217512726784], "(2, 5, 5, 4)": [-0.0035127869341522455, 0.004171616397798061, 0.006043131463229656, 0.006765821948647499, 0.020009538158774376], "(2, 4, 0, 2)": [0.03229197487235069, 0.032611846923828125, 0.03276798874139786, 0.032418619841337204, 0.03318149968981743], "(2, 4, -1, 1)": [0.0025829861406236887, 0.025033744052052498, -0.0021239714697003365, 0.0049621169455349445, 0.0], "(3, 5, 3, 3)": [0.030890246853232384, 0.03281472995877266, 0.03129115700721741, 0.03129589557647705, 0.0314701646566391], "(2, 5, 6, 3)": [0.023336026817560196, 0.002174804452806711, 0.005322371609508991, 0.004711395129561424, 0.005686861462891102], "(2, 4, 2, 3)": [0.011294781230390072, 0.014030535705387592, 0.015179915353655815, 0.006203623488545418, 0.033170122653245926], "(1, 4, 1, 2)": [0.03187797591090202, 0.03179522603750229, 0.02987096831202507, 0.03235072270035744, 0.033196840435266495], "(1, 4, 3, 3)": [0.03301669657230377, 0.03318314254283905, 0.032964691519737244, 0.032805200666189194, 0.0327225923538208], "(2, 4, 0, 0)": [0.008342654444277287, 0.0012050389777868986, 0.004804106429219246, 0.018244070932269096, 0.0], "(3, 4, 4, 3)": [0.03293304890394211, 0.032793909311294556, 0.03318897634744644, 0.03293737396597862, 0.032763220369815826], "(1, 5, -1, 1)": [0.02920590341091156, 0.009058508090674877, 0.008419685065746307, 0.014979694969952106, 0.012644516304135323], "(1, 4, -1, 1)": [0.012136663310229778, 0.015930192545056343, 0.010964246466755867, 0.013252044096589088, 0.03136559575796127], "(1, 4, 0, 2)": [0.031099697574973106, 0.03239694982767105, 0.03256069868803024, 0.032545264810323715, 0.03315575793385506], "(1, 4, 2, 3)": [0.03217260167002678, 0.030795106664299965, 0.033182840794324875, 0.031063450500369072, 0.029005227610468864], "(1, 5, 4, 3)": [0.03313599154353142, 0.027103105559945107, 0.028498515486717224, 0.0269746296107769, 0.027392109856009483], "(3, 4, 5, 3)": [0.03167279437184334, 0.03171602264046669, 0.03310574218630791, 0.03120576962828636, 0.03021756187081337],