{"q_values": {"(2, 5, 2, 2)": [0.03236183524131775, 0.030379844829440117, 0.029070906341075897, 0.029952771961688995, 0.029600083827972412], "(2, 5, 3, 2)": [0.032251279801130295, 0.0324646532535553, 0.031712815165519714, 0.0323229543864727, 0.03228434547781944], "(2, 5, 3, 3)": [0.030932463705539703, 0.02984968200325966, 0.03168415650725365, 0.030763128772377968, 0.028685009106993675], "(2, 4, 2, 2)": [0.0313631035387516, 0.02828296460211277, 0.03144945949316025, 0.03136005252599716, 0.031435295939445496], "(2, 4, 3, 2)": [0.029517414048314095, 0.032210372388362885, 0.03223666176199913, 0.029129311442375183, 0.03218280151486397], "(2, 4, 3, 3)": [0.03233274072408676, 0.03231613710522652, 0.03255370631814003, 0.03255303204059601, 0.03256971389055252], "(2, 4, 4, 3)": [0.03216579928994179, 0.03251924365758896, 0.03247646987438202, 0.03251174837350845, 0.03254440054297447], "(2, 4, 1, 1)": [0.027786344289779663, 0.02792184054851532, 0.02813682332634926, 0.029166879132390022, 0.030908744782209396], "(2, 4, 2, 1)": [0.023549403995275497, 0.022259822115302086, 0.024379601702094078, 0.02420426905155182, 0.02637040987610817], "(2, 5, 4, 3)": [0.032048337161540985, 0.030726775527000427, 0.03126659616827965, 0.03142131119966507, 0.02997763268649578], "(2, 4, 1, 2)": [0.03202715143561363, 0.03192782774567604, 0.031010353937745094, 0.032235532999038696, 0.03196611627936363], "(2, 5, 1, 2)": [0.03220447897911072, 0.03239282965660095, 0.0322045236825943, 0.032122332602739334, 0.032217759639024734], "(2, 5, 0, 2)": [0.032654426991939545, 0.03233000263571739, 0.03219108656048775, 0.03099983185529709, 0.032492369413375854], "(2, 5, 2, 3)": [0.028623946011066437, 0.02509523555636406, 0.024010220542550087, 0.025215478613972664, 0.024037815630435944], "(2, 4, 0, 1)": [0.03183731809258461, 0.03174719959497452, 0.031253378838300705, 0.02904951013624668, 0.032576218247413635], "(2, 4, 4, 2)": [0.032305240631103516, 0.03234947472810745, 0.032294511795043945, 0.03230229392647743, 0.032406311482191086], "(2, 4, 5, 3)": [0.030617378652095795, 0.031217295676469803, 0.02999984100461006, 0.03215284273028374, 0.03123220056295395], "(3, 4, 4, 2)": [0.03160057216882706, 0.030196083709597588, 0.030390961095690727, 0.030766502022743225, 0.030958622694015503], "(3, 4, 3, 2)": [0.027949977666139603, 0.028996367007493973, 0.030715692788362503, 0.030406612902879715, 0.030722733587026596], "(3, 4, 2, 1)": [0.026001807302236557, 0.023442864418029785, 0.025068890303373337, 0.025288550183176994, 0.03075304441154003], "(3, 4, 2, 2)": [0.0289989672601223, 0.028119005262851715, 0.03055940940976143, 0.030671698972582817, 0.026644527912139893], "(3, 4, 3, 1)": [0.0, 0.0024564480409026146, 0.018610961735248566, 0.0, 0.0], "(2, 5, 1, 1)": [0.03250598534941673, 0.03265595808625221, 0.03266388177871704, 0.03266288340091705, 0.03269193321466446], "(2, 5, 0, 1)": [0.03270623832941055, 0.032803431153297424, 0.03265899047255516, 0.032730601727962494, 0.03269094601273537], "(1, 5, 1, 2)": [0.03153442218899727, 0.03168553486466408, 0.02838197350502014, 0.03159014508128166, 0.02882556803524494], "(1, 5, 2, 2)": [0.03159930929541588, 0.03153126686811447, 0.03134611248970032, 0.03158680349588394, 0.031527724117040634], "(1, 5, 3, 3)": [0.02355748787522316, 0.029783228412270546, 0.028657523915171623, 0.029094096273183823, 0.02787591516971588], "(1, 5, 2, 3)": [0.025308316573500633, 0.023931855335831642, 0.02447422966361046, 0.025865642353892326, 0.025131383910775185], "(1, 4, 0, 1)": [0.027463087812066078, 0.029891129583120346, 0.02712668664753437, 0.02918003499507904, 0.027256758883595467], "(2, 5, 2, 1)": [0.007281652186065912, 0.009223860688507557, 0.012503244914114475, 0.0032719713635742664, 0.027574658393859863], "(2, 5, 5, 3)": [0.03075970709323883, 0.030053721740841866, 0.02886175364255905, 0.026595035567879677, 0.027001675218343735], "(3, 5, 5, 3)": [0.015387525781989098, 0.023769432678818703, 0.01209439616650343, 0.014371597208082676, 0.01328993495553732], "(3, 5, 4, 3)": [0.028333870694041252, 0.024672580882906914, 0.02520209178328514, 0.024928973987698555, 0.023888930678367615], "(3, 5, 4, 2)": [0.024036584421992302, 0.02613864094018936, 0.031139222905039787, 0.02290002815425396, 0.026173707097768784], "(3, 5, 3, 2)": [0.03015972301363945, 0.031962670385837555, 0.030608948320150375, 0.02819220721721649, 0.030986230820417404], "(3, 4, 1, 1)": [0.025272123515605927, 0.028081489726901054, 0.028719300404191017, 0.02507663145661354, 0.028034286573529243], "(3, 5, 2, 2)": [0.030818231403827667, 0.03224087134003639, 0.029283126816153526, 0.03007875382900238, 0.03031528741121292], "(3, 5, 1, 2)": [0.02479996532201767, 0.02887190319597721, 0.023906180635094643, 0.031271930783987045, 0.026717673987150192], "(3, 5, 1, 1)": [0.030274780467152596, 0.022896794602274895, 0.02515091933310032, 0.009483136236667633, 0.024809198454022408], "(3, 4, 0, 1)": [0.01799740269780159, 0.020450565963983536, 0.027411583811044693, 0.00874162558466196, 0.01322376262396574], "(1, 4, 1, 1)": [0.026265397667884827, 0.021032342687249184, 0.024278776720166206, 0.027092844247817993, 0.029311474412679672], "(1, 4, 2, 2)": [0.03031165711581707, 0.031987495720386505, 0.032357826828956604, 0.03192128986120224, 0.032126717269420624], "(1, 4, 3, 2)": [0.031320858746767044, 0.03062243014574051, 0.03058859333395958, 0.02853621542453766, 0.03155460208654404], "(1, 4, 4, 2)": [0.020168853923678398, 0.0, 0.0, 0.0032847397960722446, 0.002961060730740428], "(1, 5, 0, 2)": [0.031749263405799866, 0.030594393610954285, 0.03002256341278553, 0.02989387698471546, 0.03067091666162014], "(1, 5, 0, 1)": [0.02965506538748741, 0.029721388593316078, 0.02947223000228405, 0.029149971902370453, 0.03143952786922455], "(1, 5, 1, 3)": [0.002137663308531046, 0.0, 0.0029769071843475103, 0.015830736607313156, 0.0038037532940506935], "(2, 5, 4, 2)": [0.03247727453708649, 0.026324240490794182, 0.026708519086241722, 0.02491782233119011, 0.02125866524875164], "(2, 5, 5, 4)": [-0.0009804515866562724, -0.00017772032879292965, 0.0004941506776958704, 0.0013515485916286707, 0.013295919634401798], "(2, 4, 0, 2)": [0.0254351943731308, 0.032743655145168304, 0.026562625542283058, 0.028031524270772934, 0.02926335111260414], "(2, 4, -1, 1)": [0.0032611461356282234, 0.010496904142200947, -0.0021239714697003365, 0.004238498397171497, 0.0], "(3, 5, 3, 3)": [0.016341807320713997, 0.026149898767471313, 0.008306162431836128, 0.012199658900499344, 0.010806201957166195], "(2, 5, 6, 3)": [0.018461795523762703, 0.002174804452806711, 0.005322371609508991, 0.004711395129561424, 0.005686861462891102], "(2, 4, 2, 3)": [0.006230572704225779, 0.011927885934710503, 0.008625526912510395, 0.006203623488545418, 0.020413808524608612], "(1, 4, 1, 2)": [0.030606180429458618, 0.03226079046726227, 0.03183962032198906, 0.03143450617790222, 0.03183421865105629], "(1, 4, 3, 3)": [0.031971417367458344, 0.0274619422852993, 0.029254944995045662, 0.026633085682988167, 0.028330255299806595], "(2, 4, 0, 0)": [0.0010999045334756374, -0.002007174538448453, 0.003096864093095064, 0.01091325655579567, 0.0], "(3, 4, 4, 3)": [0.0312045831233263, 0.015128111466765404, 0.017792481929063797, 0.020610714331269264, 0.021028324961662292], "(1, 5, -1, 1)": [0.024115512147545815, 0.0067397477105259895, 0.006059463135898113, 0.011030052788555622, 0.01086804922670126], "(1, 4, -1, 1)": [0.00988396629691124, 0.0083380825817585, 0.008612273260951042, 0.011477810330688953, 0.02848522923886776], "(1, 4, 0, 2)": [0.019791346043348312, 0.02790854498744011, 0.024647880345582962, 0.02017754688858986, 0.03219090774655342], "(1, 4, 2, 3)": [0.020901696756482124, 0.019171496853232384, 0.03197315335273743, 0.017369050532579422, 0.01945584826171398], "(1, 5, 4, 3)": [0.026971781626343727, 0.013484149239957333, 0.012393223121762276, 0.017840130254626274, 0.016545580700039864], "(3, 4, 5, 3)": [0.02983485907316208, 0.009231646545231342, 0.013654718175530434, 0.012093200348317623, 0.007109549827873707],