{"q_values": {"(2, 5, 2, 2)": [0.032597947865724564, 0.03191603720188141, 0.030429476872086525, 0.032010626047849655, 0.03192552179098129], "(2, 5, 3, 2)": [0.03269118443131447, 0.031830690801143646, 0.031918566673994064, 0.03216606006026268, 0.031210817396640778], "(2, 5, 3, 3)": [0.027660826221108437, 0.03243027999997139, 0.0292642991989851, 0.02889949642121792, 0.029362551867961884], "(2, 4, 2, 2)": [0.0308760404586792, 0.031056083738803864, 0.029375463724136353, 0.02888205088675022, 0.031087160110473633], "(2, 4, 3, 2)": [0.03187551349401474, 0.03216297924518585, 0.032160770148038864, 0.0322025902569294, 0.03210759162902832], "(2, 4, 3, 3)": [0.032614972442388535, 0.031851936131715775, 0.03266862779855728, 0.03256336227059364, 0.032620854675769806], "(2, 4, 4, 3)": [0.032455600798130035, 0.03257212042808533, 0.03245313838124275, 0.03239026665687561, 0.032454852014780045], "(2, 4, 1, 1)": [0.023701345548033714, 0.02828213945031166, 0.030496571213006973, 0.030399709939956665, 0.031642500311136246], "(2, 4, 2, 1)": [0.024456055834889412, 0.022259822115302086, 0.028267938643693924, 0.02420426905155182, 0.025090282782912254], "(2, 5, 4, 3)": [0.030159875750541687, 0.032279033213853836, 0.03165837377309799, 0.02826010435819626, 0.031399115920066833], "(2, 4, 1, 2)": [0.03168365731835365, 0.031702715903520584, 0.027755307033658028, 0.0280940979719162, 0.0317632295191288], "(2, 5, 1, 2)": [0.03238534554839134, 0.032660242170095444, 0.03253840282559395, 0.032366566359996796, 0.03252359852194786], "(2, 5, 0, 2)": [0.03233836963772774, 0.032451651990413666, 0.032692886888980865, 0.03243888542056084, 0.0324007011950016], "(2, 5, 2, 3)": [0.030101308599114418, 0.02457270398736, 0.024494094774127007, 0.022898120805621147, 0.022218110039830208], "(2, 4, 0, 1)": [0.02975568175315857, 0.03116310015320778, 0.030749104917049408, 0.02884260192513466, 0.030557047575712204], "(2, 4, 4, 2)": [0.03222071751952171, 0.03241200000047684, 0.03220400586724281, 0.03231087327003479, 0.03257133811712265], "(2, 4, 5, 3)": [0.030186863616108894, 0.031217295676469803, 0.02970183826982975, 0.03223128616809845, 0.03092164732515812], "(3, 4, 4, 2)": [0.031145041808485985, 0.028562422841787338, 0.029993465170264244, 0.029858330264687538, 0.030564315617084503], "(3, 4, 3, 2)": [0.02747003734111786, 0.029037151485681534, 0.030107703059911728, 0.02796562947332859, 0.02887149155139923], "(3, 4, 2, 1)": [0.025545673444867134, 0.021584616973996162, 0.024352652952075005, 0.022644294425845146, 0.029783200472593307], "(3, 4, 2, 2)": [0.02989407815039158, 0.026187406852841377, 0.029354596510529518, 0.02793685719370842, 0.03135579079389572], "(3, 4, 3, 1)": [0.0, 0.0024564480409026146, 0.018610961735248566, 0.0, 0.0], "(2, 5, 1, 1)": [0.03234356269240379, 0.03266356885433197, 0.03259938582777977, 0.0326542891561985, 0.03268597275018692], "(2, 5, 0, 1)": [0.03253719210624695, 0.03253758326172829, 0.032566849142313004, 0.03251395374536514, 0.0325377956032753], "(1, 5, 1, 2)": [0.031583089381456375, 0.03198033198714256, 0.030893100425601006, 0.031242065131664276, 0.031281471252441406], "(1, 5, 2, 2)": [0.03262059763073921, 0.03179510310292244, 0.03197411075234413, 0.03193020820617676, 0.031967129558324814], "(1, 5, 3, 3)": [0.02839379385113716, 0.03220678120851517, 0.02812906540930271, 0.02875705435872078, 0.025786835700273514], "(1, 5, 2, 3)": [0.03136659786105156, 0.024189768359065056, 0.0231418889015913, 0.020587312057614326, 0.019721150398254395], "(1, 4, 0, 1)": [0.021534059196710587, 0.024410240352153778, 0.026616178452968597, 0.027755262330174446, 0.027438107877969742], "(2, 5, 2, 1)": [0.007281652186065912, 0.009223860688507557, 0.012503244914114475, 0.0032719713635742664, 0.027574658393859863], "(2, 5, 5, 3)": [0.0318455770611763, 0.02987430803477764, 0.03013601526618004, 0.029099073261022568, 0.029555941000580788], "(3, 5, 5, 3)": [0.015387525781989098, 0.022766802459955215, 0.01209439616650343, 0.014371597208082676, 0.01328993495553732], "(3, 5, 4, 3)": [0.024580275639891624, 0.023841602727770805, 0.02462277002632618, 0.027075152844190598, 0.023888930678367615], "(3, 5, 4, 2)": [0.024036584421992302, 0.02613864094018936, 0.030526060611009598, 0.02290002815425396, 0.026173707097768784], "(3, 5, 3, 2)": [0.02934381552040577, 0.031472597271203995, 0.030254950746893883, 0.027761774137616158, 0.030278056859970093], "(3, 4, 1, 1)": [0.025272123515605927, 0.02549247071146965, 0.027769004926085472, 0.027890367433428764, 0.030595069751143456], "(3, 5, 2, 2)": [0.030495846644043922, 0.030357064679265022, 0.030389897525310516, 0.02796752378344536, 0.029105644673109055], "(3, 5, 1, 2)": [0.02479996532201767, 0.02887190319597721, 0.023906180635094643, 0.029262201860547066, 0.026717673987150192], "(3, 5, 1, 1)": [0.029353465884923935, 0.022896794602274895, 0.02515091933310032, 0.009483136236667633, 0.024117155000567436], "(3, 4, 0, 1)": [0.016373923048377037, 0.019247528165578842, 0.025518491864204407, 0.00874162558466196, 0.01322376262396574], "(1, 4, 1, 1)": [0.023754607886075974, 0.018622631207108498, 0.022850781679153442, 0.024170348420739174, 0.028421837836503983], "(1, 4, 2, 2)": [0.03192074969410896, 0.028292182832956314, 0.031291477382183075, 0.03007950261235237, 0.031157314777374268], "(1, 4, 3, 2)": [0.03113139048218727, 0.029965605586767197, 0.029899267479777336, 0.028049791231751442, 0.03248069807887077], "(1, 4, 4, 2)": [0.017250539734959602, 0.0, 0.0, 0.0032847397960722446, 0.002961060730740428], "(1, 5, 0, 2)": [0.030997443944215775, 0.02783115953207016, 0.02885129302740097, 0.028303829953074455, 0.029701948165893555], "(1, 5, 0, 1)": [0.030382880941033363, 0.02859153412282467, 0.0285441093146801, 0.02836492285132408, 0.029234550893306732], "(1, 5, 1, 3)": [0.002137663308531046, 0.0, 0.0029769071843475103, 0.015830736607313156, 0.0038037532940506935], "(2, 5, 4, 2)": [0.03243919461965561, 0.025631368160247803, 0.026708519086241722, 0.02491782233119011, 0.02125866524875164], "(2, 5, 5, 4)": [-0.0009804515866562724, 0.001590291503816843, 0.0004941506776958704, 0.0013515485916286707, 0.006216717883944511], "(2, 4, 0, 2)": [0.0254351943731308, 0.032501041889190674, 0.025871271267533302, 0.027504269033670425, 0.028864150866866112], "(2, 4, -1, 1)": [0.0032611461356282234, 0.010496904142200947, -0.0021239714697003365, 0.004238498397171497, 0.0], "(3, 5, 3, 3)": [0.014674034900963306, 0.023544304072856903, 0.008306162431836128, 0.012199658900499344, 0.010806201957166195], "(2, 5, 6, 3)": [0.018461795523762703, 0.002174804452806711, 0.005322371609508991, 0.004711395129561424, 0.005686861462891102], "(2, 4, 2, 3)": [0.006230572704225779, 0.009606569074094296, 0.005932406522333622, 0.006203623488545418, 0.01751698926091194], "(1, 4, 1, 2)": [0.027974480763077736, 0.02919665537774563, 0.029663393273949623, 0.030218595638871193, 0.03203064203262329], "(1, 4, 3, 3)": [0.03231775388121605, 0.026270080357789993, 0.02749171480536461, 0.025196623057127, 0.02667459473013878], "(2, 4, 0, 0)": [0.0010999045334756374, -0.002007174538448453, 0.003096864093095064, 0.01091325655579567, 0.0], "(3, 4, 4, 3)": [0.030732953920960426, 0.011275287717580795, 0.016226647421717644, 0.020610714331269264, 0.021028324961662292], "(1, 5, -1, 1)": [0.021576663479208946, 0.0046220216900110245, 0.006059463135898113, 0.00917006004601717, 0.01086804922670126], "(1, 4, -1, 1)": [0.009472854435443878, 0.0083380825817585, 0.008612273260951042, 0.009624642319977283, 0.025513146072626114], "(1, 4, 0, 2)": [0.01839124970138073, 0.02302517741918564, 0.0194332767277956, 0.0157268475741148, 0.03098904713988304], "(1, 4, 2, 3)": [0.01867838203907013, 0.01206886488944292, 0.03125045448541641, 0.013810692355036736, 0.012627828866243362], "(1, 5, 4, 3)": [0.02996787801384926, 0.013484149239957333, 0.012393223121762276, 0.017840130254626274, 0.014784680679440498], "(3, 4, 5, 3)": [0.029466863721609116, 0.009231646545231342, 0.013654718175530434, 0.010036763735115528, 0.007109549827873707],