{"q_values": {"(2, 5, 2, 2)": [0.03275877237319946, 0.03256593272089958, 0.03167617321014404, 0.03200791776180267, 0.03124052658677101], "(2, 5, 3, 2)": [0.031660474836826324, 0.03281863033771515, 0.030600307509303093, 0.032395411282777786, 0.03175387531518936], "(2, 5, 3, 3)": [0.03233349323272705, 0.024854928255081177, 0.028944242745637894, 0.027592431753873825, 0.02767525054514408], "(2, 4, 2, 2)": [0.03165913000702858, 0.03190559148788452, 0.03204222396016121, 0.031151624396443367, 0.03174876421689987], "(2, 4, 3, 2)": [0.03265449404716492, 0.03255142271518707, 0.031885307282209396, 0.032706890255212784, 0.032402846962213516], "(2, 4, 3, 3)": [0.032504647970199585, 0.03277241811156273, 0.03259194642305374, 0.03250694274902344, 0.0325191393494606], "(2, 4, 4, 3)": [0.0324721485376358, 0.032694924622774124, 0.03173161670565605, 0.031785376369953156, 0.03191443160176277], "(2, 4, 1, 1)": [0.029368175193667412, 0.03142227232456207, 0.03137894719839096, 0.029095420613884926, 0.03242313489317894], "(2, 4, 2, 1)": [0.020854657515883446, 0.023895971477031708, 0.026697207242250443, 0.024334203451871872, 0.021712064743041992], "(2, 5, 4, 3)": [0.029182519763708115, 0.032345689833164215, 0.027654418721795082, 0.03136247768998146, 0.029689503833651543], "(2, 4, 1, 2)": [0.03089536353945732, 0.03190144896507263, 0.03214935213327408, 0.032212864607572556, 0.03260403126478195], "(2, 5, 1, 2)": [0.032746993005275726, 0.032306548207998276, 0.03156886622309685, 0.031703218817710876, 0.0303245447576046], "(2, 5, 0, 2)": [0.03227565437555313, 0.032260745763778687, 0.03221530467271805, 0.03227761760354042, 0.032635804265737534], "(2, 5, 2, 3)": [0.027528198435902596, 0.022954875603318214, 0.02405860833823681, 0.018858913332223892, 0.02489634044468403], "(2, 4, 0, 1)": [0.028888650238513947, 0.03010610118508339, 0.030404895544052124, 0.031457554548978806, 0.028475606814026833], "(2, 4, 4, 2)": [0.032003533095121384, 0.03198391944169998, 0.03176085650920868, 0.03188266232609749, 0.03258059546351433], "(2, 4, 5, 3)": [0.027680277824401855, 0.029242638498544693, 0.02826077677309513, 0.031631335616111755, 0.02836526744067669], "(3, 4, 4, 2)": [0.027195267379283905, 0.02663530223071575, 0.02752055414021015, 0.028444381430745125, 0.02716226875782013], "(3, 4, 3, 2)": [0.028831062838435173, 0.028222840279340744, 0.0287741981446743, 0.02875402569770813, 0.03054354339838028], "(3, 4, 2, 1)": [0.01879286952316761, 0.01841873489320278, 0.02471783012151718, 0.01798848994076252, 0.028269611299037933], "(3, 4, 2, 2)": [0.02561645582318306, 0.029515676200389862, 0.028071390464901924, 0.027528950944542885, 0.02839844487607479], "(3, 4, 3, 1)": [0.0, 0.0024564480409026146, 0.010529543273150921, 0.0, 0.0], "(2, 5, 1, 1)": [0.03272593766450882, 0.03220966458320618, 0.03223492205142975, 0.032605770975351334, 0.03256623446941376], "(2, 5, 0, 1)": [0.032459408044815063, 0.03257517144083977, 0.03246249258518219, 0.03246287256479263, 0.03250103443861008], "(1, 5, 1, 2)": [0.031001999974250793, 0.03065963089466095, 0.032183606177568436, 0.02965734153985977, 0.02994743175804615], "(1, 5, 2, 2)": [0.03230981156229973, 0.03086407296359539, 0.03091961145401001, 0.031193135306239128, 0.030272601172327995], "(1, 5, 3, 3)": [0.026961125433444977, 0.03175016865134239, 0.02597966603934765, 0.025759033858776093, 0.024234982207417488], "(1, 5, 2, 3)": [0.029765594750642776, 0.024189768359065056, 0.0231418889015913, 0.020587312057614326, 0.019721150398254395], "(1, 4, 0, 1)": [0.029384534806013107, 0.02534377947449684, 0.02981262095272541, 0.028419828042387962, 0.03205375745892525], "(2, 5, 2, 1)": [0.0012997390003874898, 0.009223860688507557, 0.012503244914114475, 0.0032719713635742664, 0.021221758797764778], "(2, 5, 5, 3)": [0.029175227507948875, 0.02798556536436081, 0.027891211211681366, 0.028014782816171646, 0.027230283245444298], "(3, 5, 5, 3)": [0.011830409988760948, 0.02232464589178562, 0.010374875739216805, 0.008503883145749569, 0.007754067424684763], "(3, 5, 4, 3)": [0.02077358588576317, 0.028363725170493126, 0.023437783122062683, 0.018732795491814613, 0.021934203803539276], "(3, 5, 4, 2)": [0.01727350801229477, 0.016244729980826378, 0.029666142538189888, 0.018459787592291832, 0.013551697134971619], "(3, 5, 3, 2)": [0.03103543631732464, 0.028817646205425262, 0.029488278552889824, 0.02855636179447174, 0.02958131581544876], "(3, 4, 1, 1)": [0.027723906561732292, 0.024548370391130447, 0.024702871218323708, 0.025976428762078285, 0.02621319517493248], "(3, 5, 2, 2)": [0.030794868245720863, 0.030723106116056442, 0.030539819970726967, 0.03055490553379059, 0.031056083738803864], "(3, 5, 1, 2)": [0.024132948368787766, 0.027034303173422813, 0.02194869890809059, 0.030833808705210686, 0.024512596428394318], "(3, 5, 1, 1)": [0.02807699516415596, 0.01401588786393404, 0.018854502588510513, 0.007028057239949703, 0.019920822232961655], "(3, 4, 0, 1)": [0.01300717145204544, 0.015202512964606285, 0.025094049051404, 0.004228254780173302, 0.010070323012769222], "(1, 4, 1, 1)": [0.023663660511374474, 0.01733265444636345, 0.02091096341609955, 0.03130217269062996, 0.020543551072478294], "(1, 4, 2, 2)": [0.031307097524404526, 0.03140591084957123, 0.03098129853606224, 0.03195853531360626, 0.03139059618115425], "(1, 4, 3, 2)": [0.026843925938010216, 0.0271538645029068, 0.02762635238468647, 0.02432597614824772, 0.02951563522219658], "(1, 4, 4, 2)": [0.015597540885210037, 0.0, 0.0, 0.0032847397960722446, 0.002961060730740428], "(1, 5, 0, 2)": [0.02980412170290947, 0.026444844901561737, 0.0277878325432539, 0.026441054418683052, 0.02880956046283245], "(1, 5, 0, 1)": [0.03193744271993637, 0.0249867532402277, 0.027018455788493156, 0.02694133296608925, 0.027560289949178696], "(1, 5, 1, 3)": [0.002137663308531046, 0.0, 0.0029769071843475103, 0.015830736607313156, 0.0038037532940506935], "(2, 5, 4, 2)": [0.03223884105682373, 0.018367746844887733, 0.02453901432454586, 0.02215922810137272, 0.01858402229845524], "(2, 5, 5, 4)": [-0.0009804515866562724, 0.001590291503816843, 0.0004941506776958704, 0.0013515485916286707, 0.006216717883944511], "(2, 4, 0, 2)": [0.02077041007578373, 0.03227300941944122, 0.022535458207130432, 0.025606904178857803, 0.027069520205259323], "(2, 4, -1, 1)": [0.0032611461356282234, 0.007961937226355076, -0.0021239714697003365, 0.004238498397171497, 0.0], "(3, 5, 3, 3)": [0.011255607940256596, 0.021867603063583374, 0.008306162431836128, 0.008769350126385689, 0.00865225400775671], "(2, 5, 6, 3)": [0.018018119037151337, 0.002174804452806711, 0.005322371609508991, 0.004711395129561424, 0.0027790931053459644], "(2, 4, 2, 3)": [0.0032672749366611242, 0.0023012012243270874, 0.005932406522333622, 0.006203623488545418, 0.011817414313554764], "(1, 4, 1, 2)": [0.030755791813135147, 0.030110172927379608, 0.03070760890841484, 0.03182661905884743, 0.030707426369190216], "(1, 4, 3, 3)": [0.031856879591941833, 0.02482317015528679, 0.02340789884328842, 0.023402631282806396, 0.023720595985651016], "(2, 4, 0, 0)": [0.0010999045334756374, -0.002007174538448453, 0.003096864093095064, 0.009997697547078133, 0.0], "(3, 4, 4, 3)": [0.02740081399679184, 0.011184751987457275, 0.010871486738324165, 0.011404670774936676, 0.015060865320265293], "(1, 5, -1, 1)": [0.01994186080992222, 0.0, 0.0039882296696305275, 0.003223349340260029, 0.0068830931559205055], "(1, 4, -1, 1)": [0.007263791281729937, 0.008622916415333748, 0.005784995853900909, 0.008775845170021057, 0.019364619627594948], "(1, 4, 0, 2)": [0.015431343577802181, 0.014657090418040752, 0.01502255816012621, 0.014014758169651031, 0.031378213316202164], "(1, 4, 2, 3)": [0.015533552505075932, 0.009991459548473358, 0.02728222869336605, 0.013810692355036736, 0.012627828866243362], "(1, 5, 4, 3)": [0.030727118253707886, 0.013484149239957333, 0.007726128213107586, 0.016234131529927254, 0.008280701003968716], "(3, 4, 5, 3)": [0.021927127614617348, 0.007383439689874649, 0.009827341884374619, 0.004676866345107555, 0.0045987507328391075],