{"q_values": {"(2, 5, 2, 2)": [0.03199496492743492, 0.033220961689949036, 0.030501477420330048, 0.031020358204841614, 0.03161575645208359], "(2, 5, 3, 2)": [0.033248208463191986, 0.03288784250617027, 0.03286461904644966, 0.032903872430324554, 0.03294055163860321], "(2, 5, 3, 3)": [0.03317056968808174, 0.031346481293439865, 0.03130849078297615, 0.0322236530482769, 0.03256862610578537], "(2, 4, 2, 2)": [0.03271546959877014, 0.03242183476686478, 0.032319456338882446, 0.03271210193634033, 0.03322826325893402], "(2, 4, 3, 2)": [0.032620303332805634, 0.03271046653389931, 0.032819852232933044, 0.03324540704488754, 0.03263569250702858], "(2, 4, 3, 3)": [0.032902639359235764, 0.03290185332298279, 0.032925259321928024, 0.033219318836927414, 0.03298546373844147], "(2, 4, 4, 3)": [0.032828524708747864, 0.033241190016269684, 0.03289668634533882, 0.03294900059700012, 0.03282950818538666], "(2, 4, 1, 1)": [0.030558977276086807, 0.027500830590724945, 0.030790364369750023, 0.029897745698690414, 0.033177003264427185], "(2, 4, 2, 1)": [0.026003729552030563, 0.01992560736835003, 0.026523251086473465, 0.03299589082598686, 0.02742304652929306], "(2, 5, 4, 3)": [0.03317972272634506, 0.03253588452935219, 0.032484255731105804, 0.032373249530792236, 0.03252315893769264], "(2, 4, 1, 2)": [0.032440364360809326, 0.03248222917318344, 0.031141746789216995, 0.03315480798482895, 0.03086826577782631], "(2, 5, 1, 2)": [0.03318563848733902, 0.03260112181305885, 0.030055079609155655, 0.03247745335102081, 0.03258935734629631], "(2, 5, 0, 2)": [0.033150408416986465, 0.032251592725515366, 0.031953711062669754, 0.03220473602414131, 0.03223077580332756], "(2, 5, 2, 3)": [0.03226053714752197, 0.025574296712875366, 0.024450743570923805, 0.02541147917509079, 0.02529170736670494], "(2, 4, 0, 1)": [0.03099335916340351, 0.03168173134326935, 0.03113352693617344, 0.033096086233854294, 0.03087364323437214], "(2, 4, 4, 2)": [0.03317393735051155, 0.03228708729147911, 0.03269997611641884, 0.03230071812868118, 0.032483819872140884], "(2, 4, 5, 3)": [0.03143424168229103, 0.03101424314081669, 0.03144241124391556, 0.031683988869190216, 0.03124571591615677], "(3, 4, 4, 2)": [0.032045576721429825, 0.032183267176151276, 0.0321146696805954, 0.03181172534823418, 0.03214827552437782], "(3, 4, 3, 2)": [0.029164141044020653, 0.03189177066087723, 0.031849611550569534, 0.03212098777294159, 0.03230906277894974], "(3, 4, 2, 1)": [0.028056425973773003, 0.02706712856888771, 0.0275493785738945, 0.02641625702381134, 0.027130980044603348], "(3, 4, 2, 2)": [0.029461124911904335, 0.031762007623910904, 0.03175143525004387, 0.03175261244177818, 0.031764090061187744], "(3, 4, 3, 1)": [0.005136661231517792, 0.009173051454126835, 0.021737538278102875, 0.004373584873974323, 0.0], "(2, 5, 1, 1)": [0.03274288401007652, 0.03292352333664894, 0.03282271698117256, 0.03265237435698509, 0.03316311165690422], "(2, 5, 0, 1)": [0.032567549496889114, 0.033176783472299576, 0.03278278931975365, 0.03251028060913086, 0.03277668356895447], "(1, 5, 1, 2)": [0.028731239959597588, 0.03302463889122009, 0.027349703013896942, 0.029461262747645378, 0.027928000316023827], "(1, 5, 2, 2)": [0.033004291355609894, 0.029044784605503082, 0.028219077736139297, 0.028459582477808, 0.028717396780848503], "(1, 5, 3, 3)": [0.03220384567975998, 0.027054578065872192, 0.029515104368329048, 0.027837198227643967, 0.02904801070690155], "(1, 5, 2, 3)": [0.024534674361348152, 0.023239683359861374, 0.025355424731969833, 0.024020548909902573, 0.024718835949897766], "(1, 4, 0, 1)": [0.032032161951065063, 0.03223207965493202, 0.03211953490972519, 0.033009301871061325, 0.032391805201768875], "(2, 5, 2, 1)": [0.015897683799266815, 0.013710400089621544, 0.01640576682984829, 0.016877394169569016, 0.03319399803876877], "(2, 5, 5, 3)": [0.02604183740913868, 0.030817460268735886, 0.024643290787935257, 0.023033464327454567, 0.02524757571518421], "(3, 5, 5, 3)": [0.033126261085271835, 0.03136617690324783, 0.030524196103215218, 0.029474711045622826, 0.030633727088570595], "(3, 5, 4, 3)": [0.0331546813249588, 0.03219902142882347, 0.03259957954287529, 0.0326608270406723, 0.03216469660401344], "(3, 5, 4, 2)": [0.03268434479832649, 0.03267334774136543, 0.03317694738507271, 0.03209879621863365, 0.03265306353569031], "(3, 5, 3, 2)": [0.03318675234913826, 0.032636262476444244, 0.030368100851774216, 0.030382709577679634, 0.0324418880045414], "(3, 4, 1, 1)": [0.028678923845291138, 0.0283212773501873, 0.028829213231801987, 0.02887764759361744, 0.029990749433636665], "(3, 5, 2, 2)": [0.0330234169960022, 0.03018811345100403, 0.02964121662080288, 0.03157900273799896, 0.031133070588111877], "(3, 5, 1, 2)": [0.03267653286457062, 0.03304076939821243, 0.032846078276634216, 0.03312588855624199, 0.032793764024972916], "(3, 5, 1, 1)": [0.03256769850850105, 0.032750099897384644, 0.03263296186923981, 0.032939087599515915, 0.03254105523228645], "(3, 4, 0, 1)": [0.028439253568649292, 0.028247123584151268, 0.028367234393954277, 0.0274541936814785, 0.03023640252649784], "(1, 4, 1, 1)": [0.02719626948237419, 0.027023300528526306, 0.029061341658234596, 0.028424350544810295, 0.032974932342767715], "(1, 4, 2, 2)": [0.031241746619343758, 0.02957531064748764, 0.0294103492051363, 0.03323186933994293, 0.030569419264793396], "(1, 4, 3, 2)": [0.033200010657310486, 0.03273657709360123, 0.03265092149376869, 0.03276636824011803, 0.03278736770153046], "(1, 4, 4, 2)": [0.033155519515275955, 0.011244861409068108, 0.015511568635702133, 0.017053091898560524, 0.013328777626156807], "(1, 5, 0, 2)": [0.03225501999258995, 0.030626442283391953, 0.03169069066643715, 0.03265608847141266, 0.03205955773591995], "(1, 5, 0, 1)": [0.03270468860864639, 0.032703496515750885, 0.032923027873039246, 0.03266071900725365, 0.03259015828371048], "(1, 5, 1, 3)": [0.005221660248935223, 0.004799379035830498, 0.008115068078041077, 0.030120832845568657, 0.008733272552490234], "(2, 5, 4, 2)": [0.03323737531900406, 0.03233424201607704, 0.03272033482789993, 0.032041285187006, 0.03162217512726784], "(2, 5, 5, 4)": [-0.0035127869341522455, 0.004171616397798061, 0.006043131463229656, 0.006765821948647499, 0.020009538158774376], "(2, 4, 0, 2)": [0.03229197487235069, 0.032611846923828125, 0.03276798874139786, 0.03247503563761711, 0.03302088752388954], "(2, 4, -1, 1)": [0.0025829861406236887, 0.026908807456493378, -0.0021239714697003365, 0.0049621169455349445, 0.0], "(3, 5, 3, 3)": [0.03314065933227539, 0.02959110029041767, 0.03148210421204567, 0.029551787301898003, 0.029306519776582718], "(2, 5, 6, 3)": [0.023336026817560196, 0.002174804452806711, 0.005322371609508991, 0.004711395129561424, 0.005686861462891102], "(2, 4, 2, 3)": [0.011294781230390072, 0.014030535705387592, 0.015179915353655815, 0.006203623488545418, 0.03127415105700493], "(1, 4, 1, 2)": [0.03213174641132355, 0.0322316437959671, 0.030742309987545013, 0.03221231698989868, 0.03312446177005768], "(1, 4, 3, 3)": [0.03295895829796791, 0.03278114274144173, 0.0327901691198349, 0.032784927636384964, 0.03273165598511696], "(2, 4, 0, 0)": [0.008342654444277287, 0.0012050389777868986, 0.004804106429219246, 0.018244070932269096, 0.0], "(3, 4, 4, 3)": [0.0328519344329834, 0.03288489207625389, 0.032993581146001816, 0.03293820843100548, 0.03292541205883026], "(1, 5, -1, 1)": [0.030100496485829353, 0.009058508090674877, 0.008419685065746307, 0.014979694969952106, 0.012644516304135323], "(1, 4, -1, 1)": [0.012136663310229778, 0.015930192545056343, 0.010964246466755867, 0.013252044096589088, 0.031612809747457504], "(1, 4, 0, 2)": [0.031099697574973106, 0.03252728655934334, 0.032658763229846954, 0.032604772597551346, 0.032957158982753754], "(1, 4, 2, 3)": [0.03227343037724495, 0.030795106664299965, 0.032863955944776535, 0.031063450500369072, 0.029005227610468864], "(1, 5, 4, 3)": [0.03251226991415024, 0.02769402600824833, 0.028498515486717224, 0.0269746296107769, 0.027967924252152443], "(3, 4, 5, 3)": [0.03180871158838272, 0.03171602264046669, 0.03266172483563423, 0.03120576962828636, 0.03021756187081337],