{"q_values": {"(2, 5, 2, 2)": [0.03269895166158676, 0.033055905252695084, 0.032505083829164505, 0.03239687159657478, 0.03263861685991287], "(2, 5, 3, 2)": [0.03297668695449829, 0.03237979859113693, 0.03247958794236183, 0.032273899763822556, 0.03249093517661095], "(2, 5, 3, 3)": [0.03266020491719246, 0.029754428192973137, 0.029756620526313782, 0.027610410004854202, 0.028703957796096802], "(2, 4, 2, 2)": [0.0323256254196167, 0.032094698399305344, 0.032296910881996155, 0.03221438080072403, 0.032428156584501266], "(2, 4, 3, 2)": [0.03258950635790825, 0.03259331360459328, 0.032594531774520874, 0.0326186865568161, 0.03259703889489174], "(2, 4, 3, 3)": [0.03268538415431976, 0.03246689960360527, 0.03227536752820015, 0.03239787742495537, 0.032453205436468124], "(2, 4, 4, 3)": [0.032554931938648224, 0.032724350690841675, 0.03242259472608566, 0.03254739195108414, 0.032383646816015244], "(2, 4, 1, 1)": [0.03038715198636055, 0.028907226398587227, 0.03108065575361252, 0.029493769630789757, 0.029367493465542793], "(2, 4, 2, 1)": [0.024005984887480736, 0.024663884192705154, 0.028532229363918304, 0.025014620274305344, 0.02315393276512623], "(2, 5, 4, 3)": [0.032834652811288834, 0.030048254877328873, 0.030136017128825188, 0.029612552374601364, 0.026554550975561142], "(2, 4, 1, 2)": [0.03197102248668671, 0.03259020671248436, 0.03191377595067024, 0.03227858990430832, 0.031804829835891724], "(2, 5, 1, 2)": [0.03264559432864189, 0.03293439373373985, 0.03245111554861069, 0.03243141993880272, 0.032417457550764084], "(2, 5, 0, 2)": [0.03229649364948273, 0.03230225667357445, 0.03221416100859642, 0.03227761760354042, 0.0325174443423748], "(2, 5, 2, 3)": [0.028417686000466347, 0.022954875603318214, 0.02405860833823681, 0.018858913332223892, 0.02489634044468403], "(2, 4, 0, 1)": [0.030088193714618683, 0.031129082664847374, 0.030264047905802727, 0.029368674382567406, 0.03238920867443085], "(2, 4, 4, 2)": [0.03177424520254135, 0.032183825969696045, 0.03207303211092949, 0.0320710763335228, 0.032338496297597885], "(2, 4, 5, 3)": [0.028870699927210808, 0.030583057552576065, 0.02911459095776081, 0.03213617205619812, 0.02944434992969036], "(3, 4, 4, 2)": [0.0287930890917778, 0.02744833379983902, 0.0267221350222826, 0.02837774157524109, 0.028279051184654236], "(3, 4, 3, 2)": [0.03029664233326912, 0.029932761564850807, 0.028882203623652458, 0.030255498364567757, 0.031096234917640686], "(3, 4, 2, 1)": [0.02004118077456951, 0.019525157287716866, 0.025174397975206375, 0.020574692636728287, 0.03029041923582554], "(3, 4, 2, 2)": [0.02717064879834652, 0.024582520127296448, 0.031395323574543, 0.028930986300110817, 0.0297783762216568], "(3, 4, 3, 1)": [0.0, 0.0024564480409026146, 0.017297940328717232, 0.0, 0.0], "(2, 5, 1, 1)": [0.03259751573204994, 0.0321899875998497, 0.03276272118091583, 0.03237423673272133, 0.03231791406869888], "(2, 5, 0, 1)": [0.03151135519146919, 0.032058242708444595, 0.03229212760925293, 0.032204095274209976, 0.03263062238693237], "(1, 5, 1, 2)": [0.03166961297392845, 0.030849076807498932, 0.028704747557640076, 0.030077295377850533, 0.030292531475424767], "(1, 5, 2, 2)": [0.03235261142253876, 0.03086407296359539, 0.03119068406522274, 0.03127346187829971, 0.030272601172327995], "(1, 5, 3, 3)": [0.026961125433444977, 0.03175016865134239, 0.02597966603934765, 0.025759033858776093, 0.024234982207417488], "(1, 5, 2, 3)": [0.029984280467033386, 0.024189768359065056, 0.0231418889015913, 0.020587312057614326, 0.019721150398254395], "(1, 4, 0, 1)": [0.02469981648027897, 0.02536003477871418, 0.026485340669751167, 0.024574000388383865, 0.026689164340496063], "(2, 5, 2, 1)": [0.007281652186065912, 0.009223860688507557, 0.012503244914114475, 0.0032719713635742664, 0.024139167740941048], "(2, 5, 5, 3)": [0.03036039136350155, 0.029116179794073105, 0.02852936089038849, 0.028014782816171646, 0.02815423533320427], "(3, 5, 5, 3)": [0.011830409988760948, 0.026989687234163284, 0.010374875739216805, 0.010692709125578403, 0.009931622073054314], "(3, 5, 4, 3)": [0.02077358588576317, 0.0293738953769207, 0.025125032290816307, 0.02322089672088623, 0.025294410064816475], "(3, 5, 4, 2)": [0.017870843410491943, 0.023477211594581604, 0.03147546574473381, 0.020968234166502953, 0.0219581238925457], "(3, 5, 3, 2)": [0.02867775969207287, 0.027076758444309235, 0.030716488137841225, 0.02811652608215809, 0.029662227258086205], "(3, 4, 1, 1)": [0.025272123515605927, 0.024983225390315056, 0.02595123089849949, 0.026884600520133972, 0.02993100695312023], "(3, 5, 2, 2)": [0.030571309849619865, 0.03046899475157261, 0.031138356775045395, 0.03059682808816433, 0.027740931138396263], "(3, 5, 1, 2)": [0.024132948368787766, 0.027034303173422813, 0.02194869890809059, 0.03100726008415222, 0.024512596428394318], "(3, 5, 1, 1)": [0.029648317024111748, 0.021038562059402466, 0.024467866867780685, 0.009483136236667633, 0.023366408422589302], "(3, 4, 0, 1)": [0.01522691361606121, 0.01792563870549202, 0.022877180948853493, 0.00874162558466196, 0.010070323012769222], "(1, 4, 1, 1)": [0.026371294632554054, 0.01407834142446518, 0.022850781679153442, 0.027289442718029022, 0.022120777517557144], "(1, 4, 2, 2)": [0.03143233805894852, 0.030063383281230927, 0.03093281015753746, 0.03068702109158039, 0.031182309612631798], "(1, 4, 3, 2)": [0.027796821668744087, 0.0271538645029068, 0.028359409421682358, 0.02432597614824772, 0.029875684529542923], "(1, 4, 4, 2)": [0.017250539734959602, 0.0, 0.0, 0.0032847397960722446, 0.002961060730740428], "(1, 5, 0, 2)": [0.030619610100984573, 0.026444844901561737, 0.028243472799658775, 0.026924915611743927, 0.029164234176278114], "(1, 5, 0, 1)": [0.0316767618060112, 0.025705527514219284, 0.027973154559731483, 0.02694133296608925, 0.02818378433585167], "(1, 5, 1, 3)": [0.002137663308531046, 0.0, 0.0029769071843475103, 0.015830736607313156, 0.0038037532940506935], "(2, 5, 4, 2)": [0.03252050653100014, 0.022263366729021072, 0.02535010501742363, 0.02317674458026886, 0.01858402229845524], "(2, 5, 5, 4)": [-0.0009804515866562724, 0.001590291503816843, 0.0004941506776958704, 0.0013515485916286707, 0.006216717883944511], "(2, 4, 0, 2)": [0.023692455142736435, 0.03202974796295166, 0.023504434153437614, 0.026758745312690735, 0.02749897539615631], "(2, 4, -1, 1)": [0.0032611461356282234, 0.007961937226355076, -0.0021239714697003365, 0.004238498397171497, 0.0], "(3, 5, 3, 3)": [0.014674034900963306, 0.02654625102877617, 0.008306162431836128, 0.008769350126385689, 0.00865225400775671], "(2, 5, 6, 3)": [0.018018119037151337, 0.002174804452806711, 0.005322371609508991, 0.004711395129561424, 0.0027790931053459644], "(2, 4, 2, 3)": [0.0032672749366611242, 0.0023012012243270874, 0.005932406522333622, 0.006203623488545418, 0.011817414313554764], "(1, 4, 1, 2)": [0.030884213745594025, 0.030543969944119453, 0.030477648600935936, 0.028965329751372337, 0.031041733920574188], "(1, 4, 3, 3)": [0.031824737787246704, 0.02482317015528679, 0.02340789884328842, 0.023402631282806396, 0.023720595985651016], "(2, 4, 0, 0)": [0.0010999045334756374, -0.002007174538448453, 0.003096864093095064, 0.01210001204162836, 0.0], "(3, 4, 4, 3)": [0.02972591109573841, 0.011275287717580795, 0.016226647421717644, 0.011404670774936676, 0.018431473523378372], "(1, 5, -1, 1)": [0.01994186080992222, 0.0, 0.0039882296696305275, 0.003223349340260029, 0.0068830931559205055], "(1, 4, -1, 1)": [0.007263791281729937, 0.006703261286020279, 0.005784995853900909, 0.007780406158417463, 0.020793674513697624], "(1, 4, 0, 2)": [0.016984732821583748, 0.016204889863729477, 0.01502255816012621, 0.014014758169651031, 0.03126261755824089], "(1, 4, 2, 3)": [0.015533552505075932, 0.009991459548473358, 0.02728222869336605, 0.013810692355036736, 0.012627828866243362], "(1, 5, 4, 3)": [0.030727118253707886, 0.013484149239957333, 0.007726128213107586, 0.016234131529927254, 0.008280701003968716], "(3, 4, 5, 3)": [0.02613425999879837, 0.009231646545231342, 0.011747253127396107, 0.010036763735115528, 0.007109549827873707],