{"q_values": {"(2, 5, 2, 2)": [0.032353900372982025, 0.03241269290447235, 0.03235498443245888, 0.03222385048866272, 0.03224673122167587], "(2, 5, 3, 2)": [0.0327957384288311, 0.029756922274827957, 0.03280279040336609, 0.03284798935055733, 0.032834507524967194], "(2, 5, 3, 3)": [0.028957735747098923, 0.0325268916785717, 0.032327596098184586, 0.03248833864927292, 0.03243851661682129], "(2, 4, 2, 2)": [0.03187096491456032, 0.032400619238615036, 0.0326756052672863, 0.03232631832361221, 0.033010516315698624], "(2, 4, 3, 2)": [0.032382432371377945, 0.03268960118293762, 0.032664261758327484, 0.03133994713425636, 0.032971564680337906], "(2, 4, 3, 3)": [0.03280806168913841, 0.033123888075351715, 0.03279436007142067, 0.032828327268362045, 0.03288044407963753], "(2, 4, 4, 3)": [0.03276297450065613, 0.03275195509195328, 0.0328909270465374, 0.03276847302913666, 0.0327472910284996], "(2, 4, 1, 1)": [0.027685148641467094, 0.02897956222295761, 0.027197260409593582, 0.029361456632614136, 0.03181419149041176], "(2, 4, 2, 1)": [0.02664184756577015, 0.024560194462537766, 0.02326580323278904, 0.024881772696971893, 0.022878121584653854], "(2, 5, 4, 3)": [0.031079962849617004, 0.03284943476319313, 0.032093826681375504, 0.03131888806819916, 0.031142115592956543], "(2, 4, 1, 2)": [0.031489238142967224, 0.030552692711353302, 0.031092539429664612, 0.03313150629401207, 0.03171183168888092], "(2, 5, 1, 2)": [0.032340772449970245, 0.03242923691868782, 0.03243038430809975, 0.02967463992536068, 0.03234409913420677], "(2, 5, 0, 2)": [0.03253120929002762, 0.032254185527563095, 0.032260265201330185, 0.032268207520246506, 0.032265953719615936], "(2, 5, 2, 3)": [0.025560619309544563, 0.02821616269648075, 0.025623852387070656, 0.024473879486322403, 0.026151331141591072], "(2, 4, 0, 1)": [0.026189962401986122, 0.0262286476790905, 0.027223894372582436, 0.025516793131828308, 0.032788921147584915], "(2, 4, 4, 2)": [0.032435234636068344, 0.032371971756219864, 0.03274259343743324, 0.031774990260601044, 0.03187615051865578], "(2, 4, 5, 3)": [0.03017670288681984, 0.03262978419661522, 0.03083433210849762, 0.02954239398241043, 0.031075578182935715], "(3, 4, 4, 2)": [0.031639039516448975, 0.02953716367483139, 0.030692314729094505, 0.030245013535022736, 0.031113838776946068], "(3, 4, 3, 2)": [0.03134565427899361, 0.026666413992643356, 0.029207417741417885, 0.028935933485627174, 0.028797732666134834], "(3, 4, 2, 1)": [0.02548891492187977, 0.02882436290383339, 0.025417206808924675, 0.02627326175570488, 0.02520572394132614], "(3, 4, 2, 2)": [0.030699873343110085, 0.030707545578479767, 0.03001467138528824, 0.03076537884771824, 0.028124094009399414], "(3, 4, 3, 1)": [0.005136661231517792, 0.009173051454126835, 0.015464561060070992, 0.0057875411584973335, 0.0], "(2, 5, 1, 1)": [0.032266415655612946, 0.032462384551763535, 0.03265766799449921, 0.03224696218967438, 0.03241214528679848], "(2, 5, 0, 1)": [0.032033517956733704, 0.03268948197364807, 0.03200127184391022, 0.03151179477572441, 0.032185085117816925], "(1, 5, 1, 2)": [0.03223279118537903, 0.030201930552721024, 0.03257450461387634, 0.032119642943143845, 0.03269302099943161], "(1, 5, 2, 2)": [0.0326295904815197, 0.032478153705596924, 0.03235797584056854, 0.03256725147366524, 0.032308634370565414], "(1, 5, 3, 3)": [0.03074958361685276, 0.029010672122240067, 0.03155824542045593, 0.031019369140267372, 0.028529632836580276], "(1, 5, 2, 3)": [0.028707660734653473, 0.027130749076604843, 0.027968036010861397, 0.027391701936721802, 0.029910458251833916], "(1, 4, 0, 1)": [0.029844077304005623, 0.029011396691203117, 0.02755693532526493, 0.029911894351243973, 0.032987989485263824], "(2, 5, 2, 1)": [0.013989163562655449, 0.013710400089621544, 0.01640576682984829, 0.013059908524155617, 0.03255612030625343], "(2, 5, 5, 3)": [0.02667473815381527, 0.030396252870559692, 0.02403789758682251, 0.026884637773036957, 0.02503545582294464], "(3, 5, 5, 3)": [0.02204771153628826, 0.032712098211050034, 0.013759895227849483, 0.015754299238324165, 0.022015396505594254], "(3, 5, 4, 3)": [0.03248121961951256, 0.030544130131602287, 0.029583275318145752, 0.026583677157759666, 0.030141739174723625], "(3, 5, 4, 2)": [0.032824188470840454, 0.030099017545580864, 0.03143548592925072, 0.030147559940814972, 0.03105418011546135], "(3, 5, 3, 2)": [0.03212032839655876, 0.03257019817829132, 0.03202883526682854, 0.03213373199105263, 0.03150516375899315], "(3, 4, 1, 1)": [0.026363957673311234, 0.026997145265340805, 0.027165496721863747, 0.027657147496938705, 0.029342778027057648], "(3, 5, 2, 2)": [0.03239260986447334, 0.0319838747382164, 0.03206321969628334, 0.031979020684957504, 0.03209105134010315], "(3, 5, 1, 2)": [0.029626626521348953, 0.0319778136909008, 0.03032093681395054, 0.02821294218301773, 0.030367743223905563], "(3, 5, 1, 1)": [0.031783949583768845, 0.031014662235975266, 0.030224118381738663, 0.022979630157351494, 0.030627548694610596], "(3, 4, 0, 1)": [0.021052753552794456, 0.023336872458457947, 0.022389650344848633, 0.022761285305023193, 0.026985403150320053], "(1, 4, 1, 1)": [0.0271960087120533, 0.027281753718852997, 0.024968473240733147, 0.02853407710790634, 0.028752418234944344], "(1, 4, 2, 2)": [0.0325457826256752, 0.03259129449725151, 0.032546959817409515, 0.03245014324784279, 0.0327487513422966], "(1, 4, 3, 2)": [0.03254735842347145, 0.032360147684812546, 0.03254390135407448, 0.03239525482058525, 0.03257511556148529], "(1, 4, 4, 2)": [0.031191334128379822, 0.0, 0.0, 0.008789487183094025, 0.005961710587143898], "(1, 5, 0, 2)": [0.032452140003442764, 0.03277743235230446, 0.032551832497119904, 0.03278161585330963, 0.032546669244766235], "(1, 5, 0, 1)": [0.03268079087138176, 0.03274088725447655, 0.03248295187950134, 0.03266385570168495, 0.033057160675525665], "(1, 5, 1, 3)": [0.002137663308531046, 0.004799379035830498, 0.0056753153912723064, 0.024948401376605034, 0.008733272552490234], "(2, 5, 4, 2)": [0.03296298533678055, 0.031026074662804604, 0.030915409326553345, 0.029802067205309868, 0.02734474465250969], "(2, 5, 5, 4)": [-0.0009396937675774097, -0.00017772032879292965, 0.006043131463229656, 0.004129519686102867, 0.01239943690598011], "(2, 4, 0, 2)": [0.02961241826415062, 0.03245239704847336, 0.03126535564661026, 0.030531080439686775, 0.03148770332336426], "(2, 4, -1, 1)": [0.0032611461356282234, 0.020763928070664406, -0.0021239714697003365, 0.0049621169455349445, 0.0], "(3, 5, 3, 3)": [0.017729073762893677, 0.03181267902255058, 0.013335979543626308, 0.023233644664287567, 0.01946149207651615], "(2, 5, 6, 3)": [0.021449405699968338, 0.002174804452806711, 0.005322371609508991, 0.004711395129561424, 0.005686861462891102], "(2, 4, 2, 3)": [0.008875387720763683, 0.011927885934710503, 0.01105284783989191, 0.006203623488545418, 0.028484150767326355], "(1, 4, 1, 2)": [0.03248105198144913, 0.032426346093416214, 0.03129292279481888, 0.032495833933353424, 0.0329437255859375], "(1, 4, 3, 3)": [0.032735757529735565, 0.032714761793613434, 0.032800089567899704, 0.03279278427362442, 0.03276711702346802], "(2, 4, 0, 0)": [0.008342654444277287, 0.0012050389777868986, 0.004804106429219246, 0.015568098984658718, 0.0], "(3, 4, 4, 3)": [0.031158190220594406, 0.03231314569711685, 0.031415410339832306, 0.031960614025592804, 0.030068041756749153], "(1, 5, -1, 1)": [0.028445737436413765, 0.009058508090674877, 0.008419685065746307, 0.01339816302061081, 0.012644516304135323], "(1, 4, -1, 1)": [0.012136663310229778, 0.014688199386000633, 0.010964246466755867, 0.013252044096589088, 0.028166884556412697], "(1, 4, 0, 2)": [0.03185316547751427, 0.032399363815784454, 0.03222290426492691, 0.031964752823114395, 0.0329459011554718], "(1, 4, 2, 3)": [0.02826923318207264, 0.023868324235081673, 0.03289300203323364, 0.026117710396647453, 0.023787256330251694], "(1, 5, 4, 3)": [0.03241380676627159, 0.02336060255765915, 0.017481790855526924, 0.026061279699206352, 0.02459220215678215], "(3, 4, 5, 3)": [0.032327208667993546, 0.020021477714180946, 0.018655478954315186, 0.02033461444079876, 0.01816604845225811],