{"q_values": {"(2, 5, 2, 2)": [0.033094603568315506, 0.032659996300935745, 0.03195882588624954, 0.032463189214468, 0.03210339695215225], "(2, 5, 3, 2)": [0.03320099413394928, 0.030052337795495987, 0.03255905956029892, 0.032687537372112274, 0.031218791380524635], "(2, 5, 3, 3)": [0.03315984457731247, 0.029634755104780197, 0.029435833916068077, 0.02858816459774971, 0.029964737594127655], "(2, 4, 2, 2)": [0.03226011246442795, 0.03210531920194626, 0.03060866892337799, 0.031793262809515, 0.033117953687906265], "(2, 4, 3, 2)": [0.03234115615487099, 0.03265470266342163, 0.032617732882499695, 0.03284372016787529, 0.03319115564227104], "(2, 4, 3, 3)": [0.03323093056678772, 0.03261467069387436, 0.032634757459163666, 0.03271745890378952, 0.03272107616066933], "(2, 4, 4, 3)": [0.03304023668169975, 0.03297507390379906, 0.03319767117500305, 0.032927267253398895, 0.03299687057733536], "(2, 4, 1, 1)": [0.03120012953877449, 0.03141647204756737, 0.030305728316307068, 0.031053991988301277, 0.03303724527359009], "(2, 4, 2, 1)": [0.02521859109401703, 0.015114737674593925, 0.02496412768959999, 0.029003381729125977, 0.03301304578781128], "(2, 5, 4, 3)": [0.033203110098838806, 0.03158558905124664, 0.03068535029888153, 0.03132130578160286, 0.03053765557706356], "(2, 4, 1, 2)": [0.03134029358625412, 0.02958095446228981, 0.03227979689836502, 0.03178669512271881, 0.03319329768419266], "(2, 5, 1, 2)": [0.03281710296869278, 0.03317772597074509, 0.0321115106344223, 0.03239290416240692, 0.031240731477737427], "(2, 5, 0, 2)": [0.033203087747097015, 0.03234678879380226, 0.030566159635782242, 0.03230816125869751, 0.032291147857904434], "(2, 5, 2, 3)": [0.03314083069562912, 0.025574296712875366, 0.024450743570923805, 0.02457638829946518, 0.024600783362984657], "(2, 4, 0, 1)": [0.032496463507413864, 0.03251201659440994, 0.032554492354393005, 0.03245392069220543, 0.033077023923397064], "(2, 4, 4, 2)": [0.0332031324505806, 0.031062504276633263, 0.03234708681702614, 0.03218436613678932, 0.032596852630376816], "(2, 4, 5, 3)": [0.03125777095556259, 0.030604606494307518, 0.03131333738565445, 0.032762277871370316, 0.031172314658761024], "(3, 4, 4, 2)": [0.031361814588308334, 0.030958175659179688, 0.03165276721119881, 0.0316384918987751, 0.03315533697605133], "(3, 4, 3, 2)": [0.03153904154896736, 0.032004620879888535, 0.03154200688004494, 0.031092023476958275, 0.03286750242114067], "(3, 4, 2, 1)": [0.026865819469094276, 0.026256421580910683, 0.024634800851345062, 0.028676733374595642, 0.03315140679478645], "(3, 4, 2, 2)": [0.03186117112636566, 0.032381001859903336, 0.032518237829208374, 0.03195801004767418, 0.033237289637327194], "(3, 4, 3, 1)": [0.005136661231517792, 0.009173051454126835, 0.019250933080911636, 0.004373584873974323, 0.0], "(2, 5, 1, 1)": [0.033133331686258316, 0.03282448649406433, 0.032927509397268295, 0.03288556635379791, 0.03295300900936127], "(2, 5, 0, 1)": [0.032572295516729355, 0.03292806074023247, 0.03285316005349159, 0.03287094831466675, 0.03317471221089363], "(1, 5, 1, 2)": [0.03324121609330177, 0.03223767504096031, 0.03145666420459747, 0.03139432147145271, 0.03029918670654297], "(1, 5, 2, 2)": [0.03319944068789482, 0.03233516216278076, 0.032575443387031555, 0.03214599937200546, 0.03079420141875744], "(1, 5, 3, 3)": [0.03316442295908928, 0.03202250599861145, 0.03174809366464615, 0.032277364283800125, 0.031597863882780075], "(1, 5, 2, 3)": [0.03318432345986366, 0.029086539521813393, 0.02825321815907955, 0.028017910197377205, 0.028826775029301643], "(1, 4, 0, 1)": [0.02810578979551792, 0.029860058799386024, 0.027107156813144684, 0.033138033002614975, 0.02935011126101017], "(2, 5, 2, 1)": [0.015897683799266815, 0.013710400089621544, 0.01640576682984829, 0.015062578022480011, 0.03308335319161415], "(2, 5, 5, 3)": [0.025250546634197235, 0.02689429372549057, 0.03222140669822693, 0.02612520009279251, 0.026788262650370598], "(3, 5, 5, 3)": [0.03301972523331642, 0.029267333447933197, 0.028826594352722168, 0.026332316920161247, 0.02839028835296631], "(3, 5, 4, 3)": [0.02873528003692627, 0.03316764533519745, 0.029732340946793556, 0.028701212257146835, 0.029028555378317833], "(3, 5, 4, 2)": [0.032312553375959396, 0.032109033316373825, 0.03320616856217384, 0.03047117590904236, 0.03231075778603554], "(3, 5, 3, 2)": [0.03323807567358017, 0.02912403829395771, 0.03179464489221573, 0.03172977641224861, 0.03213166445493698], "(3, 4, 1, 1)": [0.02879895269870758, 0.029565848410129547, 0.02818812057375908, 0.029121054336428642, 0.033166270703077316], "(3, 5, 2, 2)": [0.030169742181897163, 0.033238038420677185, 0.029469715431332588, 0.03191833943128586, 0.032184068113565445], "(3, 5, 1, 2)": [0.03257346525788307, 0.03325297310948372, 0.03261638060212135, 0.031419217586517334, 0.03232789784669876], "(3, 5, 1, 1)": [0.03260428458452225, 0.033207591623067856, 0.032783981412649155, 0.032736171036958694, 0.03262375295162201], "(3, 4, 0, 1)": [0.02926071360707283, 0.027345916256308556, 0.028287865221500397, 0.02886037901043892, 0.033192068338394165], "(1, 4, 1, 1)": [0.02545839175581932, 0.026091942563652992, 0.025285841897130013, 0.033082954585552216, 0.026121526956558228], "(1, 4, 2, 2)": [0.03138424828648567, 0.032235290855169296, 0.032866280525922775, 0.03321319445967674, 0.03227148577570915], "(1, 4, 3, 2)": [0.03211059421300888, 0.030769063159823418, 0.03320097178220749, 0.032006461173295975, 0.03216368705034256], "(1, 4, 4, 2)": [0.03270576894283295, 0.006176260765641928, 0.0032837812323123217, 0.017053091898560524, 0.008682695217430592], "(1, 5, 0, 2)": [0.03269913047552109, 0.03325086086988449, 0.032756127417087555, 0.032881733030080795, 0.03052770532667637], "(1, 5, 0, 1)": [0.03276771679520607, 0.03278999403119087, 0.032971084117889404, 0.03281700611114502, 0.033231332898139954], "(1, 5, 1, 3)": [0.005221660248935223, 0.004799379035830498, 0.008115068078041077, 0.025386139750480652, 0.008733272552490234], "(2, 5, 4, 2)": [0.03322310000658035, 0.032140281051397324, 0.03255332261323929, 0.03177875652909279, 0.03126797080039978], "(2, 5, 5, 4)": [-0.0035127869341522455, 0.004171616397798061, 0.006043131463229656, 0.006765821948647499, 0.01819343864917755], "(2, 4, 0, 2)": [0.03229197487235069, 0.032524190843105316, 0.03247174993157387, 0.032418619841337204, 0.033203668892383575], "(2, 4, -1, 1)": [0.0025829861406236887, 0.026094725355505943, -0.0021239714697003365, 0.0049621169455349445, 0.0], "(3, 5, 3, 3)": [0.03319140151143074, 0.026783162727952003, 0.028697285801172256, 0.027914762496948242, 0.029614461585879326], "(2, 5, 6, 3)": [0.022476719692349434, 0.002174804452806711, 0.005322371609508991, 0.004711395129561424, 0.005686861462891102], "(2, 4, 2, 3)": [0.011294781230390072, 0.014030535705387592, 0.015179915353655815, 0.006203623488545418, 0.0331137478351593], "(1, 4, 1, 2)": [0.03245249018073082, 0.03234703838825226, 0.03018435835838318, 0.03319963067770004, 0.029905565083026886], "(1, 4, 3, 3)": [0.032291535288095474, 0.03268023580312729, 0.03261592239141464, 0.03239372745156288, 0.03318582847714424], "(2, 4, 0, 0)": [0.008342654444277287, 0.0012050389777868986, 0.004804106429219246, 0.011733213439583778, 0.0], "(3, 4, 4, 3)": [0.03241657838225365, 0.03254230320453644, 0.032397739589214325, 0.03321557492017746, 0.032482780516147614], "(1, 5, -1, 1)": [0.027247989550232887, 0.009058508090674877, 0.008419685065746307, 0.014979694969952106, 0.012644516304135323], "(1, 4, -1, 1)": [0.012136663310229778, 0.015930192545056343, 0.010964246466755867, 0.013252044096589088, 0.028519857674837112], "(1, 4, 0, 2)": [0.03034323826432228, 0.032371215522289276, 0.03226510435342789, 0.03230936825275421, 0.03315137326717377], "(1, 4, 2, 3)": [0.031636081635951996, 0.030795106664299965, 0.0331973135471344, 0.030579030513763428, 0.028083007782697678], "(1, 5, 4, 3)": [0.03305278345942497, 0.025710830464959145, 0.02911451831459999, 0.02821776084601879, 0.028731446713209152], "(3, 4, 5, 3)": [0.033138226717710495, 0.029263311997056007, 0.03191041946411133, 0.03120576962828636, 0.029181642457842827],