{"q_values": {"(2, 5, 2, 2)": [0.03222911059856415, 0.03147125989198685, 0.0323481559753418, 0.03223641589283943, 0.03218964859843254], "(2, 5, 3, 2)": [0.03259759396314621, 0.03223690018057823, 0.03224023059010506, 0.031990669667720795, 0.032266635447740555], "(2, 5, 3, 3)": [0.031921301037073135, 0.025948457419872284, 0.02582385763525963, 0.02945057675242424, 0.030505815520882607], "(2, 4, 2, 2)": [0.0321945920586586, 0.03230348229408264, 0.03247971832752228, 0.03237535059452057, 0.03269941732287407], "(2, 4, 3, 2)": [0.031944580376148224, 0.03231990709900856, 0.03160741925239563, 0.032091159373521805, 0.032178934663534164], "(2, 4, 3, 3)": [0.03178400918841362, 0.03243374824523926, 0.032045409083366394, 0.03190697357058525, 0.03188110142946243], "(2, 4, 4, 3)": [0.031111931428313255, 0.03025638312101364, 0.032030172646045685, 0.03122999519109726, 0.03160738945007324], "(2, 4, 1, 1)": [0.02583315037190914, 0.028306150808930397, 0.028896469622850418, 0.027377622202038765, 0.03179517760872841], "(2, 4, 2, 1)": [0.018453501164913177, 0.020108673721551895, 0.020210692659020424, 0.019297992810606956, 0.019939538091421127], "(2, 5, 4, 3)": [0.031337834894657135, 0.028408152982592583, 0.02775127813220024, 0.027526648715138435, 0.028198592364788055], "(2, 4, 1, 2)": [0.031457457691431046, 0.03174736350774765, 0.030358655378222466, 0.02985190786421299, 0.03249062970280647], "(2, 5, 1, 2)": [0.032115302979946136, 0.032059941440820694, 0.03216450661420822, 0.031975485384464264, 0.029299842193722725], "(2, 5, 0, 2)": [0.03178693726658821, 0.03171946108341217, 0.03185100853443146, 0.03199540451169014, 0.03195619583129883], "(2, 5, 2, 3)": [0.02176213636994362, 0.026809677481651306, 0.022617215290665627, 0.02174288034439087, 0.024042293429374695], "(2, 4, 0, 1)": [0.026651963591575623, 0.026230571791529655, 0.027277546003460884, 0.0246801245957613, 0.029141562059521675], "(2, 4, 4, 2)": [0.0315735824406147, 0.03162122890353203, 0.03088199906051159, 0.03097088634967804, 0.031929612159729004], "(2, 4, 5, 3)": [0.02453061006963253, 0.020669380202889442, 0.024057723581790924, 0.02779768779873848, 0.02623937651515007], "(3, 4, 4, 2)": [0.02359577640891075, 0.028953395783901215, 0.022138331085443497, 0.02178860828280449, 0.027634508907794952], "(3, 4, 3, 2)": [0.024297084659337997, 0.028763439506292343, 0.028091389685869217, 0.02750459313392639, 0.026224026456475258], "(3, 4, 2, 1)": [0.011722092516720295, 0.012891321443021297, 0.015282761305570602, 0.01201483141630888, 0.020453618839383125], "(3, 4, 2, 2)": [0.025414472445845604, 0.023047860711812973, 0.023268571123480797, 0.01880551315844059, 0.0213970635086298], "(3, 4, 3, 1)": [0.0, 0.0024564480409026146, 0.006898973137140274, 0.0, 0.0], "(2, 5, 1, 1)": [0.031825799494981766, 0.031748637557029724, 0.031886983662843704, 0.0322096087038517, 0.03193158656358719], "(2, 5, 0, 1)": [0.031512439250946045, 0.03164443001151085, 0.03173225373029709, 0.03201526403427124, 0.03168486803770065], "(1, 5, 1, 2)": [0.024873994290828705, 0.02432962879538536, 0.024137692525982857, 0.02713223360478878, 0.022375620901584625], "(1, 5, 2, 2)": [0.026357440277934074, 0.024749919772148132, 0.023554371669888496, 0.020066699013113976, 0.027168698608875275], "(1, 5, 3, 3)": [0.02634819597005844, 0.018797047436237335, 0.02139727585017681, 0.016997162252664566, 0.01601925492286682], "(1, 5, 2, 3)": [0.022266697138547897, 0.023356586694717407, 0.01609686203300953, 0.015658820047974586, 0.015623536892235279], "(1, 4, 0, 1)": [0.014132240787148476, 0.011782591231167316, 0.013092298991978168, 0.018549654632806778, 0.026057282462716103], "(2, 5, 2, 1)": [0.0, 0.0, 0.0022367823403328657, 0.0, 0.004286418668925762], "(2, 5, 5, 3)": [0.024111337959766388, 0.022645840421319008, 0.02674197405576706, 0.021038049831986427, 0.022908175364136696], "(3, 5, 5, 3)": [0.008632147684693336, 0.018021097406744957, 0.007030305918306112, 0.008165786042809486, 0.007612952031195164], "(3, 5, 4, 3)": [0.015030746348202229, 0.023157354444265366, 0.01137193851172924, 0.018596353009343147, 0.018595898523926735], "(3, 5, 4, 2)": [0.015049785375595093, 0.01160081010311842, 0.024263747036457062, 0.016944406554102898, 0.0027470046188682318], "(3, 5, 3, 2)": [0.028765998780727386, 0.026107897982001305, 0.026349753141403198, 0.02366679534316063, 0.02681337669491768], "(3, 4, 1, 1)": [0.019076932221651077, 0.020977884531021118, 0.024823255836963654, 0.022740285843610764, 0.022129327058792114], "(3, 5, 2, 2)": [0.02737334929406643, 0.024796616286039352, 0.024122685194015503, 0.024049624800682068, 0.026668263599276543], "(3, 5, 1, 2)": [0.021587729454040527, 0.021484147757291794, 0.018794214352965355, 0.026599692180752754, 0.021315738558769226], "(3, 5, 1, 1)": [0.024726834148168564, 0.010247262194752693, 0.015506511554121971, 0.007028057239949703, 0.016218170523643494], "(3, 4, 0, 1)": [0.011988118290901184, 0.011541515588760376, 0.01608126610517502, 0.004228254780173302, 0.007642542012035847], "(1, 4, 1, 1)": [0.007131553255021572, 0.0048592425882816315, 0.001070217345841229, 0.009053253568708897, 0.007739546708762646], "(1, 4, 2, 2)": [0.02108144387602806, 0.02234634943306446, 0.02327776327729225, 0.024187548086047173, 0.027240021154284477], "(1, 4, 3, 2)": [0.017385080456733704, 0.012596958316862583, 0.015320556238293648, 0.01250672060996294, 0.02491965889930725], "(1, 4, 4, 2)": [0.0031075128354132175, 0.0, 0.0, 0.0, 0.0], "(1, 5, 0, 2)": [0.02636897563934326, 0.01961229182779789, 0.02180783636868, 0.02138269506394863, 0.019824085757136345], "(1, 5, 0, 1)": [0.022148914635181427, 0.011326344683766365, 0.01547671016305685, 0.008016953244805336, 0.008250858634710312], "(1, 5, 1, 3)": [0.002137663308531046, 0.0, 0.0, 0.010576550848782063, 0.0009630506974644959], "(2, 5, 4, 2)": [0.02666088007390499, 0.00963045097887516, 0.02056373655796051, 0.016795022413134575, 0.015423912554979324], "(2, 5, 5, 4)": [-0.0009804515866562724, 0.0, -0.0011378690833225846, 0.0013515485916286707, 0.0028268618043512106], "(2, 4, 0, 2)": [0.00887144822627306, 0.027596130967140198, 0.012430766597390175, 0.015432486310601234, 0.019109129905700684], "(2, 4, -1, 1)": [0.0011869657319039106, 0.001375263324007392, -0.0021239714697003365, 0.0, 0.0], "(3, 5, 3, 3)": [0.006156358867883682, 0.019900191575288773, 0.007494393736124039, 0.0014486662112176418, 0.003975361119955778], "(2, 5, 6, 3)": [0.008682360872626305, 0.002174804452806711, 0.0027629488613456488, 0.004711395129561424, 0.0027790931053459644], "(2, 4, 2, 3)": [0.0, 0.0023012012243270874, 0.0, 0.0, 0.003259014105424285], "(1, 4, 1, 2)": [0.02408723533153534, 0.024299373850226402, 0.022670390084385872, 0.02792721800506115, 0.023745477199554443], "(1, 4, 3, 3)": [0.021077200770378113, 0.013724585995078087, 0.0068643949925899506, 0.009691198356449604, 0.013869869522750378], "(2, 4, 0, 0)": [-0.002318639075383544, 0.0, 0.0, 0.004306103568524122, 0.0], "(3, 4, 4, 3)": [0.017147574573755264, 0.006639306433498859, 0.00869302824139595, 0.007177882827818394, 0.00429792795330286], "(1, 5, -1, 1)": [0.010592310689389706, 0.0, 0.0, 0.003223349340260029, 0.004392945673316717], "(1, 4, -1, 1)": [0.005949157755821943, 0.0013670976040884852, 0.0031493850983679295, 0.005038821138441563, 0.013223754242062569], "(1, 4, 0, 2)": [0.01008566189557314, 0.011118807829916477, 0.013122924603521824, 0.010072684846818447, 0.02549402229487896], "(1, 4, 2, 3)": [0.008256394416093826, 0.006158064119517803, 0.016723670065402985, 0.009833001531660557, 0.008486034348607063], "(1, 5, 4, 3)": [0.01290039997547865, 0.0016187451547011733, 0.0026059397496283054, 0.008074472658336163, 0.0008525431621819735], "(3, 4, 5, 3)": [0.010612663812935352, 0.004814854823052883, 0.009827341884374619, 0.0018573672277852893, 0.0], "(3, 5, 0, 1)": [0.008898858912289143, 0.013042107224464417, 0.0032431536819785833, 0.006490504369139671, 0.011044720187783241], "(1, 4, 4, 3)": [0.003041791031137109, 0.010186303406953812, 0.003950519021600485, 0.006289581302553415, 0.00219848589040339],