{"q_values": {"(2, 5, 2, 2)": [0.03283298388123512, 0.03234556317329407, 0.029911043122410774, 0.032230064272880554, 0.032162390649318695], "(2, 5, 3, 2)": [0.03244500979781151, 0.03260422870516777, 0.03251469507813454, 0.03247816115617752, 0.0324353389441967], "(2, 5, 3, 3)": [0.029892483726143837, 0.02939133532345295, 0.027972156181931496, 0.03182418271899223, 0.02892952412366867], "(2, 4, 2, 2)": [0.03096923604607582, 0.0318647064268589, 0.030254937708377838, 0.03281053528189659, 0.030850348994135857], "(2, 4, 3, 2)": [0.031773414462804794, 0.03256860747933388, 0.03252791985869408, 0.032797571271657944, 0.03214055672287941], "(2, 4, 3, 3)": [0.032801833003759384, 0.03247227892279625, 0.03272336721420288, 0.03254427760839462, 0.032316382974386215], "(2, 4, 4, 3)": [0.03261342644691467, 0.032632019370794296, 0.032569922506809235, 0.03248586133122444, 0.03260684385895729], "(2, 4, 1, 1)": [0.029243282973766327, 0.028379296883940697, 0.031322725117206573, 0.02968016266822815, 0.030213728547096252], "(2, 4, 2, 1)": [0.024780401960015297, 0.024526387453079224, 0.02608305774629116, 0.027320533990859985, 0.03097669966518879], "(2, 5, 4, 3)": [0.029581952840089798, 0.02883797697722912, 0.0291792843490839, 0.027583375573158264, 0.030948089435696602], "(2, 4, 1, 2)": [0.030370138585567474, 0.03231131285429001, 0.03227705880999565, 0.03276391327381134, 0.032235752791166306], "(2, 5, 1, 2)": [0.03246738389134407, 0.03237127512693405, 0.03271995112299919, 0.03185645490884781, 0.032059889286756516], "(2, 5, 0, 2)": [0.03237845003604889, 0.03224124014377594, 0.03217865899205208, 0.029459992423653603, 0.03217896819114685], "(2, 5, 2, 3)": [0.024367667734622955, 0.023123664781451225, 0.024517644196748734, 0.026784522458910942, 0.023082422092556953], "(2, 4, 0, 1)": [0.02955726906657219, 0.029452266171574593, 0.028794631361961365, 0.03174539655447006, 0.02677154168486595], "(2, 4, 4, 2)": [0.03243931382894516, 0.03227554261684418, 0.03283204883337021, 0.03213239461183548, 0.032103653997182846], "(2, 4, 5, 3)": [0.031421758234500885, 0.030597519129514694, 0.0306094978004694, 0.03048177994787693, 0.030522482469677925], "(3, 4, 4, 2)": [0.031382035464048386, 0.029093468561768532, 0.03134132921695709, 0.028635837137699127, 0.030552685260772705], "(3, 4, 3, 2)": [0.028557419776916504, 0.029913682490587234, 0.028751187026500702, 0.030659105628728867, 0.027417445555329323], "(3, 4, 2, 1)": [0.024421626701951027, 0.024351023137569427, 0.02523319236934185, 0.025099636986851692, 0.025457901880145073], "(3, 4, 2, 2)": [0.028035243973135948, 0.029230967164039612, 0.030699312686920166, 0.029904484748840332, 0.02904156781733036], "(3, 4, 3, 1)": [0.005136661231517792, 0.0066996971145272255, 0.02147931419312954, 0.0, 0.0], "(2, 5, 1, 1)": [0.03242688253521919, 0.032537445425987244, 0.03240755945444107, 0.03249889984726906, 0.03266613185405731], "(2, 5, 0, 1)": [0.031199727207422256, 0.03224717453122139, 0.03103976882994175, 0.032431598752737045, 0.032218530774116516], "(1, 5, 1, 2)": [0.03204519301652908, 0.02854899875819683, 0.031739868223667145, 0.03189283236861229, 0.031942613422870636], "(1, 5, 2, 2)": [0.03121918998658657, 0.031580954790115356, 0.02990730293095112, 0.0313190333545208, 0.02924715355038643], "(1, 5, 3, 3)": [0.02893359586596489, 0.027905888855457306, 0.028150226920843124, 0.028526462614536285, 0.03054235875606537], "(1, 5, 2, 3)": [0.02753731794655323, 0.0294879712164402, 0.024490736424922943, 0.024852626025676727, 0.023354224860668182], "(1, 4, 0, 1)": [0.031126931309700012, 0.029697105288505554, 0.02912980504333973, 0.029584189876914024, 0.032721541821956635], "(2, 5, 2, 1)": [0.009838788770139217, 0.011580096557736397, 0.012503244914114475, 0.0032719713635742664, 0.030384652316570282], "(2, 5, 5, 3)": [0.026314958930015564, 0.02570796012878418, 0.027008596807718277, 0.027687232941389084, 0.025502104312181473], "(3, 5, 5, 3)": [0.019143059849739075, 0.02847457118332386, 0.01209439616650343, 0.014371597208082676, 0.01328993495553732], "(3, 5, 4, 3)": [0.031511422246694565, 0.028076602146029472, 0.027219340205192566, 0.024762699380517006, 0.028683597221970558], "(3, 5, 4, 2)": [0.028423605486750603, 0.0273284949362278, 0.030572352930903435, 0.026140522211790085, 0.028229467570781708], "(3, 5, 3, 2)": [0.032053761184215546, 0.03232375532388687, 0.03183230385184288, 0.031566914170980453, 0.03194098174571991], "(3, 4, 1, 1)": [0.029255423694849014, 0.030189869925379753, 0.02995556779205799, 0.027742166072130203, 0.03091403841972351], "(3, 5, 2, 2)": [0.031795911490917206, 0.031564146280288696, 0.031433992087841034, 0.031492363661527634, 0.03181760385632515], "(3, 5, 1, 2)": [0.02781808003783226, 0.029172277078032494, 0.02853516861796379, 0.031322211027145386, 0.029696451500058174], "(3, 5, 1, 1)": [0.031601324677467346, 0.02772858925163746, 0.026742396876215935, 0.015162399038672447, 0.027737941592931747], "(3, 4, 0, 1)": [0.02212059311568737, 0.020808681845664978, 0.029068803414702415, 0.017496317625045776, 0.02085142210125923], "(1, 4, 1, 1)": [0.028591519221663475, 0.022023672237992287, 0.025642529129981995, 0.028117317706346512, 0.03249404579401016], "(1, 4, 2, 2)": [0.031666696071624756, 0.03172308951616287, 0.03224072977900505, 0.031732723116874695, 0.032692376524209976], "(1, 4, 3, 2)": [0.0321185439825058, 0.032296717166900635, 0.032523833215236664, 0.03189807012677193, 0.031739067286252975], "(1, 4, 4, 2)": [0.024120083078742027, 0.0, 0.0, 0.0032847397960722446, 0.002961060730740428], "(1, 5, 0, 2)": [0.031787049025297165, 0.030865821987390518, 0.029443856328725815, 0.03167640045285225, 0.03206785395741463], "(1, 5, 0, 1)": [0.0314876064658165, 0.03144258260726929, 0.031017297878861427, 0.0314071923494339, 0.032705407589673996], "(1, 5, 1, 3)": [0.002137663308531046, 0.0, 0.0029769071843475103, 0.017161380499601364, 0.0038037532940506935], "(2, 5, 4, 2)": [0.032760586589574814, 0.02757229283452034, 0.026708519086241722, 0.027680912986397743, 0.02241888828575611], "(2, 5, 5, 4)": [-0.0009396937675774097, -0.00017772032879292965, 0.003302738768979907, 0.0013515485916286707, 0.011490904726088047], "(2, 4, 0, 2)": [0.026751067489385605, 0.03247921168804169, 0.029117513447999954, 0.02845049276947975, 0.02926335111260414], "(2, 4, -1, 1)": [0.0032611461356282234, 0.01291477121412754, -0.0021239714697003365, 0.0049621169455349445, 0.0], "(3, 5, 3, 3)": [0.016341807320713997, 0.030265502631664276, 0.01069149374961853, 0.019054632633924484, 0.014914222992956638], "(2, 5, 6, 3)": [0.020808029919862747, 0.002174804452806711, 0.005322371609508991, 0.004711395129561424, 0.005686861462891102], "(2, 4, 2, 3)": [0.006230572704225779, 0.011927885934710503, 0.008625526912510395, 0.006203623488545418, 0.023720629513263702], "(1, 4, 1, 2)": [0.03238016366958618, 0.031587835401296616, 0.030839798972010612, 0.032201170921325684, 0.03278755024075508], "(1, 4, 3, 3)": [0.032524921000003815, 0.03016166388988495, 0.030909821391105652, 0.03088199533522129, 0.030909989029169083], "(2, 4, 0, 0)": [0.006713873706758022, -0.002007174538448453, 0.003096864093095064, 0.017598383128643036, 0.0], "(3, 4, 4, 3)": [0.032049067318439484, 0.02552051842212677, 0.02271636761724949, 0.027252940461039543, 0.02875814028084278], "(1, 5, -1, 1)": [0.024400420486927032, 0.0067397477105259895, 0.006059463135898113, 0.011030052788555622, 0.01086804922670126], "(1, 4, -1, 1)": [0.00988396629691124, 0.0083380825817585, 0.010964246466755867, 0.013252044096589088, 0.028238972648978233], "(1, 4, 0, 2)": [0.024114340543746948, 0.02790854498744011, 0.028702102601528168, 0.027727114036679268, 0.032655019313097], "(1, 4, 2, 3)": [0.023109978064894676, 0.020528528839349747, 0.0323161780834198, 0.021448571234941483, 0.01945584826171398], "(1, 5, 4, 3)": [0.031118839979171753, 0.01856379769742489, 0.015787377953529358, 0.019226673990488052, 0.021703826263546944], "(3, 4, 5, 3)": [0.03092462569475174, 0.009231646545231342, 0.015389417298138142, 0.012093200348317623, 0.007109549827873707],