{"q_values": {"(2, 5, 2, 2)": [0.0326942577958107, 0.03043241798877716, 0.03185021132230759, 0.03212612122297287, 0.029028384014964104], "(2, 5, 3, 2)": [0.03226042166352272, 0.030583417043089867, 0.03169970586895943, 0.03279303386807442, 0.03174832463264465], "(2, 5, 3, 3)": [0.029765421524643898, 0.032444678246974945, 0.03071153350174427, 0.027928298339247704, 0.029765699058771133], "(2, 4, 2, 2)": [0.03168019652366638, 0.03252739831805229, 0.03215636685490608, 0.03175896033644676, 0.03300037235021591], "(2, 4, 3, 2)": [0.03254951909184456, 0.031787410378456116, 0.03259572386741638, 0.03196924179792404, 0.032791923731565475], "(2, 4, 3, 3)": [0.03280598297715187, 0.0327548123896122, 0.032768312841653824, 0.0328064039349556, 0.03281170502305031], "(2, 4, 4, 3)": [0.032608333975076675, 0.032606691122055054, 0.03287366405129433, 0.03269108384847641, 0.032685358077287674], "(2, 4, 1, 1)": [0.03202030435204506, 0.0293149184435606, 0.030069448053836823, 0.032395537942647934, 0.03048211894929409], "(2, 4, 2, 1)": [0.02521859109401703, 0.018652042374014854, 0.02583775296807289, 0.02510395459830761, 0.03047133795917034], "(2, 5, 4, 3)": [0.03248817101120949, 0.030880970880389214, 0.029003292322158813, 0.030915703624486923, 0.02999211475253105], "(2, 4, 1, 2)": [0.032529160380363464, 0.03279829025268555, 0.03284808248281479, 0.03281467407941818, 0.033073242753744125], "(2, 5, 1, 2)": [0.03262434899806976, 0.0328185111284256, 0.0317930169403553, 0.0326780304312706, 0.03263767436146736], "(2, 5, 0, 2)": [0.03308754786849022, 0.0322248600423336, 0.03239971771836281, 0.03236421197652817, 0.032456766813993454], "(2, 5, 2, 3)": [0.03213433176279068, 0.024731211364269257, 0.02625136636197567, 0.02457638829946518, 0.024600783362984657], "(2, 4, 0, 1)": [0.031147997826337814, 0.02943853661417961, 0.029223181307315826, 0.03304208070039749, 0.029414508491754532], "(2, 4, 4, 2)": [0.03230719268321991, 0.0325302854180336, 0.032487694174051285, 0.032730862498283386, 0.032578956335783005], "(2, 4, 5, 3)": [0.03171722590923309, 0.031512271612882614, 0.0321202278137207, 0.03091070055961609, 0.030952217057347298], "(3, 4, 4, 2)": [0.032441720366477966, 0.03230913355946541, 0.032418444752693176, 0.03297142684459686, 0.03213311731815338], "(3, 4, 3, 2)": [0.03143448755145073, 0.03217720240354538, 0.032392244786024094, 0.032417718321084976, 0.03289109468460083], "(3, 4, 2, 1)": [0.02427716739475727, 0.028529195114970207, 0.02502410300076008, 0.025012167170643806, 0.025442536920309067], "(3, 4, 2, 2)": [0.032155636698007584, 0.030601317062973976, 0.0317499116063118, 0.03110537678003311, 0.03288760036230087], "(3, 4, 3, 1)": [0.005136661231517792, 0.009173051454126835, 0.015761330723762512, 0.004373584873974323, 0.0], "(2, 5, 1, 1)": [0.03299330919981003, 0.03294123336672783, 0.03297986462712288, 0.032993536442518234, 0.032874695956707], "(2, 5, 0, 1)": [0.03174380958080292, 0.03291406109929085, 0.03309730812907219, 0.03298662230372429, 0.032940030097961426], "(1, 5, 1, 2)": [0.0330931581556797, 0.032308753579854965, 0.030056627467274666, 0.032253846526145935, 0.029778489843010902], "(1, 5, 2, 2)": [0.03123479150235653, 0.0329781100153923, 0.027638081461191177, 0.032621029764413834, 0.03227493166923523], "(1, 5, 3, 3)": [0.03285364434123039, 0.030405376106500626, 0.030010711401700974, 0.029549548402428627, 0.030133090913295746], "(1, 5, 2, 3)": [0.03281337022781372, 0.02611645683646202, 0.028471557423472404, 0.027132371440529823, 0.02591693587601185], "(1, 4, 0, 1)": [0.032196953892707825, 0.032540563493967056, 0.030884694308042526, 0.0318659245967865, 0.03317343443632126], "(2, 5, 2, 1)": [0.015897683799266815, 0.013710400089621544, 0.01640576682984829, 0.015062578022480011, 0.033029064536094666], "(2, 5, 5, 3)": [0.031335923820734024, 0.027244573459029198, 0.0276862233877182, 0.024272765964269638, 0.02699335850775242], "(3, 5, 5, 3)": [0.02630624920129776, 0.03166370093822479, 0.022592172026634216, 0.023886041715741158, 0.025225713849067688], "(3, 5, 4, 3)": [0.029411556199193, 0.033088721334934235, 0.031081892549991608, 0.029920276254415512, 0.0305168554186821], "(3, 5, 4, 2)": [0.03262053057551384, 0.031958065927028656, 0.0323672778904438, 0.032240211963653564, 0.03244258463382721], "(3, 5, 3, 2)": [0.032761216163635254, 0.03295903280377388, 0.03285728394985199, 0.03275509923696518, 0.03261800855398178], "(3, 4, 1, 1)": [0.029508905485272408, 0.02759965881705284, 0.029059920459985733, 0.030007701367139816, 0.029322706162929535], "(3, 5, 2, 2)": [0.032457660883665085, 0.03253498300909996, 0.03181494027376175, 0.032227516174316406, 0.031670942902565], "(3, 5, 1, 2)": [0.031187212094664574, 0.031597040593624115, 0.03261372447013855, 0.03159065917134285, 0.03175223991274834], "(3, 5, 1, 1)": [0.03136477991938591, 0.031432222574949265, 0.031536001712083817, 0.03237822651863098, 0.03103509359061718], "(3, 4, 0, 1)": [0.02120949700474739, 0.02348792552947998, 0.024679966270923615, 0.021598193794488907, 0.023447249084711075], "(1, 4, 1, 1)": [0.029079440981149673, 0.029217112809419632, 0.029279114678502083, 0.028487429022789, 0.03306704759597778], "(1, 4, 2, 2)": [0.032504208385944366, 0.03163522854447365, 0.03007899597287178, 0.032637834548950195, 0.03313631936907768], "(1, 4, 3, 2)": [0.032537903636693954, 0.0324614979326725, 0.03255822882056236, 0.033127184957265854, 0.0323159396648407], "(1, 4, 4, 2)": [0.0324639268219471, 0.006176260765641928, 0.0032837812323123217, 0.013292019255459309, 0.008682695217430592], "(1, 5, 0, 2)": [0.03268447145819664, 0.0331721231341362, 0.03255234658718109, 0.03258224204182625, 0.03262758627533913], "(1, 5, 0, 1)": [0.03284105658531189, 0.03281097859144211, 0.03287452086806297, 0.03283043950796127, 0.033207304775714874], "(1, 5, 1, 3)": [0.002137663308531046, 0.004799379035830498, 0.008115068078041077, 0.025253642350435257, 0.008733272552490234], "(2, 5, 4, 2)": [0.032993871718645096, 0.031891316175460815, 0.03240641579031944, 0.03131202235817909, 0.03055870719254017], "(2, 5, 5, 4)": [-0.0035127869341522455, 0.004171616397798061, 0.006043131463229656, 0.006765821948647499, 0.009181329049170017], "(2, 4, 0, 2)": [0.03178888186812401, 0.03239442780613899, 0.03220483660697937, 0.03203970193862915, 0.03310350701212883], "(2, 4, -1, 1)": [0.0025829861406236887, 0.022587619721889496, -0.0021239714697003365, 0.0049621169455349445, 0.0], "(3, 5, 3, 3)": [0.018886342644691467, 0.033050537109375, 0.0209804717451334, 0.02460956573486328, 0.023620478808879852], "(2, 5, 6, 3)": [0.022476719692349434, 0.002174804452806711, 0.005322371609508991, 0.004711395129561424, 0.005686861462891102], "(2, 4, 2, 3)": [0.008875387720763683, 0.014030535705387592, 0.01105284783989191, 0.006203623488545418, 0.03264579176902771], "(1, 4, 1, 2)": [0.03266310691833496, 0.0329580083489418, 0.03321548178792, 0.03294268250465393, 0.03284768387675285], "(1, 4, 3, 3)": [0.03273842856287956, 0.03304331749677658, 0.03269257768988609, 0.032545305788517, 0.03270344436168671], "(2, 4, 0, 0)": [0.008342654444277287, 0.0012050389777868986, 0.004804106429219246, 0.011293052695691586, 0.0], "(3, 4, 4, 3)": [0.03281421214342117, 0.03292079269886017, 0.032676756381988525, 0.032597433775663376, 0.03277195990085602], "(1, 5, -1, 1)": [0.02779344469308853, 0.009058508090674877, 0.008419685065746307, 0.014979694969952106, 0.012644516304135323], "(1, 4, -1, 1)": [0.012136663310229778, 0.015930192545056343, 0.010964246466755867, 0.013252044096589088, 0.02599124051630497], "(1, 4, 0, 2)": [0.03267930448055267, 0.03262226656079292, 0.032647859305143356, 0.03269362449645996, 0.03320859372615814], "(1, 4, 2, 3)": [0.03105974942445755, 0.030525797978043556, 0.03289598226547241, 0.030579030513763428, 0.02752370573580265], "(1, 5, 4, 3)": [0.03294064477086067, 0.026020843535661697, 0.025723274797201157, 0.028422189876437187, 0.02834954299032688], "(3, 4, 5, 3)": [0.03295645862817764, 0.025191739201545715, 0.02448480762541294, 0.02742399275302887, 0.02573099546134472],