{"q_values": {"(2, 6, 1, 1)": [1.9587922096252441, 1.956313133239746, 1.930870532989502, 1.9215662479400635, 1.9503564834594727, 1.9338229894638062, 1.8566961288452148], "(2, 6, 2, 1)": [1.693161964416504, 1.896235466003418, 1.8463435173034668, 1.3712562322616577, 1.7315469980239868, 1.7573432922363281, 1.3131111860275269], "(2, 7, 1, 1)": [1.9178600311279297, 1.9243276119232178, 1.905329942703247, 1.916039228439331, 1.9278203248977661, 1.9072997570037842, 1.9192025661468506], "(2, 6, 0, 1)": [1.7697875499725342, 1.894380807876587, 1.7396700382232666, 1.5979417562484741, 1.3280291557312012, 1.9450454711914062, 1.9264882802963257], "(2, 7, 2, 1)": [1.70035982131958, 1.8912227153778076, 1.7761290073394775, 1.74912691116333, 1.829094648361206, 1.812389612197876, 1.643200397491455], "(2, 8, 2, 2)": [0.6865124702453613, 0.45408791303634644, 0.0, 0.5717904567718506, 0.44698411226272583, 1.4433964490890503, 0.8216997385025024], "(2, 9, 2, 1)": [1.4052481651306152, 1.3484852313995361, 1.0086848735809326, 0.9482487440109253, 1.420048475265503, 1.1952100992202759, 0.761062502861023], "(2, 10, 2, 1)": [0.14451560378074646, 0.03397601842880249, -1.2804189920425415, -0.4232041835784912, 0.0, -1.643453598022461, 0.14473798871040344], "(2, 10, 1, 1)": [0.9446519017219543, 0.83590167760849, 0.7800171375274658, 0.25837016105651855, -0.7605772018432617, 0.6229766607284546, -0.6326384544372559], "(2, 0, 1, 1)": [0.8270491361618042, 0.26492106914520264, 1.4551641941070557, 0.5319970846176147, -0.21735036373138428, 1.1947376728057861, 1.4592475891113281], "(2, 0, 2, 1)": [0.4281976819038391, 1.0437824726104736, 1.3131847381591797, 0.9233372211456299, 1.1727993488311768, 0.6594814658164978, 1.2938092947006226], "(2, 1, 2, 1)": [1.7452560663223267, 1.6889456510543823, 1.5500819683074951, 1.6477906703948975, 1.6488938331604004, 1.7738440036773682, 1.7169249057769775], "(2, 2, 2, 1)": [1.7263849973678589, 1.8473918437957764, 1.8186662197113037, 1.8259035348892212, 1.8447896242141724, 1.7538342475891113, 1.7880492210388184], "(2, 3, 2, 1)": [1.825631856918335, 1.7392122745513916, 1.8874292373657227, 1.883491039276123, 1.832922339439392, 1.85270357131958, 1.9022985696792603], "(2, 4, 2, 1)": [1.8908863067626953, 1.8805859088897705, 1.3790333271026611, 1.7632925510406494, 1.8383605480194092, 1.7696013450622559, 1.8756804466247559], "(2, 5, 2, 1)": [1.3477845191955566, 1.5897597074508667, 1.723869800567627, 1.9210765361785889, 1.7968246936798096, 1.8859213590621948, 1.9120292663574219], "(2, 5, 1, 1)": [1.9383816719055176, 1.9742101430892944, 1.9417402744293213, 1.970409870147705, 1.9751472473144531, 1.9759905338287354, 1.9617431163787842], "(3, 6, 2, 1)": [0.7483533024787903, 0.6836463212966919, 0.49712759256362915, 0.4988096356391907, 0.0, 0.7476400136947632, 0.9994701147079468], "(3, 6, 1, 1)": [0.4989381432533264, 0.0, 1.1342626810073853, 0.0, 0.6239843964576721, 0.0, 0.49969327449798584], "(3, 5, 1, 1)": [0.7488054037094116, 0.4998815357685089, 0.0, 0.9681524038314819, 0.0, 0.9364283084869385, 0.624451756477356], "(3, 4, 0, 0)": [0.0, 0.0, 0.0, 0.0, 0.49496549367904663, 0.0, 0.0], "(3, 4, 1, 1)": [0.0, 0.0, 0.4920053482055664, 0.4929417073726654, 0.49159935116767883, 0.0, 0.49341967701911926], "(3, 3, 1, 1)": [0.4782669246196747, 0.4896317422389984, 0.48987022042274475, 1.168630599975586, 0.9727113246917725, 0.7246316075325012, 0.7429115772247314], "(3, 2, 1, 1)": [0.7893009781837463, 0.0, 0.0, 0.8075573444366455, 0.4734468162059784, 1.0400079488754272, 1.112457036972046], "(3, 2, 2, 1)": [0.0, 0.6669793128967285, 1.2598586082458496, 0.0, 0.0, 0.0, 0.4721713960170746], "(3, 1, 1, 1)": [0.4324800968170166, 0.0, 0.0, 0.779630184173584, 0.4569758176803589, 0.6668958067893982, 0.4340958893299103], "(3, 1, 2, 1)": [0.8448246717453003, 0.0, 0.4563273787498474, 0.8259024620056152, 0.6730881929397583, 0.0, 0.0], "(3, 0, 1, 1)": [-0.9911614060401917, 0.0, 0.4131406545639038, 0.42213255167007446, -1.0883244276046753, 0.43201422691345215, 0.0], "(2, 8, 1, 1)": [1.6389555931091309, 1.609706163406372, 1.83155357837677, 1.6538448333740234, 1.870103120803833, 1.8627257347106934, 1.8373908996582031], "(2, 8, 2, 1)": [0.9419353008270264, 1.260743260383606, 1.509156346321106, 1.6755534410476685, 1.6873509883880615, 1.5452895164489746, 1.5704090595245361], "(2, 2, 1, 1)": [1.769811749458313, 1.784170150756836, 1.8042149543762207, 1.6852283477783203, 1.8642053604125977, 1.8904101848602295, 1.850759744644165], "(2, 3, 1, 1)": [1.912891149520874, 1.8571465015411377, 1.8195979595184326, 1.9213443994522095, 1.89371657371521, 1.8978753089904785, 1.9094018936157227], "(2, 1, 1, 1)": [1.7118810415267944, 1.6444528102874756, 1.5582737922668457, 1.148045539855957, 1.6925296783447266, 1.5883111953735352, 1.0936734676361084], "(2, 1, 0, 1)": [0.7923699617385864, 1.421717882156372, 1.3729534149169922, 1.5929275751113892, 1.3201484680175781, 1.245774745941162, 1.1931051015853882], "(2, 0, 0, 1)": [-1.745723009109497, -1.3381247520446777, -0.6900590658187866, 0.377591609954834, -2.1615419387817383, 0.27496039867401123, 0.447709321975708], "(2, 9, 1, 1)": [1.0732405185699463, 1.4120218753814697, 1.6652021408081055, 1.7084404230117798, 1.419687271118164, 1.0056802034378052, 1.726422667503357], "(2, 4, 1, 1)": [1.9582724571228027, 1.9540011882781982, 1.8539493083953857, 1.9260457754135132, 1.9569754600524902, 1.954466462135315, 1.9459164142608643], "(2, 5, 0, 1)": [1.9491794109344482, 1.781022071838379, 1.7974985837936401, 1.6002929210662842, 1.467806100845337, 1.8573956489562988, 1.4907498359680176], "(2, 10, 2, 2)": [-1.0921975374221802, -2.4028573036193848, -1.0339024066925049, -1.9283807277679443, -1.0911023616790771, -1.607797384262085, -1.0962722301483154], "(2, 4, 0, 1)": [1.7030293941497803, 1.6935640573501587, 1.7452988624572754, 1.4255077838897705, 1.7903176546096802, 1.4959298372268677, 1.8701434135437012], "(2, 3, 0, 1)": [1.4969680309295654, 1.565859317779541, 1.5387299060821533, 1.8111871480941772, 1.7015222311019897, 1.604501724243164, 1.8745176792144775], "(2, 2, 0, 1)": [1.669274091720581, 1.5020718574523926, 1.530914545059204, 1.679238200187683, 1.6995494365692139, 1.7570381164550781, 1.470227837562561], "(2, 2, 0, 0)": [0.9884156584739685, 0.0, 1.1704812049865723, 0.5822809338569641, 1.0673983097076416, 1.2403209209442139, 1.4148015975952148], "(2, 7, 0, 1)": [1.6513683795928955, 1.8350653648376465, 1.7629084587097168, 1.9319801330566406, 1.6527247428894043, 1.895284652709961, 1.7251904010772705], "(2, 1, 0, 0)": [0.38661813735961914, 0.7351130247116089, 1.184355616569519, 0.7150956392288208, 0.9487825632095337, 0.7396811246871948, 0.4327629804611206], "(2, 0, 0, 0)": [-1.2700037956237793, -1.4613399505615234, -1.090877890586853, -2.4182369709014893, 0.0, -1.8765783309936523, 0.0], "(2, 8, 0, 1)": [1.589890718460083, 1.6881619691848755, 1.5270569324493408, 1.6738052368164062, 1.5442595481872559, 1.2940328121185303, 1.6229690313339233], "(2, 5, 0, 0)": [0.0, 0.9540464878082275, 0.0, 0.0, 1.3138172626495361, 0.9818625450134277, 0.0], "(2, 9, 0, 1)": [1.5734930038452148, 1.1195363998413086, 1.5702903270721436, 1.4981842041015625, 1.6017193794250488, 1.6067276000976562, 1.6114773750305176], "(2, 7, 0, 0)": [0.0, 0.0, 0.0, 0.49824756383895874, 0.0, 0.0, 0.0], "(2, 6, 0, 0)": [0.0, 0.686054527759552, 0.4996919631958008, 0.0, 0.0, 0.0, 0.0], "(1, 3, 0, 1)": [0.0, 0.7195239067077637, 0.6669923663139343, 0.4888702929019928, 0.967819094657898, 0.852790117263794, 0.0], "(1, 3, 1, 1)": [0.4878956377506256, 1.0637843608856201, 0.48864367604255676, 0.6087382435798645, 1.2205101251602173, 0.4947979152202606, 1.0079567432403564], "(1, 4, 1, 1)": [0.4952821433544159, 0.4999961853027344, 0.0, 0.0, 0.49703511595726013, 0.6222962737083435, 0.7475012540817261], "(1, 5, 2, 1)": [0.0, 0.0, 0.0, 0.49980807304382324, 0.0, 0.0, 0.0], "(1, 5, 1, 1)": [0.0, 0.0, 0.0, 0.8701388239860535, 0.4990703761577606, 0.4973914623260498, 0.7569462060928345], "(1, 6, 2, 1)": [0.0, 0.0, 0.0, 0.49591994285583496, 0.0, 0.0, 0.0],