{"q_values": {"(2, 6, 1, 1)": [1.9161583185195923, 1.9298210144042969, 1.8755148649215698, 1.9212138652801514, 1.9128469228744507, 1.8796277046203613, 1.933579921722412], "(2, 6, 2, 1)": [1.6424936056137085, 1.7715609073638916, 1.6496946811676025, 1.6647547483444214, 1.6305007934570312, 1.683221697807312, 1.658799648284912], "(2, 7, 1, 1)": [1.866793155670166, 1.8426357507705688, 1.858526349067688, 1.8495465517044067, 1.842812180519104, 1.8541498184204102, 1.8593790531158447], "(2, 6, 0, 1)": [1.4975098371505737, 1.6219732761383057, 1.5965487957000732, 1.6796289682388306, 1.508851408958435, 1.7342474460601807, 1.5474166870117188], "(2, 7, 2, 1)": [1.5971156358718872, 1.6579257249832153, 1.6521735191345215, 1.465013861656189, 1.4937344789505005, 1.6334826946258545, 1.5598922967910767], "(2, 8, 2, 2)": [0.4160003066062927, 0.5566405653953552, 0.30103665590286255, 0.44904235005378723, 0.9490387439727783, 0.7182886004447937, 0.6316769123077393], "(2, 9, 2, 1)": [1.2580223083496094, 1.1617817878723145, 1.3212841749191284, 1.3045964241027832, 1.1869791746139526, 1.218549370765686, 1.1408494710922241], "(2, 10, 2, 1)": [-0.355642706155777, -0.23436488211154938, -0.3109930157661438, -0.38190340995788574, -0.17436590790748596, -0.8163560628890991, -0.28874051570892334], "(2, 10, 1, 1)": [0.6700127124786377, 1.362068772315979, 1.1945416927337646, 0.8192553520202637, 0.6930127739906311, 0.757582426071167, 0.6446740031242371], "(2, 0, 1, 1)": [0.7066783905029297, 0.6557023525238037, 0.6300408840179443, 0.6701222062110901, 0.45778754353523254, 0.9330512285232544, 0.8663157224655151], "(2, 0, 2, 1)": [0.918560266494751, 1.306585669517517, 0.7763053178787231, 1.0305696725845337, 0.8821080923080444, 1.0351439714431763, 0.7439210414886475], "(2, 1, 2, 1)": [1.3475394248962402, 1.37653648853302, 1.426309585571289, 1.5358670949935913, 1.5683963298797607, 1.6874092817306519, 1.510703206062317], "(2, 2, 2, 1)": [1.8363087177276611, 1.746483325958252, 1.744398832321167, 1.7554597854614258, 1.7578927278518677, 1.699108600616455, 1.8169729709625244], "(2, 3, 2, 1)": [1.7988781929016113, 1.7382012605667114, 1.7078522443771362, 1.8063170909881592, 1.7040691375732422, 1.7300561666488647, 1.6632553339004517], "(2, 4, 2, 1)": [1.6235929727554321, 1.640515923500061, 1.85768461227417, 1.739924430847168, 1.5294276475906372, 1.6387519836425781, 1.7394195795059204], "(2, 5, 2, 1)": [1.6643344163894653, 1.5572741031646729, 1.7747551202774048, 1.6080567836761475, 1.6433254480361938, 1.603463888168335, 1.8213112354278564], "(2, 5, 1, 1)": [1.9236963987350464, 1.949676513671875, 1.9574427604675293, 1.9252043962478638, 1.947163462638855, 1.9466917514801025, 1.9391558170318604], "(3, 6, 2, 1)": [0.3798644542694092, 0.0973525121808052, 0.28190624713897705, 0.10346368700265884, 0.19169893860816956, 0.0, 0.5371226072311401], "(3, 6, 1, 1)": [0.2824977934360504, 0.0, 0.0, 0.2835156321525574, 0.23629558086395264, 0.21004706621170044, 0.4521343410015106], "(3, 5, 1, 1)": [0.3661201596260071, 0.35257983207702637, 0.0, 0.09999936819076538, 0.10469364374876022, 0.19439268112182617, 0.2126074731349945], "(3, 4, 0, 0)": [0.0, 0.0, 0.09742613881826401, 0.0, 0.09899310022592545, 0.0, 0.0], "(3, 4, 1, 1)": [0.23679903149604797, 0.11716099083423615, 0.3807976543903351, 0.2923279106616974, 0.4515252709388733, 0.11319608986377716, 0.6413312554359436], "(3, 3, 1, 1)": [0.44368308782577515, 0.2885758876800537, 0.8302770853042603, 0.3434460759162903, 0.45083191990852356, 0.38025128841400146, 0.0], "(3, 2, 1, 1)": [0.5407740473747253, 0.35721737146377563, 0.0, 0.41043221950531006, 0.26550671458244324, 0.3298463821411133, 0.3456014394760132], "(3, 2, 2, 1)": [0.18978118896484375, 0.10555881261825562, 0.28817716240882874, 0.2654437720775604, 0.19064724445343018, 0.1927233189344406, 0.26246052980422974], "(3, 1, 1, 1)": [0.41850507259368896, -0.15186461806297302, 0.0, 0.2607825994491577, 0.16940295696258545, 0.166555255651474, 0.0], "(3, 1, 2, 1)": [0.26301324367523193, 0.09473877400159836, 0.17632289230823517, 0.1900084912776947, 0.5508093237876892, 0.10544716566801071, 0.17425349354743958], "(3, 0, 1, 1)": [-0.21922436356544495, 0.0, 0.0, -0.06500370800495148, -0.4143119156360626, 0.0, -0.21859939396381378], "(2, 8, 1, 1)": [1.8181759119033813, 1.817193865776062, 1.8337020874023438, 1.8174740076065063, 1.8226882219314575, 1.828608512878418, 1.8050509691238403], "(2, 8, 2, 1)": [1.4227961301803589, 1.4577306509017944, 1.3770720958709717, 1.440063238143921, 1.5434775352478027, 1.5212461948394775, 1.3749821186065674], "(2, 2, 1, 1)": [1.8036328554153442, 1.7923271656036377, 1.8366146087646484, 1.8213618993759155, 1.7352724075317383, 1.8543760776519775, 1.827012300491333], "(2, 3, 1, 1)": [1.8731621503829956, 1.876177430152893, 1.866787075996399, 1.8813092708587646, 1.8598917722702026, 1.8714067935943604, 1.8570829629898071], "(2, 1, 1, 1)": [1.609919548034668, 1.6599509716033936, 1.6119638681411743, 1.6597740650177002, 1.6673047542572021, 1.6676385402679443, 1.6367452144622803], "(2, 1, 0, 1)": [0.9382888674736023, 1.1930606365203857, 1.0954205989837646, 1.2070398330688477, 0.9370949864387512, 1.2152196168899536, 1.3597116470336914], "(2, 0, 0, 1)": [-0.7697101831436157, -0.6112560033798218, -0.7450628876686096, -0.7878450155258179, -0.9621576070785522, -0.443706750869751, -0.943978488445282], "(2, 9, 1, 1)": [1.6238173246383667, 1.6523851156234741, 1.6424095630645752, 1.6791986227035522, 1.6649887561798096, 1.6594648361206055, 1.6279946565628052], "(2, 4, 1, 1)": [1.8780198097229004, 1.8959312438964844, 1.9110623598098755, 1.9325642585754395, 1.9223289489746094, 1.9279829263687134, 1.8976839780807495], "(2, 5, 0, 1)": [1.7433233261108398, 1.4011205434799194, 1.5850807428359985, 1.6041977405548096, 1.452311635017395, 1.4802263975143433, 1.8205087184906006], "(2, 10, 2, 2)": [-0.6821631193161011, -0.8439274430274963, -1.1150044202804565, -1.283204436302185, -1.1092543601989746, -0.715962290763855, -0.7981357574462891], "(2, 4, 0, 0)": [0.20358426868915558, 0.10198211669921875, 0.36668914556503296, 0.294463574886322, 0.272541344165802, 0.6738865971565247, 0.4276523292064667], "(2, 4, 0, 1)": [1.586419701576233, 1.582616925239563, 1.7349387407302856, 1.6405998468399048, 1.4384492635726929, 1.4153234958648682, 1.5933961868286133], "(2, 3, 0, 0)": [0.18968579173088074, 0.417285680770874, 0.4087908864021301, 0.26633143424987793, 0.7931427359580994, 0.5158869028091431, 0.6429130434989929], "(2, 2, 0, 1)": [1.3105823993682861, 1.5116934776306152, 1.5181632041931152, 1.5807608366012573, 1.4049577713012695, 1.6906224489212036, 1.5497688055038452], "(2, 0, 0, 0)": [-1.0894784927368164, -0.7555235624313354, -0.8406679630279541, -1.114641547203064, -1.0753048658370972, -0.9729724526405334, -0.6748688220977783], "(2, 3, 0, 1)": [1.62741219997406, 1.6848771572113037, 1.5988447666168213, 1.7224314212799072, 1.4232521057128906, 1.5528638362884521, 1.6431891918182373], "(2, 7, 0, 1)": [1.5322530269622803, 1.65301513671875, 1.3198518753051758, 1.4811159372329712, 1.4083400964736938, 1.476395845413208, 1.3722400665283203], "(2, 8, 0, 1)": [1.6439437866210938, 1.5414570569992065, 1.450579285621643, 1.5552566051483154, 1.5773993730545044, 1.6037230491638184, 1.7022873163223267], "(2, 9, 2, 2)": [0.42468175292015076, 0.7730037569999695, 0.1181686669588089, 0.5038883090019226, -0.014230171218514442, 0.6009902358055115, 0.5328248143196106], "(2, 9, 0, 1)": [1.5910807847976685, 1.7015026807785034, 1.5117316246032715, 1.5476754903793335, 1.539228081703186, 1.463546633720398, 1.5847604274749756], "(2, 2, 0, 0)": [0.24555429816246033, 0.5322731733322144, 0.27080464363098145, 0.5766246318817139, 0.6526463627815247, 0.48360490798950195, 1.039513349533081], "(2, 10, 0, 1)": [1.1057627201080322, 1.1188138723373413, 1.1794896125793457, 1.0025076866149902, 0.7382492423057556, 1.1522794961929321, 0.9256032705307007], "(2, 7, 0, 0)": [0.0, 0.33166664838790894, 0.0, 0.0, 0.0, 0.0, 0.13014023005962372],