{"q_values": {"(2, 6, 1, 1)": [1.8786664009094238, 1.8040213584899902, 1.8422296047210693, 1.8354283571243286, 1.8121488094329834, 1.821917176246643, 1.8882980346679688], "(2, 6, 2, 1)": [1.561906099319458, 1.6448241472244263, 1.4891055822372437, 1.3515243530273438, 1.3229376077651978, 1.437414526939392, 1.3566631078720093], "(2, 7, 1, 1)": [1.8160665035247803, 1.7563419342041016, 1.7337520122528076, 1.7589728832244873, 1.835412859916687, 1.76447331905365, 1.7744274139404297], "(2, 6, 0, 1)": [1.0839954614639282, 1.2906866073608398, 1.296643853187561, 1.3568087816238403, 1.199418306350708, 1.635691523551941, 1.373482346534729], "(2, 7, 2, 1)": [1.425102710723877, 1.5490214824676514, 1.4141939878463745, 1.3865522146224976, 1.1032699346542358, 1.3875670433044434, 1.3862019777297974], "(2, 8, 2, 2)": [0.281411349773407, 0.5566405653953552, 0.23389765620231628, 0.44904235005378723, 0.7253151535987854, 0.40391337871551514, 0.3893086910247803], "(2, 9, 2, 1)": [0.8325985074043274, 1.2775511741638184, 1.1602431535720825, 1.1686071157455444, 0.9566982984542847, 0.9852136373519897, 0.9392185211181641], "(2, 10, 2, 1)": [0.25636088848114014, -0.08290542662143707, 0.09996563196182251, -0.1293540894985199, -0.10807035118341446, -0.22772881388664246, 0.2278570830821991], "(2, 10, 1, 1)": [0.9406425356864929, 0.42972618341445923, 0.8633131980895996, 0.4742079973220825, 1.0764129161834717, 0.9153963327407837, 0.4672975540161133], "(2, 0, 1, 1)": [0.5250911712646484, 0.7196527719497681, 0.703052282333374, 0.6884801983833313, 0.9951351881027222, 0.8226051926612854, 0.8235456943511963], "(2, 0, 2, 1)": [0.6993827223777771, 0.9971110820770264, 0.5174552202224731, 0.6857208013534546, 0.46890789270401, 0.573392391204834, 0.5221115350723267], "(2, 1, 2, 1)": [0.9893685579299927, 1.008304238319397, 1.1826210021972656, 1.2914304733276367, 1.1629329919815063, 1.4374531507492065, 1.0643004179000854], "(2, 2, 2, 1)": [1.7011584043502808, 1.551054835319519, 1.472606897354126, 1.3590176105499268, 1.3445870876312256, 1.3879867792129517, 1.5098170042037964], "(2, 3, 2, 1)": [1.492944359779358, 1.5035511255264282, 1.4524980783462524, 1.5579971075057983, 1.4811650514602661, 1.6497206687927246, 1.3644320964813232], "(2, 4, 2, 1)": [1.2064766883850098, 1.1431833505630493, 1.6155848503112793, 1.5766724348068237, 1.3917810916900635, 1.4273099899291992, 1.4180021286010742], "(2, 5, 2, 1)": [1.5230532884597778, 1.3851041793823242, 1.49494206905365, 1.3443249464035034, 1.3886666297912598, 1.371759295463562, 1.6368736028671265], "(2, 5, 1, 1)": [1.7767401933670044, 1.8769382238388062, 1.8828407526016235, 1.8594452142715454, 1.8475574254989624, 1.8722295761108398, 1.8334331512451172], "(3, 6, 2, 1)": [0.0998801663517952, 0.0973525121808052, 0.09705869853496552, 0.0, 0.19169893860816956, 0.0, 0.3529466390609741], "(3, 6, 1, 1)": [0.0997876301407814, 0.0, 0.0, 0.0, 0.0, 0.0, 0.09993865340948105], "(3, 5, 1, 1)": [0.18974965810775757, 0.0999763086438179, 0.0, 0.09999936819076538, 0.0, 0.09940396994352341, 0.0], "(3, 4, 0, 0)": [0.0, 0.0, 0.0, 0.0, 0.09899310022592545, 0.0, 0.0], "(3, 4, 1, 1)": [0.0, 0.0, 0.19168658554553986, 0.09852998703718185, 0.10760734230279922, 0.0, 0.186513751745224], "(3, 3, 1, 1)": [0.26214972138404846, 0.10176318883895874, 0.3514014482498169, 0.2716444134712219, 0.182843878865242, 0.1839572787284851, 0.0], "(3, 2, 1, 1)": [0.2687619924545288, 0.0987907201051712, 0.0, 0.25862765312194824, 0.26550671458244324, 0.25613486766815186, 0.18011802434921265], "(3, 2, 2, 1)": [0.09969094395637512, 0.0, 0.19059740006923676, 0.09678817540407181, 0.0, 0.0, 0.1809137761592865], "(3, 1, 1, 1)": [0.2460913360118866, 0.0, 0.0, 0.17703428864479065, 0.16940295696258545, 0.166555255651474, 0.0], "(3, 1, 2, 1)": [0.09464725852012634, 0.0, 0.0912654772400856, 0.09081770479679108, 0.31564006209373474, 0.10544716566801071, 0.0], "(3, 0, 1, 1)": [0.0, 0.0, 0.0, 0.08442651480436325, -0.21766488254070282, 0.0, -0.21859939396381378], "(2, 8, 1, 1)": [1.733086109161377, 1.703918695449829, 1.6971708536148071, 1.6251003742218018, 1.7068712711334229, 1.7281935214996338, 1.7353583574295044], "(2, 8, 2, 1)": [1.2607439756393433, 0.844287633895874, 1.1327595710754395, 1.2751816511154175, 1.4172075986862183, 1.3190205097198486, 1.2393925189971924], "(2, 2, 1, 1)": [1.7442512512207031, 1.7049641609191895, 1.747583031654358, 1.7301872968673706, 1.7303297519683838, 1.737555742263794, 1.8102411031723022], "(2, 3, 1, 1)": [1.807376742362976, 1.7951279878616333, 1.8154613971710205, 1.798300862312317, 1.7636934518814087, 1.7983546257019043, 1.7868220806121826], "(2, 1, 1, 1)": [1.5416929721832275, 1.4480209350585938, 1.533076524734497, 1.5668963193893433, 1.57908296585083, 1.552093744277954, 1.5969926118850708], "(2, 1, 0, 1)": [0.9879392981529236, 1.242666244506836, 1.1832726001739502, 0.9182501435279846, 0.8763851523399353, 1.0124177932739258, 0.9971418976783752], "(2, 0, 0, 1)": [-1.0846623182296753, -0.0426592081785202, -0.5515547394752502, -0.3671033978462219, -0.6146824359893799, -0.1695975959300995, -0.7833306789398193], "(2, 9, 1, 1)": [1.5056124925613403, 1.493506908416748, 1.6420624256134033, 1.5860599279403687, 1.5770326852798462, 1.557692050933838, 1.4928721189498901], "(2, 4, 1, 1)": [1.8510373830795288, 1.8312320709228516, 1.8830235004425049, 1.892408847808838, 1.8827059268951416, 1.8524515628814697, 1.7838413715362549], "(2, 5, 0, 1)": [1.3908512592315674, 0.8826767206192017, 1.0817756652832031, 1.1512060165405273, 1.3307889699935913, 0.6015499234199524, 1.628576397895813], "(2, 10, 2, 2)": [-0.48560136556625366, -0.4194176197052002, -0.6196994781494141, -1.134277582168579, -0.7793581485748291, -0.55153489112854, -0.6272073984146118], "(2, 4, 0, 0)": [0.20358426868915558, 0.10198211669921875, 0.09807370603084564, 0.09681886434555054, 0.272541344165802, 0.3362610340118408, 0.32926902174949646], "(2, 4, 0, 1)": [1.190710186958313, 1.050265908241272, 1.4681107997894287, 1.4204025268554688, 0.9933620691299438, 1.124023675918579, 1.265461802482605], "(2, 3, 0, 0)": [0.18968579173088074, 0.23789525032043457, 0.1892707794904709, 0.1859661042690277, 0.329935222864151, 0.31008559465408325, 0.2627640962600708], "(2, 2, 0, 1)": [0.9904219508171082, 1.268255591392517, 1.4510244131088257, 1.216659426689148, 1.2130481004714966, 1.2964988946914673, 1.2380876541137695], "(2, 0, 0, 0)": [-0.7750097513198853, -0.38039273023605347, -0.6449311375617981, -0.957821786403656, -0.7544733285903931, -0.6159796714782715, -0.027037277817726135], "(2, 3, 0, 1)": [1.3601138591766357, 1.3500027656555176, 1.2603211402893066, 1.5531585216522217, 1.172084927558899, 1.2731640338897705, 1.3136272430419922], "(2, 7, 0, 1)": [1.0694077014923096, 1.4445871114730835, 1.026669979095459, 1.0233259201049805, 1.014102816581726, 1.2168992757797241, 1.202473521232605], "(2, 8, 0, 1)": [0.721462607383728, 0.8084386587142944, 0.8985353112220764, 0.8628761768341064, 0.9868435859680176, 1.067023754119873, 1.3595083951950073], "(2, 9, 2, 2)": [0.30939432978630066, 0.6310310363769531, -0.024656176567077637, 0.41061216592788696, 0.024151913821697235, 0.37620121240615845, 0.5328248143196106], "(2, 9, 0, 1)": [1.1097455024719238, 1.3456802368164062, 0.8464093208312988, 1.1534367799758911, 1.0645313262939453, 0.8239449858665466, 0.8717331886291504], "(2, 2, 0, 0)": [0.08957372605800629, 0.22754022479057312, 0.0, 0.4044831395149231, 0.26484543085098267, 0.3508290946483612, 0.6484308242797852], "(2, 10, 0, 1)": [0.6989625096321106, 0.9201139211654663, 0.86558997631073, 0.5896852612495422, 0.789068877696991, 1.0177444219589233, 0.8968139886856079], "(2, 7, 0, 0)": [0.0, 0.18859845399856567, 0.0, 0.0, 0.0, 0.0, 0.0], "(2, 6, 0, 0)": [0.09991332143545151, 0.09996218979358673, 0.16636763513088226, 0.3832724988460541, 0.09984908252954483, 0.0, 0.0], "(2, 5, 0, 0)": [0.0, 0.14444488286972046, 0.13826704025268555, 0.0, 0.34668853878974915, 0.3022977113723755, 0.15674562752246857], "(1, 4, 0, 0)": [0.0979156494140625, 0.0, 0.0, 0.0, 0.0, 0.0, 0.0],