{"q_values": {"(2, 5, 2, 2)": [0.017649002373218536, 0.017460759729146957, 0.01819898933172226, 0.017519468441605568, 0.01752806268632412], "(2, 5, 3, 2)": [0.014147324487566948, 0.01822160743176937, 0.013664795085787773, 0.01815979741513729, 0.016117755323648453], "(2, 5, 3, 3)": [0.017955239862203598, 0.017398543655872345, 0.016670605167746544, 0.018034685403108597, 0.017767326906323433], "(2, 4, 2, 2)": [0.01815051957964897, 0.012904621660709381, 0.018358591943979263, 0.01825074851512909, 0.01826002262532711], "(2, 4, 3, 2)": [0.01857903227210045, 0.01866200938820839, 0.01849224418401718, 0.018418435007333755, 0.018126359209418297], "(2, 4, 3, 3)": [0.014550979249179363, 0.013566739857196808, 0.016510361805558205, 0.017376665025949478, 0.015417627990245819], "(2, 4, 4, 3)": [0.016365012153983116, 0.017895406112074852, 0.01712609827518463, 0.01764417253434658, 0.01699179783463478], "(2, 4, 1, 1)": [0.01857805624604225, 0.01483372412621975, 0.016078872606158257, 0.014785624109208584, 0.01006841380149126], "(2, 4, 2, 1)": [0.009326296858489513, 0.005887521430850029, 0.004072360694408417, 0.008576689288020134, 0.005872718989849091], "(2, 5, 4, 3)": [0.012738285586237907, 0.01637888140976429, 0.01278295274823904, 0.015216351486742496, 0.01428539864718914], "(2, 4, 1, 2)": [0.01715562306344509, 0.014570617116987705, 0.018570538610219955, 0.013641451485455036, 0.01883220113813877], "(2, 5, 1, 2)": [0.017773794010281563, 0.01760467141866684, 0.015788201242685318, 0.01802937127649784, 0.018257776275277138], "(2, 5, 0, 2)": [0.01411249116063118, 0.012418420985341072, 0.006225573364645243, 0.01421425398439169, 0.011285414919257164], "(2, 5, 2, 3)": [-0.0019624577835202217, 0.0026949369348585606, 0.008243374526500702, -0.004921590443700552, 0.007034770678728819], "(2, 4, 0, 1)": [0.014193260110914707, 0.015190851874649525, 0.013939500786364079, 0.015624244697391987, 0.009551657363772392], "(2, 4, 4, 2)": [0.012089238502085209, 0.013445806689560413, 0.00901519414037466, 0.008205370977520943, 0.008200135082006454], "(2, 4, 5, 3)": [0.0, 0.0041330354288220406, 0.0026815615128725767, 0.00538068450987339, 0.00531401252374053], "(3, 4, 4, 2)": [0.0031256028451025486, 0.004344444256275892, 0.0, 0.001683987327851355, 0.0], "(3, 4, 3, 2)": [-0.0006583360955119133, 0.0030833063647150993, 0.010108514688909054, 0.005469693802297115, 0.002542898990213871], "(3, 4, 2, 1)": [0.0019068821566179395, 0.0, 0.0, 0.001392638310790062, 0.004054708406329155], "(3, 4, 2, 2)": [0.00579685065895319, 0.0, 0.0, 0.0, 0.0], "(3, 4, 3, 1)": [0.0, 0.0, 0.0, 0.0, 0.0], "(2, 5, 1, 1)": [0.016697745770215988, 0.012787478044629097, 0.015101478435099125, 0.011029464192688465, 0.014222325757145882], "(2, 5, 0, 1)": [0.012996860779821873, 0.014767235144972801, 0.017430555075407028, 0.015058775432407856, 0.015198798850178719], "(1, 5, 1, 2)": [0.0, 0.0, 0.0014510559849441051, 0.003092653350904584, 0.0], "(1, 5, 2, 2)": [0.0, 0.002636972116306424, 0.0029358528554439545, 0.0028666723519563675, 0.0038089188747107983], "(1, 5, 3, 3)": [0.0015958609292283654, 0.0028609924484044313, 0.0, 0.001902111223898828, 0.0], "(1, 5, 2, 3)": [-0.003065479453653097, 0.003906273283064365, 0.0, 0.0016042751958593726, 0.0028568306006491184], "(1, 4, 0, 1)": [0.002850582357496023, -0.0029972027987241745, 0.004798689391463995, 0.002845228649675846, -0.0029263184405863285], "(2, 5, 2, 1)": [0.0, 0.0, 0.002698917407542467, 0.0, 0.0], "(2, 5, 4, 2)": [0.0, 0.0, 0.004273882135748863, 0.0028883100021630526, 0.0042906166054308414], "(2, 5, 5, 3)": [0.003144590649753809, 0.010913610458374023, 0.0030972990207374096, 7.932388689368963e-05, 0.006681683007627726], "(3, 5, 4, 3)": [0.009187977761030197, 0.012438450008630753, 0.00619118008762598, 0.01044005248695612, 0.006429275497794151], "(3, 5, 4, 2)": [0.0019986170809715986, 0.00343953724950552, 0.0015654793241992593, 0.0014009193982928991, 0.002097087213769555], "(3, 5, 3, 2)": [0.005599746014922857, 0.00880529172718525, 0.007092691026628017, 0.01267966441810131, 0.010971440933644772], "(3, 5, 2, 2)": [0.008533145301043987, 0.004399677738547325, 0.007460869383066893, 0.001622639480046928, 0.0042283786460757256], "(3, 5, 1, 2)": [0.007742379792034626, 0.0028232932090759277, 0.004568955395370722, 0.001526280422694981, 0.0], "(3, 5, 0, 1)": [0.00748798530548811, 0.007376210764050484, 0.0, 0.003151513636112213, 0.00205057836137712], "(3, 5, 1, 1)": [0.0016148720169439912, 0.0015445693861693144, 0.0, 0.0031543734949082136, 0.002061479492112994], "(2, 4, -1, 0)": [0.0016655783401802182, 0.0, 0.0, 0.0, 0.0], "(3, 5, 3, 3)": [0.0, 0.0, 0.0, 0.0054976800456643105, 0.0016844277270138264], "(1, 4, 2, 2)": [0.002710529137402773, 0.003530645975843072, 0.0029236185364425182, 0.002685101702809334, 0.003081898670643568], "(1, 4, 1, 1)": [0.0014133171644061804, 0.0014394668396562338, -0.0005630364175885916, 0.00423852726817131, 0.0015526697970926762], "(1, 4, 1, 2)": [0.0, 0.0027959353756159544, 0.0028358157724142075, 0.0035904995165765285, 0.0028919223695993423], "(2, 4, 0, 2)": [0.008877702988684177, 0.0027321279048919678, 0.0, 0.0027893437072634697, 0.006105409469455481], "(3, 5, 5, 3)": [-0.0006757937371730804, 0.0, -0.0032901365775614977, 0.0026448469143360853, -0.001379261608235538], "(3, 5, 6, 4)": [0.0, 0.0, 0.0, 0.0, 0.0], "(3, 4, 1, 1)": [0.004198042675852776, 0.0016759297577664256, 0.0029729469679296017, 0.0016028782119974494, 0.0028683538548648357], "(3, 4, 0, 1)": [0.002759013557806611, 0.0, 0.0, 0.002689110580831766, 0.0], "(1, 4, 3, 2)": [0.0016184617998078465, 0.001729352050460875, 0.0, 0.0, 0.0], "(2, 5, 6, 3)": [0.0, 0.0018053267849609256, 0.0014442468527704477, 0.0, 0.0], "(3, 4, 4, 3)": [0.0, 0.0, 0.002150231972336769, 0.0, 0.0], "(3, 4, 1, 2)": [0.0, 0.0016381036257371306, 0.0, 0.0, 0.0]}}