{"q_values": {"(2, 5, 2, 2)": [0.019684402272105217, 0.01928107440471649, 0.018722550943493843, 0.018730463460087776, 0.018763650208711624], "(2, 5, 3, 2)": [0.01940440572798252, 0.019093837589025497, 0.019303128123283386, 0.019216075539588928, 0.018711330369114876], "(2, 5, 3, 3)": [0.013529542833566666, 0.01530652865767479, 0.015771443024277687, 0.01765865832567215, 0.016885049641132355], "(2, 4, 2, 2)": [0.018986014649271965, 0.019168762490153313, 0.019014472141861916, 0.01930377446115017, 0.019594581797719002], "(2, 4, 3, 2)": [0.019063478335738182, 0.019523048773407936, 0.019358599558472633, 0.019721155986189842, 0.019378310069441795], "(2, 4, 3, 3)": [0.01947600767016411, 0.019520482048392296, 0.01943650096654892, 0.01940934732556343, 0.019341837614774704], "(2, 4, 4, 3)": [0.019525915384292603, 0.019652502611279488, 0.019409118220210075, 0.01941266655921936, 0.019410381093621254], "(2, 4, 1, 1)": [0.015270628966391087, 0.01642742194235325, 0.017333833500742912, 0.014009789563715458, 0.01583920046687126], "(2, 4, 2, 1)": [0.012043352238833904, 0.008796853944659233, 0.010868684388697147, 0.0017866084817796946, 0.010198205709457397], "(2, 5, 4, 3)": [0.013031705282628536, 0.01790900155901909, 0.014961663633584976, 0.014792295172810555, 0.018566198647022247], "(2, 4, 1, 2)": [0.017249751836061478, 0.018994633108377457, 0.014768069609999657, 0.018693305552005768, 0.01864676922559738], "(2, 5, 1, 2)": [0.019378241151571274, 0.019401971250772476, 0.019328024238348007, 0.01946006529033184, 0.01933128759264946], "(2, 5, 0, 2)": [0.019231628626585007, 0.0191405788064003, 0.019134854897856712, 0.019227681681513786, 0.01942073553800583], "(2, 5, 2, 3)": [0.01255708932876587, 0.010616078972816467, 0.007992924191057682, 0.012237884104251862, 0.015403871424496174], "(2, 4, 0, 1)": [0.012378500774502754, 0.008090832270681858, 0.013491896912455559, 0.013907268643379211, 0.016593944281339645], "(2, 4, 4, 2)": [0.019094396382570267, 0.018879299983382225, 0.018738137558102608, 0.01884639263153076, 0.019519304856657982], "(2, 4, 5, 3)": [0.01573900878429413, 0.0193666722625494, 0.015794789418578148, 0.015093948692083359, 0.017647147178649902], "(3, 4, 4, 2)": [0.011105400510132313, 0.014292141422629356, 0.012522163800895214, 0.013509768061339855, 0.01756615750491619], "(3, 4, 3, 2)": [0.01869039423763752, 0.016896305605769157, 0.018107065930962563, 0.018184181302785873, 0.017545752227306366], "(3, 4, 2, 1)": [0.008501069620251656, 0.014560386538505554, 0.0103669548407197, 0.010673992335796356, 0.01220095343887806], "(3, 4, 2, 2)": [0.016593316569924355, 0.017312468960881233, 0.00863717868924141, 0.017409948632121086, 0.01810695417225361], "(3, 4, 3, 1)": [0.0023198015987873077, 0.0, 0.0, 0.0, 0.0], "(2, 5, 1, 1)": [0.019304558634757996, 0.019081013277173042, 0.019356166943907738, 0.019509682431817055, 0.01951548084616661], "(2, 5, 0, 1)": [0.019413277506828308, 0.019420938566327095, 0.01934049464762211, 0.019448228180408478, 0.019364094361662865], "(1, 5, 1, 2)": [0.018411362543702126, 0.018427297472953796, 0.01830293796956539, 0.018382912501692772, 0.01694774255156517], "(1, 5, 2, 2)": [0.014029156416654587, 0.016977138817310333, 0.018716711550951004, 0.018095500767230988, 0.018409796059131622], "(1, 5, 3, 3)": [0.014224867336452007, 0.009294344112277031, 0.013669746927917004, 0.01435787882655859, 0.018156809732317924], "(1, 5, 2, 3)": [0.005441843997687101, 0.009146565571427345, 0.009373974055051804, 0.006172562018036842, 0.007467738352715969], "(1, 4, 0, 1)": [0.008459346368908882, 0.010252175852656364, 0.016631120815873146, 0.015413894318044186, 0.010177615098655224], "(2, 5, 2, 1)": [0.0027793042827397585, 0.0, 0.002698917407542467, 0.0, 0.0], "(2, 5, 4, 2)": [0.0161543358117342, 0.01053917221724987, 0.015618298202753067, 0.011642190627753735, 0.01919916644692421], "(2, 5, 5, 3)": [0.013366855680942535, 0.015693197026848793, 0.015155638568103313, 0.010757358744740486, 0.013748656958341599], "(3, 5, 4, 3)": [0.018443750217556953, 0.01325080543756485, 0.010953204706311226, 0.012933501973748207, 0.013661548495292664], "(3, 5, 4, 2)": [0.01767905056476593, 0.014216681942343712, 0.009844311513006687, 0.008004704490303993, 0.011156830936670303], "(3, 5, 3, 2)": [0.0183259267359972, 0.018267150968313217, 0.018855668604373932, 0.01804034784436226, 0.01852194219827652], "(3, 5, 2, 2)": [0.01873614825308323, 0.017428120598196983, 0.01853303797543049, 0.016622915863990784, 0.013403359800577164], "(3, 5, 1, 2)": [0.018511297181248665, 0.016308104619383812, 0.014503352344036102, 0.015187465585768223, 0.012611376121640205], "(3, 5, 0, 1)": [0.013216063380241394, 0.017731450498104095, 0.007520823273807764, 0.011091649532318115, 0.010826337151229382], "(3, 5, 1, 1)": [0.0117965592071414, 0.011258204467594624, 0.014413957484066486, 0.018596168607473373, 0.009658453986048698], "(2, 4, -1, 0)": [0.011401168070733547, -0.0003011354710906744, 0.0016007960075512528, 0.0, -0.0012560412287712097], "(3, 5, 3, 3)": [0.017707806080579758, 0.008918248116970062, 0.015000719577074051, 0.006967382039874792, 0.00963797327131033], "(1, 4, 2, 2)": [0.01914159767329693, 0.0193626768887043, 0.01935054548084736, 0.01946920156478882, 0.01926483027637005], "(1, 4, 1, 1)": [0.005793849937617779, 0.002175617963075638, 0.005104799754917622, 0.0038379784673452377, 0.0054507385939359665], "(1, 4, 1, 2)": [0.01810041442513466, 0.01648351177573204, 0.01836446113884449, 0.01904298923909664, 0.01884925365447998], "(2, 4, 0, 2)": [0.015834709629416466, 0.014545198529958725, 0.012548881582915783, 0.013913335278630257, 0.015333921648561954], "(3, 5, 5, 3)": [0.006036009639501572, 0.0018558010924607515, 0.00977987702935934, 0.013978743925690651, 0.00939391739666462], "(3, 5, 6, 4)": [0.0, 0.0034799769055098295, 0.0, 0.0, -0.0013384579215198755], "(3, 4, 1, 1)": [0.015893269330263138, 0.011908134445548058, 0.013368704356253147, 0.012688257731497288, 0.006016646511852741], "(3, 4, 0, 1)": [0.009026826359331608, 0.01724095270037651, 0.0033773272298276424, 0.003717520274221897, 0.006744510028511286], "(1, 4, 3, 2)": [0.01455352921038866, 0.01761200837790966, 0.016418518498539925, 0.016222933307290077, 0.0181985255330801], "(2, 5, 6, 3)": [0.0, 0.0018053267849609256, 0.0014442468527704477, 0.0, 0.0025723837316036224], "(3, 4, 4, 3)": [0.0021214797161519527, 0.002479144372045994, 0.01269408967345953, 0.0016461336053907871, 0.00872601568698883], "(3, 4, 1, 2)": [0.0, 0.007527453359216452, 0.0, 0.0, 0.0024694621097296476], "(2, 5, 1, 3)": [0.0, 0.007003071717917919, 0.0, 0.0, 0.0], "(1, 5, 0, 2)": [0.0130269480869174, 0.010444752871990204, 0.012395882047712803, 0.009599805809557438, 0.017946645617485046], "(1, 5, 1, 3)": [0.0, 0.0, 0.0, -0.003282187506556511, 0.0], "(1, 4, 4, 3)": [0.002132084919139743, 0.004037225153297186, 0.0029551396146416664, 0.014049869030714035, 0.0025010197423398495], "(1, 4, 0, 2)": [0.01111624762415886, 0.01840285025537014, 0.0134343970566988, 0.006627302151173353, 0.015636252239346504], "(1, 4, 3, 3)": [0.019100524485111237, 0.011230133473873138, 0.012276871129870415, 0.014033674262464046, 0.013047119602560997], "(3, 4, 5, 3)": [0.0016472490970045328, 0.004979303572326899, 0.005285639315843582, 0.0136454151943326, 0.009241017512977123], "(3, 5, 5, 2)": [0.0, 0.0035144807770848274, 0.0021024891175329685, 0.0, 0.004530286882072687], "(2, 4, 0, 0)": [0.0, 0.0, 0.005225711036473513, 0.0, 0.0016337508568540215], "(1, 4, -1, 1)": [-0.0005296834278851748, 0.0037898996379226446, 0.001505527994595468, 0.0, 0.0014674636768177152], "(1, 5, 0, 1)": [0.01766166277229786, 0.011919166892766953, 0.01260489784181118, 0.012812893837690353, 0.011089672334492207], "(1, 4, 2, 3)": [0.0, 0.0, 0.0, 0.0, 0.0038418807089328766], "(1, 5, 4, 3)": [0.01404400635510683, 0.005654133856296539, 0.006854815408587456, 0.0033170385286211967, 0.006168350577354431], "(1, 5, -1, 1)": [0.0016322463052347302, 0.0, 0.0, 0.0, 0.0], "(1, 4, -1, 0)": [0.0022095986641943455, 0.002839484950527549, -0.0025593461468815804, 0.0, 0.0],