{"q_values": {"(2, 5, 2, 2)": [0.019258081912994385, 0.019198952242732048, 0.019529547542333603, 0.018941352143883705, 0.019179023802280426], "(2, 5, 3, 2)": [0.019490739330649376, 0.019543910399079323, 0.019410468637943268, 0.0195662509649992, 0.01923794485628605], "(2, 5, 3, 3)": [0.015281300991773605, 0.011958790943026543, 0.013732099905610085, 0.016143236309289932, 0.013536942191421986], "(2, 4, 2, 2)": [0.016233336180448532, 0.01917339488863945, 0.01657976023852825, 0.01790236495435238, 0.019169267266988754], "(2, 4, 3, 2)": [0.01924116350710392, 0.01895497925579548, 0.019338447600603104, 0.01936868019402027, 0.019366662949323654], "(2, 4, 3, 3)": [0.019543277099728584, 0.019592978060245514, 0.01957213133573532, 0.019444413483142853, 0.019618727266788483], "(2, 4, 4, 3)": [0.01952614076435566, 0.019581986591219902, 0.01950083300471306, 0.019198864698410034, 0.019572552293539047], "(2, 4, 1, 1)": [0.015972552821040154, 0.016875002533197403, 0.016600150614976883, 0.016660340130329132, 0.019178062677383423], "(2, 4, 2, 1)": [0.013095414265990257, 0.010558007284998894, 0.012459520250558853, 0.009642457589507103, 0.01345590129494667], "(2, 5, 4, 3)": [0.015166549943387508, 0.017406852915883064, 0.016905182972550392, 0.016010034829378128, 0.017854416742920876], "(2, 4, 1, 2)": [0.01956012099981308, 0.019143717363476753, 0.019301874563097954, 0.019719399511814117, 0.019279221072793007], "(2, 5, 1, 2)": [0.019456487149000168, 0.018167618662118912, 0.019490689039230347, 0.01943296566605568, 0.019659940153360367], "(2, 5, 0, 2)": [0.019441086798906326, 0.019326578825712204, 0.01935729570686817, 0.01968134380877018, 0.01924586482346058], "(2, 5, 2, 3)": [0.010154945775866508, 0.01069914922118187, 0.01141227874904871, 0.013471054844558239, 0.010894564911723137], "(2, 4, 0, 1)": [0.015581423416733742, 0.01677929423749447, 0.017363909631967545, 0.019663237035274506, 0.01150139793753624], "(2, 4, 4, 2)": [0.01918836310505867, 0.019198335707187653, 0.019513092935085297, 0.018995201215147972, 0.019344177097082138], "(2, 4, 5, 3)": [0.01868734136223793, 0.01916625164449215, 0.018911752849817276, 0.017263533547520638, 0.01887947879731655], "(3, 4, 4, 2)": [0.0182243213057518, 0.016192417591810226, 0.017536131665110588, 0.018013345077633858, 0.0196697860956192], "(3, 4, 3, 2)": [0.019221970811486244, 0.01881333813071251, 0.01913403905928135, 0.01895543374121189, 0.01923591084778309], "(3, 4, 2, 1)": [0.009898005053400993, 0.013249050825834274, 0.013707567006349564, 0.0112833920866251, 0.012014096602797508], "(3, 4, 2, 2)": [0.01720602996647358, 0.018366321921348572, 0.018426762893795967, 0.018686654046177864, 0.017682816833257675], "(3, 4, 3, 1)": [0.005758536979556084, 0.0027036042883992195, 0.0, -0.0028655414935201406, 0.0037105889059603214], "(2, 5, 1, 1)": [0.019717451184988022, 0.019788332283496857, 0.019358543679118156, 0.019844286143779755, 0.01957256719470024], "(2, 5, 0, 1)": [0.019495166838169098, 0.019453812390565872, 0.019611181691288948, 0.019549446180462837, 0.019707219675183296], "(1, 5, 1, 2)": [0.018898461014032364, 0.018932482227683067, 0.01873980276286602, 0.018607892096042633, 0.017874807119369507], "(1, 5, 2, 2)": [0.019688302651047707, 0.018153004348278046, 0.017912382259964943, 0.017669230699539185, 0.0185567494481802], "(1, 5, 3, 3)": [0.013179917819797993, 0.011485890485346317, 0.013458739034831524, 0.013008376583456993, 0.017322570085525513], "(1, 5, 2, 3)": [0.005789381917566061, 0.010325129143893719, 0.014775624498724937, 0.011980213224887848, 0.007341278251260519], "(1, 4, 0, 1)": [0.01330798864364624, 0.01713641732931137, 0.015616283752024174, 0.016909945756196976, 0.019182739779353142], "(2, 5, 2, 1)": [0.0027793042827397585, 0.0, 0.002698917407542467, 0.0, 0.012315222062170506], "(2, 5, 4, 2)": [0.01797625981271267, 0.014695458114147186, 0.016542432829737663, 0.01652216725051403, 0.019573010504245758], "(2, 5, 5, 3)": [0.017537863925099373, 0.01487133838236332, 0.013892327435314655, 0.015906192362308502, 0.016450932249426842], "(3, 5, 4, 3)": [0.019728336483240128, 0.016799721866846085, 0.017644401639699936, 0.013364683836698532, 0.016703203320503235], "(3, 5, 4, 2)": [0.016848355531692505, 0.01979113556444645, 0.01791137456893921, 0.01684633456170559, 0.016517849639058113], "(3, 5, 3, 2)": [0.01965874619781971, 0.01980840228497982, 0.01971600018441677, 0.019466787576675415, 0.019653672352433205], "(3, 5, 2, 2)": [0.019642876461148262, 0.01938154734671116, 0.019806336611509323, 0.019428923726081848, 0.019588656723499298], "(3, 5, 1, 2)": [0.019296081736683846, 0.01765233464539051, 0.01797729730606079, 0.017666665837168694, 0.018518421798944473], "(3, 5, 0, 1)": [0.01596986874938011, 0.018985021859407425, 0.010760912671685219, 0.013456815853714943, 0.015245105139911175], "(3, 5, 1, 1)": [0.018420159816741943, 0.016809886321425438, 0.017471827566623688, 0.01935580186545849, 0.015838682651519775], "(2, 4, -1, 0)": [0.0016174563206732273, -0.0003011354710906744, 0.000714266556315124, 0.01294022612273693, -0.0012560412287712097], "(3, 5, 3, 3)": [0.018919549882411957, 0.013276062905788422, 0.012259240262210369, 0.011016943491995335, 0.008064256981015205], "(1, 4, 2, 2)": [0.014296414330601692, 0.017876634374260902, 0.018921343609690666, 0.018846482038497925, 0.01763700507581234], "(1, 4, 1, 1)": [0.0063660964369773865, 0.012463347055017948, 0.011431348510086536, 0.007877733558416367, 0.016887575387954712], "(1, 4, 1, 2)": [0.017438068985939026, 0.015978045761585236, 0.019155772402882576, 0.017037328332662582, 0.017612608149647713], "(2, 4, 0, 2)": [0.01933170109987259, 0.01754162274301052, 0.015121392905712128, 0.01730531081557274, 0.01724144071340561], "(3, 5, 5, 3)": [0.019451376050710678, 0.013959956355392933, 0.01209953986108303, 0.012917924672365189, 0.013769262470304966], "(3, 5, 6, 4)": [0.0, -9.927782230079174e-05, 0.002360259648412466, 0.0026755041908472776, -0.0033804248087108135], "(3, 4, 1, 1)": [0.013383809477090836, 0.014764132909476757, 0.014081614091992378, 0.01669403538107872, 0.018083948642015457], "(3, 4, 0, 1)": [0.012220531702041626, 0.010693115182220936, 0.008795480243861675, 0.009397630579769611, 0.015521830879151821], "(1, 4, 3, 2)": [0.015313954092562199, 0.019137630239129066, 0.015751268714666367, 0.01800004206597805, 0.018732164055109024], "(2, 5, 6, 3)": [0.0, 0.0018053267849609256, 0.0014442468527704477, 0.0, 0.0025723837316036224], "(3, 4, 4, 3)": [0.016047639772295952, 0.01605762355029583, 0.019600214436650276, 0.014279753901064396, 0.018056929111480713], "(3, 4, 1, 2)": [0.00264154514297843, 0.0179098192602396, 0.008912907913327217, 0.007371250540018082, 0.01130360085517168], "(2, 5, 1, 3)": [0.0, 0.007003071717917919, 0.0, 0.0, 0.0], "(1, 5, 0, 2)": [0.01738186553120613, 0.017020799219608307, 0.01777608133852482, 0.016242925077676773, 0.019688783213496208], "(1, 5, 1, 3)": [0.0, 0.0, 0.0, -0.003282187506556511, 0.0], "(1, 4, 4, 3)": [0.009029652923345566, 0.008120461367070675, 0.005284381099045277, 0.017991404980421066, 0.013639943674206734], "(1, 4, 0, 2)": [0.01648593507707119, 0.01895744539797306, 0.016653014346957207, 0.009846607223153114, 0.017209798097610474], "(1, 4, 3, 3)": [0.019379230216145515, 0.01685328222811222, 0.014290631748735905, 0.018262283876538277, 0.0170652586966753], "(3, 4, 5, 3)": [0.013498228043317795, 0.017772627994418144, 0.01295673381537199, 0.01941828429698944, 0.01581023819744587], "(3, 5, 5, 2)": [0.0, 0.0035144807770848274, 0.004671753384172916, 0.0, 0.015658535063266754], "(2, 4, 0, 0)": [0.0, -0.0019230297766625881, -0.003916643094271421, 0.0, 0.008980654180049896], "(1, 4, -1, 1)": [0.0016418986488133669, 0.015035932883620262, 0.00347724836319685, 0.006159500684589148, -0.0010793859837576747], "(1, 5, 0, 1)": [0.01891034096479416, 0.01654704287648201, 0.01635071076452732, 0.01868969202041626, 0.01730090007185936], "(1, 4, 2, 3)": [0.0, 0.0, 0.0, 0.0028940830379724503, 0.011760921217501163],