{"q_values": {"(2, 5, 2, 2)": [0.018999870866537094, 0.01915610022842884, 0.013947478495538235, 0.016123738139867783, 0.01858646608889103], "(2, 5, 3, 2)": [0.019189560785889626, 0.01959853246808052, 0.019242435693740845, 0.019203640520572662, 0.019229458644986153], "(2, 5, 3, 3)": [0.017328470945358276, 0.016372546553611755, 0.015178460627794266, 0.019369499757885933, 0.01826162450015545], "(2, 4, 2, 2)": [0.01872692070901394, 0.019093263894319534, 0.018571121618151665, 0.01904435083270073, 0.01983635686337948], "(2, 4, 3, 2)": [0.019286340102553368, 0.017362983897328377, 0.019211553037166595, 0.01917545683681965, 0.01976187340915203], "(2, 4, 3, 3)": [0.019719772040843964, 0.019679175689816475, 0.0197612214833498, 0.019725603982806206, 0.01971105858683586], "(2, 4, 4, 3)": [0.019701965153217316, 0.01959993690252304, 0.019486358389258385, 0.019488675519824028, 0.01959925703704357], "(2, 4, 1, 1)": [0.011856025084853172, 0.01418222114443779, 0.019734015688300133, 0.0149735352024436, 0.014453534036874771], "(2, 4, 2, 1)": [0.012712805531919003, 0.013432209379971027, 0.011207991279661655, 0.01416226290166378, 0.017868507653474808], "(2, 5, 4, 3)": [0.01946951076388359, 0.015437785536050797, 0.01696118526160717, 0.013911694288253784, 0.015439149923622608], "(2, 4, 1, 2)": [0.019261609762907028, 0.01933346502482891, 0.019489191472530365, 0.019898410886526108, 0.019460419192910194], "(2, 5, 1, 2)": [0.017741499468684196, 0.01742895320057869, 0.013544201850891113, 0.017250437289476395, 0.01452528778463602], "(2, 5, 0, 2)": [0.01904965564608574, 0.019047293812036514, 0.019129011780023575, 0.01913825422525406, 0.019598037004470825], "(2, 5, 2, 3)": [0.01494047325104475, 0.005515938624739647, 0.009170450270175934, 0.00930898915976286, 0.010185036808252335], "(2, 4, 0, 1)": [0.015084960497915745, 0.018512343987822533, 0.018194077536463737, 0.015464049763977528, 0.019641004502773285], "(2, 4, 4, 2)": [0.019387805834412575, 0.019349226728081703, 0.019333655014634132, 0.019435297697782516, 0.01964055746793747], "(2, 4, 5, 3)": [0.0194077268242836, 0.019166741520166397, 0.018957633525133133, 0.019151097163558006, 0.019294261932373047], "(3, 4, 4, 2)": [0.019296858459711075, 0.019282469525933266, 0.019324293360114098, 0.019131004810333252, 0.01942519098520279], "(3, 4, 3, 2)": [0.01909468322992325, 0.019349422305822372, 0.019193477928638458, 0.019145166501402855, 0.019804697483778], "(3, 4, 2, 1)": [0.009214112535119057, 0.014419623650610447, 0.013520187698304653, 0.012461859732866287, 0.015477349981665611], "(3, 4, 2, 2)": [0.018943171948194504, 0.0188782699406147, 0.01872842013835907, 0.01691349968314171, 0.01979639381170273], "(3, 4, 3, 1)": [0.015322920866310596, 0.0027036042883992195, 0.0, -0.004277038387954235, 0.0010639617685228586], "(2, 5, 1, 1)": [0.01965227536857128, 0.019660651683807373, 0.019609900191426277, 0.019717944785952568, 0.019649667665362358], "(2, 5, 0, 1)": [0.019460756331682205, 0.01971064880490303, 0.019800109788775444, 0.019690021872520447, 0.019625039771199226], "(1, 5, 1, 2)": [0.019499415531754494, 0.019181864336133003, 0.019263558089733124, 0.019181961193680763, 0.016763173043727875], "(1, 5, 2, 2)": [0.019348660483956337, 0.019734954461455345, 0.01906067132949829, 0.019221138209104538, 0.019531235098838806], "(1, 5, 3, 3)": [0.015988413244485855, 0.019684648141264915, 0.016778230667114258, 0.01399106252938509, 0.015556097030639648], "(1, 5, 2, 3)": [0.01945997215807438, 0.011186756193637848, 0.01410102378576994, 0.0109671326354146, 0.014545581303536892], "(1, 4, 0, 1)": [0.013152331113815308, 0.015330257825553417, 0.016123158857226372, 0.016447508707642555, 0.019726406782865524], "(2, 5, 2, 1)": [0.0027793042827397585, 0.005499361082911491, 0.005279420409351587, 0.009475884959101677, 0.019728805869817734], "(2, 5, 4, 2)": [0.019746266305446625, 0.01870080828666687, 0.01917203888297081, 0.019515251740813255, 0.018634609878063202], "(2, 5, 5, 3)": [0.016841864213347435, 0.011383219622075558, 0.010798122733831406, 0.013437903486192226, 0.011937820352613926], "(3, 5, 4, 3)": [0.019178980961441994, 0.018093930557370186, 0.01920798420906067, 0.0186628345400095, 0.01867741346359253], "(3, 5, 4, 2)": [0.019137389957904816, 0.0189046710729599, 0.01953793503344059, 0.01512374822050333, 0.01895114593207836], "(3, 5, 3, 2)": [0.019495215266942978, 0.019247004762291908, 0.019242864102125168, 0.018988534808158875, 0.013388004153966904], "(3, 5, 2, 2)": [0.019547991454601288, 0.019329948350787163, 0.018563350662589073, 0.01926444098353386, 0.01917189732193947], "(3, 5, 1, 2)": [0.01952732726931572, 0.019572971388697624, 0.01961953192949295, 0.01954837143421173, 0.019570089876651764], "(3, 5, 0, 1)": [0.017590699717402458, 0.01922580413520336, 0.019792692735791206, 0.017781604081392288, 0.01831200160086155], "(3, 5, 1, 1)": [0.01973353885114193, 0.019614441320300102, 0.019626237452030182, 0.019727615639567375, 0.01966804638504982], "(2, 4, -1, 0)": [0.003631634870544076, -0.0003011354710906744, 0.000714266556315124, 0.008814296685159206, 0.0028594296891242266], "(3, 5, 3, 3)": [0.01456198375672102, 0.014920488931238651, 0.014792857691645622, 0.016388319432735443, 0.016383811831474304], "(1, 4, 2, 2)": [0.019397161900997162, 0.019348561763763428, 0.01954079419374466, 0.018755696713924408, 0.019855482503771782], "(1, 4, 1, 1)": [0.013265284709632397, 0.010905084200203419, 0.01620323210954666, 0.012964891269803047, 0.01313334982842207], "(1, 4, 1, 2)": [0.017500417307019234, 0.016978932544589043, 0.01588704250752926, 0.019809942692518234, 0.017279870808124542], "(2, 4, 0, 2)": [0.014443551190197468, 0.019112074747681618, 0.018399707973003387, 0.01658901944756508, 0.01986626163125038], "(3, 5, 5, 3)": [0.01609058491885662, 0.014185094274580479, 0.01908339560031891, 0.015727082267403603, 0.013189085759222507], "(3, 5, 6, 4)": [0.0, 0.001723886583931744, 0.008587835356593132, 0.0002529495395720005, -0.0033804248087108135], "(3, 4, 1, 1)": [0.016769807785749435, 0.017722245305776596, 0.01916399598121643, 0.014965400099754333, 0.01831280067563057], "(3, 4, 0, 1)": [0.01756906323134899, 0.012166257947683334, 0.009317435324192047, 0.01481977105140686, 0.01551816239953041], "(1, 4, 3, 2)": [0.019402658566832542, 0.019418293610215187, 0.018929725512862206, 0.01949784904718399, 0.019783737137913704], "(2, 5, 6, 3)": [0.0, 0.009970870800316334, 0.0014442468527704477, 0.002646406413987279, 0.0016785245388746262], "(3, 4, 4, 3)": [0.019505716860294342, 0.019523268565535545, 0.019618045538663864, 0.019813062623143196, 0.019778694957494736], "(3, 4, 1, 2)": [0.019255373626947403, 0.018354328349232674, 0.01867607794702053, 0.01779640093445778, 0.019842084497213364], "(2, 5, 1, 3)": [-0.001871654181741178, 0.010060271248221397, 0.0, 0.0, 0.0], "(1, 5, 0, 2)": [0.01975005865097046, 0.019286619499325752, 0.018605491146445274, 0.019196808338165283, 0.019061429426074028], "(1, 5, 1, 3)": [-0.0019909199327230453, 0.01159606408327818, 0.0, -0.005850866436958313, 0.0], "(1, 4, 4, 3)": [0.01851917803287506, 0.019797781482338905, 0.018511980772018433, 0.018614886328577995, 0.018846239894628525], "(1, 4, 0, 2)": [0.018990229815244675, 0.018862981349229813, 0.01934814266860485, 0.0185196902602911, 0.01893068104982376], "(1, 4, 3, 3)": [0.019888343289494514, 0.019435659050941467, 0.019210100173950195, 0.01926478184759617, 0.019198503345251083], "(3, 4, 5, 3)": [0.019024353474378586, 0.018933916464447975, 0.018450582399964333, 0.019154608249664307, 0.01949627324938774], "(3, 5, 5, 2)": [0.0, 0.0035144807770848274, 0.006884464994072914, 0.0, 0.017462022602558136], "(2, 4, 0, 0)": [-0.0015053795650601387, -0.004215073771774769, -0.00549399945884943, -0.0013315535616129637, 0.005301203578710556], "(1, 4, -1, 1)": [0.0016418986488133669, 0.00694706616923213, 0.008677567355334759, 0.014043332077562809, 0.008256818167865276], "(1, 5, 0, 1)": [0.019557282328605652, 0.01942540891468525, 0.019522950053215027, 0.019634287804365158, 0.01959139294922352],