{"q_values": {"(2, 5, 2, 2)": [0.0, 0.0016387288924306631, 0.0015763832489028573, 0.0, 0.0027552656829357147], "(2, 5, 3, 2)": [0.0, 0.0028662588447332382, 0.004043014254420996, 0.002895697019994259, 0.0029834015294909477], "(2, 5, 3, 3)": [0.0, 0.003922373987734318, 0.0015887824120000005, -0.0016086744144558907, 0.0014959914842620492]}}