{"q_values": {"(2, 5, 2, 2)": [0.01833956688642502, 0.013609052635729313, 0.01648830436170101, 0.01879553310573101, 0.01802496425807476], "(2, 5, 3, 2)": [0.01934407837688923, 0.01916205883026123, 0.014611264690756798, 0.019187787547707558, 0.01914876326918602], "(2, 5, 3, 3)": [0.01503312774002552, 0.014765706844627857, 0.010888027027249336, 0.01347851287573576, 0.01610024832189083], "(2, 4, 2, 2)": [0.010594407096505165, 0.01848643459379673, 0.016574807465076447, 0.017917850986123085, 0.017496757209300995], "(2, 4, 3, 2)": [0.01877165585756302, 0.01902996562421322, 0.018787257373332977, 0.018975725397467613, 0.018921788781881332], "(2, 4, 3, 3)": [0.019596939906477928, 0.019817115738987923, 0.019609801471233368, 0.019616277888417244, 0.019598068669438362], "(2, 4, 4, 3)": [0.019592158496379852, 0.01958867721259594, 0.01958857849240303, 0.019591568037867546, 0.01962275058031082], "(2, 4, 1, 1)": [0.009715715423226357, 0.018233630806207657, 0.016760850325226784, 0.0175043772906065, 0.01836351305246353], "(2, 4, 2, 1)": [0.009194411337375641, 0.008844246156513691, 0.007959563285112381, 0.010632974095642567, 0.017854662612080574], "(2, 5, 4, 3)": [0.018223032355308533, 0.0189947672188282, 0.01864318549633026, 0.01868012733757496, 0.01865716092288494], "(2, 4, 1, 2)": [0.018412066623568535, 0.014000670053064823, 0.014823292382061481, 0.0157211571931839, 0.01607685163617134], "(2, 5, 1, 2)": [0.019093438982963562, 0.01879408210515976, 0.01882636733353138, 0.018654294312000275, 0.01764672063291073], "(2, 5, 0, 2)": [0.01938457414507866, 0.01937159150838852, 0.01935318484902382, 0.0194812323898077, 0.019367769360542297], "(2, 5, 2, 3)": [0.01090068370103836, 0.014686291106045246, 0.012171220034360886, 0.010432742536067963, 0.012039474211633205], "(2, 4, 0, 1)": [0.01369780208915472, 0.018942296504974365, 0.014544672332704067, 0.018742108717560768, 0.019147763028740883], "(2, 4, 4, 2)": [0.01447201892733574, 0.01913234032690525, 0.01929624192416668, 0.0192191693931818, 0.018782025203108788], "(2, 4, 5, 3)": [0.019349589943885803, 0.019015366211533546, 0.019274305552244186, 0.018572797998785973, 0.018883932381868362], "(3, 4, 4, 2)": [0.01885221339762211, 0.018584469333291054, 0.019261188805103302, 0.019094957038760185, 0.019752521067857742], "(3, 4, 3, 2)": [0.01889652945101261, 0.019087238237261772, 0.019242849200963974, 0.018975459039211273, 0.019804568961262703], "(3, 4, 2, 1)": [0.009155187755823135, 0.011040139943361282, 0.012926329858601093, 0.012012984603643417, 0.01883711665868759], "(3, 4, 2, 2)": [0.01904226280748844, 0.018874868750572205, 0.018750177696347237, 0.01892481930553913, 0.01975950226187706], "(3, 4, 3, 1)": [0.011516335420310497, 0.0027036042883992195, 0.0, -0.004277038387954235, 0.0037105889059603214], "(2, 5, 1, 1)": [0.019577089697122574, 0.019425973296165466, 0.019519679248332977, 0.01959657110273838, 0.019562257453799248], "(2, 5, 0, 1)": [0.019587768241763115, 0.019716154783964157, 0.01960076205432415, 0.019455553963780403, 0.019624020904302597], "(1, 5, 1, 2)": [0.019459852948784828, 0.018250858411192894, 0.018183641135692596, 0.015616994351148605, 0.01890506036579609], "(1, 5, 2, 2)": [0.015250406228005886, 0.019080892205238342, 0.01567407324910164, 0.01823529601097107, 0.018569208681583405], "(1, 5, 3, 3)": [0.013623330742120743, 0.009522289969027042, 0.012519342824816704, 0.016180982813239098, 0.010140952654182911], "(1, 5, 2, 3)": [0.012047314085066319, 0.01250783447176218, 0.012635446153581142, 0.010796970687806606, 0.01739550195634365], "(1, 4, 0, 1)": [0.014264377765357494, 0.01612847112119198, 0.01494812872260809, 0.013628893531858921, 0.019172603264451027], "(2, 5, 2, 1)": [0.0027793042827397585, 0.002974731381982565, 0.002698917407542467, 0.0, 0.015181025490164757], "(2, 5, 4, 2)": [0.018853386864066124, 0.015973715111613274, 0.01811409927904606, 0.018159599974751472, 0.019661560654640198], "(2, 5, 5, 3)": [0.01337746623903513, 0.01094592735171318, 0.014287145808339119, 0.011502604000270367, 0.01750430092215538], "(3, 5, 4, 3)": [0.014490621164441109, 0.017276184633374214, 0.017711829394102097, 0.014404946006834507, 0.01642359234392643], "(3, 5, 4, 2)": [0.01918930932879448, 0.01968487910926342, 0.01834317296743393, 0.017633721232414246, 0.01875009760260582], "(3, 5, 3, 2)": [0.019120804965496063, 0.01719777286052704, 0.019160069525241852, 0.01844850927591324, 0.019186489284038544], "(3, 5, 2, 2)": [0.01902116648852825, 0.018720097839832306, 0.019073760136961937, 0.018334468826651573, 0.018815532326698303], "(3, 5, 1, 2)": [0.019170351326465607, 0.018770640715956688, 0.014196023344993591, 0.01899784989655018, 0.018990660086274147], "(3, 5, 0, 1)": [0.01700042560696602, 0.019339222460985184, 0.01496060099452734, 0.01578773744404316, 0.015930477529764175], "(3, 5, 1, 1)": [0.019056623801589012, 0.01907387189567089, 0.019357716664671898, 0.01904742233455181, 0.01859661005437374], "(2, 4, -1, 0)": [0.005304253660142422, -0.0003011354710906744, 0.000714266556315124, 0.003014450892806053, -0.0012560412287712097], "(3, 5, 3, 3)": [0.01858368143439293, 0.013276062905788422, 0.013159651309251785, 0.013144869357347488, 0.009540243074297905], "(1, 4, 2, 2)": [0.017550943419337273, 0.0157221220433712, 0.018832113593816757, 0.01897297240793705, 0.019304633140563965], "(1, 4, 1, 1)": [0.00836103968322277, 0.015436322428286076, 0.013053487986326218, 0.012507444247603416, 0.018518533557653427], "(1, 4, 1, 2)": [0.018956486135721207, 0.018199464306235313, 0.019227275624871254, 0.018851125612854958, 0.01957683078944683], "(2, 4, 0, 2)": [0.019509896636009216, 0.017890380695462227, 0.016304338350892067, 0.01851336471736431, 0.01847521960735321], "(3, 5, 5, 3)": [0.018178995698690414, 0.01503206416964531, 0.01525715459138155, 0.013606010004878044, 0.015915535390377045], "(3, 5, 6, 4)": [0.0, 0.001723886583931744, 0.002360259648412466, 0.0042440639808773994, -0.0033804248087108135], "(3, 4, 1, 1)": [0.018210574984550476, 0.015763653442263603, 0.013219699263572693, 0.014494234696030617, 0.01453911792486906], "(3, 4, 0, 1)": [0.01504108402878046, 0.013355463743209839, 0.012586009688675404, 0.014299064874649048, 0.012886781245470047], "(1, 4, 3, 2)": [0.01901969127357006, 0.01893223077058792, 0.019099008291959763, 0.01903769187629223, 0.017845891416072845], "(2, 5, 6, 3)": [0.0, 0.0018053267849609256, 0.0014442468527704477, 0.0, 0.003840578021481633], "(3, 4, 4, 3)": [0.018464943394064903, 0.017969002947211266, 0.018493423238396645, 0.01952974498271942, 0.01777016930282116], "(3, 4, 1, 2)": [0.007121462374925613, 0.01910724863409996, 0.012955419719219208, 0.005955697037279606, 0.013371329754590988], "(2, 5, 1, 3)": [0.0, 0.008641572669148445, 0.0, 0.0, 0.0], "(1, 5, 0, 2)": [0.019323846325278282, 0.01852230727672577, 0.018630903214216232, 0.01678052358329296, 0.019573651254177094], "(1, 5, 1, 3)": [-0.0019909199327230453, 0.0, 0.0, -0.003282187506556511, 0.0], "(1, 4, 4, 3)": [0.013076080940663815, 0.013903000392019749, 0.0074483598582446575, 0.019117876887321472, 0.014561795629560947], "(1, 4, 0, 2)": [0.017639152705669403, 0.019388705492019653, 0.017017880454659462, 0.013501613400876522, 0.018281487748026848], "(1, 4, 3, 3)": [0.018941713497042656, 0.01883823238313198, 0.01799280196428299, 0.019272612407803535, 0.01856376975774765], "(3, 4, 5, 3)": [0.01684800162911415, 0.018543509766459465, 0.017112918198108673, 0.01911320351064205, 0.018223073333501816], "(3, 5, 5, 2)": [0.0, 0.0035144807770848274, 0.004671753384172916, 0.0, 0.016176294535398483], "(2, 4, 0, 0)": [0.0, -0.0019230297766625881, -0.00549399945884943, 0.002106010913848877, 0.006836998276412487], "(1, 4, -1, 1)": [0.0016418986488133669, 0.016474280506372452, 0.00347724836319685, 0.006159500684589148, -0.0010793859837576747], "(1, 5, 0, 1)": [0.018794002011418343, 0.01848035678267479, 0.019601650536060333, 0.01873774826526642, 0.017965167760849], "(1, 4, 2, 3)": [0.0, 0.0, 0.0029455972835421562, 0.0028940830379724503, 0.015703268349170685],