{"q_values": {"(2, 5, 2, 2)": [0.019274795427918434, 0.01912105269730091, 0.019067123532295227, 0.019581614062190056, 0.018682410940527916], "(2, 5, 3, 2)": [0.019337376579642296, 0.01752246916294098, 0.015560314990580082, 0.017438994720578194, 0.01873849518597126], "(2, 5, 3, 3)": [0.01366335153579712, 0.015084067359566689, 0.013361115008592606, 0.014631579630076885, 0.01200912520289421], "(2, 4, 2, 2)": [0.01609962061047554, 0.01446632668375969, 0.018073800951242447, 0.01848822832107544, 0.0193282812833786], "(2, 4, 3, 2)": [0.018535682931542397, 0.018693286925554276, 0.018863053992390633, 0.01829623617231846, 0.019185688346624374], "(2, 4, 3, 3)": [0.01953810453414917, 0.019534902647137642, 0.01939200796186924, 0.019568784162402153, 0.01950744353234768], "(2, 4, 4, 3)": [0.01952609047293663, 0.019490646198391914, 0.019507860764861107, 0.01943240873515606, 0.019563842564821243], "(2, 4, 1, 1)": [0.011564104817807674, 0.0131553765386343, 0.01667129062116146, 0.014890454709529877, 0.011368859559297562], "(2, 4, 2, 1)": [0.010950340889394283, 0.00923216063529253, 0.012459520250558853, 0.00971723161637783, 0.01582549884915352], "(2, 5, 4, 3)": [0.014748722314834595, 0.01571575552225113, 0.018261291086673737, 0.013107215985655785, 0.018062831833958626], "(2, 4, 1, 2)": [0.018123749643564224, 0.01643945835530758, 0.016449077054858208, 0.018183985725045204, 0.0191014613956213], "(2, 5, 1, 2)": [0.019407086074352264, 0.01950065791606903, 0.019298715516924858, 0.01938542164862156, 0.019462434574961662], "(2, 5, 0, 2)": [0.019278783351182938, 0.019488973543047905, 0.0196535587310791, 0.01940574310719967, 0.01924586482346058], "(2, 5, 2, 3)": [0.008596833795309067, 0.01069914922118187, 0.010097322054207325, 0.016557615250349045, 0.010894564911723137], "(2, 4, 0, 1)": [0.018517712131142616, 0.017405986785888672, 0.017699696123600006, 0.017858466133475304, 0.018824249505996704], "(2, 4, 4, 2)": [0.01877250149846077, 0.018951980397105217, 0.0190912876278162, 0.018955711275339127, 0.019261186942458153], "(2, 4, 5, 3)": [0.018635766580700874, 0.019472964107990265, 0.018499132245779037, 0.017263533547520638, 0.018730973824858665], "(3, 4, 4, 2)": [0.017896171659231186, 0.013060878962278366, 0.016364382579922676, 0.01712915115058422, 0.018731389194726944], "(3, 4, 3, 2)": [0.019358430057764053, 0.0193129051476717, 0.018640993162989616, 0.019373338669538498, 0.019305188208818436], "(3, 4, 2, 1)": [0.013976551592350006, 0.01762230694293976, 0.009799296036362648, 0.013534476049244404, 0.015160401351749897], "(3, 4, 2, 2)": [0.018984679132699966, 0.0189510565251112, 0.01579412817955017, 0.01646391861140728, 0.01965048350393772], "(3, 4, 3, 1)": [0.005758536979556084, 0.0, 0.0, -0.0028655414935201406, 0.0037105889059603214], "(2, 5, 1, 1)": [0.01953616924583912, 0.01953722909092903, 0.019607380032539368, 0.019490430131554604, 0.019661204889416695], "(2, 5, 0, 1)": [0.01933261752128601, 0.01944022811949253, 0.0194541122764349, 0.019384443759918213, 0.01956009678542614], "(1, 5, 1, 2)": [0.01961815357208252, 0.018977951258420944, 0.019057825207710266, 0.01921558566391468, 0.017548818141222], "(1, 5, 2, 2)": [0.019224824383854866, 0.018153004348278046, 0.017912382259964943, 0.015095130540430546, 0.018056824803352356], "(1, 5, 3, 3)": [0.012442273087799549, 0.01007822621613741, 0.013458739034831524, 0.013008376583456993, 0.014809845946729183], "(1, 5, 2, 3)": [0.005789381917566061, 0.010325129143893719, 0.014775624498724937, 0.011980213224887848, 0.007341278251260519], "(1, 4, 0, 1)": [0.009393541142344475, 0.015524154528975487, 0.01327294111251831, 0.01599264331161976, 0.018986288458108902], "(2, 5, 2, 1)": [0.0027793042827397585, 0.0, 0.002698917407542467, 0.0, 0.007592095993459225], "(2, 5, 4, 2)": [0.017676692456007004, 0.012872838415205479, 0.016011470928788185, 0.01652216725051403, 0.019397640600800514], "(2, 5, 5, 3)": [0.015357298776507378, 0.018871895968914032, 0.013133884407579899, 0.016260847449302673, 0.01311512477695942], "(3, 5, 4, 3)": [0.019276123493909836, 0.016799721866846085, 0.016376540064811707, 0.012223229743540287, 0.01615951582789421], "(3, 5, 4, 2)": [0.016848355531692505, 0.019039854407310486, 0.017204895615577698, 0.015690285712480545, 0.016517849639058113], "(3, 5, 3, 2)": [0.019358618184924126, 0.019573409110307693, 0.019444838166236877, 0.01913449354469776, 0.019442420452833176], "(3, 5, 2, 2)": [0.019567785784602165, 0.01921669952571392, 0.01926853507757187, 0.018109194934368134, 0.018947789445519447], "(3, 5, 1, 2)": [0.018876031041145325, 0.01765233464539051, 0.01797729730606079, 0.017326917499303818, 0.018518421798944473], "(3, 5, 0, 1)": [0.01596986874938011, 0.01933205872774124, 0.010760912671685219, 0.012357944622635841, 0.015245105139911175], "(3, 5, 1, 1)": [0.01864100992679596, 0.01586868055164814, 0.017057467252016068, 0.019539285451173782, 0.014365362003445625], "(2, 4, -1, 0)": [0.0030087216291576624, -0.0003011354710906744, -0.0015440076822414994, 0.009548861533403397, -0.0012560412287712097], "(3, 5, 3, 3)": [0.018752939999103546, 0.013276062905788422, 0.012259240262210369, 0.011016943491995335, 0.008064256981015205], "(1, 4, 2, 2)": [0.018581362441182137, 0.01773291826248169, 0.01847962662577629, 0.018934216350317, 0.018867501989006996], "(1, 4, 1, 1)": [0.004017539322376251, 0.008844602853059769, 0.006842820439487696, 0.011576992459595203, 0.017403578385710716], "(1, 4, 1, 2)": [0.01866205595433712, 0.018514063209295273, 0.015931278467178345, 0.019364001229405403, 0.013529163785278797], "(2, 4, 0, 2)": [0.01937451958656311, 0.01754162274301052, 0.015121392905712128, 0.01730531081557274, 0.016854675486683846], "(3, 5, 5, 3)": [0.018318980932235718, 0.013959956355392933, 0.010773765854537487, 0.0086616650223732, 0.013769262470304966], "(3, 5, 6, 4)": [0.0, -9.927782230079174e-05, 0.002360259648412466, 0.0026755041908472776, -0.0033804248087108135], "(3, 4, 1, 1)": [0.01350395567715168, 0.01702990010380745, 0.013854708522558212, 0.01459810882806778, 0.01616842858493328], "(3, 4, 0, 1)": [0.010188420303165913, 0.010693115182220936, 0.007194059900939465, 0.009397630579769611, 0.018551379442214966], "(1, 4, 3, 2)": [0.01836712658405304, 0.018303878605365753, 0.013631196692585945, 0.017659295350313187, 0.017893880605697632], "(2, 5, 6, 3)": [0.0, 0.0018053267849609256, 0.0014442468527704477, 0.0, 0.0025723837316036224], "(3, 4, 4, 3)": [0.013743827119469643, 0.010211735032498837, 0.018553398549556732, 0.012251780368387699, 0.016969598829746246], "(3, 4, 1, 2)": [0.00264154514297843, 0.01621236652135849, 0.008912907913327217, 0.007371250540018082, 0.01130360085517168], "(2, 5, 1, 3)": [0.0, 0.007003071717917919, 0.0, 0.0, 0.0], "(1, 5, 0, 2)": [0.01738186553120613, 0.016536634415388107, 0.01777608133852482, 0.016242925077676773, 0.019680645316839218], "(1, 5, 1, 3)": [0.0, 0.0, 0.0, -0.003282187506556511, 0.0], "(1, 4, 4, 3)": [0.009029652923345566, 0.008120461367070675, 0.005284381099045277, 0.017991404980421066, 0.013639943674206734], "(1, 4, 0, 2)": [0.01648593507707119, 0.019129840657114983, 0.016477620229125023, 0.008268804289400578, 0.017209798097610474], "(1, 4, 3, 3)": [0.01938185654580593, 0.01676056906580925, 0.014290631748735905, 0.018262283876538277, 0.0170652586966753], "(3, 4, 5, 3)": [0.013498228043317795, 0.016607969999313354, 0.010560041293501854, 0.019186777994036674, 0.015155174769461155], "(3, 5, 5, 2)": [0.0, 0.0035144807770848274, 0.004671753384172916, 0.0, 0.015658535063266754], "(2, 4, 0, 0)": [0.0, -0.0019230297766625881, -0.0015004200395196676, 0.0, -0.0006312119076028466], "(1, 4, -1, 1)": [0.0016418986488133669, 0.015035932883620262, 0.00347724836319685, 0.006159500684589148, -0.0010793859837576747], "(1, 5, 0, 1)": [0.019358744844794273, 0.01654704287648201, 0.015747934579849243, 0.018296875059604645, 0.016870586201548576], "(1, 4, 2, 3)": [0.0, 0.0, 0.0, 0.0028940830379724503, 0.011760921217501163],