{"q_values": {"(2, 5, 2, 2)": [0.019457807764410973, 0.018716298043727875, 0.018682057037949562, 0.015020915307104588, 0.013941138051450253], "(2, 5, 3, 2)": [0.019871922209858894, 0.018826937302947044, 0.019208727404475212, 0.018995041027665138, 0.016494695097208023], "(2, 5, 3, 3)": [0.014523835852742195, 0.013526481576263905, 0.019629772752523422, 0.015404223464429379, 0.014338118024170399], "(2, 4, 2, 2)": [0.015092350542545319, 0.013052347116172314, 0.014638210646808147, 0.015155144967138767, 0.014463350176811218], "(2, 4, 3, 2)": [0.01849195547401905, 0.018709369003772736, 0.018518518656492233, 0.01890740357339382, 0.019633160904049873], "(2, 4, 3, 3)": [0.01957036927342415, 0.01962922140955925, 0.01941807195544243, 0.01982782408595085, 0.019554536789655685], "(2, 4, 4, 3)": [0.019644442945718765, 0.019767610356211662, 0.0195867158472538, 0.019444691017270088, 0.019671190530061722], "(2, 4, 1, 1)": [0.012113016098737717, 0.012760182842612267, 0.013963816687464714, 0.010677453130483627, 0.0186411514878273], "(2, 4, 2, 1)": [0.011911104433238506, 0.007975133135914803, 0.012352580204606056, 0.012523951940238476, 0.013576139695942402], "(2, 5, 4, 3)": [0.019050337374210358, 0.01983422227203846, 0.016026850789785385, 0.01918071322143078, 0.01885453797876835], "(2, 4, 1, 2)": [0.018878478556871414, 0.01494012400507927, 0.01454780250787735, 0.0165043193846941, 0.014157190918922424], "(2, 5, 1, 2)": [0.01950180158019066, 0.01887662149965763, 0.018962714821100235, 0.018939988687634468, 0.018767502158880234], "(2, 5, 0, 2)": [0.019267678260803223, 0.019173074513673782, 0.018964514136314392, 0.019302677363157272, 0.01917542703449726], "(2, 5, 2, 3)": [0.012721872888505459, 0.016417790204286575, 0.011082672514021397, 0.012906602583825588, 0.013324469327926636], "(2, 4, 0, 1)": [0.01128465961664915, 0.01245603896677494, 0.010812208987772465, 0.019250279292464256, 0.010995518416166306], "(2, 4, 4, 2)": [0.018807169049978256, 0.01877637207508087, 0.018793821334838867, 0.019085638225078583, 0.019645320251584053], "(2, 4, 5, 3)": [0.018657058477401733, 0.01931196078658104, 0.01975518837571144, 0.01932154782116413, 0.018384845927357674], "(3, 4, 4, 2)": [0.019557060673832893, 0.015427475795149803, 0.017699675634503365, 0.01520018931478262, 0.019211042672395706], "(3, 4, 3, 2)": [0.015695730224251747, 0.01886855438351631, 0.018644409254193306, 0.018705857917666435, 0.01975053735077381], "(3, 4, 2, 1)": [0.015787914395332336, 0.013518217951059341, 0.017049750313162804, 0.01600801572203636, 0.01970793679356575], "(3, 4, 2, 2)": [0.019274380058050156, 0.019374588504433632, 0.017622990533709526, 0.019510621204972267, 0.019776755943894386], "(3, 4, 3, 1)": [0.01615937240421772, 0.00038992054760456085, 0.0, -0.0054547712206840515, 0.0010639617685228586], "(2, 5, 1, 1)": [0.019233033061027527, 0.019048132002353668, 0.019263574853539467, 0.019846701994538307, 0.019180580973625183], "(2, 5, 0, 1)": [0.018971387296915054, 0.018918408080935478, 0.019007697701454163, 0.019368687644600868, 0.01897110417485237], "(1, 5, 1, 2)": [0.019272001460194588, 0.019899500533938408, 0.01925809308886528, 0.019010785967111588, 0.018035778775811195], "(1, 5, 2, 2)": [0.019814543426036835, 0.018846435472369194, 0.019274067133665085, 0.019573813304305077, 0.019320303574204445], "(1, 5, 3, 3)": [0.01635861024260521, 0.019693227484822273, 0.01755012571811676, 0.017849881201982498, 0.014586035162210464], "(1, 5, 2, 3)": [0.008853629231452942, 0.01952560991048813, 0.011574886739253998, 0.012892484664916992, 0.013435025699436665], "(1, 4, 0, 1)": [0.013120891526341438, 0.011721564456820488, 0.011692063882946968, 0.013856408186256886, 0.01380513422191143], "(2, 5, 2, 1)": [0.0027793042827397585, 0.007659281138330698, 0.00923406332731247, 0.009475884959101677, 0.01969013176858425], "(2, 5, 4, 2)": [0.01980055496096611, 0.019408179447054863, 0.01954193040728569, 0.01959170401096344, 0.019425731152296066], "(2, 5, 5, 3)": [0.014249172061681747, 0.014622541144490242, 0.011748235672712326, 0.01729428768157959, 0.012908191420137882], "(3, 5, 4, 3)": [0.013471247628331184, 0.019388575106859207, 0.01309981383383274, 0.013398058712482452, 0.013299239799380302], "(3, 5, 4, 2)": [0.019735286012291908, 0.015375926159322262, 0.019336368888616562, 0.01939527876675129, 0.0193032193928957], "(3, 5, 3, 2)": [0.018757609650492668, 0.01993652433156967, 0.019025959074497223, 0.01873001456260681, 0.0189641285687685], "(3, 5, 2, 2)": [0.019374070689082146, 0.019911348819732666, 0.01872917450964451, 0.014630917459726334, 0.0191954355686903], "(3, 5, 1, 2)": [0.019236674532294273, 0.0191891398280859, 0.019228996708989143, 0.019928008317947388, 0.01913948357105255], "(3, 5, 0, 1)": [0.019031120464205742, 0.01929507590830326, 0.019606813788414, 0.01927977055311203, 0.019906118512153625], "(3, 5, 1, 1)": [0.01963900402188301, 0.01987571269273758, 0.019718337804079056, 0.01963665522634983, 0.019565584138035774], "(2, 4, -1, 0)": [0.0035664800088852644, -0.0003011354710906744, 0.000714266556315124, 0.015694433823227882, -0.00010102824307978153], "(3, 5, 3, 3)": [0.009990427643060684, 0.0176460612565279, 0.012755082920193672, 0.01321505568921566, 0.012613603845238686], "(1, 4, 2, 2)": [0.018635330721735954, 0.01888464391231537, 0.019561028108000755, 0.018337208777666092, 0.0189347080886364], "(1, 4, 1, 1)": [0.013091670349240303, 0.013090556487441063, 0.0124901682138443, 0.01549708005040884, 0.014385651797056198], "(1, 4, 1, 2)": [0.01834224909543991, 0.013866002671420574, 0.014174818992614746, 0.019342314451932907, 0.018859710544347763], "(2, 4, 0, 2)": [0.018086332827806473, 0.01926015131175518, 0.018985385075211525, 0.018420835956931114, 0.019307008013129234], "(3, 5, 5, 3)": [0.014131353236734867, 0.01885390654206276, 0.01681271567940712, 0.018060848116874695, 0.015842938795685768], "(3, 5, 6, 4)": [0.0, 0.001723886583931744, 0.015236642211675644, 0.0002529495395720005, -0.0033804248087108135], "(3, 4, 1, 1)": [0.01908670738339424, 0.018846314400434494, 0.018517067655920982, 0.019598839804530144, 0.017570091411471367], "(3, 4, 0, 1)": [0.012676357291638851, 0.011836016550660133, 0.015528972260653973, 0.019439684227108955, 0.015302473679184914], "(1, 4, 3, 2)": [0.01897531747817993, 0.014627715572714806, 0.018626723438501358, 0.01932109333574772, 0.018970828503370285], "(2, 5, 6, 3)": [0.0, 0.009970870800316334, 0.0014442468527704477, 0.002646406413987279, 0.0016785245388746262], "(3, 4, 4, 3)": [0.01955261267721653, 0.019796179607510567, 0.0194203183054924, 0.019374048337340355, 0.019565708935260773], "(3, 4, 1, 2)": [0.01963418535888195, 0.019326772540807724, 0.019507823511958122, 0.019464857876300812, 0.019865863025188446], "(2, 5, 1, 3)": [-0.001871654181741178, 0.011259675957262516, 0.0, 0.0, 0.0], "(1, 5, 0, 2)": [0.019767284393310547, 0.015205149538815022, 0.019252941012382507, 0.019019661471247673, 0.019151637330651283], "(1, 5, 1, 3)": [0.000542876310646534, 0.01738821528851986, 0.0, -0.0026853641029447317, 0.0], "(1, 4, 4, 3)": [0.019369209185242653, 0.019464315846562386, 0.019415386021137238, 0.018572738394141197, 0.01956675946712494], "(1, 4, 0, 2)": [0.019719235599040985, 0.019680626690387726, 0.019612103700637817, 0.01983688585460186, 0.019671311601996422], "(1, 4, 3, 3)": [0.01983620971441269, 0.019752342253923416, 0.019591718912124634, 0.019743073731660843, 0.01968434453010559], "(3, 4, 5, 3)": [0.019580187276005745, 0.019550343975424767, 0.01958136074244976, 0.019350606948137283, 0.019210468977689743], "(3, 5, 5, 2)": [0.0, 0.0035144807770848274, 0.006884464994072914, 0.0, 0.0192414540797472], "(2, 4, 0, 0)": [-8.302717469632626e-05, -0.004215073771774769, -0.00549399945884943, -0.0013315535616129637, 0.011690044775605202], "(1, 4, -1, 1)": [0.0016418986488133669, 0.00694706616923213, 0.008677567355334759, 0.018972055986523628, 0.009700357913970947], "(1, 5, 0, 1)": [0.019629638642072678, 0.019344577565789223, 0.01965160109102726, 0.019546978175640106, 0.019663678482174873],