{"q_values": {"(2, 5, 2, 2)": [0.018911385908722878, 0.019713066518306732, 0.01796213537454605, 0.018888160586357117, 0.018778881058096886], "(2, 5, 3, 2)": [0.019782328978180885, 0.016756923869252205, 0.018872324377298355, 0.019339706748723984, 0.01922416500747204], "(2, 5, 3, 3)": [0.019622350111603737, 0.015462898649275303, 0.014947222545742989, 0.014223749749362469, 0.01410978939384222], "(2, 4, 2, 2)": [0.01729423739016056, 0.019210709258913994, 0.01929439790546894, 0.019043415784835815, 0.019702047109603882], "(2, 4, 3, 2)": [0.019411643967032433, 0.019324246793985367, 0.019481198862195015, 0.019513284787535667, 0.019782928749918938], "(2, 4, 3, 3)": [0.019851746037602425, 0.01962256245315075, 0.019436130300164223, 0.019599279388785362, 0.019651276990771294], "(2, 4, 4, 3)": [0.019463470205664635, 0.019686715677380562, 0.019888564944267273, 0.019563233479857445, 0.019587798044085503], "(2, 4, 1, 1)": [0.01579672284424305, 0.01667247712612152, 0.01476207934319973, 0.01970100589096546, 0.01680804044008255], "(2, 4, 2, 1)": [0.010355908423662186, 0.011537083424627781, 0.011207991279661655, 0.012152537703514099, 0.018008962273597717], "(2, 5, 4, 3)": [0.019815031439065933, 0.017094416543841362, 0.01875069923698902, 0.017002465203404427, 0.016203636303544044], "(2, 4, 1, 2)": [0.019135115668177605, 0.019214345142245293, 0.017377203330397606, 0.019228985533118248, 0.01971251517534256], "(2, 5, 1, 2)": [0.018587537109851837, 0.01967402920126915, 0.018241140991449356, 0.017858192324638367, 0.01875375024974346], "(2, 5, 0, 2)": [0.01896408013999462, 0.017803028225898743, 0.019048864021897316, 0.019046345725655556, 0.01680855266749859], "(2, 5, 2, 3)": [0.0076532503589987755, 0.007582183927297592, 0.007336906157433987, 0.008186066523194313, 0.006649903021752834], "(2, 4, 0, 1)": [0.019272515550255775, 0.01736878789961338, 0.015476916916668415, 0.017626166343688965, 0.019642364233732224], "(2, 4, 4, 2)": [0.01932729221880436, 0.019222792237997055, 0.019096078351140022, 0.019233383238315582, 0.019625017419457436], "(2, 4, 5, 3)": [0.019311904907226562, 0.01947587914764881, 0.01950371265411377, 0.01933847926557064, 0.019596215337514877], "(3, 4, 4, 2)": [0.019344067201018333, 0.019476326182484627, 0.019923027604818344, 0.018365323543548584, 0.01943128928542137], "(3, 4, 3, 2)": [0.019410431385040283, 0.017787352204322815, 0.01794229820370674, 0.01937936246395111, 0.01953728124499321], "(3, 4, 2, 1)": [0.013314740732312202, 0.014974183402955532, 0.008250314742326736, 0.012471095658838749, 0.019771507009863853], "(3, 4, 2, 2)": [0.018200114369392395, 0.018825888633728027, 0.01774096116423607, 0.019823001697659492, 0.018565932288765907], "(3, 4, 3, 1)": [0.01500408910214901, 0.0027036042883992195, 0.0, -0.004277038387954235, 0.0010639617685228586], "(2, 5, 1, 1)": [0.019777970388531685, 0.019626423716545105, 0.019575072452425957, 0.019633758813142776, 0.019658682867884636], "(2, 5, 0, 1)": [0.019461674615740776, 0.01980002596974373, 0.019375069066882133, 0.01963009499013424, 0.019545944407582283], "(1, 5, 1, 2)": [0.018958089873194695, 0.017446398735046387, 0.014890782535076141, 0.018185103312134743, 0.01811223477125168], "(1, 5, 2, 2)": [0.013871685601770878, 0.015812549740076065, 0.017654454335570335, 0.016030970960855484, 0.014537453651428223], "(1, 5, 3, 3)": [0.011890223249793053, 0.01284164097160101, 0.013719615526497364, 0.012025530450046062, 0.016835970804095268], "(1, 5, 2, 3)": [0.01326182670891285, 0.011016082018613815, 0.013252743519842625, 0.01681758463382721, 0.013490688055753708], "(1, 4, 0, 1)": [0.014043273404240608, 0.011768615804612637, 0.01689933054149151, 0.019718047231435776, 0.010290058329701424], "(2, 5, 2, 1)": [0.0027793042827397585, 0.005499361082911491, 0.002698917407542467, 0.007627354934811592, 0.019382314756512642], "(2, 5, 4, 2)": [0.019811740145087242, 0.018277743831276894, 0.01898345537483692, 0.019110094755887985, 0.01750149577856064], "(2, 5, 5, 3)": [0.014946610666811466, 0.018142009153962135, 0.012061325833201408, 0.01349943969398737, 0.014295368455350399], "(3, 5, 4, 3)": [0.01526703406125307, 0.019793713465332985, 0.01763671077787876, 0.01551794819533825, 0.015552866272628307], "(3, 5, 4, 2)": [0.01912344992160797, 0.019893785938620567, 0.019336901605129242, 0.018982531502842903, 0.019255423918366432], "(3, 5, 3, 2)": [0.0194989126175642, 0.019954251125454903, 0.019480733200907707, 0.019372548907995224, 0.019539209082722664], "(3, 5, 2, 2)": [0.019904956221580505, 0.01962362788617611, 0.019686264917254448, 0.01926717907190323, 0.018722010776400566], "(3, 5, 1, 2)": [0.019319454208016396, 0.019171666353940964, 0.01807224377989769, 0.019840728491544724, 0.01923283189535141], "(3, 5, 0, 1)": [0.017735373228788376, 0.019606349989771843, 0.016281992197036743, 0.016382407397031784, 0.01738862320780754], "(3, 5, 1, 1)": [0.01910725049674511, 0.019284719601273537, 0.018907982856035233, 0.019876252859830856, 0.019385887309908867], "(2, 4, -1, 0)": [0.010184007696807384, -0.0003011354710906744, 0.000714266556315124, 0.00621658144518733, 0.0028594296891242266], "(3, 5, 3, 3)": [0.01872926764190197, 0.012094834819436073, 0.011616402305662632, 0.011220980435609818, 0.012111429125070572], "(1, 4, 2, 2)": [0.015311837196350098, 0.018661051988601685, 0.018993759527802467, 0.018930813297629356, 0.019450029358267784], "(1, 4, 1, 1)": [0.014194348827004433, 0.013581584207713604, 0.013697134330868721, 0.016843125224113464, 0.014264140278100967], "(1, 4, 1, 2)": [0.017267942428588867, 0.015056147240102291, 0.018829965963959694, 0.01970702037215233, 0.01728239469230175], "(2, 4, 0, 2)": [0.019719311967492104, 0.018838565796613693, 0.01819719932973385, 0.019105907529592514, 0.01887933909893036], "(3, 5, 5, 3)": [0.008413232862949371, 0.01904878579080105, 0.013475529849529266, 0.01207219809293747, 0.00840962864458561], "(3, 5, 6, 4)": [0.0, 0.001723886583931744, 0.0021382938139140606, 0.0002529495395720005, -0.0033804248087108135], "(3, 4, 1, 1)": [0.0168228168040514, 0.01494977530092001, 0.016426637768745422, 0.019796615466475487, 0.016634518280625343], "(3, 4, 0, 1)": [0.010381796397268772, 0.011108716018497944, 0.01150638610124588, 0.018684420734643936, 0.013345056213438511], "(1, 4, 3, 2)": [0.019283035770058632, 0.018772965297102928, 0.018595479428768158, 0.01856730319559574, 0.01920466125011444], "(2, 5, 6, 3)": [0.0, 0.006474204361438751, 0.0014442468527704477, 0.002646406413987279, 0.0016785245388746262], "(3, 4, 4, 3)": [0.019821560010313988, 0.019289705902338028, 0.019547810778021812, 0.019536875188350677, 0.0192035511136055], "(3, 4, 1, 2)": [0.010470139794051647, 0.01972130499780178, 0.01462524849921465, 0.011160927824676037, 0.01655961200594902], "(2, 5, 1, 3)": [-0.001871654181741178, 0.010060271248221397, 0.0, 0.0, 0.0], "(1, 5, 0, 2)": [0.019117116928100586, 0.01965545117855072, 0.019019726663827896, 0.019078876823186874, 0.01909714564681053], "(1, 5, 1, 3)": [-0.0019909199327230453, 0.011406844481825829, 0.0, -0.005850866436958313, 0.0], "(1, 4, 4, 3)": [0.017719389870762825, 0.01921037584543228, 0.016828574240207672, 0.018269933760166168, 0.018065856769680977], "(1, 4, 0, 2)": [0.018600983545184135, 0.018607113510370255, 0.01912018470466137, 0.01724671944975853, 0.019661806523799896], "(1, 4, 3, 3)": [0.018814826384186745, 0.019042953848838806, 0.018640004098415375, 0.01884062960743904, 0.0188685841858387], "(3, 4, 5, 3)": [0.01898099109530449, 0.01899654045701027, 0.01795373111963272, 0.019033605232834816, 0.01956341229379177], "(3, 5, 5, 2)": [0.0, 0.0035144807770848274, 0.006884464994072914, 0.0, 0.017111198976635933], "(2, 4, 0, 0)": [-0.0015053795650601387, -0.004215073771774769, -0.00549399945884943, -0.0013315535616129637, 0.0035073482431471348], "(1, 4, -1, 1)": [0.0016418986488133669, 0.010636010207235813, 0.0075271776877343655, 0.012456648051738739, 0.008256818167865276], "(1, 5, 0, 1)": [0.01922205090522766, 0.019867032766342163, 0.019359000027179718, 0.019286485388875008, 0.019270269200205803],