{"q_values": {"(2, 5, 2, 2)": [0.01905551552772522, 0.019458314403891563, 0.01768573559820652, 0.01570945419371128, 0.01927490532398224], "(2, 5, 3, 2)": [0.019691070541739464, 0.01841733045876026, 0.019248900935053825, 0.01925610564649105, 0.019095778465270996], "(2, 5, 3, 3)": [0.019009053707122803, 0.014242095872759819, 0.012859657406806946, 0.014068505726754665, 0.014363031834363937], "(2, 4, 2, 2)": [0.016853949055075645, 0.0172107070684433, 0.016257209703326225, 0.01939898170530796, 0.01979302428662777], "(2, 4, 3, 2)": [0.0197666697204113, 0.01944824308156967, 0.019301515072584152, 0.019241470843553543, 0.019532328471541405], "(2, 4, 3, 3)": [0.019808338955044746, 0.01956961303949356, 0.019603757187724113, 0.01954822428524494, 0.019456857815384865], "(2, 4, 4, 3)": [0.01955980435013771, 0.01946796476840973, 0.019606534391641617, 0.019645875319838524, 0.019771119579672813], "(2, 4, 1, 1)": [0.015017865225672722, 0.017481645569205284, 0.015304737724363804, 0.019604068249464035, 0.014718050137162209], "(2, 4, 2, 1)": [0.010355908423662186, 0.011537083424627781, 0.009713838808238506, 0.017600981518626213, 0.01171458512544632], "(2, 5, 4, 3)": [0.015309343114495277, 0.01954253576695919, 0.017643766477704048, 0.017008937895298004, 0.017270972952246666], "(2, 4, 1, 2)": [0.01938743330538273, 0.019205216318368912, 0.019068069756031036, 0.019777808338403702, 0.01915576495230198], "(2, 5, 1, 2)": [0.01944718323647976, 0.019174987450242043, 0.01907152682542801, 0.019095735624432564, 0.019011985510587692], "(2, 5, 0, 2)": [0.01805884949862957, 0.017137566581368446, 0.019527865573763847, 0.01857028901576996, 0.01525857113301754], "(2, 5, 2, 3)": [0.015182465314865112, 0.007582183927297592, 0.007336906157433987, 0.008186066523194313, 0.006649903021752834], "(2, 4, 0, 1)": [0.017386412248015404, 0.01713729277253151, 0.017807181924581528, 0.019191214814782143, 0.014761993661522865], "(2, 4, 4, 2)": [0.01913684792816639, 0.01903538405895233, 0.018981313332915306, 0.019038327038288116, 0.01967117376625538], "(2, 4, 5, 3)": [0.019097354263067245, 0.019734041765332222, 0.019529812037944794, 0.019248588010668755, 0.019402818754315376], "(3, 4, 4, 2)": [0.018924366682767868, 0.01907534897327423, 0.019567223265767097, 0.016125425696372986, 0.01898953504860401], "(3, 4, 3, 2)": [0.015366683714091778, 0.013990676030516624, 0.017004050314426422, 0.01766035705804825, 0.01941659301519394], "(3, 4, 2, 1)": [0.009259721264243126, 0.009154108352959156, 0.004101943224668503, 0.009743308648467064, 0.01304312702268362], "(3, 4, 2, 2)": [0.016186269000172615, 0.01614888571202755, 0.013796498998999596, 0.017983434721827507, 0.016126692295074463], "(3, 4, 3, 1)": [0.016186924651265144, 0.0027036042883992195, 0.0, -0.004277038387954235, 0.0010639617685228586], "(2, 5, 1, 1)": [0.019647939130663872, 0.019595293328166008, 0.01969923824071884, 0.019662950187921524, 0.01968001388013363], "(2, 5, 0, 1)": [0.0193779319524765, 0.01956944540143013, 0.019560586661100388, 0.0196040328592062, 0.019506910815835], "(1, 5, 1, 2)": [0.018631964921951294, 0.01574903167784214, 0.01950518786907196, 0.018371127545833588, 0.018590683117508888], "(1, 5, 2, 2)": [0.01862533763051033, 0.015812549740076065, 0.015858594328165054, 0.014610630460083485, 0.013682803139090538], "(1, 5, 3, 3)": [0.013467872515320778, 0.014835722744464874, 0.013100727461278439, 0.013454530388116837, 0.016961511224508286], "(1, 5, 2, 3)": [0.01326182670891285, 0.011016082018613815, 0.013823193497955799, 0.01320280134677887, 0.013490688055753708], "(1, 4, 0, 1)": [0.014043273404240608, 0.011768615804612637, 0.01360064372420311, 0.019065991044044495, 0.010290058329701424], "(2, 5, 2, 1)": [0.0027793042827397585, 0.005499361082911491, 0.002698917407542467, 0.007627354934811592, 0.019311867654323578], "(2, 5, 4, 2)": [0.019739001989364624, 0.017992306500673294, 0.01898345537483692, 0.019110094755887985, 0.016591574996709824], "(2, 5, 5, 3)": [0.019457072019577026, 0.015640554949641228, 0.01584869809448719, 0.01624986156821251, 0.013275003992021084], "(3, 5, 4, 3)": [0.013523904606699944, 0.019068650901317596, 0.011785294860601425, 0.011818534694612026, 0.01403815671801567], "(3, 5, 4, 2)": [0.018808020278811455, 0.019561728462576866, 0.018776342272758484, 0.018581945449113846, 0.0188570749014616], "(3, 5, 3, 2)": [0.017914924770593643, 0.018943069502711296, 0.01985161006450653, 0.01859293505549431, 0.016577718779444695], "(3, 5, 2, 2)": [0.019859207794070244, 0.0190067607909441, 0.01872696727514267, 0.01771494187414646, 0.015980098396539688], "(3, 5, 1, 2)": [0.018703777343034744, 0.01867314986884594, 0.017753371968865395, 0.01982591487467289, 0.018915530294179916], "(3, 5, 0, 1)": [0.017735373228788376, 0.019125856459140778, 0.016281992197036743, 0.016382407397031784, 0.01738862320780754], "(3, 5, 1, 1)": [0.01886850781738758, 0.01907060295343399, 0.018907982856035233, 0.019587717950344086, 0.018888328224420547], "(2, 4, -1, 0)": [0.008660604245960712, -0.0003011354710906744, 0.000714266556315124, 0.00621658144518733, 0.0028594296891242266], "(3, 5, 3, 3)": [0.018051616847515106, 0.011076116934418678, 0.00854933075606823, 0.011220980435609818, 0.012111429125070572], "(1, 4, 2, 2)": [0.018934566527605057, 0.017759110778570175, 0.019148632884025574, 0.018813462927937508, 0.019244041293859482], "(1, 4, 1, 1)": [0.009604132734239101, 0.011457082815468311, 0.018463322892785072, 0.014934138394892216, 0.014264140278100967], "(1, 4, 1, 2)": [0.018868716433644295, 0.019090233370661736, 0.018992742523550987, 0.019719958305358887, 0.01545342430472374], "(2, 4, 0, 2)": [0.019488301128149033, 0.018838565796613693, 0.01794656738638878, 0.01897898130118847, 0.01870925910770893], "(3, 5, 5, 3)": [0.0159591194242239, 0.01832745224237442, 0.013475529849529266, 0.01630004495382309, 0.01669595018029213], "(3, 5, 6, 4)": [0.0, 0.001723886583931744, 0.0021382938139140606, 0.0002529495395720005, -0.0033804248087108135], "(3, 4, 1, 1)": [0.013885376043617725, 0.013419332914054394, 0.014264106750488281, 0.01842711679637432, 0.010593002662062645], "(3, 4, 0, 1)": [0.010381796397268772, 0.00989452376961708, 0.010130196809768677, 0.01769142411649227, 0.013345056213438511], "(1, 4, 3, 2)": [0.019029274582862854, 0.018772965297102928, 0.018595479428768158, 0.01856730319559574, 0.019435599446296692], "(2, 5, 6, 3)": [0.0, 0.004314276855438948, 0.0014442468527704477, 0.002646406413987279, 0.0016785245388746262], "(3, 4, 4, 3)": [0.019316324964165688, 0.01951330527663231, 0.019283488392829895, 0.01920521818101406, 0.01912187971174717], "(3, 4, 1, 2)": [0.007121462374925613, 0.019146544858813286, 0.01462524849921465, 0.008017381653189659, 0.01607508771121502], "(2, 5, 1, 3)": [-0.001871654181741178, 0.010060271248221397, 0.0, 0.0, 0.0], "(1, 5, 0, 2)": [0.01902015507221222, 0.019257232546806335, 0.018948014825582504, 0.01882072538137436, 0.018954191356897354], "(1, 5, 1, 3)": [-0.0019909199327230453, 0.010438408702611923, 0.0, -0.005850866436958313, 0.0], "(1, 4, 4, 3)": [0.017326554283499718, 0.019403841346502304, 0.016828574240207672, 0.018398955464363098, 0.018065856769680977], "(1, 4, 0, 2)": [0.018600983545184135, 0.01843845099210739, 0.019011646509170532, 0.01573117822408676, 0.019607404246926308], "(1, 4, 3, 3)": [0.019252238795161247, 0.019594959914684296, 0.018640004098415375, 0.01915293000638485, 0.019195666536688805], "(3, 4, 5, 3)": [0.01886962726712227, 0.019091343507170677, 0.01795373111963272, 0.01910138688981533, 0.0190396998077631], "(3, 5, 5, 2)": [0.0, 0.0035144807770848274, 0.006884464994072914, 0.0, 0.017111198976635933], "(2, 4, 0, 0)": [-0.0015053795650601387, -0.004215073771774769, -0.00549399945884943, -0.0013315535616129637, 0.0008282787166535854], "(1, 4, -1, 1)": [0.0016418986488133669, 0.010636010207235813, 0.0075271776877343655, 0.012456648051738739, 0.008256818167865276], "(1, 5, 0, 1)": [0.01911351829767227, 0.019286785274744034, 0.0190621018409729, 0.01914464496076107, 0.019158130511641502],