{"q_values": {"(2, 5, 2, 2)": [0.01991136744618416, 0.018614009022712708, 0.018942466005682945, 0.015490716323256493, 0.014043226838111877], "(2, 5, 3, 2)": [0.019919514656066895, 0.019286205992102623, 0.019335709512233734, 0.019237015396356583, 0.01832817681133747], "(2, 5, 3, 3)": [0.01577419601380825, 0.019840631633996964, 0.014420216903090477, 0.014384940266609192, 0.016155805438756943], "(2, 4, 2, 2)": [0.01803261786699295, 0.01903923600912094, 0.01842487044632435, 0.018904605880379677, 0.019815387204289436], "(2, 4, 3, 2)": [0.018830761313438416, 0.017925070598721504, 0.01922275498509407, 0.01989242434501648, 0.018172407522797585], "(2, 4, 3, 3)": [0.01995221897959709, 0.019554758444428444, 0.019648797810077667, 0.01948907971382141, 0.019585106521844864], "(2, 4, 4, 3)": [0.019653137773275375, 0.01938643306493759, 0.01994379051029682, 0.019645409658551216, 0.019568543881177902], "(2, 4, 1, 1)": [0.015486614778637886, 0.014722755178809166, 0.015487464144825935, 0.014846288599073887, 0.01979760080575943], "(2, 4, 2, 1)": [0.011747147887945175, 0.0062688253819942474, 0.011060219258069992, 0.010275427252054214, 0.018454642966389656], "(2, 5, 4, 3)": [0.012015662156045437, 0.014045292511582375, 0.019861100241541862, 0.016176702454686165, 0.013071304187178612], "(2, 4, 1, 2)": [0.019353393465280533, 0.018881438300013542, 0.018945729359984398, 0.01981678605079651, 0.01889267936348915], "(2, 5, 1, 2)": [0.019904403015971184, 0.019254634156823158, 0.017792603000998497, 0.019239850342273712, 0.019093897193670273], "(2, 5, 0, 2)": [0.019330192357301712, 0.01935417205095291, 0.018999747931957245, 0.01901409775018692, 0.019729025661945343], "(2, 5, 2, 3)": [0.01545319240540266, 0.010272976011037827, 0.009170450270175934, 0.01076717209070921, 0.011574790813028812], "(2, 4, 0, 1)": [0.015933511778712273, 0.016346031799912453, 0.016755960881710052, 0.016320664435625076, 0.01981784962117672], "(2, 4, 4, 2)": [0.019140923395752907, 0.019209815189242363, 0.019914910197257996, 0.019127320498228073, 0.019292473793029785], "(2, 4, 5, 3)": [0.01964331604540348, 0.019270844757556915, 0.01908360980451107, 0.019336465746164322, 0.019523615017533302], "(3, 4, 4, 2)": [0.018976736813783646, 0.018982058390975, 0.018903637304902077, 0.019483046606183052, 0.019168594852089882], "(3, 4, 3, 2)": [0.018272891640663147, 0.014094457030296326, 0.018882861360907555, 0.01892709545791149, 0.019645962864160538], "(3, 4, 2, 1)": [0.011916817165911198, 0.011571970768272877, 0.012158370576798916, 0.013376262970268726, 0.018255529925227165], "(3, 4, 2, 2)": [0.01914621703326702, 0.01672384701669216, 0.01907026767730713, 0.01965685933828354, 0.019180627539753914], "(3, 4, 3, 1)": [0.007154182065278292, 0.0027036042883992195, 0.0, -0.0054547712206840515, 0.0010639617685228586], "(2, 5, 1, 1)": [0.019612573087215424, 0.019892774522304535, 0.019583193585276604, 0.019399743527173996, 0.01938958466053009], "(2, 5, 0, 1)": [0.01936323195695877, 0.019884688779711723, 0.019383758306503296, 0.019305536523461342, 0.019492750987410545], "(1, 5, 1, 2)": [0.016201237216591835, 0.01454911194741726, 0.012719377875328064, 0.018959125503897667, 0.013847803696990013], "(1, 5, 2, 2)": [0.014531908556818962, 0.014778598211705685, 0.01893818937242031, 0.019160134717822075, 0.014450919814407825], "(1, 5, 3, 3)": [0.01617468148469925, 0.018591806292533875, 0.0186120867729187, 0.015060060657560825, 0.018597925081849098], "(1, 5, 2, 3)": [0.018354523926973343, 0.012447929009795189, 0.013865862041711807, 0.01479758508503437, 0.012599682435393333], "(1, 4, 0, 1)": [0.01851104199886322, 0.0181723739951849, 0.019496625289320946, 0.016567809507250786, 0.019598934799432755], "(2, 5, 2, 1)": [0.0027793042827397585, 0.005499361082911491, 0.005279420409351587, 0.009475884959101677, 0.019672902300953865], "(2, 5, 4, 2)": [0.019812583923339844, 0.019408179447054863, 0.019385479390621185, 0.019624963402748108, 0.01880788616836071], "(2, 5, 5, 3)": [0.013694610446691513, 0.01529816072434187, 0.012218227609992027, 0.014366209506988525, 0.012992031872272491], "(3, 5, 4, 3)": [0.014739301055669785, 0.01405877061188221, 0.018171966075897217, 0.013081098906695843, 0.013681425713002682], "(3, 5, 4, 2)": [0.019667575135827065, 0.019354596734046936, 0.01940581388771534, 0.01891740970313549, 0.01929464004933834], "(3, 5, 3, 2)": [0.019002700224518776, 0.019214333966374397, 0.01973782293498516, 0.01777726784348488, 0.018899912014603615], "(3, 5, 2, 2)": [0.01896193064749241, 0.019656198099255562, 0.01684659533202648, 0.018942534923553467, 0.018950751051306725], "(3, 5, 1, 2)": [0.019377006217837334, 0.01922796480357647, 0.019313065335154533, 0.019610412418842316, 0.019266143441200256], "(3, 5, 0, 1)": [0.018751077353954315, 0.01889866776764393, 0.019680602476000786, 0.018969064578413963, 0.019212771207094193], "(3, 5, 1, 1)": [0.01951528899371624, 0.01963343471288681, 0.019489837810397148, 0.01958412118256092, 0.01969512552022934], "(2, 4, -1, 0)": [0.0009953260887414217, -0.0003011354710906744, 0.000714266556315124, 0.0011134634260088205, 0.006766457110643387], "(3, 5, 3, 3)": [0.015216536819934845, 0.014090053737163544, 0.013487711548805237, 0.010884665884077549, 0.012661682441830635], "(1, 4, 2, 2)": [0.019542613998055458, 0.018818210810422897, 0.01954364962875843, 0.017198625952005386, 0.01976710557937622], "(1, 4, 1, 1)": [0.015831325203180313, 0.012445732951164246, 0.014087025076150894, 0.013974994421005249, 0.01990198716521263], "(1, 4, 1, 2)": [0.018912937492132187, 0.019305357709527016, 0.019184507429599762, 0.018389608711004257, 0.01954333484172821], "(2, 4, 0, 2)": [0.015930980443954468, 0.019233135506510735, 0.018629884347319603, 0.017482709139585495, 0.019784992560744286], "(3, 5, 5, 3)": [0.013405892997980118, 0.014337871223688126, 0.016065416857600212, 0.01371986884623766, 0.011180845089256763], "(3, 5, 6, 4)": [0.0, 0.001723886583931744, 0.015236642211675644, 0.0002529495395720005, -0.0033804248087108135], "(3, 4, 1, 1)": [0.018195508047938347, 0.01756819151341915, 0.01914079114794731, 0.015812141820788383, 0.017474330961704254], "(3, 4, 0, 1)": [0.009963681921362877, 0.010581007227301598, 0.01440707128494978, 0.014481090009212494, 0.015998277813196182], "(1, 4, 3, 2)": [0.01977396197617054, 0.01954992674291134, 0.019647041335701942, 0.01932709477841854, 0.01992945931851864], "(2, 5, 6, 3)": [0.0, 0.009970870800316334, 0.0014442468527704477, 0.002646406413987279, 0.0016785245388746262], "(3, 4, 4, 3)": [0.019642755389213562, 0.019510731101036072, 0.019749334082007408, 0.01968637853860855, 0.019668037071824074], "(3, 4, 1, 2)": [0.019306715577840805, 0.018859747797250748, 0.019124072045087814, 0.01779640093445778, 0.01977011375129223], "(2, 5, 1, 3)": [-0.001871654181741178, 0.010060271248221397, 0.0, 0.0, 0.0], "(1, 5, 0, 2)": [0.017364181578159332, 0.01975257322192192, 0.019185682758688927, 0.01915501058101654, 0.019210953265428543], "(1, 5, 1, 3)": [0.000542876310646534, 0.01173192635178566, 0.0, -0.0026853641029447317, 0.0], "(1, 4, 4, 3)": [0.01956995204091072, 0.019769713282585144, 0.019562872126698494, 0.01821245066821575, 0.01957160234451294], "(1, 4, 0, 2)": [0.019327137619256973, 0.01935472898185253, 0.01921495608985424, 0.019224675372242928, 0.019748041406273842], "(1, 4, 3, 3)": [0.01980123482644558, 0.019803334027528763, 0.01980499178171158, 0.019801180809736252, 0.019841307774186134], "(3, 4, 5, 3)": [0.019153544679284096, 0.019338125362992287, 0.019311271607875824, 0.019518142566084862, 0.019362151622772217], "(3, 5, 5, 2)": [0.0, 0.0035144807770848274, 0.006884464994072914, 0.0, 0.01803714781999588], "(2, 4, 0, 0)": [0.0006488596554845572, -0.004215073771774769, -0.00549399945884943, -0.0013315535616129637, 0.0046357661485672], "(1, 4, -1, 1)": [0.0016418986488133669, 0.00694706616923213, 0.008677567355334759, 0.016007624566555023, 0.008256818167865276], "(1, 5, 0, 1)": [0.019609084352850914, 0.019475219771265984, 0.019594023004174232, 0.019715910777449608, 0.01962541975080967],