{"q_values": {"(2, 5, 2, 2)": [0.01968301460146904, 0.018528319895267487, 0.014917437918484211, 0.01869199238717556, 0.01759045012295246], "(2, 5, 3, 2)": [0.01870063878595829, 0.01965935528278351, 0.018773263320326805, 0.018953202292323112, 0.01899091526865959], "(2, 5, 3, 3)": [0.011923043057322502, 0.010991960763931274, 0.009883999824523926, 0.01884133368730545, 0.00995022151619196], "(2, 4, 2, 2)": [0.018163669854402542, 0.01796756312251091, 0.017661767080426216, 0.01897302083671093, 0.019290490075945854], "(2, 4, 3, 2)": [0.019184064120054245, 0.018987873569130898, 0.01906188204884529, 0.019031193107366562, 0.019514810293912888], "(2, 4, 3, 3)": [0.01931098662316799, 0.019366145133972168, 0.019254237413406372, 0.01965300180017948, 0.019370263442397118], "(2, 4, 4, 3)": [0.01927199587225914, 0.019435903057456017, 0.019357116892933846, 0.019777905195951462, 0.019214095547795296], "(2, 4, 1, 1)": [0.01802835613489151, 0.018802892416715622, 0.014895920641720295, 0.016770752146840096, 0.015109222382307053], "(2, 4, 2, 1)": [0.011911104433238506, 0.007975133135914803, 0.012352580204606056, 0.012523951940238476, 0.013737589120864868], "(2, 5, 4, 3)": [0.019423015415668488, 0.01245490275323391, 0.013339678756892681, 0.013789543882012367, 0.01192268542945385], "(2, 4, 1, 2)": [0.019415082409977913, 0.019372038543224335, 0.019407615065574646, 0.019248325377702713, 0.01942543126642704], "(2, 5, 1, 2)": [0.019324220716953278, 0.019817115738987923, 0.019148539751768112, 0.018774060532450676, 0.018971703946590424], "(2, 5, 0, 2)": [0.01922840066254139, 0.019611798226833344, 0.019185317680239677, 0.019320320338010788, 0.019134780392050743], "(2, 5, 2, 3)": [0.010606521740555763, 0.016660941764712334, 0.011082672514021397, 0.010206734761595726, 0.009770176373422146], "(2, 4, 0, 1)": [0.01612919382750988, 0.01371329091489315, 0.013736589811742306, 0.015073471702635288, 0.014387077651917934], "(2, 4, 4, 2)": [0.019158493727445602, 0.019143816083669662, 0.018929580226540565, 0.01916787214577198, 0.019650522619485855], "(2, 4, 5, 3)": [0.01886463724076748, 0.01931196078658104, 0.018540875986218452, 0.019668038934469223, 0.018512584269046783], "(3, 4, 4, 2)": [0.019251147285103798, 0.015427475795149803, 0.018032420426607132, 0.016499487683176994, 0.019497457891702652], "(3, 4, 3, 2)": [0.018417710438370705, 0.018677128478884697, 0.014088286086916924, 0.015329166315495968, 0.019200602546334267], "(3, 4, 2, 1)": [0.013717628084123135, 0.01331953052431345, 0.017477693036198616, 0.014226336032152176, 0.011507252231240273], "(3, 4, 2, 2)": [0.0136405723169446, 0.013780269771814346, 0.013931723311543465, 0.018575511872768402, 0.01575976423919201], "(3, 4, 3, 1)": [0.01676696166396141, 0.00038992054760456085, 0.0, -0.0054547712206840515, 0.0010639617685228586], "(2, 5, 1, 1)": [0.019565187394618988, 0.01939990371465683, 0.019570035859942436, 0.019509250298142433, 0.019786829128861427], "(2, 5, 0, 1)": [0.018578000366687775, 0.01957610622048378, 0.019838882610201836, 0.01951596699655056, 0.01957399956882], "(1, 5, 1, 2)": [0.019751794636249542, 0.01925686188042164, 0.01880551502108574, 0.018161442130804062, 0.01417884137481451], "(1, 5, 2, 2)": [0.018434306606650352, 0.014709523878991604, 0.018302062526345253, 0.0138411745429039, 0.014018756337463856], "(1, 5, 3, 3)": [0.013952484354376793, 0.019003238528966904, 0.013104015961289406, 0.013318655081093311, 0.014193677343428135], "(1, 5, 2, 3)": [0.010505233891308308, 0.012541279196739197, 0.011574886739253998, 0.012892484664916992, 0.013471306301653385], "(1, 4, 0, 1)": [0.0168822780251503, 0.015452113002538681, 0.015531767159700394, 0.015823140740394592, 0.01986582949757576], "(2, 5, 2, 1)": [0.0027793042827397585, 0.007659281138330698, 0.00923406332731247, 0.009475884959101677, 0.01976885460317135], "(2, 5, 4, 2)": [0.01983405277132988, 0.019408179447054863, 0.019586261361837387, 0.01959170401096344, 0.019425731152296066], "(2, 5, 5, 3)": [0.01938856765627861, 0.011834422126412392, 0.011748235672712326, 0.014178838580846786, 0.014569444581866264], "(3, 5, 4, 3)": [0.01933121867477894, 0.014412373304367065, 0.015686750411987305, 0.016373921185731888, 0.016492340713739395], "(3, 5, 4, 2)": [0.01931539550423622, 0.016567707061767578, 0.01976206712424755, 0.019434770569205284, 0.019445428624749184], "(3, 5, 3, 2)": [0.016720522195100784, 0.018303116783499718, 0.01979595236480236, 0.018955018371343613, 0.014273307286202908], "(3, 5, 2, 2)": [0.019695298746228218, 0.01890467293560505, 0.01872299611568451, 0.0188493262976408, 0.014538520947098732], "(3, 5, 1, 2)": [0.019468914717435837, 0.01944623701274395, 0.019408155232667923, 0.01934446394443512, 0.019449496641755104], "(3, 5, 0, 1)": [0.019031120464205742, 0.019558368250727654, 0.019619977101683617, 0.0195187795907259, 0.0195513516664505], "(3, 5, 1, 1)": [0.019624827429652214, 0.01956288516521454, 0.01945723220705986, 0.019552133977413177, 0.019621629267930984], "(2, 4, -1, 0)": [2.8920359909534454e-05, -0.0003011354710906744, 0.000714266556315124, 0.0004114084877073765, -0.00010102824307978153], "(3, 5, 3, 3)": [0.013524726964533329, 0.01887606643140316, 0.015456915833055973, 0.014670299366116524, 0.014588107354938984], "(1, 4, 2, 2)": [0.018863657489418983, 0.01857253909111023, 0.01903373748064041, 0.019106578081846237, 0.019739113748073578], "(1, 4, 1, 1)": [0.011131210252642632, 0.019645320251584053, 0.0124901682138443, 0.011334428563714027, 0.012510491535067558], "(1, 4, 1, 2)": [0.019248448312282562, 0.017598124220967293, 0.018323421478271484, 0.01912699081003666, 0.01984088495373726], "(2, 4, 0, 2)": [0.0183396078646183, 0.01926015131175518, 0.018985385075211525, 0.018420835956931114, 0.0197801161557436], "(3, 5, 5, 3)": [0.01493796519935131, 0.01960901916027069, 0.017819099128246307, 0.014968971721827984, 0.01732148602604866], "(3, 5, 6, 4)": [0.0, 0.001723886583931744, 0.015236642211675644, 0.0002529495395720005, -0.0033804248087108135], "(3, 4, 1, 1)": [0.018670370802283287, 0.014380693435668945, 0.016030488535761833, 0.013989657163619995, 0.014445522800087929], "(3, 4, 0, 1)": [0.012520400807261467, 0.014770188368856907, 0.014881061390042305, 0.01592368260025978, 0.014497565105557442], "(1, 4, 3, 2)": [0.01885748654603958, 0.014627715572714806, 0.018626723438501358, 0.018907912075519562, 0.019677313044667244], "(2, 5, 6, 3)": [0.0, 0.009970870800316334, 0.0014442468527704477, 0.002646406413987279, 0.0016785245388746262], "(3, 4, 4, 3)": [0.01945897378027439, 0.019576452672481537, 0.019514791667461395, 0.019689476117491722, 0.019808776676654816], "(3, 4, 1, 2)": [0.019506800919771194, 0.019437750801444054, 0.019436225295066833, 0.019934436306357384, 0.019636191427707672], "(2, 5, 1, 3)": [-0.001871654181741178, 0.011259675957262516, -0.002442336408421397, 0.0, 0.0], "(1, 5, 0, 2)": [0.019692329689860344, 0.01856766641139984, 0.01885042153298855, 0.019093647599220276, 0.019005781039595604], "(1, 5, 1, 3)": [0.000542876310646534, 0.008828062564134598, 0.0, -0.004244590178132057, 0.0], "(1, 4, 4, 3)": [0.019419239833950996, 0.018330130726099014, 0.019255822524428368, 0.018572738394141197, 0.019359517842531204], "(1, 4, 0, 2)": [0.019350040704011917, 0.01975434459745884, 0.019519049674272537, 0.01941082254052162, 0.01947673037648201], "(1, 4, 3, 3)": [0.019139738753437996, 0.019189560785889626, 0.019249645993113518, 0.019161701202392578, 0.019216174259781837], "(3, 4, 5, 3)": [0.019611049443483353, 0.019799521192908287, 0.019584624096751213, 0.019350606948137283, 0.019210468977689743], "(3, 5, 5, 2)": [0.0, 0.0035144807770848274, 0.006884464994072914, 0.0, 0.0192414540797472], "(2, 4, 0, 0)": [-8.302717469632626e-05, -0.004215073771774769, -0.00549399945884943, -0.0013315535616129637, 0.0041414545848965645], "(1, 4, -1, 1)": [0.0016418986488133669, 0.00694706616923213, 0.008677567355334759, 0.01912250556051731, 0.009700357913970947], "(1, 5, 0, 1)": [0.019598715007305145, 0.019550764933228493, 0.019893165677785873, 0.019643070176243782, 0.019648652523756027],