{"q_values": {"(2, 5, 2, 2)": [0.01932740956544876, 0.0191811490803957, 0.01918545365333557, 0.018452772870659828, 0.01753268949687481], "(2, 5, 3, 2)": [0.018848966807127, 0.01931866817176342, 0.016721028834581375, 0.019035259261727333, 0.018909476697444916], "(2, 5, 3, 3)": [0.01912667043507099, 0.017045259475708008, 0.014176171272993088, 0.017028123140335083, 0.015634650364518166], "(2, 4, 2, 2)": [0.01379831600934267, 0.014141272753477097, 0.017277467995882034, 0.018993010744452477, 0.01825476996600628], "(2, 4, 3, 2)": [0.019227582961320877, 0.016120219603180885, 0.019322875887155533, 0.019151203334331512, 0.019562330096960068], "(2, 4, 3, 3)": [0.01959407702088356, 0.01948435977101326, 0.01920921355485916, 0.019349386915564537, 0.019345879554748535], "(2, 4, 4, 3)": [0.019221806898713112, 0.019360074773430824, 0.019413720816373825, 0.019617322832345963, 0.019290369004011154], "(2, 4, 1, 1)": [0.011460480280220509, 0.018633386120200157, 0.015334799885749817, 0.013457467779517174, 0.016174977645277977], "(2, 4, 2, 1)": [0.01002356968820095, 0.013954218477010727, 0.011615785770118237, 0.004056389443576336, 0.01753186248242855], "(2, 5, 4, 3)": [0.0165242999792099, 0.018772633746266365, 0.01597020775079727, 0.01741074211895466, 0.015841491520404816], "(2, 4, 1, 2)": [0.018374498933553696, 0.018877824768424034, 0.01888403296470642, 0.018504012376070023, 0.018276385962963104], "(2, 5, 1, 2)": [0.019183946773409843, 0.019618339836597443, 0.01678955741226673, 0.018792230635881424, 0.01897433213889599], "(2, 5, 0, 2)": [0.018474750220775604, 0.0189644955098629, 0.019107045605778694, 0.01901966892182827, 0.018913157284259796], "(2, 5, 2, 3)": [0.011607879772782326, 0.01096263900399208, 0.013445618562400341, 0.0038275462575256824, 0.011912540532648563], "(2, 4, 0, 1)": [0.017274979501962662, 0.01674969308078289, 0.015646088868379593, 0.016818076372146606, 0.014479197561740875], "(2, 4, 4, 2)": [0.018342792987823486, 0.018871868029236794, 0.018386423587799072, 0.019321104511618614, 0.01877354271709919], "(2, 4, 5, 3)": [0.008304128423333168, 0.01487028505653143, 0.013071736320853233, 0.012812445871531963, 0.018201015889644623], "(3, 4, 4, 2)": [0.011105400510132313, 0.014292141422629356, 0.011460538022220135, 0.012591098435223103, 0.01652996987104416], "(3, 4, 3, 2)": [0.018188998103141785, 0.016588840633630753, 0.017199870198965073, 0.01744006760418415, 0.016532808542251587], "(3, 4, 2, 1)": [0.010471440851688385, 0.010850981809198856, 0.009276920929551125, 0.009406120516359806, 0.014290187507867813], "(3, 4, 2, 2)": [0.015437721274793148, 0.01671256683766842, 0.00739082507789135, 0.01681739091873169, 0.01779196970164776], "(3, 4, 3, 1)": [0.0023198015987873077, 0.0, 0.0, 0.0, 0.0], "(2, 5, 1, 1)": [0.019522277638316154, 0.019297704100608826, 0.01938505284488201, 0.01935499534010887, 0.019384829327464104], "(2, 5, 0, 1)": [0.01947089284658432, 0.01960925944149494, 0.018936846405267715, 0.019286716356873512, 0.01950337365269661], "(1, 5, 1, 2)": [0.01756751537322998, 0.009297668933868408, 0.01305899117141962, 0.014635158702731133, 0.015848957002162933], "(1, 5, 2, 2)": [0.014465023763477802, 0.010764899663627148, 0.016162632033228874, 0.015364275313913822, 0.018014302477240562], "(1, 5, 3, 3)": [0.008680898696184158, 0.008054452016949654, 0.01682240329682827, 0.010506851598620415, 0.013953310437500477], "(1, 5, 2, 3)": [0.0006665072869509459, 0.007662173360586166, 0.002379782497882843, 0.005401803180575371, 0.005909258499741554], "(1, 4, 0, 1)": [0.01135712955147028, 0.012431982904672623, 0.014239226467907429, 0.01092924177646637, 0.010997293516993523], "(2, 5, 2, 1)": [0.0, 0.0, 0.002698917407542467, 0.0, 0.0], "(2, 5, 4, 2)": [0.012976243160665035, 0.007211172021925449, 0.014138404279947281, 0.008752920664846897, 0.018408499658107758], "(2, 5, 5, 3)": [0.0173350777477026, 0.016399523243308067, 0.014074730686843395, 0.014812532812356949, 0.01488054171204567], "(3, 5, 4, 3)": [0.015576251782476902, 0.014496074058115482, 0.009662766940891743, 0.01477160956710577, 0.014223949052393436], "(3, 5, 4, 2)": [0.016530510038137436, 0.00836627371609211, 0.006440906785428524, 0.006054155994206667, 0.008940133266150951], "(3, 5, 3, 2)": [0.013982494361698627, 0.014722609892487526, 0.01784159429371357, 0.015826525166630745, 0.018164027482271194], "(3, 5, 2, 2)": [0.017248958349227905, 0.013186069205403328, 0.01580876111984253, 0.017552528530359268, 0.017046239227056503], "(3, 5, 1, 2)": [0.01695881597697735, 0.01416734978556633, 0.01187576912343502, 0.014005553908646107, 0.00884852185845375], "(3, 5, 0, 1)": [0.009685225784778595, 0.013163791038095951, 0.005641965661197901, 0.004627147689461708, 0.009390213526785374], "(3, 5, 1, 1)": [0.0074865613132715225, 0.008713197894394398, 0.010926160961389542, 0.015765726566314697, 0.008245524019002914], "(2, 4, -1, 0)": [0.010233771987259388, -0.0003011354710906744, 0.0016007960075512528, 0.0, -0.0012560412287712097], "(3, 5, 3, 3)": [0.01658872328698635, 0.007280441001057625, 0.014231299981474876, 0.006967382039874792, 0.007980510592460632], "(1, 4, 2, 2)": [0.018255366012454033, 0.018549064174294472, 0.01757299154996872, 0.018278324976563454, 0.018736226484179497], "(1, 4, 1, 1)": [0.004586629569530487, 0.0016257778042927384, 0.004650644026696682, 0.0038379784673452377, 0.00412461394444108], "(1, 4, 1, 2)": [0.018335284665226936, 0.016276076436042786, 0.017609311267733574, 0.017594683915376663, 0.01782178319990635], "(2, 4, 0, 2)": [0.01795729249715805, 0.012890534475445747, 0.010015612468123436, 0.011800048872828484, 0.013290450908243656], "(3, 5, 5, 3)": [0.007122287526726723, 0.0035508410073816776, 0.00802887324243784, 0.00815309677273035, 0.009864093735814095], "(3, 5, 6, 4)": [0.0, 0.0, 0.0, 0.0, 0.0], "(3, 4, 1, 1)": [0.011184624396264553, 0.01573713682591915, 0.013877573423087597, 0.012688257731497288, 0.009496107697486877], "(3, 4, 0, 1)": [0.007571189198642969, 0.0070053101517260075, 0.0033773272298276424, 0.0013740351423621178, 0.004100043326616287], "(1, 4, 3, 2)": [0.018486617133021355, 0.014482544735074043, 0.015271179378032684, 0.013377978466451168, 0.01398356631398201], "(2, 5, 6, 3)": [0.0, 0.0018053267849609256, 0.0014442468527704477, 0.0, 0.0], "(3, 4, 4, 3)": [0.0021214797161519527, 0.0, 0.01210188027471304, 0.0016461336053907871, 0.003692752681672573], "(3, 4, 1, 2)": [0.0, 0.007527453359216452, 0.0, 0.0, 0.0024694621097296476], "(2, 5, 1, 3)": [0.0, 0.007003071717917919, 0.0, 0.0, 0.0], "(1, 5, 0, 2)": [0.00623977230861783, 0.005537292454391718, 0.008340591564774513, 0.004386331886053085, 0.014880195260047913], "(1, 5, 1, 3)": [0.0, 0.0, 0.0, -0.003282187506556511, 0.0], "(1, 4, 4, 3)": [0.002132084919139743, 0.004037225153297186, 0.0029551396146416664, 0.014049869030714035, 0.0025010197423398495], "(1, 4, 0, 2)": [0.008209899999201298, 0.017489848658442497, 0.012420756742358208, 0.006627302151173353, 0.013041948899626732], "(1, 4, 3, 3)": [0.016072416678071022, 0.006208912469446659, 0.011019445955753326, 0.010970422066748142, 0.007399376016110182], "(3, 4, 5, 3)": [0.0016472490970045328, 0.004979303572326899, 0.005285639315843582, 0.012903572991490364, 0.009241017512977123], "(3, 5, 5, 2)": [0.0, 0.0035144807770848274, 0.0021024891175329685, 0.0, 0.004530286882072687], "(2, 4, 0, 0)": [0.0, 0.0, 0.005225711036473513, 0.0, 0.0016337508568540215], "(1, 4, -1, 1)": [-0.0005296834278851748, 0.0037898996379226446, 0.001505527994595468, 0.0, 0.0014674636768177152], "(1, 5, 0, 1)": [0.014262410812079906, 0.00972529873251915, 0.008664020337164402, 0.00752606987953186, 0.009858658537268639], "(1, 4, 2, 3)": [0.0, 0.0, 0.0, 0.0, 0.0038418807089328766], "(1, 5, 4, 3)": [0.007716155610978603, 0.010899110697209835, 0.0049436138942837715, 0.0016664254944771528, 0.0019821322057396173], "(1, 5, -1, 1)": [0.0016322463052347302, 0.0, 0.0, 0.0, 0.0], "(1, 4, -1, 0)": [0.0022095986641943455, 0.0, -0.0025593461468815804, 0.0, 0.0],