{"q_values": {"(2, 5, 2, 2)": [0.016341928392648697, 0.019832849502563477, 0.016092034056782722, 0.018702024593949318, 0.019274555146694183], "(2, 5, 3, 2)": [0.01506258174777031, 0.01994658075273037, 0.018128301948308945, 0.018679924309253693, 0.018536550924181938], "(2, 5, 3, 3)": [0.011811669915914536, 0.01988847367465496, 0.013939079828560352, 0.0174268651753664, 0.01450507901608944], "(2, 4, 2, 2)": [0.01892608217895031, 0.014209614135324955, 0.019780466333031654, 0.019018026068806648, 0.019004538655281067], "(2, 4, 3, 2)": [0.014282988384366035, 0.018720991909503937, 0.018936550244688988, 0.0193965844810009, 0.018986273556947708], "(2, 4, 3, 3)": [0.019557863473892212, 0.019900653511285782, 0.019565893337130547, 0.019615113735198975, 0.019489705562591553], "(2, 4, 4, 3)": [0.019463498145341873, 0.019567104056477547, 0.019752291962504387, 0.019331594929099083, 0.019555790349841118], "(2, 4, 1, 1)": [0.018415147438645363, 0.013552919030189514, 0.013921637088060379, 0.015447387471795082, 0.014229615218937397], "(2, 4, 2, 1)": [0.011747147887945175, 0.0062688253819942474, 0.011060219258069992, 0.01151007879525423, 0.014455366879701614], "(2, 5, 4, 3)": [0.019900767132639885, 0.01606973633170128, 0.01751367561519146, 0.017527474090456963, 0.01696152426302433], "(2, 4, 1, 2)": [0.01895592175424099, 0.01922287605702877, 0.01922544836997986, 0.019170375540852547, 0.019210491329431534], "(2, 5, 1, 2)": [0.019578663632273674, 0.019354891031980515, 0.01942879520356655, 0.018552863970398903, 0.019406791776418686], "(2, 5, 0, 2)": [0.01924934983253479, 0.019742855802178383, 0.019232600927352905, 0.019007965922355652, 0.01919541321694851], "(2, 5, 2, 3)": [0.018375540152192116, 0.011643106117844582, 0.009170450270175934, 0.01076717209070921, 0.011574790813028812], "(2, 4, 0, 1)": [0.015701277181506157, 0.013058511540293694, 0.011344101279973984, 0.012804906815290451, 0.014435004442930222], "(2, 4, 4, 2)": [0.019258124753832817, 0.019209815189242363, 0.019241228699684143, 0.019127320498228073, 0.019333407282829285], "(2, 4, 5, 3)": [0.019312292337417603, 0.019318649545311928, 0.01919526606798172, 0.019522160291671753, 0.019231989979743958], "(3, 4, 4, 2)": [0.019099341705441475, 0.01914111338555813, 0.019190706312656403, 0.019135436043143272, 0.019574524834752083], "(3, 4, 3, 2)": [0.01877688243985176, 0.016687026247382164, 0.019029930233955383, 0.01909838244318962, 0.01951967179775238], "(3, 4, 2, 1)": [0.012775159440934658, 0.011571970768272877, 0.013892605900764465, 0.013376262970268726, 0.019238600507378578], "(3, 4, 2, 2)": [0.01923220604658127, 0.017587091773748398, 0.019168809056282043, 0.01976790465414524, 0.019300010055303574], "(3, 4, 3, 1)": [0.009002785198390484, 0.0027036042883992195, 0.0, -0.0054547712206840515, 0.0010639617685228586], "(2, 5, 1, 1)": [0.01956689916551113, 0.019713381305336952, 0.019623029977083206, 0.019596759229898453, 0.019855832681059837], "(2, 5, 0, 1)": [0.019530782476067543, 0.01962912641465664, 0.019563445821404457, 0.019775865599513054, 0.01944696716964245], "(1, 5, 1, 2)": [0.019487299025058746, 0.017288804054260254, 0.014615540392696857, 0.01550141628831625, 0.013847803696990013], "(1, 5, 2, 2)": [0.014531908556818962, 0.016227632761001587, 0.01378945168107748, 0.018512098118662834, 0.015176241286098957], "(1, 5, 3, 3)": [0.01237691193819046, 0.013879818841814995, 0.01416831836104393, 0.01778184249997139, 0.013841448351740837], "(1, 5, 2, 3)": [0.013157278299331665, 0.01343486737459898, 0.013865862041711807, 0.011840298771858215, 0.013590450398623943], "(1, 4, 0, 1)": [0.018839916214346886, 0.0181723739951849, 0.01897132769227028, 0.016567809507250786, 0.01899598352611065], "(2, 5, 2, 1)": [0.0027793042827397585, 0.005499361082911491, 0.005279420409351587, 0.009475884959101677, 0.019787952303886414], "(2, 5, 4, 2)": [0.019578129053115845, 0.019408179447054863, 0.019385479390621185, 0.019483249634504318, 0.01880788616836071], "(2, 5, 5, 3)": [0.010942642576992512, 0.01767571270465851, 0.008749673143029213, 0.012782665900886059, 0.008699093014001846], "(3, 5, 4, 3)": [0.019503362476825714, 0.015989437699317932, 0.016114290803670883, 0.015501906163990498, 0.013681425713002682], "(3, 5, 4, 2)": [0.01935608685016632, 0.01929182931780815, 0.01959851197898388, 0.01891740970313549, 0.01929464004933834], "(3, 5, 3, 2)": [0.019456297159194946, 0.018899165093898773, 0.01672370731830597, 0.018579469993710518, 0.0188644640147686], "(3, 5, 2, 2)": [0.018691616132855415, 0.01971861533820629, 0.01839340664446354, 0.018922291696071625, 0.01907194033265114], "(3, 5, 1, 2)": [0.019231559708714485, 0.019641593098640442, 0.01933964714407921, 0.019126804545521736, 0.019071411341428757], "(3, 5, 0, 1)": [0.018751077353954315, 0.01889866776764393, 0.019128073006868362, 0.018969064578413963, 0.019688844680786133], "(3, 5, 1, 1)": [0.019555946812033653, 0.019549129530787468, 0.019546624273061752, 0.019663337618112564, 0.019479962065815926], "(2, 4, -1, 0)": [0.0009953260887414217, -0.0003011354710906744, 0.000714266556315124, 0.0011134634260088205, 0.004908864386379719], "(3, 5, 3, 3)": [0.019130369648337364, 0.012110084295272827, 0.011163502000272274, 0.010884665884077549, 0.012661682441830635], "(1, 4, 2, 2)": [0.01523541659116745, 0.019010193645954132, 0.018999623134732246, 0.017754511907696724, 0.01907319203019142], "(1, 4, 1, 1)": [0.015831325203180313, 0.012445732951164246, 0.014087025076150894, 0.014743426814675331, 0.019367465749382973], "(1, 4, 1, 2)": [0.01423090323805809, 0.017966270446777344, 0.01864193193614483, 0.01858626864850521, 0.018915312364697456], "(2, 4, 0, 2)": [0.015930980443954468, 0.019233135506510735, 0.018814193084836006, 0.017482709139585495, 0.019892536103725433], "(3, 5, 5, 3)": [0.015080192126333714, 0.014337871223688126, 0.01953691430389881, 0.01371986884623766, 0.011180845089256763], "(3, 5, 6, 4)": [0.0, 0.001723886583931744, 0.015236642211675644, 0.0002529495395720005, -0.0033804248087108135], "(3, 4, 1, 1)": [0.013759072870016098, 0.017857370898127556, 0.014270780608057976, 0.017628613859415054, 0.017857303842902184], "(3, 4, 0, 1)": [0.009963681921362877, 0.010581007227301598, 0.011750051751732826, 0.01622569002211094, 0.014629051089286804], "(1, 4, 3, 2)": [0.019332541152834892, 0.019379135221242905, 0.019360654056072235, 0.01932709477841854, 0.019594257697463036], "(2, 5, 6, 3)": [0.0, 0.009970870800316334, 0.0014442468527704477, 0.002646406413987279, 0.0016785245388746262], "(3, 4, 4, 3)": [0.019581271335482597, 0.019422167912125587, 0.01947833225131035, 0.019518576562404633, 0.01955062709748745], "(3, 4, 1, 2)": [0.019306715577840805, 0.018859747797250748, 0.01913316547870636, 0.01811281219124794, 0.01964251883327961], "(2, 5, 1, 3)": [-0.001871654181741178, 0.010060271248221397, 0.0, 0.0, 0.0], "(1, 5, 0, 2)": [0.017967216670513153, 0.01959594152867794, 0.018940022215247154, 0.018947552889585495, 0.018772484734654427], "(1, 5, 1, 3)": [0.000542876310646534, 0.013261664658784866, 0.0, -0.0026853641029447317, 0.0], "(1, 4, 4, 3)": [0.01915651187300682, 0.01932615227997303, 0.019316591322422028, 0.01821245066821575, 0.019153863191604614], "(1, 4, 0, 2)": [0.019327137619256973, 0.01935472898185253, 0.01921495608985424, 0.019040318205952644, 0.01962517760694027], "(1, 4, 3, 3)": [0.01941489428281784, 0.019370365887880325, 0.019418561831116676, 0.019345231354236603, 0.019483977928757668], "(3, 4, 5, 3)": [0.019422605633735657, 0.01955082267522812, 0.019366079941391945, 0.01932471990585327, 0.01922623999416828], "(3, 5, 5, 2)": [0.0, 0.0035144807770848274, 0.006884464994072914, 0.0, 0.018268221989274025], "(2, 4, 0, 0)": [0.0006488596554845572, -0.004215073771774769, -0.00549399945884943, -0.0013315535616129637, 0.008965164422988892], "(1, 4, -1, 1)": [0.0016418986488133669, 0.00694706616923213, 0.008677567355334759, 0.013981262221932411, 0.008256818167865276], "(1, 5, 0, 1)": [0.01945866271853447, 0.019589124247431755, 0.019594846293330193, 0.019566498696804047, 0.019625574350357056],