{"q_values": {"(2, 5, 2, 2)": [0.016783898696303368, 0.015196460299193859, 0.01868751272559166, 0.016083592548966408, 0.01539231464266777], "(2, 5, 3, 2)": [0.017919303849339485, 0.018712587654590607, 0.01677756942808628, 0.016963649541139603, 0.016708260402083397], "(2, 5, 3, 3)": [0.017333172261714935, 0.014444868080317974, 0.013364399783313274, 0.011335629038512707, 0.0012200104538351297], "(2, 4, 2, 2)": [0.018655668944120407, 0.018702981993556023, 0.01758520118892193, 0.01892756298184395, 0.01764775812625885], "(2, 4, 3, 2)": [0.016922006383538246, 0.018820594996213913, 0.016655925661325455, 0.01890728250145912, 0.018727483227849007], "(2, 4, 3, 3)": [0.019319111481308937, 0.019401827827095985, 0.019447656348347664, 0.019389797002077103, 0.019253676757216454], "(2, 4, 4, 3)": [0.019395506009459496, 0.019403481855988503, 0.019234519451856613, 0.019238412380218506, 0.019551154226064682], "(2, 4, 1, 1)": [0.01490907184779644, 0.017671668902039528, 0.016893165186047554, 0.013748394325375557, 0.017831502482295036], "(2, 4, 2, 1)": [0.011412171646952629, 0.01160411536693573, 0.013529127463698387, 0.0017866084817796946, 0.013492634519934654], "(2, 5, 4, 3)": [0.017500201240181923, 0.018401339650154114, 0.016525238752365112, 0.016108740121126175, 0.013330355286598206], "(2, 4, 1, 2)": [0.017758995294570923, 0.016988307237625122, 0.01399494893848896, 0.01868627220392227, 0.018553132191300392], "(2, 5, 1, 2)": [0.01889800652861595, 0.01629471220076084, 0.01868528127670288, 0.018777450546622276, 0.018590662628412247], "(2, 5, 0, 2)": [0.018600383773446083, 0.018852384760975838, 0.01877765730023384, 0.018804194405674934, 0.018850650638341904], "(2, 5, 2, 3)": [0.013146037235856056, 0.015421931631863117, 0.012199446558952332, 0.007968521676957607, 0.011255964636802673], "(2, 4, 0, 1)": [0.012040977366268635, 0.014007462188601494, 0.016950031742453575, 0.01586674340069294, 0.010561579838395119], "(2, 4, 4, 2)": [0.018670490011572838, 0.0187175665050745, 0.018764568492770195, 0.01800556294620037, 0.018783612176775932], "(2, 4, 5, 3)": [0.01360824890434742, 0.017075087875127792, 0.013696503825485706, 0.013805277645587921, 0.019166814163327217], "(3, 4, 4, 2)": [0.011105400510132313, 0.014292141422629356, 0.011460538022220135, 0.012591098435223103, 0.016802847385406494], "(3, 4, 3, 2)": [0.017879929393529892, 0.016588840633630753, 0.01733093149960041, 0.01744006760418415, 0.016532808542251587], "(3, 4, 2, 1)": [0.012487728148698807, 0.010850981809198856, 0.0103669548407197, 0.009406120516359806, 0.015280029736459255], "(3, 4, 2, 2)": [0.01595221646130085, 0.016754314303398132, 0.00739082507789135, 0.01681739091873169, 0.017755739390850067], "(3, 4, 3, 1)": [0.0023198015987873077, 0.0, 0.0, 0.0, 0.0], "(2, 5, 1, 1)": [0.019474534317851067, 0.019415462389588356, 0.019382905215024948, 0.01930065266788006, 0.019478827714920044], "(2, 5, 0, 1)": [0.01937299594283104, 0.0194352138787508, 0.01936643011868, 0.019267305731773376, 0.019369877874851227], "(1, 5, 1, 2)": [0.018376201391220093, 0.009297668933868408, 0.010754224844276905, 0.016161387786269188, 0.015848957002162933], "(1, 5, 2, 2)": [0.016233909875154495, 0.012019609101116657, 0.017176391556859016, 0.01591494120657444, 0.017859114333987236], "(1, 5, 3, 3)": [0.009400095790624619, 0.008054452016949654, 0.016611061990261078, 0.010506851598620415, 0.013953310437500477], "(1, 5, 2, 3)": [0.0006665072869509459, 0.012808333151042461, 0.002379782497882843, 0.005401803180575371, 0.005909258499741554], "(1, 4, 0, 1)": [0.01056952029466629, 0.013816292397677898, 0.011676449328660965, 0.013624293729662895, 0.012615753337740898], "(2, 5, 2, 1)": [0.0027793042827397585, 0.0, 0.002698917407542467, 0.0, 0.0], "(2, 5, 4, 2)": [0.014001891948282719, 0.009081641212105751, 0.014908164739608765, 0.008752920664846897, 0.018607009202241898], "(2, 5, 5, 3)": [0.014383240602910519, 0.012869775295257568, 0.016091758385300636, 0.015692278742790222, 0.013775322586297989], "(3, 5, 4, 3)": [0.012914612889289856, 0.012052428908646107, 0.007760151755064726, 0.012267623096704483, 0.012801865115761757], "(3, 5, 4, 2)": [0.017013579607009888, 0.012316208332777023, 0.009844311513006687, 0.008004704490303993, 0.008940133266150951], "(3, 5, 3, 2)": [0.017236631363630295, 0.016428330913186073, 0.018570903688669205, 0.017131738364696503, 0.01821942813694477], "(3, 5, 2, 2)": [0.017740733921527863, 0.014083901420235634, 0.017037102952599525, 0.018716663122177124, 0.01759203150868416], "(3, 5, 1, 2)": [0.01695881597697735, 0.01416734978556633, 0.01187576912343502, 0.014005553908646107, 0.00884852185845375], "(3, 5, 0, 1)": [0.009685225784778595, 0.013163791038095951, 0.005641965661197901, 0.004627147689461708, 0.009390213526785374], "(3, 5, 1, 1)": [0.0074865613132715225, 0.008713197894394398, 0.010926160961389542, 0.015558075159788132, 0.008245524019002914], "(2, 4, -1, 0)": [0.010233771987259388, -0.0003011354710906744, 0.0016007960075512528, 0.0, -0.0012560412287712097], "(3, 5, 3, 3)": [0.01679389923810959, 0.007280441001057625, 0.014231299981474876, 0.006967382039874792, 0.007980510592460632], "(1, 4, 2, 2)": [0.01807532273232937, 0.018549064174294472, 0.01757299154996872, 0.018477333709597588, 0.018760181963443756], "(1, 4, 1, 1)": [0.006481998134404421, 0.002970682689920068, 0.0017988404724746943, 0.0038379784673452377, 0.00412461394444108], "(1, 4, 1, 2)": [0.018193908035755157, 0.011185426265001297, 0.017856957390904427, 0.017804766073822975, 0.01782178319990635], "(2, 4, 0, 2)": [0.018010394647717476, 0.0138309421017766, 0.010015612468123436, 0.011800048872828484, 0.014126901514828205], "(3, 5, 5, 3)": [0.004421166144311428, 0.005164403468370438, 0.010156282223761082, 0.007366083562374115, 0.008657701313495636], "(3, 5, 6, 4)": [0.0, 0.0, 0.0, 0.0, 0.0], "(3, 4, 1, 1)": [0.012143295258283615, 0.01619701273739338, 0.009736636653542519, 0.012688257731497288, 0.009496107697486877], "(3, 4, 0, 1)": [0.007571189198642969, 0.0070053101517260075, 0.0033773272298276424, 0.0013740351423621178, 0.004723697900772095], "(1, 4, 3, 2)": [0.018486617133021355, 0.014482544735074043, 0.015271179378032684, 0.014098284766077995, 0.01398356631398201], "(2, 5, 6, 3)": [0.0, 0.0018053267849609256, 0.0014442468527704477, 0.0, 0.0025723837316036224], "(3, 4, 4, 3)": [0.0021214797161519527, 0.0, 0.01210188027471304, 0.0016461336053907871, 0.003692752681672573], "(3, 4, 1, 2)": [0.0, 0.007527453359216452, 0.0, 0.0, 0.0024694621097296476], "(2, 5, 1, 3)": [0.0, 0.007003071717917919, 0.0, 0.0, 0.0], "(1, 5, 0, 2)": [0.00623977230861783, 0.005537292454391718, 0.008340591564774513, 0.00826715212315321, 0.016162648797035217], "(1, 5, 1, 3)": [0.0, 0.0, 0.0, -0.003282187506556511, 0.0], "(1, 4, 4, 3)": [0.002132084919139743, 0.004037225153297186, 0.0029551396146416664, 0.014049869030714035, 0.0025010197423398495], "(1, 4, 0, 2)": [0.008209899999201298, 0.017489848658442497, 0.012420756742358208, 0.006627302151173353, 0.013041948899626732], "(1, 4, 3, 3)": [0.016827547922730446, 0.006208912469446659, 0.011019445955753326, 0.010970422066748142, 0.0091756796464324], "(3, 4, 5, 3)": [0.0016472490970045328, 0.004979303572326899, 0.005285639315843582, 0.012903572991490364, 0.009241017512977123], "(3, 5, 5, 2)": [0.0, 0.0035144807770848274, 0.0021024891175329685, 0.0, 0.004530286882072687], "(2, 4, 0, 0)": [0.0, 0.0, 0.005225711036473513, 0.0, 0.0016337508568540215], "(1, 4, -1, 1)": [-0.0005296834278851748, 0.0037898996379226446, 0.001505527994595468, 0.0, 0.0014674636768177152], "(1, 5, 0, 1)": [0.01598774455487728, 0.010918261483311653, 0.010228661820292473, 0.009046504274010658, 0.011089672334492207], "(1, 4, 2, 3)": [0.0, 0.0, 0.0, 0.0, 0.0038418807089328766], "(1, 5, 4, 3)": [0.007716155610978603, 0.010899110697209835, 0.0049436138942837715, 0.0016664254944771528, 0.0019821322057396173], "(1, 5, -1, 1)": [0.0016322463052347302, 0.0, 0.0, 0.0, 0.0], "(1, 4, -1, 0)": [0.0022095986641943455, 0.0, -0.0025593461468815804, 0.0, 0.0],