{"q_values": {"(2, 5, 2, 2)": [0.016584912315011024, 0.018758026883006096, 0.019191613420844078, 0.01852414198219776, 0.015023622661828995], "(2, 5, 3, 2)": [0.015004618093371391, 0.01858130283653736, 0.018798254430294037, 0.018702318891882896, 0.0187443345785141], "(2, 5, 3, 3)": [0.015966545790433884, 0.014094853773713112, 0.01319411676377058, 0.013718565925955772, 0.013430913910269737], "(2, 4, 2, 2)": [0.01395413838326931, 0.018915127962827682, 0.01897972635924816, 0.01886870339512825, 0.019790155813097954], "(2, 4, 3, 2)": [0.019030656665563583, 0.019588250666856766, 0.019103236496448517, 0.018948782235383987, 0.01630261354148388], "(2, 4, 3, 3)": [0.019744068384170532, 0.01974708028137684, 0.019762450829148293, 0.01976465806365013, 0.01976054348051548], "(2, 4, 4, 3)": [0.019677508622407913, 0.019666139036417007, 0.019665252417325974, 0.01958337612450123, 0.019680114462971687], "(2, 4, 1, 1)": [0.014208108186721802, 0.014156797900795937, 0.0181499645113945, 0.014333703555166721, 0.01857105828821659], "(2, 4, 2, 1)": [0.010534720495343208, 0.0062688253819942474, 0.011060219258069992, 0.014738878235220909, 0.012539338320493698], "(2, 5, 4, 3)": [0.014531697146594524, 0.018564006313681602, 0.015044206753373146, 0.014308879151940346, 0.013949677348136902], "(2, 4, 1, 2)": [0.018820302560925484, 0.019346168264746666, 0.018533632159233093, 0.01923375576734543, 0.019374994561076164], "(2, 5, 1, 2)": [0.01924765855073929, 0.01845480687916279, 0.019091371446847916, 0.018802883103489876, 0.01902187615633011], "(2, 5, 0, 2)": [0.019078144803643227, 0.01982763223350048, 0.018724342808127403, 0.018651597201824188, 0.018929297104477882], "(2, 5, 2, 3)": [0.018678812310099602, 0.006925597786903381, 0.009170450270175934, 0.00930898915976286, 0.010185036808252335], "(2, 4, 0, 1)": [0.017948465421795845, 0.01886991783976555, 0.014149672351777554, 0.017127932980656624, 0.018644632771611214], "(2, 4, 4, 2)": [0.01962868683040142, 0.019267436116933823, 0.019336316734552383, 0.019333530217409134, 0.019404809921979904], "(2, 4, 5, 3)": [0.01975598931312561, 0.019270844757556915, 0.018957633525133133, 0.019350247457623482, 0.019451230764389038], "(3, 4, 4, 2)": [0.01931634731590748, 0.019576342776417732, 0.019636675715446472, 0.019638387486338615, 0.01962721161544323], "(3, 4, 3, 2)": [0.01940634474158287, 0.018324121832847595, 0.019415389746427536, 0.019260140135884285, 0.01859324239194393], "(3, 4, 2, 1)": [0.010794120840728283, 0.014232341200113297, 0.015085851773619652, 0.012461859732866287, 0.017977317795157433], "(3, 4, 2, 2)": [0.01845160312950611, 0.018788570538163185, 0.019189847633242607, 0.019345464184880257, 0.019745685160160065], "(3, 4, 3, 1)": [0.007543187588453293, 0.0027036042883992195, 0.0, -0.004277038387954235, 0.0010639617685228586], "(2, 5, 1, 1)": [0.019713260233402252, 0.01983012817800045, 0.019757641479372978, 0.019723817706108093, 0.019721711054444313], "(2, 5, 0, 1)": [0.019516784697771072, 0.019677111878991127, 0.019500266760587692, 0.019543929025530815, 0.01952913962304592], "(1, 5, 1, 2)": [0.019907185807824135, 0.01711609773337841, 0.01952173188328743, 0.01931431144475937, 0.019424479454755783], "(1, 5, 2, 2)": [0.019672662019729614, 0.019895192235708237, 0.016670309007167816, 0.019181838259100914, 0.019599005579948425], "(1, 5, 3, 3)": [0.01984637789428234, 0.016185317188501358, 0.014917456544935703, 0.017091870307922363, 0.014517096802592278], "(1, 5, 2, 3)": [0.019772928208112717, 0.011186756193637848, 0.01410102378576994, 0.0109671326354146, 0.014545581303536892], "(1, 4, 0, 1)": [0.018340284004807472, 0.017989175394177437, 0.018481187522411346, 0.014283916912972927, 0.018720051273703575], "(2, 5, 2, 1)": [0.0027793042827397585, 0.005499361082911491, 0.005279420409351587, 0.009475884959101677, 0.01983536034822464], "(2, 5, 4, 2)": [0.019808074459433556, 0.0191605594009161, 0.0192880779504776, 0.019515251740813255, 0.01880788616836071], "(2, 5, 5, 3)": [0.01162639819085598, 0.016811728477478027, 0.013272169046103954, 0.013437903486192226, 0.013105408288538456], "(3, 5, 4, 3)": [0.01648329570889473, 0.016172010451555252, 0.019746573641896248, 0.017552081495523453, 0.017451245337724686], "(3, 5, 4, 2)": [0.019267095252871513, 0.019123725593090057, 0.019849028438329697, 0.018003877252340317, 0.0192440003156662], "(3, 5, 3, 2)": [0.019886061549186707, 0.01944083534181118, 0.01954193226993084, 0.019390661269426346, 0.019384562969207764], "(3, 5, 2, 2)": [0.019779693335294724, 0.01948513835668564, 0.017704429104924202, 0.019545838236808777, 0.01886654645204544], "(3, 5, 1, 2)": [0.019798358902335167, 0.019295262172818184, 0.0194904375821352, 0.019257433712482452, 0.019602768123149872], "(3, 5, 0, 1)": [0.01854839362204075, 0.018501179292798042, 0.019887931644916534, 0.018860239535570145, 0.01873350702226162], "(3, 5, 1, 1)": [0.019673846662044525, 0.01970961131155491, 0.019715094938874245, 0.019601862877607346, 0.019635681062936783], "(2, 4, -1, 0)": [0.003631634870544076, -0.0003011354710906744, 0.000714266556315124, 0.010848844423890114, 0.0028594296891242266], "(3, 5, 3, 3)": [0.015876172110438347, 0.018960198387503624, 0.014792857691645622, 0.01426913682371378, 0.012867340818047523], "(1, 4, 2, 2)": [0.018293285742402077, 0.01939442567527294, 0.01956082135438919, 0.018758734688162804, 0.019875535741448402], "(1, 4, 1, 1)": [0.012635571882128716, 0.012189245782792568, 0.014742158353328705, 0.014536351896822453, 0.019749291241168976], "(1, 4, 1, 2)": [0.014446946792304516, 0.01763707771897316, 0.018804438412189484, 0.01812768541276455, 0.019519828259944916], "(2, 4, 0, 2)": [0.014443551190197468, 0.019233135506510735, 0.018629884347319603, 0.01658901944756508, 0.01989722065627575], "(3, 5, 5, 3)": [0.014770722948014736, 0.019582629203796387, 0.016512900590896606, 0.01612826995551586, 0.013937605544924736], "(3, 5, 6, 4)": [0.0, 0.001723886583931744, 0.01464016642421484, 0.0002529495395720005, -0.0033804248087108135], "(3, 4, 1, 1)": [0.018600573763251305, 0.018389498814940453, 0.013954686000943184, 0.015597382560372353, 0.014787770807743073], "(3, 4, 0, 1)": [0.015756944194436073, 0.01721501164138317, 0.016620218753814697, 0.01442759670317173, 0.014149426482617855], "(1, 4, 3, 2)": [0.01960122212767601, 0.019481126219034195, 0.0196086373180151, 0.019941741600632668, 0.01969992369413376], "(2, 5, 6, 3)": [0.0, 0.009970870800316334, 0.0014442468527704477, 0.002646406413987279, 0.0016785245388746262], "(3, 4, 4, 3)": [0.019643064588308334, 0.019840633496642113, 0.019738376140594482, 0.019726470112800598, 0.019671285524964333], "(3, 4, 1, 2)": [0.019255373626947403, 0.018686121329665184, 0.018844258040189743, 0.01779640093445778, 0.01978214457631111], "(2, 5, 1, 3)": [-0.001871654181741178, 0.010060271248221397, 0.0, 0.0, 0.0], "(1, 5, 0, 2)": [0.014900445006787777, 0.019207196310162544, 0.018798355013132095, 0.01912345550954342, 0.019061429426074028], "(1, 5, 1, 3)": [0.000542876310646534, 0.013467788696289062, 0.0, -0.005850866436958313, 0.0], "(1, 4, 4, 3)": [0.019313722848892212, 0.01995849795639515, 0.019071664661169052, 0.01880284771323204, 0.019150076434016228], "(1, 4, 0, 2)": [0.018955467268824577, 0.018906129524111748, 0.018916184082627296, 0.018790967762470245, 0.019018754363059998], "(1, 4, 3, 3)": [0.019543547183275223, 0.019922301173210144, 0.019391106441617012, 0.01961979642510414, 0.01966468244791031], "(3, 4, 5, 3)": [0.019153544679284096, 0.01929810456931591, 0.01922941394150257, 0.01945236697793007, 0.019796350970864296], "(3, 5, 5, 2)": [0.0, 0.0035144807770848274, 0.006884464994072914, 0.0, 0.01779176853597164], "(2, 4, 0, 0)": [-0.0015053795650601387, -0.004215073771774769, -0.00549399945884943, -0.0013315535616129637, 0.00470774807035923], "(1, 4, -1, 1)": [0.0016418986488133669, 0.00694706616923213, 0.008677567355334759, 0.014668729156255722, 0.008256818167865276], "(1, 5, 0, 1)": [0.019526062533259392, 0.01976476050913334, 0.019502736628055573, 0.01946379989385605, 0.019617591053247452],