{"q_values": {"(2, 5, 2, 2)": [0.019751185551285744, 0.015545963309705257, 0.015884723514318466, 0.016008391976356506, 0.015613368712365627], "(2, 5, 3, 2)": [0.019001178443431854, 0.019012274220585823, 0.01893484592437744, 0.014647486619651318, 0.019606968387961388], "(2, 5, 3, 3)": [0.017401443794369698, 0.019042540341615677, 0.013555509969592094, 0.017430374398827553, 0.016704130917787552], "(2, 4, 2, 2)": [0.018748853355646133, 0.018516993150115013, 0.019185520708560944, 0.018990373238921165, 0.019390292465686798], "(2, 4, 3, 2)": [0.01927965320646763, 0.01941799372434616, 0.014997294172644615, 0.019693460315465927, 0.01925678364932537], "(2, 4, 3, 3)": [0.019618239253759384, 0.019693005830049515, 0.019587621092796326, 0.019538935273885727, 0.019630946218967438], "(2, 4, 4, 3)": [0.01970868557691574, 0.019611213356256485, 0.01953187584877014, 0.019632278010249138, 0.019666267558932304], "(2, 4, 1, 1)": [0.01827090233564377, 0.014311147853732109, 0.015346311964094639, 0.016169270500540733, 0.019870297983288765], "(2, 4, 2, 1)": [0.012712805531919003, 0.016104362905025482, 0.011207991279661655, 0.013219446875154972, 0.014586074277758598], "(2, 5, 4, 3)": [0.01623253896832466, 0.01943398267030716, 0.019108880311250687, 0.018793709576129913, 0.014300281181931496], "(2, 4, 1, 2)": [0.019332395866513252, 0.019163500517606735, 0.01651851460337639, 0.019429974257946014, 0.019903553649783134], "(2, 5, 1, 2)": [0.015848999843001366, 0.019893143326044083, 0.01908290944993496, 0.018833497539162636, 0.019076118245720863], "(2, 5, 0, 2)": [0.018939170986413956, 0.018894342705607414, 0.019068028777837753, 0.01891549862921238, 0.019830426201224327], "(2, 5, 2, 3)": [0.0169747993350029, 0.005515938624739647, 0.007336906157433987, 0.007471619173884392, 0.010185036808252335], "(2, 4, 0, 1)": [0.0186637993901968, 0.01810716837644577, 0.016336452215909958, 0.014776574447751045, 0.0198871660977602], "(2, 4, 4, 2)": [0.019318686798214912, 0.019349226728081703, 0.019333655014634132, 0.019684677943587303, 0.01944231055676937], "(2, 4, 5, 3)": [0.019715849310159683, 0.01950889453291893, 0.01946343667805195, 0.019312364980578423, 0.01918749324977398], "(3, 4, 4, 2)": [0.01947408728301525, 0.019471753388643265, 0.019371815025806427, 0.019131004810333252, 0.01986044831573963], "(3, 4, 3, 2)": [0.019396957010030746, 0.019510067999362946, 0.019679194316267967, 0.019344573840498924, 0.019845519214868546], "(3, 4, 2, 1)": [0.01298568770289421, 0.014419623650610447, 0.012429863214492798, 0.015116211026906967, 0.019627342000603676], "(3, 4, 2, 2)": [0.01761985942721367, 0.01832745037972927, 0.017756503075361252, 0.019723959267139435, 0.01796431466937065], "(3, 4, 3, 1)": [0.015322920866310596, 0.0027036042883992195, 0.0, -0.004277038387954235, 0.0010639617685228586], "(2, 5, 1, 1)": [0.01967473514378071, 0.01962796039879322, 0.019759660586714745, 0.019859982654452324, 0.019670231267809868], "(2, 5, 0, 1)": [0.01932845450937748, 0.01934390515089035, 0.019894875586032867, 0.01966952718794346, 0.01921091414988041], "(1, 5, 1, 2)": [0.019723568111658096, 0.019277025014162064, 0.01909528858959675, 0.019260844215750694, 0.0193852037191391], "(1, 5, 2, 2)": [0.019265586510300636, 0.019790004938840866, 0.018899274989962578, 0.016778141260147095, 0.01868322119116783], "(1, 5, 3, 3)": [0.016017772257328033, 0.019697336480021477, 0.014718642458319664, 0.011828829534351826, 0.01247892715036869], "(1, 5, 2, 3)": [0.019748760387301445, 0.004286954179406166, 0.01307668536901474, 0.015031849034130573, 0.014022154733538628], "(1, 4, 0, 1)": [0.014282031916081905, 0.015154074877500534, 0.013944095931947231, 0.016458211466670036, 0.019891666248440742], "(2, 5, 2, 1)": [0.0027793042827397585, 0.005499361082911491, 0.005279420409351587, 0.007627354934811592, 0.019769340753555298], "(2, 5, 4, 2)": [0.019787393510341644, 0.01870080828666687, 0.01907302998006344, 0.019515251740813255, 0.018634609878063202], "(2, 5, 5, 3)": [0.019774073734879494, 0.015231605619192123, 0.016774088144302368, 0.01455362793058157, 0.015753459185361862], "(3, 5, 4, 3)": [0.01968400366604328, 0.017366088926792145, 0.01801135577261448, 0.01745299994945526, 0.0169895738363266], "(3, 5, 4, 2)": [0.019137389957904816, 0.0189046710729599, 0.01954571343958378, 0.01512374822050333, 0.01895114593207836], "(3, 5, 3, 2)": [0.01973593235015869, 0.01898837462067604, 0.018907347694039345, 0.018711894750595093, 0.01711878553032875], "(3, 5, 2, 2)": [0.019819945096969604, 0.019065001979470253, 0.015063600614666939, 0.01909358613193035, 0.01885312795639038], "(3, 5, 1, 2)": [0.019374782219529152, 0.01898694597184658, 0.019890230149030685, 0.019481230527162552, 0.01884767785668373], "(3, 5, 0, 1)": [0.017590699717402458, 0.018088260665535927, 0.01980205439031124, 0.017411839216947556, 0.018034715205430984], "(3, 5, 1, 1)": [0.019558552652597427, 0.01983802579343319, 0.019585564732551575, 0.019469188526272774, 0.0196023341268301], "(2, 4, -1, 0)": [0.003631634870544076, -0.0003011354710906744, 0.000714266556315124, 0.006499250885099173, 0.0028594296891242266], "(3, 5, 3, 3)": [0.019569315016269684, 0.014920488931238651, 0.013896666467189789, 0.01424725353717804, 0.014249486848711967], "(1, 4, 2, 2)": [0.01921740733087063, 0.019267167896032333, 0.01963510923087597, 0.01784556172788143, 0.019880538806319237], "(1, 4, 1, 1)": [0.013265284709632397, 0.019266681745648384, 0.014135155826807022, 0.01198155339807272, 0.011972387321293354], "(1, 4, 1, 2)": [0.018006034195423126, 0.017652107402682304, 0.017743490636348724, 0.017013175413012505, 0.019928133115172386], "(2, 4, 0, 2)": [0.014443551190197468, 0.018838565796613693, 0.018399707973003387, 0.01448780857026577, 0.019461311399936676], "(3, 5, 5, 3)": [0.014439428225159645, 0.014185094274580479, 0.019405614584684372, 0.015048081055283546, 0.013189085759222507], "(3, 5, 6, 4)": [0.0, 0.001723886583931744, 0.0021382938139140606, 0.0002529495395720005, -0.0033804248087108135], "(3, 4, 1, 1)": [0.015113366767764091, 0.016307294368743896, 0.017110222950577736, 0.01972031407058239, 0.016274673864245415], "(3, 4, 0, 1)": [0.012966213747859001, 0.012166257947683334, 0.009317435324192047, 0.019687512889504433, 0.01158101949840784], "(1, 4, 3, 2)": [0.01942056603729725, 0.019246665760874748, 0.018874261528253555, 0.019074715673923492, 0.01992535963654518], "(2, 5, 6, 3)": [0.0, 0.009970870800316334, 0.0014442468527704477, 0.002646406413987279, 0.0016785245388746262], "(3, 4, 4, 3)": [0.019268061965703964, 0.019296487793326378, 0.019560599699616432, 0.019855881109833717, 0.019606618210673332], "(3, 4, 1, 2)": [0.018200628459453583, 0.0158678088337183, 0.017152084037661552, 0.015980152413249016, 0.019702371209859848], "(2, 5, 1, 3)": [-0.001871654181741178, 0.010060271248221397, 0.0, 0.0, 0.0], "(1, 5, 0, 2)": [0.019353827461600304, 0.01928873360157013, 0.01989290490746498, 0.019017571583390236, 0.019012954086065292], "(1, 5, 1, 3)": [-0.0019909199327230453, 0.009322291240096092, 0.0, -0.005850866436958313, 0.0], "(1, 4, 4, 3)": [0.018268346786499023, 0.019938496872782707, 0.018511980772018433, 0.018614886328577995, 0.018452785909175873], "(1, 4, 0, 2)": [0.01883447729051113, 0.01899280585348606, 0.019240258261561394, 0.01797390729188919, 0.019767817109823227], "(1, 4, 3, 3)": [0.019856655970215797, 0.019322790205478668, 0.018600482493638992, 0.019061101600527763, 0.01859954744577408], "(3, 4, 5, 3)": [0.019024353474378586, 0.01884639263153076, 0.018219873309135437, 0.019154608249664307, 0.019479813054203987], "(3, 5, 5, 2)": [0.0, 0.0035144807770848274, 0.006884464994072914, 0.0, 0.017462022602558136], "(2, 4, 0, 0)": [-0.0015053795650601387, -0.004215073771774769, -0.00549399945884943, -0.0013315535616129637, 0.009309807792305946], "(1, 4, -1, 1)": [0.0016418986488133669, 0.00694706616923213, 0.0075271776877343655, 0.009296483360230923, 0.008256818167865276], "(1, 5, 0, 1)": [0.01960415206849575, 0.019632304087281227, 0.01947706565260887, 0.019665075466036797, 0.019902484491467476],