{"q_values": {"(2, 5, 2, 2)": [0.018998779356479645, 0.016111932694911957, 0.016358207911252975, 0.017525017261505127, 0.017366807907819748], "(2, 5, 3, 2)": [0.018247349187731743, 0.018784288316965103, 0.018511349335312843, 0.018697893247008324, 0.018396614119410515], "(2, 5, 3, 3)": [0.015463225543498993, 0.015213719569146633, 0.018245061859488487, 0.006333039607852697, 0.017689688131213188], "(2, 4, 2, 2)": [0.017766829580068588, 0.015334021300077438, 0.01791899837553501, 0.018600914627313614, 0.01883447915315628], "(2, 4, 3, 2)": [0.018791981041431427, 0.01878058910369873, 0.01868741400539875, 0.019305825233459473, 0.01876961626112461], "(2, 4, 3, 3)": [0.01936556026339531, 0.01938791573047638, 0.01942492462694645, 0.019389620050787926, 0.01947006955742836], "(2, 4, 4, 3)": [0.01892830617725849, 0.018643693998456, 0.01914537511765957, 0.019330989569425583, 0.019134866073727608], "(2, 4, 1, 1)": [0.01664533093571663, 0.016584014520049095, 0.010467260144650936, 0.01585775800049305, 0.017995325848460197], "(2, 4, 2, 1)": [0.012218115851283073, 0.013102059252560139, 0.007388354744762182, 0.010601963847875595, 0.012742312625050545], "(2, 5, 4, 3)": [0.013102841563522816, 0.014056336134672165, 0.01600509136915207, 0.01396607980132103, 0.014186551794409752], "(2, 4, 1, 2)": [0.016055142506957054, 0.018893923610448837, 0.018734965473413467, 0.018931148573756218, 0.014502146281301975], "(2, 5, 1, 2)": [0.018979324027895927, 0.019085384905338287, 0.019301481544971466, 0.019008053466677666, 0.01911773346364498], "(2, 5, 0, 2)": [0.019269265234470367, 0.01858389563858509, 0.018797289580106735, 0.01890445500612259, 0.01905043236911297], "(2, 5, 2, 3)": [0.013141389936208725, 0.010780018754303455, 0.009937910363078117, 0.008602350950241089, 0.009585907682776451], "(2, 4, 0, 1)": [0.01751517876982689, 0.017529025673866272, 0.018506508320569992, 0.017563246190547943, 0.01881282962858677], "(2, 4, 4, 2)": [0.018877310678362846, 0.01904316246509552, 0.019315406680107117, 0.0188717283308506, 0.01849619671702385], "(2, 4, 5, 3)": [0.004387556575238705, 0.012839815579354763, 0.01207689568400383, 0.012812445871531963, 0.015205040574073792], "(3, 4, 4, 2)": [0.006984892301261425, 0.008709653280675411, 0.007721656933426857, 0.008994827046990395, 0.01312998402863741], "(3, 4, 3, 2)": [0.01615781895816326, 0.012368559837341309, 0.013961335644125938, 0.015247272327542305, 0.012300638481974602], "(3, 4, 2, 1)": [0.009717222303152084, 0.007140117697417736, 0.006153188645839691, 0.002887931652367115, 0.009404407814145088], "(3, 4, 2, 2)": [0.011264313012361526, 0.011934283189475536, 0.005194021854549646, 0.012359567917883396, 0.015184986405074596], "(3, 4, 3, 1)": [0.0, 0.0, 0.0, 0.0, 0.0], "(2, 5, 1, 1)": [0.01942429132759571, 0.019413083791732788, 0.01960054039955139, 0.01942908577620983, 0.01950826868414879], "(2, 5, 0, 1)": [0.018547648563981056, 0.01932658813893795, 0.019605807960033417, 0.019483165815472603, 0.019482623785734177], "(1, 5, 1, 2)": [0.015096914954483509, 0.009297668933868408, 0.011304394342005253, 0.014120562002062798, 0.014124196022748947], "(1, 5, 2, 2)": [0.012428485788404942, 0.003867033403366804, 0.014106540009379387, 0.008854559622704983, 0.015895400196313858], "(1, 5, 3, 3)": [0.0030639844480901957, 0.006845884025096893, 0.010855854488909245, 0.010506851598620415, 0.007222392596304417], "(1, 5, 2, 3)": [-0.0013265588786453009, 0.006316750776022673, 0.002379782497882843, -0.0014522344572469592, 0.011115511879324913], "(1, 4, 0, 1)": [0.008361428044736385, 0.00797160156071186, 0.017768990248441696, 0.0133516201749444, 0.00987638346850872], "(2, 5, 2, 1)": [0.0, 0.0, 0.002698917407542467, 0.0, 0.0], "(2, 5, 4, 2)": [0.010697628371417522, 0.00268596806563437, 0.009364950470626354, 0.008752920664846897, 0.018204249441623688], "(2, 5, 5, 3)": [0.015560165047645569, 0.013862849213182926, 0.010388936847448349, 0.011936402879655361, 0.010672256350517273], "(3, 5, 4, 3)": [0.01245165802538395, 0.010778195224702358, 0.00838469434529543, 0.012196497991681099, 0.014385554008185863], "(3, 5, 4, 2)": [0.015022370032966137, 0.0067695798352360725, 0.0018454152159392834, 0.004670405760407448, 0.0034248034935444593], "(3, 5, 3, 2)": [0.01717436872422695, 0.014382660388946533, 0.01775290071964264, 0.016905589029192924, 0.01776861771941185], "(3, 5, 2, 2)": [0.017450330778956413, 0.017285026609897614, 0.01514215487986803, 0.016406025737524033, 0.014753304421901703], "(3, 5, 1, 2)": [0.015293387696146965, 0.005844893399626017, 0.008477232418954372, 0.010867108590900898, 0.007045597769320011], "(3, 5, 0, 1)": [0.00857953168451786, 0.009530069306492805, 0.005641965661197901, 0.004627147689461708, 0.004054362885653973], "(3, 5, 1, 1)": [0.0035360201727598906, 0.00352469296194613, 0.007254620082676411, 0.011674401350319386, 0.006770987994968891], "(2, 4, -1, 0)": [0.008121865801513195, -0.0033252930734306574, 0.0016007960075512528, 0.0, -0.0038621332496404648], "(3, 5, 3, 3)": [0.012747449800372124, 0.005491388030350208, 0.00993766263127327, 0.004328356124460697, 0.006335306912660599], "(1, 4, 2, 2)": [0.016832586377859116, 0.015248567797243595, 0.015972336754202843, 0.01812446489930153, 0.017510155215859413], "(1, 4, 1, 1)": [0.0014133171644061804, -0.0019343940075486898, -0.0005630364175885916, 0.00720014376565814, 0.0029426715336740017], "(1, 4, 1, 2)": [0.014806109480559826, 0.0155715337023139, 0.015585464425384998, 0.01791059970855713, 0.016048679128289223], "(2, 4, 0, 2)": [0.015171380713582039, 0.010453718714416027, 0.010015612468123436, 0.008927872404456139, 0.011053035967051983], "(3, 5, 5, 3)": [0.0013780489098280668, 0.0003333301283419132, 0.0032471991144120693, 0.006575938314199448, 0.00830682273954153], "(3, 5, 6, 4)": [0.0, 0.0, 0.0, 0.0, 0.0], "(3, 4, 1, 1)": [0.0035314569249749184, 0.014386584050953388, 0.011898202821612358, 0.005616400390863419, 0.004606097936630249], "(3, 4, 0, 1)": [0.005490434356033802, 0.008026949129998684, 0.0033773272298276424, 0.002689110580831766, 0.004100043326616287], "(1, 4, 3, 2)": [0.017492694780230522, 0.010915086604654789, 0.010101963765919209, 0.011372462846338749, 0.011752094142138958], "(2, 5, 6, 3)": [0.0, 0.0018053267849609256, 0.0014442468527704477, 0.0, 0.0], "(3, 4, 4, 3)": [0.0, 0.0, 0.004457848146557808, 0.0016461336053907871, 0.0], "(3, 4, 1, 2)": [0.0, 0.005871018394827843, 0.0, 0.0, 0.0024694621097296476], "(2, 5, 1, 3)": [0.0, 0.007003071717917919, 0.0, 0.0, 0.0], "(1, 5, 0, 2)": [0.004226898308843374, 0.005537292454391718, 0.006917569786310196, 0.004386331886053085, 0.010250004008412361], "(1, 5, 1, 3)": [0.0, 0.0, 0.0, -0.003282187506556511, 0.0], "(1, 4, 4, 3)": [0.002132084919139743, 0.004037225153297186, 0.0, 0.010212481953203678, 0.0], "(1, 4, 0, 2)": [0.008209899999201298, 0.015914713963866234, 0.009112839587032795, 0.004698782227933407, 0.010834177024662495], "(1, 4, 3, 3)": [0.011907105334103107, 0.004090606234967709, 0.009293059818446636, 0.009684632532298565, 0.0056296889670193195], "(3, 4, 5, 3)": [0.0016472490970045328, 0.0, 0.0, 0.00415342440828681, 0.0], "(3, 5, 5, 2)": [0.0, 0.001689601456746459, 0.0, 0.0, 0.0019564353860914707], "(2, 4, 0, 0)": [0.0, 0.0, 0.007829001173377037, 0.0, 0.0016337508568540215], "(1, 4, -1, 1)": [-0.0005296834278851748, 0.001452801050618291, 0.001505527994595468, 0.0, 0.0014674636768177152], "(1, 5, 0, 1)": [0.012842065654695034, 0.004832814913243055, 0.005974387750029564, 0.003915255889296532, 0.005464181769639254], "(1, 4, 2, 3)": [0.0, 0.0, 0.0, 0.0, 0.0038418807089328766], "(1, 5, 4, 3)": [0.004723107907921076, 0.009644021280109882, 0.0027802037075161934, 0.0016664254944771528, 0.0019821322057396173], "(1, 5, -1, 1)": [0.0016322463052347302, 0.0, 0.0, 0.0, 0.0], "(1, 4, -1, 0)": [0.0022095986641943455, 0.0, -0.0025593461468815804, 0.0, 0.0], "(2, 4, -1, 1)": [0.0019998520147055387, 0.004041347187012434, 0.0, 0.001483454485423863, 0.0], "(3, 5, 2, 1)": [0.0, 0.0027769608423113823, 0.0027961251325905323, 0.0, 0.0],