{"q_values": {"(2, 5, 2, 2)": [0.019013479351997375, 0.019941534847021103, 0.019290199503302574, 0.018859516829252243, 0.019513648003339767], "(2, 5, 3, 2)": [0.01994345709681511, 0.019287770614027977, 0.019363101571798325, 0.019486498087644577, 0.01927250251173973], "(2, 5, 3, 3)": [0.01529062632471323, 0.019775638356804848, 0.01582511141896248, 0.01750130020081997, 0.014792037196457386], "(2, 4, 2, 2)": [0.018710557371377945, 0.01943211443722248, 0.01977355033159256, 0.01974523812532425, 0.019932102411985397], "(2, 4, 3, 2)": [0.01961805298924446, 0.019724026322364807, 0.01988036371767521, 0.01983340084552765, 0.01972462236881256], "(2, 4, 3, 3)": [0.019883116707205772, 0.019618725404143333, 0.019654251635074615, 0.019629929214715958, 0.019632691517472267], "(2, 4, 4, 3)": [0.019793078303337097, 0.019459392875432968, 0.019598163664340973, 0.0196034237742424, 0.0196014866232872], "(2, 4, 1, 1)": [0.01632111147046089, 0.015556754544377327, 0.014868224039673805, 0.01989281177520752, 0.01651104912161827], "(2, 4, 2, 1)": [0.0125295240432024, 0.008844246156513691, 0.009789188392460346, 0.010632974095642567, 0.01146942749619484], "(2, 5, 4, 3)": [0.01977645978331566, 0.017776157706975937, 0.01869659684598446, 0.018359601497650146, 0.016550416126847267], "(2, 4, 1, 2)": [0.01930086500942707, 0.019145000725984573, 0.01844925992190838, 0.01936923898756504, 0.019916903227567673], "(2, 5, 1, 2)": [0.019606938585639, 0.01989642344415188, 0.017033958807587624, 0.01929309405386448, 0.019019002094864845], "(2, 5, 0, 2)": [0.01911296136677265, 0.01904807984828949, 0.019136320799589157, 0.01895035430788994, 0.019043972715735435], "(2, 5, 2, 3)": [0.01146100927144289, 0.016551630571484566, 0.013364866375923157, 0.009699821472167969, 0.012152855284512043], "(2, 4, 0, 1)": [0.01610802859067917, 0.017177438363432884, 0.008215832524001598, 0.01738504320383072, 0.019869167357683182], "(2, 4, 4, 2)": [0.019216516986489296, 0.01935618184506893, 0.01966218091547489, 0.019217781722545624, 0.019138557836413383], "(2, 4, 5, 3)": [0.018825039267539978, 0.019457003101706505, 0.018911752849817276, 0.017401864752173424, 0.019058803096413612], "(3, 4, 4, 2)": [0.018522251397371292, 0.016990534961223602, 0.017934517934918404, 0.01818154752254486, 0.019193381071090698], "(3, 4, 3, 2)": [0.01582668535411358, 0.015452602878212929, 0.014679963700473309, 0.01699007861316204, 0.019071923568844795], "(3, 4, 2, 1)": [0.008475106209516525, 0.01157671120017767, 0.01600046455860138, 0.01185195054858923, 0.011964384466409683], "(3, 4, 2, 2)": [0.016003884375095367, 0.017138510942459106, 0.018782034516334534, 0.01806054450571537, 0.018363110721111298], "(3, 4, 3, 1)": [0.008160240948200226, 0.0027036042883992195, 0.0, -0.004277038387954235, 0.0037105889059603214], "(2, 5, 1, 1)": [0.019569698721170425, 0.019725674763321877, 0.019654525443911552, 0.019452610984444618, 0.019833821803331375], "(2, 5, 0, 1)": [0.019422609359025955, 0.019266465678811073, 0.019305361434817314, 0.019808916375041008, 0.019187023863196373], "(1, 5, 1, 2)": [0.01944064162671566, 0.017284246161580086, 0.015714246779680252, 0.018363965675234795, 0.01856287196278572], "(1, 5, 2, 2)": [0.0192109402269125, 0.019169414415955544, 0.019232869148254395, 0.018970385193824768, 0.019054802134633064], "(1, 5, 3, 3)": [0.013027401641011238, 0.014364266768097878, 0.014369428157806396, 0.014213875867426395, 0.015027749352157116], "(1, 5, 2, 3)": [0.00902057345956564, 0.0076481010764837265, 0.011972615495324135, 0.009272685274481773, 0.008828182704746723], "(1, 4, 0, 1)": [0.015045017004013062, 0.015204117633402348, 0.01801677793264389, 0.01926054246723652, 0.015141750685870647], "(2, 5, 2, 1)": [0.0027793042827397585, 0.0, 0.002698917407542467, 0.0, 0.012315222062170506], "(2, 5, 4, 2)": [0.01824912428855896, 0.014695458114147186, 0.01740209013223648, 0.016904057934880257, 0.0196408499032259], "(2, 5, 5, 3)": [0.013265279121696949, 0.015985101461410522, 0.012044933624565601, 0.012393735349178314, 0.018398042768239975], "(3, 5, 4, 3)": [0.011477496474981308, 0.01722583919763565, 0.013819298706948757, 0.015865793451666832, 0.01789761148393154], "(3, 5, 4, 2)": [0.017567120492458344, 0.019428065046668053, 0.01791137456893921, 0.01684633456170559, 0.016980411484837532], "(3, 5, 3, 2)": [0.01973470114171505, 0.01902947574853897, 0.01806788146495819, 0.019002940505743027, 0.01930825598537922], "(3, 5, 2, 2)": [0.017260564491152763, 0.019601907581090927, 0.015336327254772186, 0.019146297127008438, 0.018948201090097427], "(3, 5, 1, 2)": [0.019474999979138374, 0.018770640715956688, 0.018226919695734978, 0.01820172555744648, 0.018492834642529488], "(3, 5, 0, 1)": [0.016492625698447227, 0.01951052062213421, 0.012034652754664421, 0.014296185225248337, 0.015245105139911175], "(3, 5, 1, 1)": [0.018776077777147293, 0.017099084332585335, 0.017471827566623688, 0.018868450075387955, 0.0166656244546175], "(2, 4, -1, 0)": [0.0041716443374753, -0.0003011354710906744, 0.000714266556315124, 0.014105169102549553, -0.0012560412287712097], "(3, 5, 3, 3)": [0.018949732184410095, 0.013276062905788422, 0.013159651309251785, 0.012270784936845303, 0.009540243074297905], "(1, 4, 2, 2)": [0.018445240333676338, 0.014604207128286362, 0.018615977838635445, 0.018553126603364944, 0.019112195819616318], "(1, 4, 1, 1)": [0.0063660964369773865, 0.013330958783626556, 0.010621665045619011, 0.012507444247603416, 0.015931876376271248], "(1, 4, 1, 2)": [0.019027959555387497, 0.018639134243130684, 0.01863105408847332, 0.01894887164235115, 0.018618501722812653], "(2, 4, 0, 2)": [0.019594818353652954, 0.01754162274301052, 0.015728691592812538, 0.017687158659100533, 0.01724144071340561], "(3, 5, 5, 3)": [0.014667089097201824, 0.012092698365449905, 0.013119551353156567, 0.00969331618398428, 0.016045860946178436], "(3, 5, 6, 4)": [0.0, -9.927782230079174e-05, 0.002360259648412466, 0.006545462645590305, -0.0033804248087108135], "(3, 4, 1, 1)": [0.014114436693489552, 0.011171218007802963, 0.013697326183319092, 0.013759707100689411, 0.016196759417653084], "(3, 4, 0, 1)": [0.014918380416929722, 0.011858310550451279, 0.010157661512494087, 0.010795241221785545, 0.018066633492708206], "(1, 4, 3, 2)": [0.01873602718114853, 0.018388258293271065, 0.018302319571375847, 0.01936962455511093, 0.01699252612888813], "(2, 5, 6, 3)": [0.0, 0.0018053267849609256, 0.0014442468527704477, 0.0, 0.0025723837316036224], "(3, 4, 4, 3)": [0.016047639772295952, 0.01605762355029583, 0.01910257712006569, 0.016259683296084404, 0.01844438537955284], "(3, 4, 1, 2)": [0.00494509469717741, 0.018972525373101234, 0.008912907913327217, 0.007371250540018082, 0.01130360085517168], "(2, 5, 1, 3)": [0.0, 0.008641572669148445, 0.0, 0.0, 0.0], "(1, 5, 0, 2)": [0.01843370869755745, 0.017428407445549965, 0.01777608133852482, 0.016634000465273857, 0.01917734555900097], "(1, 5, 1, 3)": [-0.0019909199327230453, 0.0, 0.0, -0.003282187506556511, 0.0], "(1, 4, 4, 3)": [0.010623227804899216, 0.010459961369633675, 0.005284381099045277, 0.019331661984324455, 0.014561795629560947], "(1, 4, 0, 2)": [0.0169308390468359, 0.01934233121573925, 0.017017880454659462, 0.012393811717629433, 0.017503272742033005], "(1, 4, 3, 3)": [0.01943979039788246, 0.018563708290457726, 0.016965093091130257, 0.0188855342566967, 0.017760783433914185], "(3, 4, 5, 3)": [0.013498228043317795, 0.017772627994418144, 0.013967853970825672, 0.018805379047989845, 0.016379641368985176], "(3, 5, 5, 2)": [0.0, 0.0035144807770848274, 0.004671753384172916, 0.0, 0.016176294535398483], "(2, 4, 0, 0)": [0.0, -0.0019230297766625881, -0.003916643094271421, 0.0, 0.01234237290918827], "(1, 4, -1, 1)": [0.0016418986488133669, 0.015035932883620262, 0.00347724836319685, 0.006159500684589148, -0.0010793859837576747], "(1, 5, 0, 1)": [0.019545139744877815, 0.017312565818428993, 0.017944904044270515, 0.018908539786934853, 0.01730090007185936], "(1, 4, 2, 3)": [0.0, 0.0, 0.0029455972835421562, 0.0028940830379724503, 0.01264259684830904],