{"q_values": {"(2, 5, 2, 2)": [0.019514326006174088, 0.01891072280704975, 0.019129594787955284, 0.018749404698610306, 0.018752820789813995], "(2, 5, 3, 2)": [0.019626842811703682, 0.019395260140299797, 0.01940385065972805, 0.019304286688566208, 0.019357778131961823], "(2, 5, 3, 3)": [0.019631600007414818, 0.014211850240826607, 0.01737658865749836, 0.01810542121529579, 0.01528622955083847], "(2, 4, 2, 2)": [0.013435257598757744, 0.016197387129068375, 0.0187453031539917, 0.01954135298728943, 0.018472855910658836], "(2, 4, 3, 2)": [0.01914467290043831, 0.019322389736771584, 0.019289011135697365, 0.019844789057970047, 0.019292358309030533], "(2, 4, 3, 3)": [0.01965877041220665, 0.01963134855031967, 0.019734177738428116, 0.01968710497021675, 0.019659139215946198], "(2, 4, 4, 3)": [0.019747335463762283, 0.019577449187636375, 0.01958436332643032, 0.01944853737950325, 0.019535129889845848], "(2, 4, 1, 1)": [0.010786290280520916, 0.01283623743802309, 0.00877858605235815, 0.011594250798225403, 0.018805736675858498], "(2, 4, 2, 1)": [0.011909171007573605, 0.00760836573317647, 0.007178492844104767, 0.012248641811311245, 0.01780855283141136], "(2, 5, 4, 3)": [0.019574901089072227, 0.017533408477902412, 0.017268795520067215, 0.016660042107105255, 0.017821652814745903], "(2, 4, 1, 2)": [0.018494796007871628, 0.018647950142621994, 0.017009923234581947, 0.018403012305498123, 0.019080430269241333], "(2, 5, 1, 2)": [0.019585998728871346, 0.018845394253730774, 0.018878629431128502, 0.01904163882136345, 0.01876852475106716], "(2, 5, 0, 2)": [0.014480038546025753, 0.019266905263066292, 0.019079603254795074, 0.016916275024414062, 0.019093940034508705], "(2, 5, 2, 3)": [0.016762638464570045, 0.008906153030693531, 0.011907730251550674, 0.005388855934143066, 0.011167902499437332], "(2, 4, 0, 1)": [0.01722269132733345, 0.014625020325183868, 0.01398243848234415, 0.014517977833747864, 0.016981665045022964], "(2, 4, 4, 2)": [0.01858164183795452, 0.017262449488043785, 0.019509168341755867, 0.018955238163471222, 0.015148848295211792], "(2, 4, 5, 3)": [0.019517600536346436, 0.019183389842510223, 0.01925680972635746, 0.019007742404937744, 0.018958020955324173], "(3, 4, 4, 2)": [0.018508020788431168, 0.01862003095448017, 0.01757572963833809, 0.013518140651285648, 0.01928134635090828], "(3, 4, 3, 2)": [0.01785510964691639, 0.014395307749509811, 0.01749635674059391, 0.015345530584454536, 0.018998490646481514], "(3, 4, 2, 1)": [0.012769854627549648, 0.016728699207305908, 0.013636930845677853, 0.013962679542601109, 0.01374731957912445], "(3, 4, 2, 2)": [0.017283663153648376, 0.01843276433646679, 0.01856512390077114, 0.014532400295138359, 0.0183634664863348], "(3, 4, 3, 1)": [0.015396172180771828, 0.0027036042883992195, 0.0, -0.004277038387954235, 0.0037105889059603214], "(2, 5, 1, 1)": [0.01957796886563301, 0.01957162283360958, 0.019627874717116356, 0.019493084400892258, 0.019430160522460938], "(2, 5, 0, 1)": [0.019276341423392296, 0.01938735879957676, 0.019210070371627808, 0.019332723692059517, 0.019547482952475548], "(1, 5, 1, 2)": [0.017644526436924934, 0.018622353672981262, 0.01763727143406868, 0.019241394475102425, 0.01837117411196232], "(1, 5, 2, 2)": [0.019420845434069633, 0.019759222865104675, 0.019105728715658188, 0.019283492118120193, 0.018516220152378082], "(1, 5, 3, 3)": [0.019563471898436546, 0.018169865012168884, 0.017337359488010406, 0.017346970736980438, 0.01712338998913765], "(1, 5, 2, 3)": [0.014221100136637688, 0.013183713890612125, 0.014891418628394604, 0.010813101194798946, 0.01670519821345806], "(1, 4, 0, 1)": [0.01576412282884121, 0.01684967800974846, 0.015410131774842739, 0.014824682846665382, 0.01411893405020237], "(2, 5, 2, 1)": [0.0027793042827397585, 0.005499361082911491, 0.002698917407542467, 0.005473117344081402, 0.017304450273513794], "(2, 5, 4, 2)": [0.019718460738658905, 0.017992306500673294, 0.01811409927904606, 0.018633689731359482, 0.014559036120772362], "(2, 5, 5, 3)": [0.015150340273976326, 0.01504196785390377, 0.01917433738708496, 0.013565792702138424, 0.013274682685732841], "(3, 5, 4, 3)": [0.01798129454255104, 0.014883127063512802, 0.01571166142821312, 0.013637595809996128, 0.014265255071222782], "(3, 5, 4, 2)": [0.019137753173708916, 0.019136320799589157, 0.019003402441740036, 0.01812349073588848, 0.019139457494020462], "(3, 5, 3, 2)": [0.01940438337624073, 0.019625717774033546, 0.019130801782011986, 0.01794859580695629, 0.018819408491253853], "(3, 5, 2, 2)": [0.019673332571983337, 0.01893671602010727, 0.018172312527894974, 0.0188312865793705, 0.018957391381263733], "(3, 5, 1, 2)": [0.01870681159198284, 0.019560225307941437, 0.01610396057367325, 0.01884632371366024, 0.01882087253034115], "(3, 5, 0, 1)": [0.017735373228788376, 0.019386515021324158, 0.015668198466300964, 0.01578773744404316, 0.01738862320780754], "(3, 5, 1, 1)": [0.019331611692905426, 0.019467588514089584, 0.019262589514255524, 0.019322549924254417, 0.019261272624135017], "(2, 4, -1, 0)": [0.011377915740013123, -0.0003011354710906744, 0.000714266556315124, 0.003014450892806053, 0.0028594296891242266], "(3, 5, 3, 3)": [0.01933002658188343, 0.01015511155128479, 0.013159651309251785, 0.014104526489973068, 0.010797024704515934], "(1, 4, 2, 2)": [0.015803558751940727, 0.012955821119248867, 0.017915504053235054, 0.01772782951593399, 0.017432700842618942], "(1, 4, 1, 1)": [0.009604132734239101, 0.011457082815468311, 0.01535808201879263, 0.013360289856791496, 0.014264140278100967], "(1, 4, 1, 2)": [0.01750200241804123, 0.018769795075058937, 0.017678463831543922, 0.018594490364193916, 0.01844712160527706], "(2, 4, 0, 2)": [0.01949530467391014, 0.01835291087627411, 0.0172943826764822, 0.018835775554180145, 0.018657203763723373], "(3, 5, 5, 3)": [0.015009730122983456, 0.01746189594268799, 0.018172169104218483, 0.01584586314857006, 0.017471052706241608], "(3, 5, 6, 4)": [0.0, 0.001723886583931744, 0.0036668211687356234, 0.0002529495395720005, -0.0033804248087108135], "(3, 4, 1, 1)": [0.013639788143336773, 0.01482006162405014, 0.013041364029049873, 0.014437311328947544, 0.013051962479948997], "(3, 4, 0, 1)": [0.011394166387617588, 0.017642010003328323, 0.013797827064990997, 0.016602585092186928, 0.015821337699890137], "(1, 4, 3, 2)": [0.018690338358283043, 0.018618343397974968, 0.018595479428768158, 0.018511198461055756, 0.018924633041024208], "(2, 5, 6, 3)": [0.0, 0.0018053267849609256, 0.0014442468527704477, 0.0, 0.0016785245388746262], "(3, 4, 4, 3)": [0.019246883690357208, 0.01939351297914982, 0.019114356487989426, 0.01958400197327137, 0.019012892618775368], "(3, 4, 1, 2)": [0.007121462374925613, 0.019203301519155502, 0.013895667158067226, 0.005955697037279606, 0.013371329754590988], "(2, 5, 1, 3)": [0.0, 0.008641572669148445, 0.0, 0.0, 0.0], "(1, 5, 0, 2)": [0.01827939786016941, 0.019309500232338905, 0.01897040382027626, 0.014277500100433826, 0.01872328855097294], "(1, 5, 1, 3)": [-0.0019909199327230453, 0.00941869243979454, 0.0, -0.004684910643845797, 0.0], "(1, 4, 4, 3)": [0.0163759533315897, 0.017951281741261482, 0.016335560008883476, 0.01898231729865074, 0.017609557136893272], "(1, 4, 0, 2)": [0.01915077492594719, 0.018306095153093338, 0.017518771812319756, 0.01573117822408676, 0.018354445695877075], "(1, 4, 3, 3)": [0.01936098001897335, 0.019468508660793304, 0.018462693318724632, 0.01933695375919342, 0.019281532615423203], "(3, 4, 5, 3)": [0.01886962726712227, 0.019091343507170677, 0.01795373111963272, 0.01910138688981533, 0.0194622240960598], "(3, 5, 5, 2)": [0.0, 0.0035144807770848274, 0.006884464994072914, 0.0, 0.017111198976635933], "(2, 4, 0, 0)": [0.0, -0.0019230297766625881, -0.00549399945884943, 0.002106010913848877, 0.009693851694464684], "(1, 4, -1, 1)": [0.0016418986488133669, 0.010636010207235813, 0.0075271776877343655, 0.015284225344657898, 0.006216585636138916], "(1, 5, 0, 1)": [0.01954992488026619, 0.018799448385834694, 0.018811656162142754, 0.019240261986851692, 0.018985258415341377],