{"q_values": {"(2, 5, 2, 2)": [0.016219213604927063, 0.016948958858847618, 0.013653512112796307, 0.014033795334398746, 0.01943925954401493], "(2, 5, 3, 2)": [0.019344622269272804, 0.019196879118680954, 0.019104739651083946, 0.01890123263001442, 0.01919611729681492], "(2, 5, 3, 3)": [0.01395520381629467, 0.018729478120803833, 0.014735504053533077, 0.015029449947178364, 0.01446855440735817], "(2, 4, 2, 2)": [0.019046545028686523, 0.01802505925297737, 0.01906069740653038, 0.018805449828505516, 0.01947946287691593], "(2, 4, 3, 2)": [0.01910291239619255, 0.019521869719028473, 0.015159059315919876, 0.019047802314162254, 0.019141361117362976], "(2, 4, 3, 3)": [0.01973740942776203, 0.019648287445306778, 0.019671615213155746, 0.019758958369493484, 0.01973508484661579], "(2, 4, 4, 3)": [0.019731121137738228, 0.019669391214847565, 0.019745266065001488, 0.019726887345314026, 0.01956150308251381], "(2, 4, 1, 1)": [0.013833052478730679, 0.01574535295367241, 0.015116709284484386, 0.01915118098258972, 0.017089148983359337], "(2, 4, 2, 1)": [0.0119413360953331, 0.0062688253819942474, 0.011060219258069992, 0.012661070562899113, 0.013935119844973087], "(2, 5, 4, 3)": [0.01894102618098259, 0.019119897857308388, 0.018238618969917297, 0.019246891140937805, 0.018430747091770172], "(2, 4, 1, 2)": [0.019642692059278488, 0.019533492624759674, 0.018823517486453056, 0.01959216222167015, 0.019551336765289307], "(2, 5, 1, 2)": [0.019549215212464333, 0.0189316775649786, 0.01916070282459259, 0.01925031654536724, 0.019327450543642044], "(2, 5, 0, 2)": [0.01958867721259594, 0.01928492821753025, 0.018999747931957245, 0.01901409775018692, 0.019397160038352013], "(2, 5, 2, 3)": [0.013495957478880882, 0.008782238699495792, 0.009170450270175934, 0.01076717209070921, 0.010185036808252335], "(2, 4, 0, 1)": [0.016183888539671898, 0.018321817740797997, 0.01827825978398323, 0.019750241190195084, 0.01788313314318657], "(2, 4, 4, 2)": [0.019093066453933716, 0.01928742416203022, 0.019207553938031197, 0.019336795434355736, 0.01919563300907612], "(2, 4, 5, 3)": [0.019648198038339615, 0.019270844757556915, 0.01908360980451107, 0.019350247457623482, 0.019523615017533302], "(3, 4, 4, 2)": [0.019130604341626167, 0.019236398860812187, 0.019229810684919357, 0.019395597279071808, 0.019377106800675392], "(3, 4, 3, 2)": [0.019204584881663322, 0.019092518836259842, 0.019181452691555023, 0.019344674423336983, 0.019238611683249474], "(3, 4, 2, 1)": [0.010794120840728283, 0.011571970768272877, 0.012158370576798916, 0.013376262970268726, 0.018675178289413452], "(3, 4, 2, 2)": [0.01912718266248703, 0.016197526827454567, 0.019217709079384804, 0.019102972000837326, 0.019161870703101158], "(3, 4, 3, 1)": [0.005222258623689413, 0.0027036042883992195, 0.0, -0.0054547712206840515, 0.0010639617685228586], "(2, 5, 1, 1)": [0.019503779709339142, 0.01961502432823181, 0.019580215215682983, 0.019535964354872704, 0.01983729563653469], "(2, 5, 0, 1)": [0.019604798406362534, 0.019649500027298927, 0.019762815907597542, 0.019577642902731895, 0.01957589201629162], "(1, 5, 1, 2)": [0.019499298185110092, 0.019584069028496742, 0.01924213580787182, 0.019232124090194702, 0.019107092171907425], "(1, 5, 2, 2)": [0.01994222402572632, 0.019596800208091736, 0.019515719264745712, 0.019443713128566742, 0.019394222646951675], "(1, 5, 3, 3)": [0.014917721971869469, 0.019703419879078865, 0.018821462988853455, 0.019130125641822815, 0.018836798146367073], "(1, 5, 2, 3)": [0.019577283412218094, 0.012447929009795189, 0.013865862041711807, 0.01415566261857748, 0.012599682435393333], "(1, 4, 0, 1)": [0.01808287762105465, 0.0181723739951849, 0.01821420155465603, 0.015981020405888557, 0.01980598270893097], "(2, 5, 2, 1)": [0.0027793042827397585, 0.005499361082911491, 0.005279420409351587, 0.009475884959101677, 0.019719604402780533], "(2, 5, 4, 2)": [0.019910626113414764, 0.019408179447054863, 0.0192880779504776, 0.019574688747525215, 0.01880788616836071], "(2, 5, 5, 3)": [0.013694610446691513, 0.019550148397684097, 0.014043997973203659, 0.014366209506988525, 0.014785713516175747], "(3, 5, 4, 3)": [0.01980309747159481, 0.017582006752490997, 0.016305558383464813, 0.01580129563808441, 0.015262113884091377], "(3, 5, 4, 2)": [0.019809147343039513, 0.019354596734046936, 0.01953943260014057, 0.01891740970313549, 0.019195349887013435], "(3, 5, 3, 2)": [0.0198169257491827, 0.019363559782505035, 0.019411033019423485, 0.01702369749546051, 0.019760888069868088], "(3, 5, 2, 2)": [0.01982712186872959, 0.019537540152668953, 0.019579237326979637, 0.019131967797875404, 0.01952929049730301], "(3, 5, 1, 2)": [0.019857337698340416, 0.019515439867973328, 0.019294343888759613, 0.019317541271448135, 0.019183283671736717], "(3, 5, 0, 1)": [0.01858687400817871, 0.01883542910218239, 0.019867386668920517, 0.018969064578413963, 0.01895093359053135], "(3, 5, 1, 1)": [0.01951528899371624, 0.01963343471288681, 0.01948479190468788, 0.019486168399453163, 0.019762638956308365], "(2, 4, -1, 0)": [0.0009953260887414217, -0.0003011354710906744, 0.000714266556315124, 0.0011134634260088205, 0.0037372568622231483], "(3, 5, 3, 3)": [0.01976802572607994, 0.014090053737163544, 0.015559571795165539, 0.015061489306390285, 0.015573438256978989], "(1, 4, 2, 2)": [0.019197946414351463, 0.017807547003030777, 0.019386816769838333, 0.016152579337358475, 0.01989513263106346], "(1, 4, 1, 1)": [0.015831325203180313, 0.012445732951164246, 0.013075726106762886, 0.012924130074679852, 0.019846033304929733], "(1, 4, 1, 2)": [0.018912937492132187, 0.019249405711889267, 0.019184507429599762, 0.019899800419807434, 0.019199512898921967], "(2, 4, 0, 2)": [0.015246650204062462, 0.019233135506510735, 0.018629884347319603, 0.017085498198866844, 0.019824067130684853], "(3, 5, 5, 3)": [0.015930991619825363, 0.014337871223688126, 0.01955816149711609, 0.017935119569301605, 0.014783036895096302], "(3, 5, 6, 4)": [0.0, 0.001723886583931744, 0.01464016642421484, 0.0002529495395720005, -0.0033804248087108135], "(3, 4, 1, 1)": [0.017612595111131668, 0.01756819151341915, 0.018004199489951134, 0.019309597089886665, 0.017185790464282036], "(3, 4, 0, 1)": [0.015045695938169956, 0.010581007227301598, 0.015108020044863224, 0.014481090009212494, 0.01981939747929573], "(1, 4, 3, 2)": [0.019544461742043495, 0.019480563700199127, 0.019647041335701942, 0.01932709477841854, 0.019883733242750168], "(2, 5, 6, 3)": [0.0, 0.009970870800316334, 0.0014442468527704477, 0.002646406413987279, 0.0016785245388746262], "(3, 4, 4, 3)": [0.019834615290164948, 0.01973908394575119, 0.019736478105187416, 0.01968637853860855, 0.019846582785248756], "(3, 4, 1, 2)": [0.019306715577840805, 0.018859747797250748, 0.019124072045087814, 0.01779640093445778, 0.0198371522128582], "(2, 5, 1, 3)": [-0.001871654181741178, 0.010060271248221397, 0.0, 0.0, 0.0], "(1, 5, 0, 2)": [0.016293562948703766, 0.019790535792708397, 0.019212864339351654, 0.019454069435596466, 0.01945088617503643], "(1, 5, 1, 3)": [0.000542876310646534, 0.010611267760396004, 0.0, -0.0026853641029447317, 0.0], "(1, 4, 4, 3)": [0.019700365141034126, 0.019908767193555832, 0.01949896477162838, 0.019634265452623367, 0.01951627805829048], "(1, 4, 0, 2)": [0.019327137619256973, 0.01935472898185253, 0.01921495608985424, 0.019224675372242928, 0.019877972081303596], "(1, 4, 3, 3)": [0.019869549199938774, 0.0198333952575922, 0.019852131605148315, 0.019895073026418686, 0.01983626000583172], "(3, 4, 5, 3)": [0.019153544679284096, 0.019338125362992287, 0.019311271607875824, 0.019705666229128838, 0.019362151622772217], "(3, 5, 5, 2)": [0.0, 0.0035144807770848274, 0.006884464994072914, 0.0, 0.01803714781999588], "(2, 4, 0, 0)": [0.0006488596554845572, -0.004215073771774769, -0.00549399945884943, -0.0013315535616129637, 0.0046357661485672], "(1, 4, -1, 1)": [0.0016418986488133669, 0.00694706616923213, 0.008677567355334759, 0.014668729156255722, 0.008256818167865276], "(1, 5, 0, 1)": [0.01976902224123478, 0.0198821984231472, 0.019733967259526253, 0.019655106589198112, 0.019735509529709816],