{"q_values": {"(2, 5, 2, 2)": [0.019974617287516594, 0.018771711736917496, 0.019096365198493004, 0.019105233252048492, 0.01910199038684368], "(2, 5, 3, 2)": [0.01883905939757824, 0.019975097849965096, 0.01935655251145363, 0.018745606765151024, 0.017726289108395576], "(2, 5, 3, 3)": [0.01721184328198433, 0.015253267250955105, 0.019895896315574646, 0.014251792803406715, 0.01646050438284874], "(2, 4, 2, 2)": [0.01762845553457737, 0.019077084958553314, 0.017245300114154816, 0.018814433366060257, 0.01987253502011299], "(2, 4, 3, 2)": [0.01896488666534424, 0.019246533513069153, 0.017918935045599937, 0.01984080858528614, 0.01933838240802288], "(2, 4, 3, 3)": [0.01968192309141159, 0.019959721714258194, 0.019734282046556473, 0.01971249282360077, 0.01974913291633129], "(2, 4, 4, 3)": [0.019630003720521927, 0.019953163340687752, 0.019589722156524658, 0.019627278670668602, 0.01956615224480629], "(2, 4, 1, 1)": [0.01712956838309765, 0.016910064965486526, 0.015231791883707047, 0.014510640874505043, 0.019812434911727905], "(2, 4, 2, 1)": [0.011747147887945175, 0.007975133135914803, 0.011060219258069992, 0.01151007879525423, 0.013415977358818054], "(2, 5, 4, 3)": [0.019899599254131317, 0.018688954412937164, 0.019335512071847916, 0.018596304580569267, 0.01909628137946129], "(2, 4, 1, 2)": [0.019373251125216484, 0.01988028548657894, 0.019499972462654114, 0.01883995160460472, 0.01935066469013691], "(2, 5, 1, 2)": [0.019412320107221603, 0.019445249810814857, 0.01994435116648674, 0.019265644252300262, 0.019311077892780304], "(2, 5, 0, 2)": [0.019346917048096657, 0.019507890567183495, 0.019385339692234993, 0.01934356428682804, 0.019311586394906044], "(2, 5, 2, 3)": [0.016511395573616028, 0.011643106117844582, 0.010734671726822853, 0.011909945867955685, 0.011574790813028812], "(2, 4, 0, 1)": [0.01516092848032713, 0.01742260530591011, 0.017449676990509033, 0.018049482256174088, 0.019860105589032173], "(2, 4, 4, 2)": [0.019188517704606056, 0.019325248897075653, 0.019348790869116783, 0.019678644835948944, 0.019245635718107224], "(2, 4, 5, 3)": [0.019410429522395134, 0.019302397966384888, 0.01919526606798172, 0.019139450043439865, 0.018268145620822906], "(3, 4, 4, 2)": [0.019002748653292656, 0.018702343106269836, 0.018956750631332397, 0.018704857677221298, 0.01965450681746006], "(3, 4, 3, 2)": [0.014830228872597218, 0.018540792167186737, 0.014763440005481243, 0.014875642955303192, 0.01925148256123066], "(3, 4, 2, 1)": [0.009719893336296082, 0.011571970768272877, 0.013652646914124489, 0.013376262970268726, 0.018849462270736694], "(3, 4, 2, 2)": [0.018579551950097084, 0.019104085862636566, 0.018742704764008522, 0.014843027107417583, 0.01861654594540596], "(3, 4, 3, 1)": [0.008041728287935257, 0.0027036042883992195, 0.0, -0.0054547712206840515, 0.0010639617685228586], "(2, 5, 1, 1)": [0.019480111077427864, 0.01992693543434143, 0.01948998123407364, 0.019715219736099243, 0.019494492560625076], "(2, 5, 0, 1)": [0.01965850405395031, 0.019796498119831085, 0.01989571563899517, 0.01976773329079151, 0.019713375717401505], "(1, 5, 1, 2)": [0.01977945677936077, 0.019184038043022156, 0.0175178162753582, 0.017894841730594635, 0.018337929621338844], "(1, 5, 2, 2)": [0.017102254554629326, 0.01967046782374382, 0.016024725511670113, 0.015337244607508183, 0.017644967883825302], "(1, 5, 3, 3)": [0.01630726270377636, 0.019711066037416458, 0.015932580456137657, 0.015377521514892578, 0.015752088278532028], "(1, 5, 2, 3)": [0.01405892800539732, 0.019145015627145767, 0.011768477037549019, 0.009137839078903198, 0.011429955251514912], "(1, 4, 0, 1)": [0.019206855446100235, 0.018947793170809746, 0.019330235198140144, 0.017447063699364662, 0.019427476450800896], "(2, 5, 2, 1)": [0.0027793042827397585, 0.005499361082911491, 0.005279420409351587, 0.009475884959101677, 0.019792869687080383], "(2, 5, 4, 2)": [0.01985209248960018, 0.019408179447054863, 0.019385479390621185, 0.01948610506951809, 0.018978040665388107], "(2, 5, 5, 3)": [0.012240085750818253, 0.019583003595471382, 0.010319328866899014, 0.012782665900886059, 0.008699093014001846], "(3, 5, 4, 3)": [0.019536536186933517, 0.017001526430249214, 0.0166674442589283, 0.015501906163990498, 0.013681425713002682], "(3, 5, 4, 2)": [0.019435686990618706, 0.01937653124332428, 0.01979932375252247, 0.01891740970313549, 0.019360575824975967], "(3, 5, 3, 2)": [0.014985639601945877, 0.019865956157445908, 0.01863967441022396, 0.019124293699860573, 0.019093496724963188], "(3, 5, 2, 2)": [0.019855927675962448, 0.01918737217783928, 0.018831094726920128, 0.01903693564236164, 0.019329888746142387], "(3, 5, 1, 2)": [0.01909320242702961, 0.019198255613446236, 0.019778363406658173, 0.019216613844037056, 0.019153131172060966], "(3, 5, 0, 1)": [0.018751077353954315, 0.01889866776764393, 0.019184119999408722, 0.018969064578413963, 0.019551729783415794], "(3, 5, 1, 1)": [0.01946769282221794, 0.01954103447496891, 0.019546624273061752, 0.019783252850174904, 0.019567443057894707], "(2, 4, -1, 0)": [0.0009953260887414217, -0.0003011354710906744, 0.000714266556315124, 0.0075212023220956326, -0.00010102824307978153], "(3, 5, 3, 3)": [0.01702326163649559, 0.012110084295272827, 0.011163502000272274, 0.010884665884077549, 0.012661682441830635], "(1, 4, 2, 2)": [0.017435748130083084, 0.019229216501116753, 0.019397301599383354, 0.018015628680586815, 0.019880332052707672], "(1, 4, 1, 1)": [0.015831325203180313, 0.012445732951164246, 0.014961517415940762, 0.014743426814675331, 0.01957152970135212], "(1, 4, 1, 2)": [0.015042505227029324, 0.018463974818587303, 0.01911894418299198, 0.019204532727599144, 0.019855471327900887], "(2, 4, 0, 2)": [0.01651908829808235, 0.019233135506510735, 0.018814193084836006, 0.017832208424806595, 0.019894184544682503], "(3, 5, 5, 3)": [0.01575428806245327, 0.015155542641878128, 0.01954357884824276, 0.014526824466884136, 0.011180845089256763], "(3, 5, 6, 4)": [0.0, 0.001723886583931744, 0.015236642211675644, 0.0002529495395720005, -0.0033804248087108135], "(3, 4, 1, 1)": [0.014981290325522423, 0.01654014177620411, 0.015083853155374527, 0.019361162558197975, 0.014146765694022179], "(3, 4, 0, 1)": [0.009963681921362877, 0.011836016550660133, 0.012889106757938862, 0.019067682325839996, 0.014629051089286804], "(1, 4, 3, 2)": [0.019332541152834892, 0.019379135221242905, 0.019360654056072235, 0.01932709477841854, 0.019829558208584785], "(2, 5, 6, 3)": [0.0, 0.009970870800316334, 0.0014442468527704477, 0.002646406413987279, 0.0016785245388746262], "(3, 4, 4, 3)": [0.019770430400967598, 0.019422167912125587, 0.01947833225131035, 0.01945839449763298, 0.019578484818339348], "(3, 4, 1, 2)": [0.019306715577840805, 0.018972428515553474, 0.019200459122657776, 0.01811281219124794, 0.019624248147010803], "(2, 5, 1, 3)": [-0.001871654181741178, 0.010060271248221397, 0.0, 0.0, 0.0], "(1, 5, 0, 2)": [0.019297871738672256, 0.01969286985695362, 0.019388975575566292, 0.019346538931131363, 0.019005319103598595], "(1, 5, 1, 3)": [0.000542876310646534, 0.014466395601630211, 0.0, -0.0026853641029447317, 0.0], "(1, 4, 4, 3)": [0.01915651187300682, 0.01961483806371689, 0.019316591322422028, 0.01821245066821575, 0.01935430057346821], "(1, 4, 0, 2)": [0.01942105032503605, 0.019503993913531303, 0.019414180889725685, 0.01914040371775627, 0.01980871707201004], "(1, 4, 3, 3)": [0.01945444568991661, 0.019134502857923508, 0.0198730006814003, 0.019381213933229446, 0.01914854161441326], "(3, 4, 5, 3)": [0.01934165321290493, 0.0196313988417387, 0.01938769221305847, 0.019459132105112076, 0.019166124984622], "(3, 5, 5, 2)": [0.0, 0.0035144807770848274, 0.006884464994072914, 0.0, 0.01849948987364769], "(2, 4, 0, 0)": [-8.302717469632626e-05, -0.004215073771774769, -0.00549399945884943, -0.0013315535616129637, 0.0060078734531998634], "(1, 4, -1, 1)": [0.0016418986488133669, 0.00694706616923213, 0.008677567355334759, 0.015921540558338165, 0.008256818167865276], "(1, 5, 0, 1)": [0.01938825473189354, 0.01990838348865509, 0.019639981910586357, 0.01966981403529644, 0.019477782770991325],