{"q_values": {"(2, 5, 2, 2)": [0.018945394083857536, 0.01817590743303299, 0.015923406928777695, 0.018570927903056145, 0.017400391399860382], "(2, 5, 3, 3)": [0.017780529335141182, 0.017718574032187462, 0.015101560391485691, 0.018365314230322838, 0.018642112612724304], "(2, 5, 3, 4)": [0.011773645877838135, 0.013979158364236355, 0.014814905822277069, 0.013205651193857193, 0.016094595193862915], "(2, 5, 2, 3)": [0.016449404880404472, 0.01765584573149681, 0.017313772812485695, 0.015062191523611546, 0.01709122024476528], "(2, 5, 3, 5)": [0.007678935304284096, 0.008461479097604752, 0.008256815373897552, 0.00838753767311573, 0.007975464686751366], "(2, 4, 2, 2)": [0.01869804970920086, 0.014583045616745949, 0.018763240426778793, 0.018853114917874336, 0.01885806769132614], "(2, 4, 3, 3)": [0.019170552492141724, 0.01926717348396778, 0.019326133653521538, 0.019352585077285767, 0.019334321841597557], "(2, 4, 3, 4)": [0.0191162321716547, 0.019214125350117683, 0.01912081055343151, 0.019394077360630035, 0.01870618760585785], "(2, 4, 4, 4)": [0.019105223938822746, 0.01895468682050705, 0.019160132855176926, 0.019061505794525146, 0.018794281408190727], "(2, 4, 3, 2)": [0.01821047067642212, 0.01862218976020813, 0.01799711398780346, 0.01866067759692669, 0.01872204802930355], "(2, 4, 2, 1)": [0.016047269105911255, 0.017939221113920212, 0.017574675381183624, 0.013814915902912617, 0.01809152215719223], "(2, 4, 1, 0)": [0.014684973284602165, 0.015136980451643467, 0.01431599073112011, 0.01453083660453558, 0.014379625208675861], "(2, 4, 2, 0)": [0.006873323116451502, 0.013394900597631931, 0.010224253870546818, 0.01397970225661993, 0.008910576812922955], "(2, 5, 4, 5)": [0.011524945497512817, 0.011891689151525497, 0.013249248266220093, 0.00926201045513153, 0.014456377364695072], "(2, 5, 4, 6)": [0.007109654136002064, 0.009810574352741241, 0.007520715706050396, 0.006035742815583944, 0.011557910591363907], "(2, 4, 1, 1)": [0.017435256391763687, 0.018193529918789864, 0.017888009548187256, 0.018286792561411858, 0.018219970166683197], "(2, 5, 1, 2)": [0.01813543401658535, 0.018099304288625717, 0.018212195485830307, 0.018369600176811218, 0.018197771161794662], "(2, 5, 1, 1)": [0.019083594903349876, 0.019154084846377373, 0.018891677260398865, 0.019036276265978813, 0.01902434229850769], "(2, 5, 0, 1)": [0.014901189133524895, 0.017753690481185913, 0.016547299921512604, 0.01613132655620575, 0.015821605920791626], "(2, 5, 2, 4)": [0.00792371854186058, 0.013593383133411407, 0.011072704568505287, 0.0081482520326972, 0.009324980899691582], "(2, 4, 2, 3)": [0.019206635653972626, 0.0190854724496603, 0.019172849133610725, 0.019177710637450218, 0.01914244331419468], "(2, 4, 0, 0)": [0.017078878358006477, 0.016702331602573395, 0.01473319623619318, 0.014614086598157883, 0.01620490849018097], "(2, 4, 3, 1)": [0.0109413368627429, 0.013051112182438374, 0.012119877152144909, 0.01419862825423479, 0.009045211598277092], "(2, 4, 4, 3)": [0.017720501869916916, 0.018226422369480133, 0.017669375985860825, 0.016935961320996284, 0.01734602451324463], "(2, 4, 5, 4)": [0.004796723369508982, 0.0022386768832802773, 0.006549758370965719, 0.001891791820526123, 0.005895863752812147], "(3, 4, 4, 3)": [0.001300348318181932, 0.00817122496664524, 0.004255327861756086, 0.003067820332944393, 0.005280437879264355], "(3, 4, 3, 2)": [0.010647566989064217, 0.00966261699795723, 0.011359114199876785, 0.008444976061582565, 0.007890387438237667], "(3, 4, 3, 1)": [0.0026938009541481733, 0.005999709013849497, 0.007821666076779366, 0.003620834555476904, 0.008820085786283016], "(3, 4, 4, 2)": [0.005116958171129227, 0.0028432123363018036, 0.0012077351566404104, 0.00604723347350955, 0.002507320139557123], "(3, 4, 2, 0)": [0.0012276010820642114, 0.00476795993745327, 0.009343759156763554, 0.0031221609096974134, 0.0077157155610620975], "(3, 4, 3, 0)": [0.0, 0.0, 0.002405444160103798, -0.0020559136755764484, 0.0011802474036812782], "(2, 5, 2, 1)": [0.019292248412966728, 0.019126197323203087, 0.018814444541931152, 0.01946019008755684, 0.01915997825562954], "(2, 5, 1, 0)": [0.019318703562021255, 0.019328903406858444, 0.019344210624694824, 0.019221123307943344, 0.019371358677744865], "(2, 4, 0, -1)": [0.007840107195079327, 0.005987820215523243, 0.009163475595414639, 0.012989108450710773, 0.009359054267406464], "(2, 4, 4, 5)": [0.016866397112607956, 0.017329374328255653, 0.01595897413790226, 0.016859840601682663, 0.01619466207921505], "(2, 5, 4, 4)": [0.01681331917643547, 0.01257839985191822, 0.01720450632274151, 0.01632552221417427, 0.017832409590482712], "(2, 5, 3, 2)": [0.018139254301786423, 0.017927994951605797, 0.015705876052379608, 0.018921740353107452, 0.018084648996591568], "(3, 5, 3, 3)": [0.010175731033086777, 0.013867691159248352, 0.01133660413324833, 0.009312628768384457, 0.011579928919672966], "(3, 5, 3, 2)": [0.004891111981123686, 0.0070957764983177185, 0.006457172334194183, 0.006079788785427809, 0.010330167599022388], "(3, 5, 2, 2)": [0.011958533897995949, 0.014333480037748814, 0.012578578665852547, 0.012152268551290035, 0.012026054784655571], "(3, 5, 2, 1)": [0.004732906818389893, 0.004888731054961681, 0.004943514242768288, 0.011928483843803406, 0.004070702008903027], "(3, 5, 4, 4)": [0.004397844895720482, 0.011978612281382084, 0.007431056350469589, 0.00915591325610876, 0.006379201076924801], "(3, 5, 3, 4)": [0.0030261273495852947, 0.0027074578683823347, 0.0028487686067819595, 0.0019248874159529805, 0.006068863440304995], "(3, 5, 2, 3)": [0.01083713211119175, 0.0074297538958489895, 0.0034931059926748276, 0.003813931718468666, 0.004941895604133606], "(3, 5, 1, 1)": [0.007604110054671764, 0.012283749878406525, 0.010450844652950764, 0.009336557239294052, 0.008718221448361874], "(3, 5, 1, 2)": [0.004002854693681002, 0.0018929250072687864, 0.00417057191953063, 0.0021836156956851482, 0.0029878802597522736], "(3, 5, 2, 4)": [0.0, 0.0, 0.0, 0.001003857352770865, 0.0], "(3, 5, 0, 1)": [0.0008785214158706367, 0.0, 0.0008917867089621723, 0.0, 0.0], "(2, 5, 0, 0)": [0.019105954095721245, 0.019056037068367004, 0.019094834104180336, 0.018305178731679916, 0.019053401425480843], "(2, 5, 1, 3)": [0.014425944536924362, 0.0075066667050123215, 0.010684650391340256, 0.010401733219623566, 0.008023958653211594], "(2, 5, 0, 2)": [0.004416244104504585, 0.00325479032471776, 0.005300858989357948, 0.006513663101941347, 0.004636820871382952], "(2, 5, 2, 5)": [0.0, 0.0008827727288007736, 0.001937884371727705, 0.0, 0.0009372513741254807], "(2, 4, 0, -2)": [-0.0021389001049101353, -0.0021705380640923977, -0.0010397355072200298, -0.002621233928948641, 0.00393192982301116], "(2, 4, -1, -2)": [-0.001987340161576867, 0.0008491654880344868, 0.0, 0.0, 0.000986192375421524], "(2, 4, 1, 2)": [0.01883247308433056, 0.017085647210478783, 0.017986366525292397, 0.017071396112442017, 0.016642503440380096], "(1, 4, 0, -2)": [0.0, -0.0021883829031139612, 0.0, 0.0, 0.0], "(1, 4, 0, -1)": [-0.002152774715796113, 0.0014389901189133525, 0.0, 0.0004552325699478388, -0.0016929995035752654], "(1, 5, 0, 0)": [0.0, 0.001977835316210985, 0.0019874803256243467, 0.00308301392942667, 0.003988844808191061], "(1, 5, 1, 1)": [0.0027860617265105247, 0.002105287741869688, 0.0020592682994902134, 0.004774829838424921, 0.0020788440015167], "(1, 5, 0, 1)": [0.005046491045504808, 0.0039633228443562984, 0.0010341729503124952, 0.0, 0.002074579708278179], "(1, 5, 1, 2)": [0.004367397166788578, 0.0031133575830608606, 0.002922309562563896, 0.00775881577283144, 0.004888082388788462], "(1, 5, 2, 3)": [0.00471459748223424, 0.0030059535056352615, 0.002195106353610754, 0.008151672780513763, 0.0029797677416354418], "(1, 5, 2, 4)": [0.003570264670997858, 0.00034329970367252827, 0.004692479502409697, 0.007304164581000805, 0.000903253850992769], "(1, 5, 3, 5)": [0.0027568526566028595, 0.0040191407315433025, 0.0018801107071340084, 0.00026987865567207336, 0.0010532879969105124], "(1, 5, 1, 3)": [-0.0001462278887629509, 0.0038177163805812597, 0.0009141294285655022, 0.0027870042249560356, 0.000966541119851172],