{"q_values": {"(2, 6, 1, 1)": [1.8208922147750854, 1.6361448764801025, 1.8018195629119873, 1.7727067470550537, 1.708829641342163, 1.645904779434204, 1.7132844924926758], "(2, 6, 2, 1)": [1.2040845155715942, 1.3709272146224976, 0.7776332497596741, 1.1708457469940186, 1.0084694623947144, 0.9729647040367126, 0.9084365367889404], "(2, 7, 1, 1)": [1.529691219329834, 1.416189193725586, 1.4431873559951782, 1.358841896057129, 1.3141393661499023, 1.4270172119140625, 1.5719681978225708], "(2, 6, 0, 1)": [0.7959104776382446, 0.5399051904678345, 0.46414291858673096, 1.1098729372024536, 0.5938620567321777, 0.7260361313819885, 0.5228225588798523], "(2, 7, 2, 1)": [1.094616174697876, 0.6661719679832458, 0.7052424550056458, 1.0308629274368286, 0.9099962711334229, 1.0717754364013672, 0.7567312717437744], "(2, 8, 2, 2)": [0.27249056100845337, 0.1101292297244072, 0.2743149399757385, 0.10641878098249435, 0.36049333214759827, 0.2542629837989807, 0.0], "(2, 9, 2, 1)": [0.5493712425231934, 0.7183694243431091, 0.8536628484725952, 0.46305087208747864, 0.4980373978614807, 0.4393727481365204, 0.5861705541610718], "(2, 10, 2, 1)": [-0.11172345280647278, -0.2066776007413864, 0.31940895318984985, -0.349545419216156, -0.09914429485797882, 0.03395633399486542, -0.4964667558670044], "(2, 10, 1, 1)": [0.6061372756958008, 0.1545039415359497, 0.10402326285839081, -0.0894855409860611, 0.2561730742454529, 0.16824935376644135, 0.23500116169452667], "(2, 0, 1, 1)": [0.5529618263244629, 0.6699403524398804, 0.8095383048057556, 0.7807303071022034, 1.3997012376785278, 1.030597448348999, 0.5192291736602783], "(2, 0, 2, 1)": [0.18943096697330475, 0.30100560188293457, 0.0, 0.12426233291625977, 0.21280795335769653, 0.11364755779504776, 0.4188810884952545], "(2, 1, 2, 1)": [0.4892624020576477, 0.9594703316688538, 0.7734514474868774, 0.7279942035675049, 0.6972047090530396, 0.7620782256126404, 0.6132330894470215], "(2, 2, 2, 1)": [0.7163888216018677, 0.6810744404792786, 0.8496093153953552, 0.663776159286499, 0.5979006886482239, 0.8223493695259094, 1.2024469375610352], "(2, 3, 2, 1)": [0.32713180780410767, 0.5568921566009521, 0.3902735710144043, 1.1504337787628174, 0.8543908596038818, 0.8654510974884033, 0.7667760252952576], "(2, 4, 2, 1)": [1.227947473526001, 0.9468992948532104, 0.5203973650932312, 0.8086848855018616, 0.9652782082557678, 0.6282264590263367, 0.6304351091384888], "(2, 5, 2, 1)": [1.024836540222168, 1.1302813291549683, 0.7600986957550049, 1.112581491470337, 1.106032371520996, 1.2018440961837769, 1.0392086505889893], "(2, 5, 1, 1)": [1.6346914768218994, 1.7268314361572266, 1.772842288017273, 1.6724035739898682, 1.7348684072494507, 1.690754771232605, 1.8443677425384521], "(3, 6, 2, 1)": [0.19945648312568665, 0.0, 0.0, 0.0, 0.0, 0.0, 0.09979673475027084], "(3, 6, 1, 1)": [0.28897249698638916, 0.0, 0.11427121609449387, 0.0, 0.0, 0.29769328236579895, 0.1995808184146881], "(3, 5, 1, 1)": [0.37518012523651123, 0.0999763086438179, 0.21334251761436462, 0.19437271356582642, 0.0, 0.09940396994352341, 0.0], "(3, 4, 0, 0)": [0.0, 0.0, 0.0, 0.0, 0.09899310022592545, 0.0, 0.0], "(3, 4, 1, 1)": [0.0, 0.10351567715406418, 0.09840106964111328, 0.0, 0.0, 0.0, 0.2013058364391327], "(3, 3, 1, 1)": [0.198369562625885, 0.20946504175662994, 0.09797404706478119, 0.4416984021663666, 0.0, 0.20240896940231323, 0.11466610431671143], "(3, 2, 1, 1)": [0.2776058316230774, 0.09569485485553741, 0.0, 0.20721150934696198, 0.20164084434509277, 0.35020360350608826, 0.18760421872138977], "(3, 2, 2, 1)": [0.0, 0.0, 0.10563285648822784, 0.0, 0.0, 0.0, 0.0], "(3, 1, 1, 1)": [0.16378873586654663, 0.0935591533780098, 0.0, 0.0926402285695076, 0.09139516204595566, 0.09137711673974991, 0.0], "(3, 1, 2, 1)": [0.09487541764974594, 0.0, 0.0912654772400856, 0.09559845179319382, 0.17971500754356384, 0.0, 0.0], "(3, 0, 1, 1)": [0.0, 0.0, 0.0, 0.08442651480436325, -0.2134435623884201, 0.0, 0.0], "(2, 8, 1, 1)": [1.379386305809021, 1.3532429933547974, 1.3948441743850708, 1.4606505632400513, 1.404626488685608, 1.359383463859558, 1.4019465446472168], "(2, 8, 2, 1)": [0.6155688166618347, 0.3921069800853729, 0.2692224085330963, 0.7106468081474304, 0.9470666646957397, 0.41822969913482666, 0.7524339556694031], "(2, 2, 1, 1)": [1.516654372215271, 1.5464448928833008, 1.6405986547470093, 1.4624048471450806, 1.5556241273880005, 1.5552103519439697, 1.4958348274230957], "(2, 3, 1, 1)": [1.26519775390625, 1.4074894189834595, 1.4292556047439575, 1.5737149715423584, 1.6357553005218506, 1.3435460329055786, 1.4520174264907837], "(2, 1, 1, 1)": [1.2219276428222656, 1.5290559530258179, 1.3871568441390991, 1.4035215377807617, 1.4580273628234863, 1.564130187034607, 1.4265625476837158], "(2, 1, 0, 1)": [0.8480045795440674, 0.5360633730888367, 0.6085803508758545, 0.5262465476989746, 0.630805253982544, 0.5288634896278381, 0.31094232201576233], "(2, 0, 0, 1)": [-0.2199782282114029, -0.41564345359802246, -0.24553073942661285, -0.34535813331604004, -0.5254530906677246, -0.4292522966861725, -0.5969482660293579], "(2, 9, 1, 1)": [1.0036193132400513, 0.9490565061569214, 1.0139009952545166, 0.8631902933120728, 0.9245096445083618, 1.1501578092575073, 0.9902390241622925], "(2, 4, 1, 1)": [1.7523058652877808, 1.7744591236114502, 1.769652009010315, 1.8337000608444214, 1.6351200342178345, 1.7324910163879395, 1.6064155101776123], "(2, 5, 0, 1)": [1.0799695253372192, 0.5748669505119324, 0.5005010962486267, 0.6765469908714294, 0.5466324090957642, 0.7418156266212463, 0.862773060798645], "(2, 10, 2, 2)": [0.0, -0.2186160832643509, -0.41600301861763, -0.40522095561027527, 0.0, 0.0, -0.4183427691459656], "(2, 4, 0, 1)": [0.7754347324371338, 0.9096813797950745, 0.48715007305145264, 0.5614880323410034, 0.709270715713501, 1.3280061483383179, 0.8117294907569885], "(2, 3, 0, 1)": [0.9284945726394653, 0.8210113048553467, 0.5501155853271484, 1.193496584892273, 0.7230418920516968, 0.8707507252693176, 0.991673469543457], "(2, 2, 0, 1)": [0.936480700969696, 0.5938078165054321, 0.6411248445510864, 0.5878071784973145, 1.0207998752593994, 0.4149502217769623, 0.8097506165504456], "(2, 2, 0, 0)": [0.11022386699914932, 0.21804600954055786, 0.176043301820755, 0.0, 0.3998316824436188, 0.19378727674484253, 0.22969616949558258], "(2, 7, 0, 1)": [0.13540160655975342, 0.2544213831424713, 0.3927110433578491, 0.2768634557723999, 0.682182252407074, 0.3642154335975647, 0.26069653034210205], "(2, 1, 0, 0)": [0.18464121222496033, -0.06905859708786011, 0.44994986057281494, 0.10755528509616852, 0.29432857036590576, 0.2565944492816925, 0.0825280025601387], "(2, 0, 0, 0)": [-0.21817699074745178, -0.42237526178359985, -0.61264967918396, -0.7526962161064148, -0.3537469208240509, -0.21854154765605927, -0.21865761280059814], "(2, 6, 2, 2)": [0.1615552455186844, 0.0, 0.25317472219467163, 0.0, 0.0, 0.0, 0.0], "(2, 8, 0, 1)": [0.3916377127170563, 0.0, 0.2785657048225403, 0.0, 0.289589524269104, 0.8241019248962402, 0.3889145255088806], "(2, 3, 0, 0)": [0.0, 0.10288311541080475, 0.31921932101249695, 0.1437619924545288, 0.24364611506462097, 0.0, 0.1980707347393036], "(2, 5, 0, 0)": [0.0, 0.20783446729183197, 0.20518270134925842, 0.0, 0.11011119186878204, 0.16098442673683167, 0.10948134958744049], "(2, 4, 0, 0)": [0.0, 0.14458714425563812, 0.0, 0.10300972312688828, 0.21073800325393677, 0.0, 0.10767622292041779], "(1, 1, 0, 1)": [0.0, 0.0, 0.0, 0.0, 0.08594837039709091, 0.0, 0.0], "(1, 0, 0, 1)": [0.0, -0.21495656669139862, 0.16563913226127625, 0.0, -0.13513115048408508, 0.0, 0.0], "(3, 1, 0, 0)": [0.0, 0.0, 0.0, 0.0, 0.08248084783554077, 0.0, 0.0], "(3, 0, 0, 0)": [0.0, 0.0, -0.22130540013313293, 0.0, 0.0, 0.0, 0.0], "(1, 5, 0, 1)": [0.12375569343566895, 0.0, 0.0, 0.31519150733947754, 0.20940668880939484, 0.5263614058494568, 0.11447878926992416], "(1, 5, 1, 1)": [0.5162590742111206, 0.22217178344726562, 0.3757546842098236, 0.3921167552471161, 0.31504368782043457, 0.8232560157775879, 0.20906676352024078],