{"q_values": {"(2, 6, 1, 1)": [1.8886820077896118, 1.9562020301818848, 1.9125784635543823, 1.911929726600647, 1.9005951881408691, 1.8801286220550537, 1.9090527296066284], "(2, 6, 2, 1)": [1.4814172983169556, 1.7295732498168945, 0.8778009414672852, 1.4341908693313599, 1.1571751832962036, 1.387749433517456, 1.3798764944076538], "(2, 7, 1, 1)": [1.82638418674469, 1.829830527305603, 1.8249402046203613, 1.9156768321990967, 1.7785933017730713, 1.8066105842590332, 1.8527700901031494], "(2, 6, 0, 1)": [1.3530328273773193, 1.3068740367889404, 1.115219235420227, 1.723536491394043, 1.0277273654937744, 1.0376818180084229, 1.0272120237350464], "(2, 7, 2, 1)": [1.3914480209350586, 0.9402755498886108, 1.0136247873306274, 1.042121171951294, 1.2743217945098877, 1.1819955110549927, 1.252780795097351], "(2, 8, 2, 2)": [0.27249056100845337, 0.1101292297244072, 0.3557754456996918, 0.4154133200645447, 0.783455491065979, 0.3428651690483093, 0.1713012009859085], "(2, 9, 2, 1)": [0.938031017780304, 1.061599850654602, 1.1250576972961426, 0.6994661092758179, 0.7839325070381165, 0.7612075805664062, 0.6977964043617249], "(2, 10, 2, 1)": [0.2407773733139038, -0.1913663148880005, -0.17473681271076202, -0.6916162967681885, -0.22499829530715942, -0.07462117075920105, -0.6459884643554688], "(2, 10, 1, 1)": [1.294999599456787, 0.9298982620239258, 0.9476954340934753, 0.8350635766983032, 0.30508673191070557, 0.6555565595626831, 0.7239612340927124], "(2, 0, 1, 1)": [0.5060437917709351, 1.174331784248352, 0.7253721952438354, 0.6219931840896606, 0.8597116470336914, 0.953053891658783, 0.7651258707046509], "(2, 0, 2, 1)": [0.39328792691230774, 1.061703085899353, 0.3290960490703583, 0.717475175857544, 0.6014801859855652, 0.47499555349349976, 0.5862841010093689], "(2, 1, 2, 1)": [1.2647502422332764, 1.696234107017517, 1.3569003343582153, 1.3784925937652588, 1.0969867706298828, 1.3006367683410645, 1.0065549612045288], "(2, 2, 2, 1)": [1.1382663249969482, 1.1895886659622192, 1.5449278354644775, 1.289557695388794, 1.3188648223876953, 1.3012088537216187, 1.740144968032837], "(2, 3, 2, 1)": [1.3197211027145386, 1.3329483270645142, 0.7788037657737732, 1.661821961402893, 1.2476521730422974, 1.4434560537338257, 1.1135103702545166], "(2, 4, 2, 1)": [1.8473855257034302, 1.3416920900344849, 1.1914256811141968, 1.427374005317688, 1.3862261772155762, 1.3338229656219482, 1.4704862833023071], "(2, 5, 2, 1)": [1.3824912309646606, 1.4476666450500488, 1.3844612836837769, 1.3180299997329712, 1.452086329460144, 1.7930291891098022, 1.4195177555084229], "(2, 5, 1, 1)": [1.8847811222076416, 1.9408297538757324, 1.925356149673462, 1.927281379699707, 1.905105471611023, 1.9152806997299194, 1.9253449440002441], "(3, 6, 2, 1)": [0.3742648959159851, 0.11399928480386734, 0.11477430164813995, 0.0, 0.0, 0.0, 0.09979673475027084], "(3, 6, 1, 1)": [0.28897249698638916, 0.0, 0.11427121609449387, 0.11874756962060928, 0.0, 0.29769328236579895, 0.1995808184146881], "(3, 5, 1, 1)": [0.45638737082481384, 0.0999763086438179, 0.21334251761436462, 0.2746657133102417, 0.0, 0.09940396994352341, 0.0], "(3, 4, 0, 0)": [0.0, 0.0, 0.0, 0.0, 0.20872458815574646, 0.0, 0.0], "(3, 4, 1, 1)": [0.0, 0.10351567715406418, 0.09840106964111328, 0.0, 0.0, 0.0, 0.28448793292045593], "(3, 3, 1, 1)": [0.198369562625885, 0.20946504175662994, 0.09797404706478119, 0.585997998714447, 0.1119619607925415, 0.20240896940231323, 0.11466610431671143], "(3, 2, 1, 1)": [0.34934720396995544, 0.09569485485553741, 0.0, 0.20721150934696198, 0.2923698127269745, 0.42518913745880127, 0.18760421872138977], "(3, 2, 2, 1)": [0.0, 0.0, 0.10563285648822784, 0.0, 0.0, 0.0, 0.0], "(3, 1, 1, 1)": [0.2341364622116089, 0.18183043599128723, 0.0, 0.0926402285695076, 0.09139516204595566, 0.09137711673974991, 0.0], "(3, 1, 2, 1)": [0.09487541764974594, 0.0, 0.0912654772400856, 0.09559845179319382, 0.17971500754356384, 0.0, 0.0], "(3, 0, 1, 1)": [0.0, 0.0, 0.0, 0.08442651480436325, -0.2134435623884201, 0.0, 0.0], "(2, 8, 1, 1)": [1.738218903541565, 1.816434621810913, 1.7790786027908325, 1.8312478065490723, 1.8032675981521606, 1.78439199924469, 1.782238245010376], "(2, 8, 2, 1)": [0.8919068574905396, 1.0483484268188477, 0.834505558013916, 1.0774593353271484, 1.4805470705032349, 0.9993619918823242, 1.2660770416259766], "(2, 2, 1, 1)": [1.7954295873641968, 1.8344839811325073, 1.7808700799942017, 1.8405534029006958, 1.8592039346694946, 1.8108503818511963, 1.797426462173462], "(2, 3, 1, 1)": [1.8765331506729126, 1.8428304195404053, 1.84086012840271, 1.854914665222168, 1.8942532539367676, 1.8066703081130981, 1.8503227233886719], "(2, 1, 1, 1)": [1.7273043394088745, 1.6621465682983398, 1.5286725759506226, 1.5677939653396606, 1.6882548332214355, 1.6885038614273071, 1.648425817489624], "(2, 1, 0, 1)": [1.1251624822616577, 0.7949003577232361, 0.7117120027542114, 0.6670189499855042, 0.8761138319969177, 0.9465039968490601, 0.6353545188903809], "(2, 0, 0, 1)": [-0.303543359041214, -0.7841883897781372, -0.5032958984375, -0.34535813331604004, -0.17073090374469757, -0.6018341183662415, -0.7684921622276306], "(2, 9, 1, 1)": [1.4959431886672974, 1.640125036239624, 1.6933081150054932, 1.6032822132110596, 1.5919809341430664, 1.6092212200164795, 1.5937906503677368], "(2, 4, 1, 1)": [1.9231151342391968, 1.9216243028640747, 1.9318592548370361, 1.9280579090118408, 1.9544225931167603, 1.9161829948425293, 1.9424238204956055], "(2, 5, 0, 1)": [1.6968636512756348, 0.9059838056564331, 0.9142794609069824, 1.1057974100112915, 1.3315975666046143, 1.3008395433425903, 1.253962755203247], "(2, 10, 2, 2)": [-0.11328963190317154, -0.3798474073410034, -0.7449021339416504, -0.43145495653152466, -0.22109542787075043, 0.0, -0.5991438031196594], "(2, 4, 0, 1)": [1.0944089889526367, 1.4115248918533325, 0.9282750487327576, 1.3834221363067627, 1.2925684452056885, 1.6004714965820312, 0.9093061685562134], "(2, 3, 0, 1)": [1.146860957145691, 0.9877862930297852, 1.1732789278030396, 1.578530192375183, 1.1903337240219116, 1.066355586051941, 1.2586196660995483], "(2, 2, 0, 1)": [1.0193519592285156, 0.8997575640678406, 0.7524496912956238, 0.9462043642997742, 1.4160751104354858, 1.0355631113052368, 1.1869724988937378], "(2, 2, 0, 0)": [0.11022386699914932, 0.21804600954055786, 0.176043301820755, 0.11382197588682175, 0.7186489701271057, 0.4838685393333435, 0.32426315546035767], "(2, 7, 0, 1)": [0.25442779064178467, 0.7019448280334473, 0.5469759106636047, 0.7674132585525513, 1.3838937282562256, 0.5095431804656982, 0.3744310736656189], "(2, 1, 0, 0)": [0.4404148459434509, 0.08378702402114868, 0.6509799361228943, 0.29617545008659363, 0.3372577726840973, 0.2565944492816925, 0.3390697240829468], "(2, 0, 0, 0)": [-0.451898992061615, -0.6120356321334839, -0.7822897434234619, -0.9074693918228149, -0.5494148135185242, -0.6160919666290283, -0.42730334401130676], "(2, 6, 2, 2)": [0.7295547723770142, 0.2621042728424072, 0.25317472219467163, 0.0, 0.27050700783729553, 0.18634536862373352, 0.0], "(2, 8, 0, 1)": [0.3916377127170563, 0.6778612732887268, 0.5481128692626953, 0.3254614472389221, 0.9796456098556519, 1.463362693786621, 0.3889145255088806], "(2, 3, 0, 0)": [0.11614453792572021, 0.21032148599624634, 0.475716769695282, 0.33968600630760193, 0.24364611506462097, 0.3854689300060272, 0.1980707347393036], "(2, 5, 0, 0)": [0.10883202403783798, 0.20783446729183197, 0.20518270134925842, 0.16987796127796173, 0.27945566177368164, 0.3234725594520569, 0.10948134958744049], "(2, 4, 0, 0)": [0.0, 0.5995926856994629, 0.0, 0.10300972312688828, 0.3686807155609131, 0.0, 0.20726263523101807], "(1, 1, 0, 1)": [0.0, 0.0, 0.0, 0.0, 0.38650980591773987, 0.10097167640924454, 0.19607651233673096], "(1, 0, 0, 1)": [0.0, -0.4030251204967499, 0.16563913226127625, 0.0902656689286232, -0.13513115048408508, 0.09195587784051895, 0.09249203652143478], "(3, 1, 0, 0)": [0.0, 0.0, 0.0, 0.0, 0.08248084783554077, 0.0, 0.0], "(3, 0, 0, 0)": [0.0, 0.0, -0.4210111200809479, 0.0, 0.0, 0.0, 0.0],