{"q_values": {"(2, 6, 1, 1)": [1.9501878023147583, 1.963956594467163, 1.9399775266647339, 1.934586524963379, 1.9498443603515625, 1.9431123733520508, 1.946012258529663], "(2, 6, 2, 1)": [1.6740388870239258, 1.8719395399093628, 1.1444660425186157, 1.560238003730774, 1.3560348749160767, 1.4860635995864868, 1.6317213773727417], "(2, 7, 1, 1)": [1.8864250183105469, 1.8820362091064453, 1.8789700269699097, 1.9259940385818481, 1.8801718950271606, 1.8866440057754517, 1.8870948553085327], "(2, 6, 0, 1)": [1.4600508213043213, 1.42411208152771, 1.5680880546569824, 1.8924928903579712, 1.202893853187561, 1.202925205230713, 1.2596229314804077], "(2, 7, 2, 1)": [1.7965893745422363, 1.173545241355896, 1.2438912391662598, 1.2295653820037842, 1.3960022926330566, 1.3532934188842773, 1.44520103931427], "(2, 8, 2, 2)": [0.27249056100845337, 0.1101292297244072, 0.3557754456996918, 0.5646721720695496, 0.9274816513061523, 0.6864333748817444, 0.1713012009859085], "(2, 9, 2, 1)": [1.2354776859283447, 1.061599850654602, 1.2031489610671997, 0.8417554497718811, 0.9349321126937866, 0.9922637343406677, 0.8032442331314087], "(2, 10, 2, 1)": [0.37946486473083496, -0.38303154706954956, 0.0006828606128692627, -0.7115048766136169, -0.22499829530715942, -0.31485846638679504, -0.4250492453575134], "(2, 10, 1, 1)": [1.2647875547409058, 1.3238872289657593, 1.523148536682129, 0.6692525744438171, 1.0968955755233765, 0.5417399406433105, 0.7037668228149414], "(2, 0, 1, 1)": [0.5393920540809631, 0.8909550309181213, 0.9218349456787109, 0.8477884531021118, 1.0042723417282104, 0.9451118111610413, 0.8273417353630066], "(2, 0, 2, 1)": [0.6006630063056946, 1.1566338539123535, 0.6621760725975037, 0.9585811495780945, 0.8039191365242004, 0.9806085228919983, 0.7700433731079102], "(2, 1, 2, 1)": [1.5761522054672241, 1.7716997861862183, 1.5027754306793213, 1.4569264650344849, 1.282315969467163, 1.3931044340133667, 1.217208981513977], "(2, 2, 2, 1)": [1.3253273963928223, 1.4972095489501953, 1.5746476650238037, 1.520445466041565, 1.3188648223876953, 1.4883779287338257, 1.8093020915985107], "(2, 3, 2, 1)": [1.5623716115951538, 1.5422626733779907, 1.2300091981887817, 1.8746010065078735, 1.641432762145996, 1.6719863414764404, 1.634617805480957], "(2, 4, 2, 1)": [1.9769682884216309, 1.6923444271087646, 1.7282993793487549, 1.7104231119155884, 1.5174607038497925, 1.689351201057434, 1.776631474494934], "(2, 5, 2, 1)": [1.6932213306427002, 1.7521005868911743, 1.6077147722244263, 1.6059209108352661, 1.6957581043243408, 1.8934859037399292, 1.7063477039337158], "(2, 5, 1, 1)": [1.9550349712371826, 1.9676012992858887, 1.958302617073059, 1.9555261135101318, 1.9577628374099731, 1.948305606842041, 1.9668906927108765], "(3, 6, 2, 1)": [0.45521408319473267, 0.11399928480386734, 0.21794933080673218, 0.12246093899011612, 0.0, 0.0, 0.09979673475027084], "(3, 6, 1, 1)": [0.28897249698638916, 0.1148214265704155, 0.11427121609449387, 0.22160400450229645, 0.12280992418527603, 0.29769328236579895, 0.1995808184146881], "(3, 5, 1, 1)": [0.5935925245285034, 0.0999763086438179, 0.3184015452861786, 0.3700166940689087, 0.0, 0.09940396994352341, 0.0], "(3, 4, 0, 0)": [0.0, 0.0, 0.0, 0.0, 0.20872458815574646, 0.09719052165746689, 0.0], "(3, 4, 1, 1)": [0.0, 0.10351567715406418, 0.19730114936828613, 0.0, 0.0, 0.0, 0.28448793292045593], "(3, 3, 1, 1)": [0.3052002191543579, 0.20946504175662994, 0.21546080708503723, 0.7033705711364746, 0.2266451120376587, 0.20240896940231323, 0.11466610431671143], "(3, 2, 1, 1)": [0.34934720396995544, 0.09569485485553741, 0.20704561471939087, 0.20721150934696198, 0.2923698127269745, 0.4967341423034668, 0.18760421872138977], "(3, 2, 2, 1)": [0.0, 0.0, 0.10563285648822784, 0.0, 0.0, 0.0, 0.0], "(3, 1, 1, 1)": [0.2341364622116089, 0.18183043599128723, 0.0, 0.1859879493713379, 0.3387651741504669, 0.33963584899902344, 0.10167362540960312], "(3, 1, 2, 1)": [0.1838672012090683, 0.10124225914478302, 0.26022782921791077, 0.09559845179319382, 0.25370877981185913, 0.10552320629358292, 0.10587368160486221], "(3, 0, 1, 1)": [0.0, 0.0, 0.1747293770313263, 0.08442651480436325, -0.10473255813121796, 0.08813553303480148, 0.0], "(2, 8, 1, 1)": [1.811403512954712, 1.8560762405395508, 1.8291956186294556, 1.8551628589630127, 1.8438169956207275, 1.849677562713623, 1.7732633352279663], "(2, 8, 2, 1)": [0.9775418639183044, 1.2947431802749634, 1.1112960577011108, 1.340624451637268, 1.6583945751190186, 1.1759501695632935, 1.3147532939910889], "(2, 2, 1, 1)": [1.8369505405426025, 1.8458977937698364, 1.8253610134124756, 1.8151333332061768, 1.8137634992599487, 1.862271785736084, 1.8410621881484985], "(2, 3, 1, 1)": [1.91326904296875, 1.9268295764923096, 1.924446702003479, 1.939245343208313, 1.8886579275131226, 1.9227956533432007, 1.9270926713943481], "(2, 1, 1, 1)": [1.684587836265564, 1.7305586338043213, 1.6438452005386353, 1.6775062084197998, 1.567683458328247, 1.698393702507019, 1.5219669342041016], "(2, 1, 0, 1)": [1.3130851984024048, 1.0059823989868164, 0.9419627785682678, 0.9862270355224609, 1.105137825012207, 1.1405373811721802, 1.0514556169509888], "(2, 0, 0, 1)": [-0.8949193954467773, -0.3390706181526184, -0.6272474527359009, -0.9694347381591797, -0.9342001676559448, -0.7019210457801819, -1.0768444538116455], "(2, 9, 1, 1)": [1.7017251253128052, 1.7242352962493896, 1.7370080947875977, 1.7049171924591064, 1.730597734451294, 1.6495805978775024, 1.72133469581604], "(2, 4, 1, 1)": [1.9714428186416626, 1.9757814407348633, 1.9730385541915894, 1.973777413368225, 1.9675211906433105, 1.973415732383728, 1.9751853942871094], "(2, 5, 0, 1)": [1.877933144569397, 1.355488657951355, 1.1238948106765747, 1.5770909786224365, 1.6264798641204834, 1.5524142980575562, 1.5237008333206177], "(2, 10, 2, 2)": [-0.31286314129829407, -0.3798474073410034, -0.7449021339416504, -0.7806617021560669, -0.22109542787075043, -0.40793749690055847, -0.7688181400299072], "(2, 4, 0, 1)": [1.3125399351119995, 1.6162943840026855, 1.4530410766601562, 1.677739143371582, 1.5474307537078857, 1.8193272352218628, 1.3288769721984863], "(2, 3, 0, 1)": [1.4396854639053345, 1.0724583864212036, 1.5131064653396606, 1.7814655303955078, 1.5010082721710205, 1.3850828409194946, 1.3805936574935913], "(2, 2, 0, 1)": [1.3290529251098633, 1.1387169361114502, 1.0503246784210205, 1.278305172920227, 1.669477105140686, 1.3318476676940918, 1.3614540100097656], "(2, 2, 0, 0)": [0.11022386699914932, 0.31602489948272705, 0.2725086212158203, 0.11382197588682175, 1.1195653676986694, 0.6715587377548218, 0.5157699584960938], "(2, 7, 0, 1)": [0.42191919684410095, 0.8227778673171997, 1.0211015939712524, 1.1133395433425903, 1.704108715057373, 1.011596441268921, 0.5169122219085693], "(2, 1, 0, 0)": [0.18588009476661682, 0.13778288662433624, 0.7167081832885742, 0.0898413360118866, 0.4287588894367218, 0.334084153175354, 0.4486083388328552], "(2, 0, 0, 0)": [-0.6480275988578796, -0.7913856506347656, -1.163311243057251, -1.0573240518569946, -0.7407510280609131, -0.5311094522476196, -0.8107445240020752], "(2, 6, 2, 2)": [1.1576857566833496, 0.5649963021278381, 0.6864400506019592, 0.0, 0.27050700783729553, 0.3090357482433319, 0.29588207602500916], "(2, 8, 0, 1)": [0.9484213590621948, 0.97690349817276, 0.8989717960357666, 0.5895358324050903, 1.1843204498291016, 1.7548389434814453, 0.658848762512207], "(2, 3, 0, 0)": [0.4891071319580078, 0.5171343684196472, 1.0708582401275635, 0.33968600630760193, 0.24364611506462097, 0.3854689300060272, 0.36032378673553467], "(2, 5, 0, 0)": [0.28571051359176636, 0.378235787153244, 0.20518270134925842, 0.16987796127796173, 0.49601849913597107, 0.5714282989501953, 0.34952664375305176], "(2, 4, 0, 0)": [0.12846815586090088, 1.2725234031677246, 0.0, 0.3901803493499756, 0.5489857196807861, 0.4434693455696106, 0.20726263523101807], "(1, 1, 0, 1)": [0.0, 0.0, 0.0, 0.0, 0.38650980591773987, 0.10097167640924454, 0.19607651233673096], "(1, 0, 0, 1)": [0.0, -0.4030251204967499, 0.16563913226127625, 0.0902656689286232, -0.13513115048408508, 0.09195587784051895, 0.09249203652143478],