{"q_values": {"(2, 6, 1, 1)": [1.9463908672332764, 1.9452153444290161, 1.9510833024978638, 1.9401419162750244, 1.9505295753479004, 1.950277328491211, 1.9484217166900635], "(2, 6, 2, 1)": [1.4849990606307983, 1.6468273401260376, 1.706516981124878, 1.59406578540802, 1.8079934120178223, 1.670507550239563, 1.6949132680892944], "(2, 7, 1, 1)": [1.9086300134658813, 1.9008609056472778, 1.894029140472412, 1.9148586988449097, 1.9046952724456787, 1.9056257009506226, 1.9011634588241577], "(2, 6, 0, 1)": [1.675616979598999, 1.8635324239730835, 1.6143734455108643, 1.6899020671844482, 1.7673630714416504, 1.6267518997192383, 1.5937877893447876], "(2, 7, 2, 1)": [1.5721800327301025, 1.2994134426116943, 1.5114175081253052, 1.5514862537384033, 1.5591522455215454, 1.6368837356567383, 1.7106049060821533], "(2, 8, 2, 2)": [1.047041654586792, 0.6182982921600342, 0.7326921224594116, 0.8642065525054932, 0.6918947696685791, 1.2704981565475464, 0.7388758659362793], "(2, 9, 2, 1)": [1.0272479057312012, 1.5116316080093384, 0.800523042678833, 1.1185879707336426, 0.9638180732727051, 0.8073309659957886, 1.0200666189193726], "(2, 10, 2, 1)": [-0.14996066689491272, -0.13638484477996826, -0.41490286588668823, -0.23153594136238098, -0.40709030628204346, -0.2755500078201294, -0.3519430160522461], "(2, 10, 1, 1)": [0.9236817955970764, 1.3002299070358276, 1.08590829372406, 1.2022247314453125, 1.2039612531661987, 1.1911431550979614, 0.7963622808456421], "(2, 0, 1, 1)": [0.9078966379165649, 0.2650333046913147, 1.1442028284072876, 0.9152325987815857, 1.0339983701705933, 0.9219362735748291, 1.0391771793365479], "(2, 0, 2, 1)": [0.9845688343048096, 1.265169382095337, 0.7731011509895325, 1.0431170463562012, 0.8143618106842041, 0.8548696637153625, 0.9307605624198914], "(2, 1, 2, 1)": [1.5534112453460693, 1.2859680652618408, 1.4012752771377563, 1.4487186670303345, 1.4217023849487305, 1.5447956323623657, 1.7127835750579834], "(2, 2, 2, 1)": [1.4522781372070312, 1.3245269060134888, 1.5174548625946045, 1.6919870376586914, 1.7214393615722656, 1.4471209049224854, 1.4167776107788086], "(2, 3, 2, 1)": [1.5986919403076172, 1.5486903190612793, 1.7311375141143799, 1.698976993560791, 1.7923498153686523, 1.9461134672164917, 1.7679489850997925], "(2, 4, 2, 1)": [1.8843406438827515, 1.7480710744857788, 1.9300858974456787, 1.812151312828064, 1.7674015760421753, 1.8262892961502075, 1.8133105039596558], "(2, 5, 2, 1)": [1.9627763032913208, 1.709969162940979, 1.7331138849258423, 1.8036099672317505, 1.8158643245697021, 1.7593364715576172, 1.8140381574630737], "(2, 5, 1, 1)": [1.980936884880066, 1.9872376918792725, 1.9843865633010864, 1.9858274459838867, 1.9801760911941528, 1.983792781829834, 1.9855067729949951], "(3, 6, 2, 1)": [0.10511904209852219, 0.0, 0.10359515249729156, 0.12065152078866959, 0.0, 0.0, 0.2800389528274536], "(3, 6, 1, 1)": [0.19874528050422668, 0.20354239642620087, 0.0, 0.0, 0.0, 0.0, 0.09993865340948105], "(3, 5, 1, 1)": [0.1997356414794922, 0.19976894557476044, 0.19940730929374695, 0.10499818623065948, 0.0, 0.09940396994352341, 0.10991668701171875], "(3, 4, 0, 0)": [0.0, 0.0, 0.0, 0.0, 0.09899310022592545, 0.0, 0.0], "(3, 4, 1, 1)": [0.0, 0.10860507935285568, 0.19694551825523376, 0.20961333811283112, 0.27785536646842957, 0.1042482852935791, 0.19306331872940063], "(3, 3, 1, 1)": [0.4573184847831726, 0.11597748100757599, 0.09797404706478119, 0.516190767288208, 0.11253025382757187, 0.20240896940231323, 0.11471142619848251], "(3, 2, 1, 1)": [0.4844275414943695, 0.18949057161808014, 0.11188049614429474, 0.1948651671409607, 0.1039457842707634, 0.33476999402046204, 0.18760421872138977], "(3, 2, 2, 1)": [0.10058797895908356, 0.1029156818985939, 0.27508166432380676, 0.19510146975517273, 0.0, 0.0, 0.10285687446594238], "(3, 1, 1, 1)": [0.0864960178732872, 0.0, 0.0936368927359581, 0.4025050401687622, 0.28614503145217896, 0.1727871298789978, 0.0], "(3, 1, 2, 1)": [0.09487541764974594, 0.0, 0.0912654772400856, 0.09559845179319382, 0.17971500754356384, 0.0, 0.09929089993238449], "(3, 0, 1, 1)": [0.0, 0.08743727207183838, 0.0, 0.08442651480436325, -0.10684853047132492, 0.0, -0.21446673572063446], "(2, 8, 1, 1)": [1.8408700227737427, 1.8668588399887085, 1.8306114673614502, 1.8316980600357056, 1.8390010595321655, 1.8360157012939453, 1.8322118520736694], "(2, 8, 2, 1)": [1.1067516803741455, 1.134235143661499, 1.0841337442398071, 1.5043669939041138, 1.1544773578643799, 1.1780856847763062, 1.172466516494751], "(2, 2, 1, 1)": [1.8379145860671997, 1.837477445602417, 1.8396974802017212, 1.8066704273223877, 1.8756842613220215, 1.7675952911376953, 1.8468283414840698], "(2, 3, 1, 1)": [1.9371737241744995, 1.9307849407196045, 1.9327476024627686, 1.9363783597946167, 1.9296499490737915, 1.9268696308135986, 1.9392691850662231], "(2, 1, 1, 1)": [1.6576581001281738, 1.5766525268554688, 1.719015121459961, 1.6332138776779175, 1.6804255247116089, 1.6587235927581787, 1.6662533283233643], "(2, 1, 0, 1)": [1.1527637243270874, 1.3937746286392212, 1.1427992582321167, 1.3875585794448853, 1.2286239862442017, 1.3767164945602417, 1.3336173295974731], "(2, 0, 0, 1)": [-0.43089598417282104, -0.48517370223999023, -0.43622562289237976, -0.539479672908783, 0.273507684469223, -0.2798323631286621, -0.3277053236961365], "(2, 9, 1, 1)": [1.7350831031799316, 1.8026247024536133, 1.7751768827438354, 1.7416608333587646, 1.7283226251602173, 1.719125747680664, 1.7596572637557983], "(2, 4, 1, 1)": [1.9642996788024902, 1.9687594175338745, 1.9652583599090576, 1.9618940353393555, 1.961506724357605, 1.9534523487091064, 1.9644367694854736], "(2, 5, 0, 1)": [1.5354052782058716, 1.715530276298523, 1.6853667497634888, 1.643387794494629, 1.8594212532043457, 1.604177474975586, 1.940584421157837], "(2, 10, 2, 2)": [-0.56662917137146, -0.8990538120269775, -0.7301903963088989, -0.2715199589729309, -0.8882952332496643, -0.9123149514198303, -0.9288443922996521], "(2, 4, 0, 1)": [1.830283522605896, 1.7601674795150757, 1.7087972164154053, 1.7146384716033936, 1.9064394235610962, 1.8235512971878052, 1.685129165649414], "(2, 3, 0, 1)": [1.6278982162475586, 1.693198800086975, 1.4297064542770386, 1.880827784538269, 1.692386269569397, 1.6905077695846558, 1.721467137336731], "(2, 2, 0, 1)": [1.5078699588775635, 1.74381685256958, 1.5045251846313477, 1.4631989002227783, 1.5824766159057617, 1.580924391746521, 1.6175308227539062], "(2, 2, 0, 0)": [0.5459750294685364, 0.5747395157814026, 0.36601343750953674, 1.2988271713256836, 0.5238730907440186, 0.7400862574577332, 0.5063541531562805], "(2, 7, 0, 1)": [1.7146625518798828, 1.90003502368927, 1.7336534261703491, 1.5137649774551392, 1.798445701599121, 1.671392798423767, 1.5666096210479736], "(2, 1, 0, 0)": [0.47429803013801575, 0.16832034289836884, 0.4753047525882721, 0.9785110950469971, 0.49208688735961914, 0.6396538019180298, 0.5424597859382629], "(2, 0, 0, 0)": [-0.9198441505432129, -1.0455905199050903, -1.240796446800232, -0.8199707269668579, -0.8904619812965393, -0.8312755823135376, -0.8109720945358276], "(2, 8, 0, 1)": [1.678693413734436, 1.6796222925186157, 1.468993902206421, 1.6863685846328735, 1.7149782180786133, 1.8805464506149292, 1.5969566106796265], "(2, 5, 0, 0)": [0.6315798759460449, 0.5590447783470154, 0.7394768595695496, 0.0, 0.8653912544250488, 0.4713379740715027, 0.3044464588165283], "(2, 9, 0, 1)": [1.671590805053711, 1.6351207494735718, 1.6034175157546997, 1.5797803401947021, 1.799286127090454, 1.7085554599761963, 1.5494413375854492], "(2, 7, 0, 0)": [0.3330152928829193, 0.0, 0.41998255252838135, 0.0986911877989769, 0.0, 0.0, 0.0], "(2, 6, 0, 0)": [0.6214167475700378, 0.3681190609931946, 0.4036416709423065, 0.31144100427627563, 0.8640878796577454, 0.2963438630104065, 0.2582666873931885], "(1, 4, 0, 1)": [0.21076160669326782, 0.3508632183074951, 0.513733983039856, 0.4999083876609802, 0.9657616019248962, 0.5347205400466919, 0.5659293532371521], "(1, 4, 1, 1)": [0.2168228179216385, 0.8100336790084839, 0.3258708417415619, 0.5137054324150085, 0.46037930250167847, 0.483498215675354, 0.10507874935865402],