{"q_values": {"(2, 6, 1, 1)": [1.9314184188842773, 1.9124990701675415, 1.9141591787338257, 1.9087055921554565, 1.9310716390609741, 1.9371000528335571, 1.9308136701583862], "(2, 6, 2, 1)": [1.4517223834991455, 1.4932805299758911, 1.631402850151062, 1.554746389389038, 1.7304636240005493, 1.5969171524047852, 1.6003193855285645], "(2, 7, 1, 1)": [1.9243916273117065, 1.844872236251831, 1.8548885583877563, 1.880623459815979, 1.8678656816482544, 1.8732069730758667, 1.8758245706558228], "(2, 6, 0, 1)": [1.471312403678894, 1.8689593076705933, 1.4396097660064697, 1.4287879467010498, 1.6454576253890991, 1.3497411012649536, 1.5269132852554321], "(2, 7, 2, 1)": [1.5441633462905884, 1.2994134426116943, 1.363318681716919, 1.3833131790161133, 1.314903974533081, 1.5031553506851196, 1.6260290145874023], "(2, 8, 2, 2)": [0.9573330879211426, 0.5120539665222168, 0.7326921224594116, 0.8642065525054932, 0.5993958711624146, 1.1333179473876953, 0.6339204907417297], "(2, 9, 2, 1)": [0.9459361433982849, 1.3333100080490112, 0.7581438422203064, 0.9455794095993042, 0.9254729747772217, 0.7258087396621704, 0.8704737424850464], "(2, 10, 2, 1)": [0.0704604983329773, -0.13638484477996826, -0.3040969669818878, -0.23153594136238098, -0.20093777775764465, -0.4332769513130188, -0.0829135999083519], "(2, 10, 1, 1)": [1.3025845289230347, 0.6798692941665649, 0.8310359716415405, 0.7387480735778809, -0.15460442006587982, 1.0284119844436646, 1.0767734050750732], "(2, 0, 1, 1)": [0.976806640625, 0.4640463590621948, 0.8720206022262573, 0.8371520042419434, 1.0628055334091187, 0.5328019261360168, 0.6287671327590942], "(2, 0, 2, 1)": [0.7411270141601562, 1.2049177885055542, 0.7731011509895325, 0.9547652006149292, 0.5696890354156494, 0.6994905471801758, 0.9307605624198914], "(2, 1, 2, 1)": [1.4682780504226685, 1.1097406148910522, 1.2647860050201416, 1.1714353561401367, 1.4217023849487305, 1.4358643293380737, 1.5932070016860962], "(2, 2, 2, 1)": [1.4092997312545776, 1.2925063371658325, 1.38067626953125, 1.650911808013916, 1.7063721418380737, 1.3466713428497314, 1.1881511211395264], "(2, 3, 2, 1)": [1.4256689548492432, 1.5027952194213867, 1.6178905963897705, 1.427925705909729, 1.5260764360427856, 1.795722484588623, 1.6515955924987793], "(2, 4, 2, 1)": [1.806417465209961, 1.3953170776367188, 1.4754573106765747, 1.6394996643066406, 1.658764123916626, 1.634432315826416, 1.5552246570587158], "(2, 5, 2, 1)": [1.894446849822998, 1.6219863891601562, 1.7516717910766602, 1.7132703065872192, 1.6821576356887817, 1.7441586256027222, 1.7308247089385986], "(2, 5, 1, 1)": [1.9791274070739746, 1.9805285930633545, 1.976382851600647, 1.9871141910552979, 1.967669129371643, 1.975017786026001, 1.9700977802276611], "(3, 6, 2, 1)": [0.10511904209852219, 0.0, 0.10359515249729156, 0.12065152078866959, 0.0, 0.0, 0.2800389528274536], "(3, 6, 1, 1)": [0.19874528050422668, 0.20354239642620087, 0.0, 0.0, 0.0, 0.0, 0.09993865340948105], "(3, 5, 1, 1)": [0.1997356414794922, 0.19976894557476044, 0.19940730929374695, 0.10499818623065948, 0.0, 0.09940396994352341, 0.10991668701171875], "(3, 4, 0, 0)": [0.0, 0.0, 0.0, 0.0, 0.09899310022592545, 0.0, 0.0], "(3, 4, 1, 1)": [0.0, 0.10860507935285568, 0.19694551825523376, 0.20961333811283112, 0.27785536646842957, 0.1042482852935791, 0.19306331872940063], "(3, 3, 1, 1)": [0.37249234318733215, 0.0, 0.09797404706478119, 0.516190767288208, 0.11253025382757187, 0.20240896940231323, 0.11471142619848251], "(3, 2, 1, 1)": [0.4153125584125519, 0.18949057161808014, 0.11188049614429474, 0.10687869787216187, 0.1039457842707634, 0.33476999402046204, 0.18760421872138977], "(3, 2, 2, 1)": [0.0, 0.0, 0.19189271330833435, 0.0, 0.0, 0.0, 0.0], "(3, 1, 1, 1)": [0.0864960178732872, 0.0, 0.0936368927359581, 0.17523151636123657, 0.1718328595161438, 0.09137711673974991, 0.0], "(3, 1, 2, 1)": [0.09487541764974594, 0.0, 0.0912654772400856, 0.09559845179319382, 0.17971500754356384, 0.0, 0.0], "(3, 0, 1, 1)": [0.0, 0.08743727207183838, 0.0, 0.08442651480436325, -0.2134435623884201, 0.0, -0.21446673572063446], "(2, 8, 1, 1)": [1.7930407524108887, 1.7960790395736694, 1.769781231880188, 1.845569133758545, 1.7156381607055664, 1.766761064529419, 1.808912754058838], "(2, 8, 2, 1)": [1.0234122276306152, 1.0134334564208984, 1.0090781450271606, 1.345156192779541, 0.9130203127861023, 1.1345453262329102, 0.9813841581344604], "(2, 2, 1, 1)": [1.8432879447937012, 1.7931780815124512, 1.7890396118164062, 1.8474910259246826, 1.8378692865371704, 1.801288366317749, 1.8380579948425293], "(2, 3, 1, 1)": [1.9109783172607422, 1.8868184089660645, 1.9019185304641724, 1.8865000009536743, 1.9065628051757812, 1.9028699398040771, 1.8500347137451172], "(2, 1, 1, 1)": [1.635161280632019, 1.714868187904358, 1.628869652748108, 1.6656372547149658, 1.6500166654586792, 1.638458490371704, 1.6171875], "(2, 1, 0, 1)": [1.0955601930618286, 1.368318796157837, 0.8929896950721741, 1.1990125179290771, 1.1848539113998413, 1.3037327527999878, 1.360761046409607], "(2, 0, 0, 1)": [-0.2677351236343384, -0.4678993821144104, -0.22732678055763245, -0.2523450255393982, -0.22351963818073273, 0.029547639191150665, -0.03495506942272186], "(2, 9, 1, 1)": [1.6956011056900024, 1.6777452230453491, 1.6715936660766602, 1.5896978378295898, 1.7033326625823975, 1.6502760648727417, 1.6864408254623413], "(2, 4, 1, 1)": [1.9485609531402588, 1.9511691331863403, 1.9486628770828247, 1.9530229568481445, 1.939766764640808, 1.9714536666870117, 1.9539133310317993], "(2, 5, 0, 1)": [1.4297540187835693, 1.4435248374938965, 1.6810150146484375, 1.3905696868896484, 1.7039618492126465, 1.516388177871704, 1.9311614036560059], "(2, 10, 2, 2)": [-0.36532866954803467, -0.8990538120269775, -0.899215579032898, -0.4299885034561157, -0.7267199158668518, -0.9123149514198303, -0.7667350769042969], "(2, 4, 0, 1)": [1.857890009880066, 1.6040138006210327, 1.4835337400436401, 1.5979459285736084, 1.7722665071487427, 1.7059370279312134, 1.4172865152359009], "(2, 3, 0, 1)": [1.5718003511428833, 1.6472141742706299, 1.3257719278335571, 1.8204978704452515, 1.6066077947616577, 1.609554648399353, 1.6698181629180908], "(2, 2, 0, 1)": [1.2731388807296753, 1.71849524974823, 1.4353924989700317, 1.3345036506652832, 1.5521999597549438, 1.4503436088562012, 1.575247883796692], "(2, 2, 0, 0)": [0.4265197813510895, 0.3345627188682556, 0.36601343750953674, 1.0391048192977905, 0.5238730907440186, 0.3973417282104492, 0.38882553577423096], "(2, 7, 0, 1)": [1.4811069965362549, 1.808605670928955, 1.6176865100860596, 1.4244297742843628, 1.7246761322021484, 1.4979751110076904, 1.5516619682312012], "(2, 1, 0, 0)": [0.42152154445648193, 0.12775719165802002, 0.3741905093193054, 0.8689916133880615, 0.45576366782188416, 0.4972735345363617, 0.36457911133766174], "(2, 0, 0, 0)": [-0.5459928512573242, -1.0455905199050903, -1.0943477153778076, -0.6320542097091675, -0.6658656001091003, -0.6480295658111572, -0.6229890584945679], "(2, 8, 0, 1)": [1.5031026601791382, 1.573559045791626, 1.2482028007507324, 1.533821702003479, 1.4017258882522583, 1.7759766578674316, 1.3539011478424072], "(2, 5, 0, 0)": [0.44530123472213745, 0.5590447783470154, 0.4197768568992615, 0.0, 0.8653912544250488, 0.3061460554599762, 0.3044464588165283], "(2, 9, 0, 1)": [1.4207826852798462, 1.4559547901153564, 1.2581276893615723, 1.128300428390503, 1.7314387559890747, 1.461876392364502, 1.2717680931091309], "(2, 7, 0, 0)": [0.3330152928829193, 0.0, 0.41998255252838135, 0.0986911877989769, 0.0, 0.0, 0.0], "(2, 6, 0, 0)": [0.5313789248466492, 0.19371047616004944, 0.4036416709423065, 0.1262541562318802, 0.6696638464927673, 0.2963438630104065, 0.2582666873931885], "(1, 4, 0, 1)": [0.21076160669326782, 0.23153305053710938, 0.4052753746509552, 0.3967324495315552, 0.7601282596588135, 0.5347205400466919, 0.47650638222694397], "(1, 4, 1, 1)": [0.2168228179216385, 0.6840158104896545, 0.3258708417415619, 0.4159625172615051, 0.46037930250167847, 0.3256203830242157, 0.10507874935865402],