{"q_values": {"(2, 5, 2, 2)": [0.018440617248415947, 0.018525997176766396, 0.018754158169031143, 0.01856057532131672, 0.013929675333201885], "(2, 5, 3, 2)": [0.01865602284669876, 0.016631346195936203, 0.017654111608862877, 0.013482931070029736, 0.017723102122545242], "(2, 5, 4, 3)": [0.01811574585735798, 0.01697835512459278, 0.01028483361005783, 0.017000161111354828, 0.01701320707798004], "(2, 5, 3, 3)": [0.016798390075564384, 0.015510543249547482, 0.015198364853858948, 0.015079017728567123, 0.016775954514741898], "(2, 4, 2, 2)": [0.01883614808320999, 0.018456649035215378, 0.01877710223197937, 0.01840713992714882, 0.018994150683283806], "(2, 4, 3, 2)": [0.018133699893951416, 0.019196132197976112, 0.019038435071706772, 0.018917804583907127, 0.019274404272437096], "(2, 4, 4, 3)": [0.018499240279197693, 0.01890980452299118, 0.018406402319669724, 0.018709933385252953, 0.018351871520280838], "(2, 4, 5, 3)": [0.013641982339322567, 0.011756966821849346, 0.01631530560553074, 0.014266298152506351, 0.014216085895895958], "(2, 4, 4, 2)": [0.013305436819791794, 0.013253876008093357, 0.007857740856707096, 0.011877995915710926, 0.015660380944609642], "(2, 5, 1, 1)": [0.016068723052740097, 0.015563682653009892, 0.017699256539344788, 0.01733992248773575, 0.017911946401000023], "(2, 4, 1, 1)": [0.017521260306239128, 0.01422346755862236, 0.01457718200981617, 0.01587655395269394, 0.015555642545223236], "(2, 4, 6, 3)": [0.004338955041021109, 0.004375722724944353, 0.0013464506482705474, 0.0048746382817626, 0.005766274407505989], "(2, 5, 5, 3)": [0.011831402778625488, 0.014787125401198864, 0.009928170591592789, 0.012326021678745747, 0.011908616870641708], "(2, 5, 6, 3)": [0.0016866816440597177, 0.0, 0.004854923579841852, 0.0, 0.0054793874733150005], "(3, 5, 4, 3)": [0.00848266202956438, 0.00653760926797986, 0.009248740039765835, 0.005629792343825102, 0.0012676275800913572], "(3, 5, 3, 2)": [0.013830971904098988, 0.010922210291028023, 0.008776410482823849, 0.00802247691899538, 0.011855322867631912], "(3, 5, 2, 2)": [0.014958333224058151, 0.012851404026150703, 0.014065289869904518, 0.013502347283065319, 0.012454667128622532], "(3, 5, 1, 2)": [0.009983973577618599, 0.009626754559576511, 0.007406709250062704, 0.012605074793100357, 0.009344260208308697], "(3, 5, 1, 1)": [0.0034495301079005003, 0.004883388988673687, 0.002373246941715479, 0.00730243930593133, 0.00583321787416935], "(3, 5, 3, 3)": [0.005023897159844637, 0.0027162577025592327, 0.006142706144601107, 0.00408254424110055, 0.00404907763004303], "(3, 5, 0, 1)": [0.005929690320044756, 0.0, 0.005281102377921343, 0.0018107326468452811, 0.00407919567078352], "(2, 5, 0, 1)": [0.018328048288822174, 0.018742745742201805, 0.018461136147379875, 0.01830861158668995, 0.017928285524249077], "(2, 5, 1, 2)": [0.018849754706025124, 0.0183876845985651, 0.01765253022313118, 0.018854737281799316, 0.018777279183268547], "(2, 4, 1, 2)": [0.015904519706964493, 0.016622474417090416, 0.015001488849520683, 0.016399312764406204, 0.015622534789144993], "(2, 4, 0, 1)": [0.013461022637784481, 0.01316554844379425, 0.013384849764406681, 0.012908960692584515, 0.013623923994600773], "(2, 4, 3, 3)": [0.01760929450392723, 0.01919175125658512, 0.018805768340826035, 0.01840425655245781, 0.018290191888809204], "(2, 5, 6, 4)": [-0.001991702476516366, 0.004183757584542036, 0.00015218218322843313, 0.0008978171972557902, 0.003944810479879379], "(3, 5, 4, 2)": [0.003005515318363905, 0.002209823578596115, 0.0030703386291861534, 0.0, 0.007451323326677084], "(3, 4, 1, 1)": [0.001886071520857513, 0.0, 0.0, 0.001033851527608931, 0.0], "(3, 4, 0, 1)": [-0.0004238779656589031, 0.0026534870266914368, 0.0009178632171824574, 0.0, 0.0], "(3, 4, -1, 0)": [0.0, 0.0017101105768233538, 0.0, 0.0, 0.0009179608896374702], "(2, 4, -1, 0)": [0.004072893410921097, 0.00033375516068190336, 0.0049363053403794765, -0.0012194132432341576, -0.001422232249751687], "(1, 4, 1, 1)": [0.0028628723230212927, 0.004139107186347246, -0.0011419407092034817, 0.00554925249889493, 0.0010099223582074046], "(3, 5, 5, 3)": [0.00741947628557682, 0.0011241913307458162, 0.0060255639255046844, -0.0008402932435274124, 0.005005525425076485], "(2, 4, 0, 0)": [0.003316666232421994, 0.00520318653434515, 0.001992366276681423, 0.002104308223351836, 0.0037549228873103857], "(2, 5, 5, 4)": [-0.0001697181724011898, 0.005417611449956894, 0.0044948868453502655, 0.00030031363712623715, -0.0017297295853495598], "(2, 5, 0, 2)": [0.015485814772546291, 0.013584690168499947, 0.015322044491767883, 0.017616374418139458, 0.016186339780688286], "(1, 5, 1, 2)": [0.005113646388053894, 0.005799399688839912, 0.008181294426321983, 0.007059130351990461, 0.004602061118930578], "(1, 5, 2, 2)": [0.0023123202845454216, 0.004738880321383476, 0.0012084055924788117, 0.0018231759313493967, 0.0032113653142005205], "(1, 5, 0, 2)": [0.001050784601829946, 0.0019657546654343605, 0.00412386329844594, 0.002017508028075099, 0.0010967857670038939], "(1, 5, 3, 3)": [0.0032522084657102823, 0.004236375913023949, 0.004840266425162554, 0.0020256992429494858, 0.0], "(1, 5, 2, 3)": [0.0010081843938678503, 0.0020695088896900415, 0.0010801540920510888, 0.0, 0.0003232317976653576], "(2, 5, 7, 4)": [0.0, 0.0, 0.0026541906408965588, -0.0020957288797944784, 0.0009728694567456841], "(2, 5, 8, 4)": [0.0, 0.0009984130738303065, 0.0, 0.0, 0.0], "(3, 5, 6, 3)": [0.0, 0.0, 0.0, 0.002052010502666235, 0.0], "(3, 5, 7, 4)": [0.0, 0.0, -0.0022120014764368534, 0.0, 0.0], "(2, 4, 2, 1)": [0.0018464274471625686, 0.009193656034767628, 0.0018298993818461895, -0.0014325350057333708, 0.0051302220672369], "(2, 5, 4, 2)": [0.004493619780987501, 0.00542394258081913, 0.007035401184111834, 0.0032860711216926575, 0.0043677110224962234], "(3, 4, 2, 2)": [0.0009983154013752937, 0.003131299512460828, 0.0014021532842889428, 0.0, 0.0009999824687838554], "(2, 5, -1, 1)": [0.0033267622347921133, 0.001780374557711184, 0.0034726131707429886, 0.001890911953523755, 0.001173350727185607], "(2, 5, -1, 0)": [0.0032723566982895136, 0.0, 0.0, 0.0, 0.0], "(2, 4, -1, 1)": [0.0, 0.0, 0.0017962263664230704, 0.003233235329389572, 0.0027196984738111496], "(2, 4, -2, 0)": [-0.0005882105324417353, 0.0, 0.0, 0.0, 0.0016384549671784043], "(1, 4, 0, 1)": [0.008714977651834488, 0.0051275999285280704, 0.004074246622622013, 0.01090671494603157, 0.009008998982608318], "(1, 4, -1, 0)": [0.0, 0.0014733094722032547, 0.0008707617525942624, 0.0008640950545668602, 0.0], "(2, 5, 2, 1)": [0.001715750782750547, 0.0, 0.0, 0.0, 0.0018149008974432945], "(3, 4, 5, 3)": [0.0, 0.002060482744127512, 0.0010549739236012101, 0.002051842398941517, 0.0], "(2, 5, 2, 3)": [0.006786544341593981, 0.008004222065210342, 0.0029209458734840155, 0.005587402731180191, 0.001797752222046256], "(1, 4, 1, 2)": [0.00617602514103055, 0.009525123052299023, 0.008477099239826202, 0.0077052912674844265, 0.008112317882478237], "(1, 4, 2, 2)": [0.008536307141184807, 0.011324788443744183, 0.009181661531329155, 0.007401116192340851, 0.007355565670877695], "(1, 4, 3, 3)": [0.004679347388446331, 0.0034308284521102905, 0.004805266857147217, 0.006764098070561886, 0.004548077937215567], "(1, 4, 3, 2)": [0.0, 0.00404479680582881, 0.004285072907805443, 0.0034704850986599922, 0.01027730293571949], "(2, 4, 0, 2)": [0.0010967262787744403, 0.006383613683283329, 0.002881233813241124, 0.0025425576604902744, 0.007078930735588074], "(2, 4, 2, 3)": [0.001894709886983037, 0.0, 0.0, 0.0, 0.0], "(1, 4, 0, 2)": [0.003385039046406746, 0.001408968004398048, 0.001405904651619494, 0.0011248774826526642, 0.0], "(1, 5, 3, 2)": [0.001086693606339395, 0.0, 0.0, 0.0011236825957894325, 0.0], "(1, 5, 4, 3)": [0.0, 0.0009414676460437477, 0.0, 0.0, -0.00025294546503573656], "(2, 4, 7, 4)": [0.0010565287666395307, 0.0009981744224205613, 0.0, 0.0, 0.0], "(3, 5, 6, 4)": [0.0, -0.0018986737122759223, -0.002026319270953536, 0.0, 0.0], "(3, 4, 6, 3)": [0.0, 0.0, 0.0, 0.0009988079546019435, 0.0], "(3, 4, 4, 3)": [0.0, 0.0, 0.0031575183384120464, 0.0, 0.0],