{"q_values": {"(2, 5, 2, 2)": [0.01926598511636257, 0.018148072063922882, 0.018923217430710793, 0.01900852471590042, 0.01743820309638977], "(2, 5, 3, 2)": [0.019407369196414948, 0.017077641561627388, 0.017009513452649117, 0.01637701690196991, 0.01704617775976658], "(2, 5, 4, 3)": [0.01791457273066044, 0.014158149249851704, 0.019281690940260887, 0.016522711142897606, 0.01816440559923649], "(2, 5, 3, 3)": [0.0142730213701725, 0.018996208906173706, 0.01695834845304489, 0.01656244695186615, 0.013974000699818134], "(2, 4, 2, 2)": [0.019233711063861847, 0.019049225375056267, 0.018634239211678505, 0.019269706681370735, 0.01919916272163391], "(2, 4, 3, 2)": [0.018303997814655304, 0.01911153271794319, 0.019244788214564323, 0.019257303327322006, 0.019251741468906403], "(2, 4, 4, 3)": [0.019286982715129852, 0.01927708461880684, 0.019356615841388702, 0.019435608759522438, 0.01929909735918045], "(2, 4, 5, 3)": [0.018827242776751518, 0.019038010388612747, 0.019581392407417297, 0.019116578623652458, 0.01863602176308632], "(2, 4, 4, 2)": [0.019093520939350128, 0.018476588651537895, 0.018169241026043892, 0.01834222674369812, 0.018445249646902084], "(2, 5, 1, 1)": [0.019497081637382507, 0.019550001248717308, 0.019577093422412872, 0.01950959488749504, 0.019510027021169662], "(2, 4, 1, 1)": [0.01797487400472164, 0.01746765337884426, 0.016878465190529823, 0.017672739923000336, 0.015993837267160416], "(2, 4, 6, 3)": [0.011284638196229935, 0.009419752284884453, 0.008954294957220554, 0.011900843121111393, 0.018886609002947807], "(2, 5, 5, 3)": [0.018350202590227127, 0.014223969541490078, 0.012880555354058743, 0.013644630089402199, 0.012801291421055794], "(2, 5, 6, 3)": [0.010138132609426975, 0.0076199909672141075, 0.017713287845253944, 0.011212102137506008, 0.009612626396119595], "(3, 5, 4, 3)": [0.015524521470069885, 0.016159357503056526, 0.015923134982585907, 0.015804175287485123, 0.015500270761549473], "(3, 5, 3, 2)": [0.019205283373594284, 0.01909269392490387, 0.019205670803785324, 0.01912929303944111, 0.018966471776366234], "(3, 5, 2, 2)": [0.018899904564023018, 0.018832311034202576, 0.019032878801226616, 0.01893044449388981, 0.01893211156129837], "(3, 5, 1, 2)": [0.018700946122407913, 0.01820480264723301, 0.018656358122825623, 0.018610786646604538, 0.01807982660830021], "(3, 5, 1, 1)": [0.018700342625379562, 0.01869841478765011, 0.018538551405072212, 0.018498817458748817, 0.01915384829044342], "(3, 5, 3, 3)": [0.016801265999674797, 0.012824021279811859, 0.012817767448723316, 0.008582222275435925, 0.011807738803327084], "(3, 5, 0, 1)": [0.01903027668595314, 0.016025278717279434, 0.01729835756123066, 0.01718846894800663, 0.017283331602811813], "(2, 5, 0, 1)": [0.01951640285551548, 0.019147399812936783, 0.019384322687983513, 0.019507819786667824, 0.019399793818593025], "(2, 5, 1, 2)": [0.018495909869670868, 0.019486457109451294, 0.018988462164998055, 0.01892738603055477, 0.018795058131217957], "(2, 4, 1, 2)": [0.019159378483891487, 0.018244396895170212, 0.01754623092710972, 0.01891741156578064, 0.01907379738986492], "(2, 4, 0, 1)": [0.014734961092472076, 0.016615696251392365, 0.015430503524839878, 0.01835615560412407, 0.016958734020590782], "(2, 4, 3, 3)": [0.019195329397916794, 0.019295459613204002, 0.019525466486811638, 0.019291698932647705, 0.019384412094950676], "(2, 5, 6, 4)": [0.012593652121722698, 0.006346981972455978, 0.005090050399303436, 0.007001170422881842, 0.007609060034155846], "(3, 5, 4, 2)": [0.019373415037989616, 0.016266480088233948, 0.01605517417192459, 0.012634651735424995, 0.014490359462797642], "(3, 4, 1, 1)": [0.015646588057279587, 0.01307411678135395, 0.012652136385440826, 0.0166131891310215, 0.015376890078186989], "(3, 4, 0, 1)": [0.01024534460157156, 0.015922537073493004, 0.013504276983439922, 0.014178535901010036, 0.012767969630658627], "(3, 4, -1, 0)": [-0.0020163697190582752, 0.002295638434588909, 0.0011776579776778817, 0.0012381436536088586, 0.007095609325915575], "(2, 4, -1, 0)": [0.009917054325342178, 0.01092006266117096, 0.011542344465851784, 0.012555057182908058, 0.0159168504178524], "(1, 4, 1, 1)": [0.016358157619833946, 0.014180055819451809, 0.013626442290842533, 0.014296090230345726, 0.01461945753544569], "(3, 5, 5, 3)": [0.01862282305955887, 0.015547117218375206, 0.016788329929113388, 0.016388937830924988, 0.01614009588956833], "(2, 4, 0, 0)": [0.00423588789999485, 0.0112509336322546, 0.007880832999944687, 0.009638512507081032, 0.007616651710122824], "(2, 5, 5, 4)": [0.00431856419891119, 0.011631233617663383, 0.013301173225045204, 0.010984137654304504, 0.007282012142241001], "(2, 5, 0, 2)": [0.018434153869748116, 0.019241049885749817, 0.01927267387509346, 0.01926696114242077, 0.01841014251112938], "(1, 5, 1, 2)": [0.018841436132788658, 0.019227324053645134, 0.019196003675460815, 0.018760332837700844, 0.01910860277712345], "(1, 5, 2, 2)": [0.019424162805080414, 0.01859135925769806, 0.01909765601158142, 0.01946399174630642, 0.016947675496339798], "(1, 5, 0, 2)": [0.01884259097278118, 0.019172871485352516, 0.01871747151017189, 0.01611967384815216, 0.018878860399127007], "(1, 5, 3, 3)": [0.01940893940627575, 0.017861390486359596, 0.018461978062987328, 0.019048132002353668, 0.017646674066781998], "(1, 5, 2, 3)": [0.015532715246081352, 0.017857683822512627, 0.017550477758049965, 0.017458897083997726, 0.016314303502440453], "(2, 5, 7, 4)": [0.003781476290896535, 0.0020079361274838448, 0.004835168365389109, -0.0007600112585350871, 0.008071031421422958], "(2, 5, 8, 4)": [0.0, 0.00251978007145226, 0.0, 0.0, 0.0], "(3, 5, 6, 3)": [0.011973345652222633, 0.01880730874836445, 0.015193440951406956, 0.010998249053955078, 0.008169533684849739], "(3, 5, 7, 4)": [-5.812884774059057e-05, 0.007733082864433527, 0.00029353401623666286, 0.0043067531660199165, 0.0009793946519494057], "(2, 4, 2, 1)": [0.015068824402987957, 0.005249557550996542, 0.013157452456653118, 0.013827838934957981, 0.017530526965856552], "(2, 5, 4, 2)": [0.016223926097154617, 0.01449199765920639, 0.01947604864835739, 0.01496588159352541, 0.015600329264998436], "(3, 4, 2, 2)": [0.014654037542641163, 0.0156446173787117, 0.017748255282640457, 0.016663415357470512, 0.018724828958511353], "(2, 5, -1, 1)": [0.010586022399365902, 0.00773077504709363, 0.014060970395803452, 0.014478147961199284, 0.01938682794570923], "(2, 5, -1, 0)": [0.01799856685101986, 0.004470884799957275, 0.008176533505320549, 0.004632413387298584, 0.006511657033115625], "(2, 4, -1, 1)": [0.006349951960146427, 0.007129419595003128, 0.00924619473516941, 0.018403558060526848, 0.011178177781403065], "(2, 4, -2, 0)": [0.008614815771579742, 0.00929963868111372, 0.003702369052916765, 0.0014967783354222775, 0.01778455823659897], "(1, 4, 0, 1)": [0.017537465319037437, 0.018189091235399246, 0.018688345327973366, 0.01856139674782753, 0.0196494422852993], "(1, 4, -1, 0)": [0.008025893941521645, 0.007499405182898045, 0.009322640486061573, 0.007143211085349321, 0.008361398242413998], "(2, 5, 2, 1)": [0.004366155248135328, 0.0, 0.0020712316036224365, 0.016224149614572525, 0.0018149008974432945], "(3, 4, 5, 3)": [0.01412415411323309, 0.01553129218518734, 0.017393173649907112, 0.018742913380265236, 0.01632731221616268], "(2, 5, 2, 3)": [0.014053541235625744, 0.015887616202235222, 0.014024702832102776, 0.01471663173288107, 0.010631076991558075], "(1, 4, 1, 2)": [0.019216150045394897, 0.01970743201673031, 0.019709868356585503, 0.01686136983335018, 0.019882893189787865], "(1, 4, 2, 2)": [0.019618384540081024, 0.01971910148859024, 0.019700415432453156, 0.01983649469912052, 0.0197520200163126], "(1, 4, 3, 3)": [0.01977117918431759, 0.01953032799065113, 0.019333424046635628, 0.019661512225866318, 0.019526612013578415], "(1, 4, 3, 2)": [0.017620613798499107, 0.01794450730085373, 0.01869826763868332, 0.016523053869605064, 0.019636765122413635], "(2, 4, 0, 2)": [0.017680425196886063, 0.017784640192985535, 0.019641311839222908, 0.018506571650505066, 0.01685640960931778],