{"q_values": {"(2, 5, 2, 2)": [0.018707916140556335, 0.016330532729625702, 0.018636086955666542, 0.01828252710402012, 0.015964791178703308], "(2, 5, 3, 2)": [0.019008904695510864, 0.018275246024131775, 0.017224855720996857, 0.016576547175645828, 0.017935413867235184], "(2, 5, 4, 3)": [0.017728501930832863, 0.015067030675709248, 0.015468232333660126, 0.014518175274133682, 0.014600679278373718], "(2, 5, 3, 3)": [0.017121706157922745, 0.01872909627854824, 0.017934754490852356, 0.014867674559354782, 0.01773007959127426], "(2, 4, 2, 2)": [0.018406203016638756, 0.018078520894050598, 0.019309382885694504, 0.017220931127667427, 0.01906493492424488], "(2, 4, 3, 2)": [0.01924077793955803, 0.01918882690370083, 0.01921720989048481, 0.019540533423423767, 0.019287222996354103], "(2, 4, 4, 3)": [0.01939276233315468, 0.01951664127409458, 0.01950819231569767, 0.019550204277038574, 0.019517531618475914], "(2, 4, 5, 3)": [0.01884385570883751, 0.01944756507873535, 0.01838773488998413, 0.018914993852376938, 0.01848408207297325], "(2, 4, 4, 2)": [0.018906963989138603, 0.019087566062808037, 0.019164396449923515, 0.019048364832997322, 0.01929176039993763], "(2, 5, 1, 1)": [0.019542362540960312, 0.019487924873828888, 0.019474823027849197, 0.019498545676469803, 0.019460994750261307], "(2, 4, 1, 1)": [0.012016775086522102, 0.017611704766750336, 0.0157481636852026, 0.015263817273080349, 0.017417915165424347], "(2, 4, 6, 3)": [0.007634424604475498, 0.009419752284884453, 0.006781927775591612, 0.01074020192027092, 0.018711835145950317], "(2, 5, 5, 3)": [0.013250921852886677, 0.016048133373260498, 0.014505840837955475, 0.015299069695174694, 0.01061653159558773], "(2, 5, 6, 3)": [0.008110832422971725, 0.006543401628732681, 0.016293352469801903, 0.008855233900249004, 0.008676101453602314], "(3, 5, 4, 3)": [0.015558551996946335, 0.016939863562583923, 0.013897803612053394, 0.014875664375722408, 0.015706699341535568], "(3, 5, 3, 2)": [0.019248398020863533, 0.018617194145917892, 0.018933556973934174, 0.01709350198507309, 0.018760498613119125], "(3, 5, 2, 2)": [0.018919602036476135, 0.018898481503129005, 0.018681155517697334, 0.018336236476898193, 0.018929075449705124], "(3, 5, 1, 2)": [0.017577454447746277, 0.016855236142873764, 0.018893316388130188, 0.018151184543967247, 0.016530152410268784], "(3, 5, 1, 1)": [0.01813521236181259, 0.017953811213374138, 0.017995452508330345, 0.016320686787366867, 0.018944265320897102], "(3, 5, 3, 3)": [0.018164150416851044, 0.00968385860323906, 0.011335383169353008, 0.0075369421392679214, 0.010385897941887379], "(3, 5, 0, 1)": [0.018111515790224075, 0.01417931355535984, 0.01583019830286503, 0.015396879985928535, 0.016872463747859], "(2, 5, 0, 1)": [0.01925489492714405, 0.0193184707313776, 0.019331980496644974, 0.018886612728238106, 0.019444290548563004], "(2, 5, 1, 2)": [0.019247163087129593, 0.01950659789144993, 0.017445610836148262, 0.019185801967978477, 0.019365018233656883], "(2, 4, 1, 2)": [0.018923500552773476, 0.01904408261179924, 0.019093429669737816, 0.0190260112285614, 0.01916586048901081], "(2, 4, 0, 1)": [0.012051567435264587, 0.013693708926439285, 0.012618746608495712, 0.012762630358338356, 0.01293723564594984], "(2, 4, 3, 3)": [0.019526109099388123, 0.019512932747602463, 0.01953956112265587, 0.0194562915712595, 0.019527660682797432], "(2, 5, 6, 4)": [0.013504473492503166, 0.007883166894316673, 0.006471844855695963, 0.008110959082841873, 0.004703683778643608], "(3, 5, 4, 2)": [0.016996372491121292, 0.013404604978859425, 0.018626349046826363, 0.011871707625687122, 0.012399962171912193], "(3, 4, 1, 1)": [0.01123856008052826, 0.013674672693014145, 0.01133016124367714, 0.013448390178382397, 0.01731305941939354], "(3, 4, 0, 1)": [0.006280045956373215, 0.015752512961626053, 0.010067841038107872, 0.009071815758943558, 0.011088612489402294], "(3, 4, -1, 0)": [-0.0020163697190582752, -0.0005534035153687, 0.0011776579776778817, 0.0012381436536088586, 0.005893479101359844], "(2, 4, -1, 0)": [0.008242059499025345, 0.009718747809529305, 0.015264246612787247, 0.008989358320832253, 0.009218748658895493], "(1, 4, 1, 1)": [0.013010207563638687, 0.011508403345942497, 0.011365227401256561, 0.012224794365465641, 0.012708925642073154], "(3, 5, 5, 3)": [0.016919242218136787, 0.012962538748979568, 0.014923347160220146, 0.015403717756271362, 0.013675284571945667], "(2, 4, 0, 0)": [0.007250111550092697, 0.009588418528437614, 0.00834606308490038, 0.007708792574703693, 0.008873146027326584], "(2, 5, 5, 4)": [0.009111293591558933, 0.00938363652676344, 0.009331523440778255, 0.008982016704976559, 0.006117331329733133], "(2, 5, 0, 2)": [0.018925853073596954, 0.019412724301218987, 0.019441185519099236, 0.019450100138783455, 0.019266551360487938], "(1, 5, 1, 2)": [0.018702715635299683, 0.018547087907791138, 0.018391648307442665, 0.016694067046046257, 0.018506890162825584], "(1, 5, 2, 2)": [0.01638687215745449, 0.01919090561568737, 0.015465699136257172, 0.01681634597480297, 0.014844660647213459], "(1, 5, 0, 2)": [0.017696576192975044, 0.019084544852375984, 0.018040064722299576, 0.01834676042199135, 0.018102232366800308], "(1, 5, 3, 3)": [0.01903456822037697, 0.016486376523971558, 0.013904928229749203, 0.015784287825226784, 0.01605650596320629], "(1, 5, 2, 3)": [0.018696803599596024, 0.012189231812953949, 0.00991750881075859, 0.011605233885347843, 0.011009672656655312], "(2, 5, 7, 4)": [0.002249388722702861, 0.0010890928097069263, 0.003591813612729311, -0.0007600112585350871, 0.010042982175946236], "(2, 5, 8, 4)": [0.0, 0.0009984130738303065, 0.0, 0.0, 0.0], "(3, 5, 6, 3)": [0.00970385130494833, 0.016513504087924957, 0.012774409726262093, 0.010109277442097664, 0.0069781821221113205], "(3, 5, 7, 4)": [-5.812884774059057e-05, 0.0030532111413776875, 0.00029353401623666286, 0.004884828347712755, 0.0009793946519494057], "(2, 4, 2, 1)": [0.014145556837320328, 0.008634040132164955, 0.011926084756851196, 0.011063694022595882, 0.01269690040498972], "(2, 5, 4, 2)": [0.014990237541496754, 0.01449199765920639, 0.019450662657618523, 0.013224479742348194, 0.014822838827967644], "(3, 4, 2, 2)": [0.012876390479505062, 0.018717151135206223, 0.015862267464399338, 0.01471497118473053, 0.01570863090455532], "(2, 5, -1, 1)": [0.009612640365958214, 0.0035302182659506798, 0.013139594346284866, 0.008949505165219307, 0.018256932497024536], "(2, 5, -1, 0)": [0.014806602150201797, 0.0012423255247995257, 0.0027946759946644306, 0.0014274066779762506, 0.005171957425773144], "(2, 4, -1, 1)": [0.004985416308045387, 0.0028844461776316166, 0.008077044039964676, 0.016026532277464867, 0.010300803929567337], "(2, 4, -2, 0)": [0.00378049211576581, 0.005547123495489359, 0.003702369052916765, 0.0014967783354222775, 0.013204078190028667], "(1, 4, 0, 1)": [0.014780844561755657, 0.01550252828747034, 0.011055707931518555, 0.014957190491259098, 0.01814243756234646], "(1, 4, -1, 0)": [0.012827501632273197, 0.006232807878404856, 0.008238757960498333, 0.007615501061081886, 0.0055699702352285385], "(2, 5, 2, 1)": [0.0026477330829948187, 0.0, 0.0020712316036224365, 0.014593489468097687, 0.0018149008974432945], "(3, 4, 5, 3)": [0.01285006757825613, 0.011406724341213703, 0.01567632332444191, 0.018807286396622658, 0.011699010618031025], "(2, 5, 2, 3)": [0.011682345531880856, 0.01149760652333498, 0.014186198823153973, 0.012492256239056587, 0.014820137992501259], "(1, 4, 1, 2)": [0.017342306673526764, 0.01736091822385788, 0.01846921630203724, 0.018574515357613564, 0.018290773034095764], "(1, 4, 2, 2)": [0.01843111775815487, 0.018428463488817215, 0.018621528521180153, 0.01853294111788273, 0.01939663290977478], "(1, 4, 3, 3)": [0.018322207033634186, 0.01748569682240486, 0.017404310405254364, 0.019378522410988808, 0.01682332530617714], "(1, 4, 3, 2)": [0.015042537823319435, 0.015370751731097698, 0.01567622274160385, 0.014951715245842934, 0.019263938069343567], "(2, 4, 0, 2)": [0.01507928129285574, 0.016048826277256012, 0.01959543116390705, 0.016276363283395767, 0.015437057241797447],