{"q_values": {"(2, 5, 2, 2)": [0.01778947189450264, 0.019083434715867043, 0.0180315300822258, 0.016176138073205948, 0.01819755509495735], "(2, 5, 3, 2)": [0.019194792956113815, 0.01887642778456211, 0.018919670954346657, 0.01717451587319374, 0.019025899469852448], "(2, 5, 4, 3)": [0.017125703394412994, 0.017039800062775612, 0.018171293660998344, 0.017387524247169495, 0.017015259712934494], "(2, 5, 3, 3)": [0.016745273023843765, 0.015571653842926025, 0.016224145889282227, 0.016080232337117195, 0.01651913858950138], "(2, 4, 2, 2)": [0.016949130222201347, 0.019061952829360962, 0.01892509125173092, 0.018104318529367447, 0.019544607028365135], "(2, 4, 3, 2)": [0.019559551030397415, 0.01914364844560623, 0.019196828827261925, 0.019251903519034386, 0.0191714596003294], "(2, 4, 4, 3)": [0.019439805299043655, 0.019154401496052742, 0.01923704333603382, 0.019196806475520134, 0.019240602850914], "(2, 4, 5, 3)": [0.01807457022368908, 0.01836026832461357, 0.018803291022777557, 0.018695255741477013, 0.018203414976596832], "(2, 4, 4, 2)": [0.018315009772777557, 0.018539875745773315, 0.018840529024600983, 0.018884288147091866, 0.01884712651371956], "(2, 5, 1, 1)": [0.019493799656629562, 0.019389860332012177, 0.019422227516770363, 0.019391432404518127, 0.019289333373308182], "(2, 4, 1, 1)": [0.015759620815515518, 0.01667339727282524, 0.0165900569409132, 0.017188172787427902, 0.018647821620106697], "(2, 4, 6, 3)": [0.006349621806293726, 0.008658801205456257, 0.006781927775591612, 0.009753460995852947, 0.016152558848261833], "(2, 5, 5, 3)": [0.015147924423217773, 0.014440404251217842, 0.015458881855010986, 0.013917188160121441, 0.01638820394873619], "(2, 5, 6, 3)": [0.008110832422971725, 0.005240024067461491, 0.01112513616681099, 0.006700621917843819, 0.0066091278567910194], "(3, 5, 4, 3)": [0.014262475073337555, 0.012895649299025536, 0.015530704520642757, 0.009787485934793949, 0.0129883186891675], "(3, 5, 3, 2)": [0.014199163764715195, 0.015724215656518936, 0.014942278154194355, 0.01447230949997902, 0.01669895276427269], "(3, 5, 2, 2)": [0.01534262765198946, 0.017982162535190582, 0.0181492418050766, 0.018399100750684738, 0.01793234422802925], "(3, 5, 1, 2)": [0.015674198046326637, 0.014975413680076599, 0.018297066912055016, 0.015984592959284782, 0.017007436603307724], "(3, 5, 1, 1)": [0.015534945763647556, 0.015172675251960754, 0.0144154392182827, 0.013121607713401318, 0.01839432120323181], "(3, 5, 3, 3)": [0.014437577687203884, 0.007635507266968489, 0.012822482734918594, 0.003731315489858389, 0.009860413148999214], "(3, 5, 0, 1)": [0.016599830240011215, 0.009501814842224121, 0.008022353984415531, 0.010047449730336666, 0.01102959644049406], "(2, 5, 0, 1)": [0.01913432963192463, 0.019269859418272972, 0.019307466223835945, 0.0193706713616848, 0.019129768013954163], "(2, 5, 1, 2)": [0.01908375695347786, 0.019174618646502495, 0.01925579085946083, 0.019051870331168175, 0.018692295998334885], "(2, 4, 1, 2)": [0.01592894457280636, 0.018987586721777916, 0.019172893837094307, 0.019070392474532127, 0.019311079755425453], "(2, 4, 0, 1)": [0.011756645515561104, 0.014434276148676872, 0.018527980893850327, 0.016649512574076653, 0.01603379100561142], "(2, 4, 3, 3)": [0.019379379227757454, 0.019338857382535934, 0.01940101757645607, 0.019580500200390816, 0.019308684393763542], "(2, 5, 6, 4)": [0.00570773845538497, 0.0006869365461170673, 0.0010795220732688904, 0.005524320527911186, 0.003517453558743], "(3, 5, 4, 2)": [0.010754921473562717, 0.006320195272564888, 0.01139412447810173, 0.007439969107508659, 0.01661478355526924], "(3, 4, 1, 1)": [0.011033086106181145, 0.010099762119352818, 0.00814288854598999, 0.01524638943374157, 0.009172354824841022], "(3, 4, 0, 1)": [0.0068514603190124035, 0.014999942854046822, 0.007458274718374014, 0.008438965305685997, 0.008794525638222694], "(3, 4, -1, 0)": [-0.0020163697190582752, -0.0005534035153687, 0.0016752142691984773, 0.0, 0.0009179608896374702], "(2, 4, -1, 0)": [0.0043893116526305676, 0.0064840903505682945, 0.009876531548798084, 0.005884498357772827, 0.004511496052145958], "(1, 4, 1, 1)": [0.010760919190943241, 0.011508403345942497, 0.007960949093103409, 0.013894700445234776, 0.006482865195721388], "(3, 5, 5, 3)": [0.016430724412202835, 0.009244710206985474, 0.009940211661159992, 0.011084379628300667, 0.013847540132701397], "(2, 4, 0, 0)": [0.00761073362082243, 0.01056215912103653, -0.001555140595883131, 0.006476956885308027, 0.008512078784406185], "(2, 5, 5, 4)": [0.007392584346234798, 0.006106242071837187, 0.011148381046950817, 0.006253083702176809, 0.00521487882360816], "(2, 5, 0, 2)": [0.01947091892361641, 0.01903298683464527, 0.018925489857792854, 0.01895243488252163, 0.0190640427172184], "(1, 5, 1, 2)": [0.017764752730727196, 0.01610388234257698, 0.015780270099639893, 0.01670772023499012, 0.017440978437662125], "(1, 5, 2, 2)": [0.01262740045785904, 0.01745714619755745, 0.010570816695690155, 0.011037950403988361, 0.009846515022218227], "(1, 5, 0, 2)": [0.01531960815191269, 0.016915246844291687, 0.015371331945061684, 0.015475037507712841, 0.01528183650225401], "(1, 5, 3, 3)": [0.013582784682512283, 0.00830545648932457, 0.015294061973690987, 0.009477476589381695, 0.011135788634419441], "(1, 5, 2, 3)": [0.01583309844136238, 0.009767099283635616, 0.006691601127386093, 0.008203988894820213, 0.008234753273427486], "(2, 5, 7, 4)": [-0.0012110236566513777, 0.0010890928097069263, 0.003591813612729311, -0.0007600112585350871, 0.003640437964349985], "(2, 5, 8, 4)": [0.0, 0.0009984130738303065, 0.0, 0.0, 0.0], "(3, 5, 6, 3)": [0.0007977732457220554, 0.007263339590281248, 0.008582103997468948, 0.013223180547356606, 0.003442889079451561], "(3, 5, 7, 4)": [-0.0014159873826429248, 0.0013379943557083607, -0.0010338263818994164, 0.004177552182227373, -0.00036132463719695807], "(2, 4, 2, 1)": [0.009511948563158512, 0.01487569510936737, 0.00803633127361536, 0.010689683258533478, 0.008627094328403473], "(2, 5, 4, 2)": [0.0082479789853096, 0.010440939106047153, 0.01749604381620884, 0.010130095295608044, 0.010144681669771671], "(3, 4, 2, 2)": [0.006615679711103439, 0.016535235568881035, 0.011534225195646286, 0.01206151582300663, 0.012003188952803612], "(2, 5, -1, 1)": [0.008493942208588123, 0.0035302182659506798, 0.00968475267291069, 0.006838137749582529, 0.014290006831288338], "(2, 5, -1, 0)": [0.011819434352219105, 0.0012423255247995257, 0.0015000171260908246, 0.0, 0.0], "(2, 4, -1, 1)": [0.0021319834049791098, 0.0028844461776316166, 0.008077044039964676, 0.012263547629117966, 0.00893825851380825], "(2, 4, -2, 0)": [0.0007011634297668934, -0.00020105275325477123, 0.0014139761915430427, 0.0, 0.005471755750477314], "(1, 4, 0, 1)": [0.012432120740413666, 0.01631186343729496, 0.011259026825428009, 0.010997092351317406, 0.0137274619191885], "(1, 4, -1, 0)": [0.0104801245033741, 0.0029675632249563932, 0.003557175397872925, 0.003993041813373566, 0.003129664110019803], "(2, 5, 2, 1)": [0.0026477330829948187, 0.0, 0.0020712316036224365, 0.007901763543486595, 0.0018149008974432945], "(3, 4, 5, 3)": [0.006282331421971321, 0.0069900089874863625, 0.009725679643452168, 0.01599130406975746, 0.008099786937236786], "(2, 5, 2, 3)": [0.015090000815689564, 0.013759499415755272, 0.013263791799545288, 0.011225683614611626, 0.012125585228204727], "(1, 4, 1, 2)": [0.01747015304863453, 0.017672434449195862, 0.019027454778552055, 0.017577720806002617, 0.01662975735962391], "(1, 4, 2, 2)": [0.01724533922970295, 0.01799585111439228, 0.017202414572238922, 0.01788213849067688, 0.018658563494682312], "(1, 4, 3, 3)": [0.016358328983187675, 0.013546304777264595, 0.012288515456020832, 0.0176794845610857, 0.011950322426855564], "(1, 4, 3, 2)": [0.01078900694847107, 0.013549206778407097, 0.011764397844672203, 0.009170218370854855, 0.017863351851701736], "(2, 4, 0, 2)": [0.010131742805242538, 0.013601592741906643, 0.019124209880828857, 0.013069956563413143, 0.01266025472432375],