{"q_values": {"(2, 5, 2, 2)": [0.01876034215092659, 0.018713613972067833, 0.01870449259877205, 0.018392715603113174, 0.018386099487543106], "(2, 5, 3, 2)": [0.018879108130931854, 0.019051851704716682, 0.018796730786561966, 0.01925695687532425, 0.018348796293139458], "(2, 5, 4, 3)": [0.01616404578089714, 0.016376735642552376, 0.015871286392211914, 0.015870889648795128, 0.017800163477659225], "(2, 5, 3, 3)": [0.014519537799060345, 0.014078820124268532, 0.016101956367492676, 0.016188938170671463, 0.016970908269286156], "(2, 4, 2, 2)": [0.015787795186042786, 0.016895731911063194, 0.018958725035190582, 0.019252095371484756, 0.019092082977294922], "(2, 4, 3, 2)": [0.019307028502225876, 0.019279714673757553, 0.018955042585730553, 0.019225990399718285, 0.019485289230942726], "(2, 4, 4, 3)": [0.01952364109456539, 0.01941036432981491, 0.019594699144363403, 0.01955050230026245, 0.01948234997689724], "(2, 4, 5, 3)": [0.01943225972354412, 0.019217004999518394, 0.019013846293091774, 0.01912062056362629, 0.019104836508631706], "(2, 4, 4, 2)": [0.019196707755327225, 0.01914304308593273, 0.019200636073946953, 0.01917172409594059, 0.019295640289783478], "(2, 5, 1, 1)": [0.01946127414703369, 0.019551370292901993, 0.019741898402571678, 0.019624775275588036, 0.01967872679233551], "(2, 4, 1, 1)": [0.01584288291633129, 0.0177936889231205, 0.015546062029898167, 0.015960121527314186, 0.014841411262750626], "(2, 4, 6, 3)": [0.009367785416543484, 0.009419752284884453, 0.006781927775591612, 0.011568482033908367, 0.018745411187410355], "(2, 5, 5, 3)": [0.016381965950131416, 0.015904994681477547, 0.015665609389543533, 0.01591462269425392, 0.013785039074718952], "(2, 5, 6, 3)": [0.010138132609426975, 0.0076199909672141075, 0.017334476113319397, 0.011212102137506008, 0.009612626396119595], "(3, 5, 4, 3)": [0.015058079734444618, 0.018158217892050743, 0.015504864975810051, 0.013933440670371056, 0.011244543828070164], "(3, 5, 3, 2)": [0.018901828676462173, 0.019266998395323753, 0.01898392289876938, 0.018162012100219727, 0.018810492008924484], "(3, 5, 2, 2)": [0.019221248105168343, 0.019174139946699142, 0.01896250993013382, 0.01887204870581627, 0.01911187916994095], "(3, 5, 1, 2)": [0.018311668187379837, 0.017001651227474213, 0.018769796937704086, 0.01837277039885521, 0.017194151878356934], "(3, 5, 1, 1)": [0.01843336410820484, 0.01832752861082554, 0.018625278025865555, 0.017660783603787422, 0.019193004816770554], "(3, 5, 3, 3)": [0.017407404258847237, 0.012126743793487549, 0.012817767448723316, 0.0075369421392679214, 0.008737683296203613], "(3, 5, 0, 1)": [0.01882041059434414, 0.015194880776107311, 0.016802722588181496, 0.016781924292445183, 0.017039505764842033], "(2, 5, 0, 1)": [0.019479863345623016, 0.01929556392133236, 0.01942342333495617, 0.019071154296398163, 0.019451793283224106], "(2, 5, 1, 2)": [0.01918835937976837, 0.018786851316690445, 0.018159078434109688, 0.01897895708680153, 0.018981046974658966], "(2, 4, 1, 2)": [0.019041428342461586, 0.01922384276986122, 0.019121509045362473, 0.01848069205880165, 0.019077042117714882], "(2, 4, 0, 1)": [0.01620565913617611, 0.014788002707064152, 0.016109691932797432, 0.015881752595305443, 0.01812596619129181], "(2, 4, 3, 3)": [0.01946641504764557, 0.019351352006196976, 0.01945238932967186, 0.01954079233109951, 0.019483868032693863], "(2, 5, 6, 4)": [0.011914363130927086, 0.00994888972491026, 0.00867846142500639, 0.010593903250992298, 0.007912326604127884], "(3, 5, 4, 2)": [0.016996372491121292, 0.015471285209059715, 0.018843961879611015, 0.012634651735424995, 0.013022570870816708], "(3, 4, 1, 1)": [0.014399484731256962, 0.010742339305579662, 0.01365912426263094, 0.014034737832844257, 0.013640167191624641], "(3, 4, 0, 1)": [0.007521822117269039, 0.015349486842751503, 0.012064715847373009, 0.009732920676469803, 0.012251125648617744], "(3, 4, -1, 0)": [-0.0020163697190582752, -0.0005534035153687, 0.0011776579776778817, 0.0012381436536088586, 0.005893479101359844], "(2, 4, -1, 0)": [0.0077996389009058475, 0.009263867512345314, 0.010944408364593983, 0.010225110687315464, 0.013725455850362778], "(1, 4, 1, 1)": [0.01816588267683983, 0.011508403345942497, 0.013257225044071674, 0.013294018805027008, 0.014421208761632442], "(3, 5, 5, 3)": [0.017862241715192795, 0.01404270064085722, 0.015850834548473358, 0.015697702765464783, 0.015013813972473145], "(2, 4, 0, 0)": [0.007250111550092697, 0.009116334840655327, 0.007880832999944687, 0.00867872778326273, 0.005431856960058212], "(2, 5, 5, 4)": [0.009617115370929241, 0.011722614988684654, 0.015290419571101665, 0.010794531553983688, 0.008262339048087597], "(2, 5, 0, 2)": [0.019187435507774353, 0.019511127844452858, 0.019271664321422577, 0.019177699461579323, 0.019064974039793015], "(1, 5, 1, 2)": [0.01968950778245926, 0.019440028816461563, 0.019353851675987244, 0.019308241084218025, 0.01941044069826603], "(1, 5, 2, 2)": [0.01971948891878128, 0.017610548064112663, 0.01693347841501236, 0.01894054375588894, 0.01857122592628002], "(1, 5, 0, 2)": [0.019604021683335304, 0.01921919919550419, 0.01924945041537285, 0.019112490117549896, 0.019079331308603287], "(1, 5, 3, 3)": [0.018946949392557144, 0.013143072836101055, 0.016764935106039047, 0.01706756465137005, 0.017293445765972137], "(1, 5, 2, 3)": [0.015176430344581604, 0.01898544281721115, 0.013606445863842964, 0.01419990137219429, 0.01238835509866476], "(2, 5, 7, 4)": [0.002249388722702861, 0.0020079361274838448, 0.004835168365389109, -0.0007600112585350871, 0.010649733245372772], "(2, 5, 8, 4)": [0.0, 0.00251978007145226, 0.0, 0.0, 0.0], "(3, 5, 6, 3)": [0.01135273277759552, 0.017283568158745766, 0.012774409726262093, 0.010109277442097664, 0.008169533684849739], "(3, 5, 7, 4)": [-5.812884774059057e-05, 0.003820504294708371, 0.00029353401623666286, 0.0027369712479412556, 0.0009793946519494057], "(2, 4, 2, 1)": [0.014148586429655552, 0.00966291967779398, 0.01244085468351841, 0.012530595995485783, 0.018229283392429352], "(2, 5, 4, 2)": [0.016223926097154617, 0.01449199765920639, 0.019236095249652863, 0.014465155079960823, 0.015164069831371307], "(3, 4, 2, 2)": [0.014240650460124016, 0.018078554421663284, 0.01688849739730358, 0.015883542597293854, 0.01570863090455532], "(2, 5, -1, 1)": [0.009612640365958214, 0.006587257143110037, 0.013139594346284866, 0.008949505165219307, 0.0190114825963974], "(2, 5, -1, 0)": [0.016282279044389725, 0.0012423255247995257, 0.004205708857625723, 0.002974138129502535, 0.005171957425773144], "(2, 4, -1, 1)": [0.006349951960146427, 0.0028844461776316166, 0.008077044039964676, 0.017344966530799866, 0.011178177781403065], "(2, 4, -2, 0)": [0.006263079587370157, 0.0047000860795378685, 0.003702369052916765, 0.0014967783354222775, 0.016011495143175125], "(1, 4, 0, 1)": [0.015587200410664082, 0.016168411821126938, 0.01631273701786995, 0.016771357506513596, 0.014426316134631634], "(1, 4, -1, 0)": [0.008025893941521645, 0.007499405182898045, 0.010791655629873276, 0.007143211085349321, 0.007714197039604187], "(2, 5, 2, 1)": [0.004366155248135328, 0.0, 0.0020712316036224365, 0.015903765335679054, 0.0018149008974432945], "(3, 4, 5, 3)": [0.01350476685911417, 0.013471635989844799, 0.01667047291994095, 0.018849525600671768, 0.011699010618031025], "(2, 5, 2, 3)": [0.01834110915660858, 0.01393895037472248, 0.014124579727649689, 0.013396104797720909, 0.014389505609869957], "(1, 4, 1, 2)": [0.019399594515562057, 0.019266992807388306, 0.01943288743495941, 0.019300013780593872, 0.019413795322179794], "(1, 4, 2, 2)": [0.019398491829633713, 0.01939036324620247, 0.019306275993585587, 0.019277455285191536, 0.01939217559993267], "(1, 4, 3, 3)": [0.01955220475792885, 0.018961304798722267, 0.01907021924853325, 0.019313432276248932, 0.018875516951084137], "(1, 4, 3, 2)": [0.01719442382454872, 0.01750984415411949, 0.017327995970845222, 0.0158016886562109, 0.019530722871422768], "(2, 4, 0, 2)": [0.017242370173335075, 0.016749024391174316, 0.019671447575092316, 0.01802397519350052, 0.015836374834179878],