{"q_values": {"(2, 5, 2, 2)": [0.0, 0.0, 0.0, 0.0, 0.18865621089935303], "(2, 5, 3, 2)": [0.0, 0.09882143139839172, 0.0, 0.0, 0.0], "(2, 6, 3, 3)": [0.0, 0.18313415348529816, 0.09850721806287766, 0.0, 0.0], "(2, 6, 3, 2)": [0.0, 0.0, 0.09728344529867172, 0.0, 0.09799527376890182], "(2, 7, 3, 2)": [0.0, 0.09216868877410889, 0.09300048649311066, 0.0, 0.09552127122879028], "(2, 7, 2, 2)": [0.0, 0.09477656334638596, 0.0, 0.0, 0.0], "(2, 7, 3, 3)": [0.0, 0.0, 0.0, 0.09396611154079437, 0.0], "(2, 8, 3, 2)": [0.0, 0.0, 0.08730562031269073, 0.17098268866539001, 0.0], "(2, 8, 2, 2)": [0.0, 0.0, 0.09473828971385956, 0.0, 0.0], "(2, 8, 3, 3)": [0.0, 0.0, 0.0, 0.0, 0.08526073396205902], "(2, 9, 3, 3)": [0.0, 0.08300318568944931, 0.0, -0.21525731682777405, 0.0]}}