{"q_values": {"(2, 6, 1, 1)": [0.2063615620136261, 0.18910497426986694, 0.2025216519832611, 0.4263260066509247, 0.34727826714515686, 0.09971393644809723, 0.3715495765209198], "(2, 6, 2, 1)": [0.0986088290810585, 0.0, 0.09839922189712524, 0.0, 0.0, 0.0, 0.0], "(2, 7, 1, 1)": [0.18707510828971863, 0.09876596182584763, 0.0, 0.2698729634284973, 0.0, 0.19646361470222473, 0.2771614193916321], "(2, 6, 0, 1)": [0.0, 0.0, 0.0, 0.11377689987421036, 0.0, 0.0, 0.0], "(2, 7, 2, 1)": [0.0, 0.0, 0.0, 0.0, 0.0, 0.18875187635421753, 0.0], "(2, 8, 2, 2)": [0.09126762300729752, 0.0, 0.0, 0.0, 0.08939682692289352, 0.0, 0.0], "(2, 9, 2, 1)": [0.0, 0.16503310203552246, 0.0, 0.0, 0.0, 0.0, 0.0], "(2, 10, 2, 1)": [0.0, 0.0, 0.0, 0.08496751636266708, 0.0, 0.0, 0.0], "(2, 10, 1, 1)": [0.0841098353266716, 0.0, 0.0, 0.0, 0.08336355537176132, 0.0, -0.21385906636714935]}}