{"q_values": {"(2, 6, 1, 1)": [-18.58749771118164, -19.201841354370117, -17.823389053344727, -17.461841583251953, -14.935914039611816, -17.2033634185791, -17.273788452148438], "(2, 6, 2, 1)": [-17.917531967163086, -17.0795841217041, -16.391407012939453, -17.500652313232422, -17.04891586303711, -15.469367980957031, -11.9313383102417], "(2, 7, 1, 1)": [-16.591552734375, -16.860855102539062, -17.262357711791992, -15.755087852478027, -15.313278198242188, -15.297420501708984, -12.327123641967773], "(2, 6, 0, 1)": [-21.58236312866211, -20.208459854125977, -19.960468292236328, -20.640962600708008, -20.225200653076172, -20.164142608642578, -20.16246795654297], "(2, 7, 2, 1)": [-15.31500244140625, -15.343035697937012, -14.605457305908203, -14.429494857788086, -14.75208854675293, -10.37647533416748, -13.406840324401855], "(2, 8, 2, 2)": [-9.268451690673828, -9.214861869812012, -7.249159336090088, -8.137222290039062, -7.411498546600342, -6.532714366912842, -7.06515645980835], "(2, 9, 2, 1)": [-11.824483871459961, -9.508326530456543, -10.367013931274414, -8.909634590148926, -6.935140132904053, -5.660019397735596, -6.867313861846924], "(2, 10, 2, 1)": [-4.775466442108154, -4.501079559326172, -5.647638320922852, -6.076773166656494, -4.6696600914001465, -3.4266552925109863, -2.863084554672241], "(2, 10, 1, 1)": [-9.09225845336914, -8.609801292419434, -8.459877967834473, -8.009286880493164, -8.18037223815918, -5.4257330894470215, -5.828451633453369], "(2, 0, 1, 1)": [-5.027928352355957, -7.6605353355407715, -8.126132011413574, -7.412815093994141, -9.312713623046875, -9.790105819702148, -11.50073528289795], "(2, 0, 2, 1)": [-15.122393608093262, -15.147326469421387, -18.960655212402344, -19.849824905395508, -12.076149940490723, -16.40427589416504, -18.70070457458496], "(2, 1, 2, 1)": [-14.848292350769043, -15.857181549072266, -17.711212158203125, -18.484893798828125, -17.513702392578125, -18.852378845214844, -17.30891990661621], "(2, 2, 2, 1)": [-15.843792915344238, -16.272966384887695, -20.015926361083984, -17.112483978271484, -19.199113845825195, -19.81707000732422, -18.568923950195312], "(2, 3, 2, 1)": [-17.758255004882812, -18.41783905029297, -18.82112693786621, -21.387998580932617, -20.035476684570312, -20.08464241027832, -19.833179473876953], "(2, 4, 2, 1)": [-18.96717071533203, -21.15846824645996, -21.730609893798828, -21.751827239990234, -20.60760498046875, -20.847900390625, -21.808080673217773], "(2, 5, 2, 1)": [-20.64119529724121, -21.59272575378418, -18.49285125732422, -15.654011726379395, -19.455427169799805, -17.987140655517578, -19.51483917236328], "(2, 5, 1, 1)": [-19.244312286376953, -19.176021575927734, -19.132768630981445, -19.343734741210938, -16.72235107421875, -18.224210739135742, -18.07421112060547], "(3, 6, 2, 1)": [-21.369291305541992, 0.0, 0.0, 0.0, 0.0, 0.0, -21.44475746154785], "(3, 6, 1, 1)": [-21.40900993347168, 0.0, 0.0, 0.0, 0.0, 0.0, -21.325159072875977], "(3, 5, 1, 1)": [-21.16109848022461, -21.276123046875, 0.0, -21.221637725830078, 0.0, -21.019094467163086, 0.0], "(3, 4, 0, 0)": [0.0, 0.0, 0.0, 0.0, -20.936050415039062, 0.0, 0.0], "(3, 4, 1, 1)": [0.0, 0.0, -20.741256713867188, 0.0, 0.0, 0.0, -20.843780517578125], "(3, 3, 1, 1)": [-19.62298583984375, 0.0, -20.627342224121094, -20.360136032104492, 0.0, -20.500770568847656, 0.0], "(3, 2, 1, 1)": [-18.499452590942383, 0.0, 0.0, -17.733112335205078, -18.826156616210938, -19.38481903076172, -17.28495979309082], "(3, 2, 2, 1)": [0.0, 0.0, -16.23373794555664, 0.0, 0.0, 0.0, 0.0], "(3, 1, 1, 1)": [-5.898717880249023, 0.0, 0.0, -7.485494613647461, -14.176981925964355, -14.935932159423828, 0.0], "(3, 1, 2, 1)": [-10.198883056640625, 0.0, -13.333703994750977, -11.355643272399902, -12.396727561950684, 0.0, 0.0], "(3, 0, 1, 1)": [0.0, 0.0, 0.0, -4.135632514953613, -2.1766488552093506, 0.0, 0.0], "(2, 8, 1, 1)": [-16.255226135253906, -16.13776397705078, -14.627922058105469, -14.910713195800781, -14.707596778869629, -14.287466049194336, -10.853862762451172], "(2, 8, 2, 1)": [-13.600049018859863, -12.803475379943848, -11.214747428894043, -13.287405014038086, -11.542984962463379, -11.69884967803955, -8.100412368774414], "(2, 2, 1, 1)": [-10.788969993591309, -14.274048805236816, -14.621756553649902, -15.285459518432617, -15.315789222717285, -16.197586059570312, -16.425458908081055], "(2, 3, 1, 1)": [-16.607574462890625, -13.283041954040527, -16.482892990112305, -17.176334381103516, -17.087430953979492, -16.913578033447266, -17.786733627319336], "(2, 1, 1, 1)": [-9.70002555847168, -9.052268981933594, -10.372001647949219, -11.961272239685059, -12.275788307189941, -13.72518253326416, -14.143518447875977], "(2, 1, 0, 1)": [-5.612148761749268, -6.831514835357666, -7.546084880828857, -7.224447727203369, -8.746681213378906, -9.175318717956543, -9.717911720275879], "(2, 0, 0, 1)": [-2.774193048477173, -4.037148952484131, -3.3270459175109863, -3.843393325805664, -3.2921719551086426, -5.395843029022217, -6.228742599487305], "(2, 9, 1, 1)": [-15.051706314086914, -13.942556381225586, -13.257383346557617, -12.464834213256836, -13.491171836853027, -11.652000427246094, -8.518558502197266], "(2, 4, 1, 1)": [-17.33740234375, -14.568443298339844, -18.635007858276367, -18.57347869873047, -18.52594757080078, -19.281665802001953, -19.011703491210938], "(2, 3, 0, 1)": [-9.637787818908691, -14.279653549194336, -13.313611030578613, -13.77521800994873, -15.558786392211914, -16.121286392211914, -16.628803253173828], "(2, 2, 0, 1)": [-11.069561958312988, -8.338749885559082, -11.857356071472168, -10.952174186706543, -11.84610652923584, -12.403130531311035, -12.8021821975708], "(2, 10, 0, 1)": [-21.760536193847656, -16.27911949157715, -17.293216705322266, -21.815021514892578, -21.54172706604004, -21.70233726501465, -8.86463737487793], "(2, 9, 0, 1)": [-20.425962448120117, -20.417226791381836, -21.354692459106445, -19.0600643157959, -21.912063598632812, -16.724308013916016, -18.54707908630371], "(2, 7, 2, 2)": [-14.457517623901367, -11.463408470153809, -10.895636558532715, -10.457318305969238, -10.433987617492676, -8.583741188049316, -9.832006454467773], "(2, 8, 0, 1)": [-21.801788330078125, -21.344158172607422, -20.230167388916016, -19.9130859375, -20.23491096496582, -20.530433654785156, -15.359779357910156], "(2, 7, 0, 1)": [-20.712955474853516, -21.61139488220215, -19.962705612182617, -21.220252990722656, -21.81653594970703, -21.492313385009766, -21.340604782104492], "(1, 10, 0, 1)": [-14.21661376953125, -8.938511848449707, -14.977685928344727, -12.43138313293457, -5.915207862854004, 0.0, -13.370978355407715], "(2, 9, 2, 2)": [-5.5485968589782715, -4.685399055480957, -6.250807285308838, -4.108055591583252, -4.4988226890563965, -4.519238471984863, -3.7639715671539307], "(2, 0, 0, 0)": [-2.2208681106567383, -2.3111653327941895, -2.3999617099761963, -2.4453701972961426, -2.4001166820526123, -3.344818353652954, -2.392052173614502], "(2, 5, 0, 1)": [-19.35722541809082, -19.29574966430664, -17.564056396484375, -22.13639259338379, -20.080730438232422, -22.136390686035156, -19.267892837524414], "(2, 4, 0, 1)": [-16.07432746887207, -12.084419250488281, -17.976932525634766, -16.564538955688477, -16.360774993896484, -15.921862602233887, -16.347251892089844], "(2, 4, 0, 0)": [-9.643526077270508, 0.0, -19.45494842529297, -19.294788360595703, -16.973512649536133, -15.655945777893066, 0.0], "(2, 3, 0, 0)": [-7.754505634307861, -12.164294242858887, -10.944616317749023, -8.842660903930664, -11.360031127929688, -11.491908073425293, -11.510461807250977], "(2, 2, 0, 0)": [-5.722565650939941, -6.2814621925354, -6.736229419708252, -7.41301155090332, -9.397294044494629, -7.575684070587158, -9.008111000061035], "(1, 1, 0, 0)": [0.0, -4.184906482696533, 0.0, 0.0, 0.0, 0.0, 0.0], "(1, 0, 0, 0)": [0.0, 0.0, 0.0, 0.0, -2.202582359313965, 0.0, 0.0], "(2, 1, 0, 0)": [-3.4535462856292725, -4.153528690338135, -3.9913148880004883, -5.224702835083008, -4.820287704467773, -4.962143421173096, -4.608412742614746],