{"q_values": {"(2, 6, 1, 1)": [-19.774999618530273, -19.909820556640625, -18.808347702026367, -18.6097469329834, -16.699674606323242, -18.30806541442871, -17.751399993896484], "(2, 6, 2, 1)": [-19.229570388793945, -18.32459831237793, -17.454036712646484, -18.779020309448242, -18.194055557250977, -16.85700798034668, -13.694193840026855], "(2, 7, 1, 1)": [-17.361730575561523, -18.164676666259766, -18.02570152282715, -16.9567813873291, -17.057113647460938, -16.803726196289062, -15.030611038208008], "(2, 6, 0, 1)": [-21.58236312866211, -21.118743896484375, -19.960468292236328, -20.640962600708008, -20.225200653076172, -20.164142608642578, -20.16246795654297], "(2, 7, 2, 1)": [-16.82455062866211, -16.354755401611328, -16.4955997467041, -16.0418758392334, -15.535872459411621, -12.84168529510498, -14.770088195800781], "(2, 8, 2, 2)": [-10.944904327392578, -10.270195960998535, -8.676539421081543, -8.931699752807617, -8.04728889465332, -7.294530391693115, -8.00220012664795], "(2, 9, 2, 1)": [-12.706789016723633, -9.784379959106445, -10.782159805297852, -10.260334014892578, -7.379525661468506, -6.180994987487793, -6.888955593109131], "(2, 10, 2, 1)": [-4.78585147857666, -4.597634792327881, -6.263835906982422, -6.464056491851807, -5.5113420486450195, -3.50150465965271, -2.9577717781066895], "(2, 10, 1, 1)": [-9.813668251037598, -9.171842575073242, -8.95028305053711, -8.628113746643066, -8.436105728149414, -6.083447456359863, -6.59934139251709], "(2, 0, 1, 1)": [-5.584266662597656, -8.098518371582031, -8.751798629760742, -7.9227986335754395, -9.784482955932617, -10.237282752990723, -13.166569709777832], "(2, 0, 2, 1)": [-15.122393608093262, -15.147326469421387, -18.960655212402344, -19.849824905395508, -13.307744979858398, -16.40427589416504, -18.70070457458496], "(2, 1, 2, 1)": [-14.848292350769043, -15.857181549072266, -17.711212158203125, -18.484893798828125, -17.513702392578125, -18.852378845214844, -17.30891990661621], "(2, 2, 2, 1)": [-15.843792915344238, -16.272966384887695, -20.015926361083984, -17.112483978271484, -19.199113845825195, -19.81707000732422, -18.568923950195312], "(2, 3, 2, 1)": [-17.758255004882812, -18.41783905029297, -18.82112693786621, -21.387998580932617, -20.035476684570312, -20.08464241027832, -19.833179473876953], "(2, 4, 2, 1)": [-20.007368087768555, -21.15846824645996, -21.730609893798828, -21.751827239990234, -20.60760498046875, -20.847900390625, -21.808080673217773], "(2, 5, 2, 1)": [-20.64119529724121, -21.59272575378418, -20.65105438232422, -18.189546585083008, -21.52867317199707, -20.359088897705078, -19.51483917236328], "(2, 5, 1, 1)": [-19.992612838745117, -19.52252197265625, -19.758987426757812, -19.939388275146484, -18.612051010131836, -18.9418888092041, -18.963590621948242], "(3, 6, 2, 1)": [-21.369291305541992, 0.0, 0.0, 0.0, 0.0, 0.0, -21.44475746154785], "(3, 6, 1, 1)": [-21.40900993347168, 0.0, 0.0, 0.0, 0.0, 0.0, -21.325159072875977], "(3, 5, 1, 1)": [-21.16109848022461, -21.276123046875, 0.0, -21.221637725830078, 0.0, -21.019094467163086, 0.0], "(3, 4, 0, 0)": [0.0, 0.0, 0.0, 0.0, -20.936050415039062, 0.0, 0.0], "(3, 4, 1, 1)": [0.0, 0.0, -20.741256713867188, 0.0, 0.0, 0.0, -20.843780517578125], "(3, 3, 1, 1)": [-19.62298583984375, 0.0, -20.627342224121094, -20.360136032104492, 0.0, -20.500770568847656, 0.0], "(3, 2, 1, 1)": [-18.499452590942383, 0.0, 0.0, -17.733112335205078, -18.826156616210938, -19.38481903076172, -17.28495979309082], "(3, 2, 2, 1)": [0.0, 0.0, -16.23373794555664, 0.0, 0.0, 0.0, 0.0], "(3, 1, 1, 1)": [-5.898717880249023, 0.0, 0.0, -7.485494613647461, -14.176981925964355, -14.935932159423828, 0.0], "(3, 1, 2, 1)": [-10.198883056640625, 0.0, -13.333703994750977, -11.355643272399902, -12.396727561950684, 0.0, 0.0], "(3, 0, 1, 1)": [0.0, 0.0, 0.0, -4.135632514953613, -2.1766488552093506, 0.0, 0.0], "(2, 8, 1, 1)": [-17.470834732055664, -16.96052360534668, -15.862085342407227, -15.064719200134277, -15.28797435760498, -14.785161018371582, -12.997784614562988], "(2, 8, 2, 1)": [-14.834115982055664, -13.54520034790039, -11.795770645141602, -14.629570007324219, -12.009668350219727, -13.532220840454102, -9.97135066986084], "(2, 2, 1, 1)": [-12.737263679504395, -15.222824096679688, -15.813570022583008, -16.260244369506836, -15.659893035888672, -16.79526710510254, -17.2061767578125], "(2, 3, 1, 1)": [-17.380510330200195, -15.945145606994629, -18.231109619140625, -18.366182327270508, -17.65691566467285, -17.611421585083008, -19.28093719482422], "(2, 1, 1, 1)": [-10.158388137817383, -10.05835247039795, -10.976995468139648, -11.95825481414795, -12.743000030517578, -14.800041198730469, -14.973014831542969], "(2, 1, 0, 1)": [-6.340405464172363, -7.046340465545654, -7.641643047332764, -7.188685417175293, -8.882065773010254, -9.887864112854004, -10.192743301391602], "(2, 0, 0, 1)": [-2.9229280948638916, -4.321468830108643, -3.257503032684326, -4.006566047668457, -3.43892765045166, -5.303943634033203, -6.76313591003418], "(2, 9, 1, 1)": [-15.471598625183105, -14.874686241149902, -13.760008811950684, -13.273346900939941, -14.321671485900879, -11.794623374938965, -9.887917518615723], "(2, 4, 1, 1)": [-18.467796325683594, -17.500886917114258, -19.108110427856445, -19.281740188598633, -19.374509811401367, -19.785198211669922, -19.67554473876953], "(2, 3, 0, 1)": [-13.379261016845703, -15.052106857299805, -13.467945098876953, -15.053062438964844, -16.207181930541992, -17.87082290649414, -17.514461517333984], "(2, 2, 0, 1)": [-11.466548919677734, -10.089524269104004, -12.614094734191895, -11.967087745666504, -12.159811019897461, -12.848976135253906, -13.898598670959473], "(2, 10, 0, 1)": [-21.760536193847656, -16.27911949157715, -17.293216705322266, -21.815021514892578, -21.54172706604004, -21.70233726501465, -10.214303970336914], "(2, 9, 0, 1)": [-20.425962448120117, -20.417226791381836, -21.354692459106445, -19.0600643157959, -21.912063598632812, -16.724308013916016, -18.54707908630371], "(2, 7, 2, 2)": [-15.549103736877441, -12.677640914916992, -12.886597633361816, -10.76077651977539, -12.444573402404785, -9.146288871765137, -11.04857063293457], "(2, 8, 0, 1)": [-21.801788330078125, -21.344158172607422, -20.230167388916016, -19.9130859375, -20.23491096496582, -20.530433654785156, -15.359779357910156], "(2, 7, 0, 1)": [-20.712955474853516, -21.61139488220215, -19.962705612182617, -21.220252990722656, -21.81653594970703, -21.492313385009766, -21.340604782104492], "(1, 10, 0, 1)": [-14.21661376953125, -8.938511848449707, -14.977685928344727, -12.43138313293457, -5.915207862854004, 0.0, -13.370978355407715], "(2, 9, 2, 2)": [-6.703037738800049, -4.862868309020996, -6.420552730560303, -5.012665271759033, -4.546402454376221, -4.937774181365967, -4.345724582672119], "(2, 0, 0, 0)": [-2.2089176177978516, -2.3522908687591553, -2.4847826957702637, -2.843965768814087, -2.8605806827545166, -3.627244710922241, -2.517354726791382], "(2, 5, 0, 1)": [-19.35722541809082, -19.29574966430664, -18.73296356201172, -22.13639259338379, -20.080730438232422, -22.136390686035156, -19.267892837524414], "(2, 4, 0, 1)": [-16.566442489624023, -15.701390266418457, -20.16055679321289, -17.07598876953125, -17.681671142578125, -17.497499465942383, -20.71660614013672], "(2, 4, 0, 0)": [-9.643526077270508, 0.0, -19.45494842529297, -19.294788360595703, -16.973512649536133, -15.655945777893066, 0.0], "(2, 3, 0, 0)": [-7.546675682067871, -21.382747650146484, -11.147554397583008, -5.933831214904785, -11.360031127929688, -11.491908073425293, -13.574639320373535], "(2, 2, 0, 0)": [-6.277336120605469, -8.672231674194336, -7.026113033294678, -8.908303260803223, -12.214303016662598, -9.86559772491455, -9.008458137512207], "(1, 1, 0, 0)": [0.0, -4.184906482696533, 0.0, 0.0, 0.0, 0.0, 0.0], "(1, 0, 0, 0)": [0.0, 0.0, 0.0, 0.0, -2.202582359313965, 0.0, 0.0], "(2, 1, 0, 0)": [-4.180173873901367, -4.296744346618652, -4.685435771942139, -5.3272175788879395, -5.894702911376953, -5.85556173324585, -5.264885902404785],