{"q_values": {"(2, 6, 1, 1)": [-18.58749771118164, -19.201841354370117, -17.621519088745117, -17.370521545410156, -14.709768295288086, -17.00319480895996, -17.273788452148438], "(2, 6, 2, 1)": [-17.917531967163086, -17.0795841217041, -16.391407012939453, -17.500652313232422, -16.579456329345703, -15.469367980957031, -11.771368980407715], "(2, 7, 1, 1)": [-16.46575355529785, -16.709413528442383, -17.075342178344727, -15.643538475036621, -15.009160041809082, -15.252249717712402, -11.942529678344727], "(2, 6, 0, 1)": [-21.58236312866211, -20.208459854125977, -19.960468292236328, -20.640962600708008, -20.225200653076172, -20.164142608642578, -20.16246795654297], "(2, 7, 2, 1)": [-15.31500244140625, -15.086198806762695, -14.131041526794434, -14.429494857788086, -14.75208854675293, -10.16593074798584, -13.054102897644043], "(2, 8, 2, 2)": [-9.249848365783691, -9.10317325592041, -7.249159336090088, -8.098946571350098, -7.246341228485107, -6.508237361907959, -7.06515645980835], "(2, 9, 2, 1)": [-11.610835075378418, -9.508326530456543, -10.367013931274414, -8.867244720458984, -6.901394367218018, -5.519612789154053, -6.68793249130249], "(2, 10, 2, 1)": [-4.775466442108154, -4.501079559326172, -5.647638320922852, -6.076773166656494, -4.6696600914001465, -3.4266552925109863, -2.7870466709136963], "(2, 10, 1, 1)": [-9.08117961883545, -8.609801292419434, -8.074362754821777, -8.009286880493164, -8.18037223815918, -5.310944557189941, -5.763946533203125], "(2, 0, 1, 1)": [-4.819582939147949, -7.6605353355407715, -8.126132011413574, -7.412815093994141, -9.312713623046875, -9.790105819702148, -11.50073528289795], "(2, 0, 2, 1)": [-15.122393608093262, -15.147326469421387, -18.960655212402344, -19.849824905395508, -12.076149940490723, -16.40427589416504, -18.70070457458496], "(2, 1, 2, 1)": [-14.848292350769043, -15.857181549072266, -17.711212158203125, -18.484893798828125, -17.513702392578125, -18.852378845214844, -17.30891990661621], "(2, 2, 2, 1)": [-15.843792915344238, -16.272966384887695, -20.015926361083984, -17.112483978271484, -19.199113845825195, -19.81707000732422, -18.568923950195312], "(2, 3, 2, 1)": [-17.758255004882812, -18.41783905029297, -18.82112693786621, -21.387998580932617, -20.035476684570312, -20.08464241027832, -19.833179473876953], "(2, 4, 2, 1)": [-18.96717071533203, -21.15846824645996, -21.730609893798828, -21.751827239990234, -20.60760498046875, -20.847900390625, -21.808080673217773], "(2, 5, 2, 1)": [-20.64119529724121, -21.59272575378418, -18.49285125732422, -15.335829734802246, -19.455427169799805, -17.987140655517578, -19.51483917236328], "(2, 5, 1, 1)": [-19.127178192138672, -19.12752914428711, -19.132768630981445, -19.01070213317871, -16.406917572021484, -18.17169952392578, -18.07421112060547], "(3, 6, 2, 1)": [-21.369291305541992, 0.0, 0.0, 0.0, 0.0, 0.0, -21.44475746154785], "(3, 6, 1, 1)": [-21.40900993347168, 0.0, 0.0, 0.0, 0.0, 0.0, -21.325159072875977], "(3, 5, 1, 1)": [-21.16109848022461, -21.276123046875, 0.0, -21.221637725830078, 0.0, -21.019094467163086, 0.0], "(3, 4, 0, 0)": [0.0, 0.0, 0.0, 0.0, -20.936050415039062, 0.0, 0.0], "(3, 4, 1, 1)": [0.0, 0.0, -20.741256713867188, 0.0, 0.0, 0.0, -20.843780517578125], "(3, 3, 1, 1)": [-19.62298583984375, 0.0, -20.627342224121094, -20.360136032104492, 0.0, -20.500770568847656, 0.0], "(3, 2, 1, 1)": [-18.499452590942383, 0.0, 0.0, -17.733112335205078, -18.826156616210938, -19.38481903076172, -17.28495979309082], "(3, 2, 2, 1)": [0.0, 0.0, -16.23373794555664, 0.0, 0.0, 0.0, 0.0], "(3, 1, 1, 1)": [-5.898717880249023, 0.0, 0.0, -7.485494613647461, -14.176981925964355, -14.935932159423828, 0.0], "(3, 1, 2, 1)": [-10.198883056640625, 0.0, -13.333703994750977, -11.355643272399902, -12.396727561950684, 0.0, 0.0], "(3, 0, 1, 1)": [0.0, 0.0, 0.0, -4.135632514953613, -2.1766488552093506, 0.0, 0.0], "(2, 8, 1, 1)": [-16.255226135253906, -16.13776397705078, -14.441726684570312, -14.910713195800781, -14.558944702148438, -14.154614448547363, -10.39866828918457], "(2, 8, 2, 1)": [-13.473919868469238, -12.591052055358887, -11.214747428894043, -13.287405014038086, -11.542984962463379, -11.378488540649414, -7.7984209060668945], "(2, 2, 1, 1)": [-10.468713760375977, -14.218772888183594, -14.621756553649902, -15.285459518432617, -15.131647109985352, -16.049095153808594, -16.14832878112793], "(2, 3, 1, 1)": [-16.607574462890625, -12.714690208435059, -16.482892990112305, -16.857717514038086, -16.964454650878906, -16.869447708129883, -17.786733627319336], "(2, 1, 1, 1)": [-9.70002555847168, -8.812357902526855, -10.317039489746094, -11.91889762878418, -12.253604888916016, -13.621858596801758, -14.125493049621582], "(2, 1, 0, 1)": [-5.427494525909424, -6.831514835357666, -7.546084880828857, -7.053162574768066, -8.746681213378906, -9.128371238708496, -9.572708129882812], "(2, 0, 0, 1)": [-2.729893207550049, -3.8193862438201904, -3.3270459175109863, -3.760896682739258, -3.3238205909729004, -5.166454315185547, -6.228742599487305], "(2, 9, 1, 1)": [-15.051706314086914, -13.942556381225586, -13.257383346557617, -12.464834213256836, -13.491171836853027, -11.589600563049316, -8.225502967834473], "(2, 4, 1, 1)": [-17.33740234375, -13.89248275756836, -18.437307357788086, -18.57347869873047, -18.52594757080078, -19.281665802001953, -18.86170768737793], "(2, 3, 0, 1)": [-9.375550270080566, -14.279653549194336, -13.227248191833496, -13.77521800994873, -15.558786392211914, -16.121286392211914, -16.628803253173828], "(2, 2, 0, 1)": [-11.069561958312988, -8.122865676879883, -11.857356071472168, -10.832531929016113, -11.80360221862793, -12.2826566696167, -12.622793197631836], "(2, 10, 0, 1)": [-21.760536193847656, -16.27911949157715, -17.293216705322266, -21.815021514892578, -21.54172706604004, -21.70233726501465, -8.86463737487793], "(2, 9, 0, 1)": [-20.425962448120117, -20.417226791381836, -21.354692459106445, -19.0600643157959, -21.912063598632812, -16.724308013916016, -18.54707908630371], "(2, 7, 2, 2)": [-14.457517623901367, -11.463408470153809, -10.895636558532715, -10.457318305969238, -10.433987617492676, -8.505902290344238, -9.679909706115723], "(2, 8, 0, 1)": [-21.801788330078125, -21.344158172607422, -20.230167388916016, -19.9130859375, -20.23491096496582, -20.530433654785156, -15.359779357910156], "(2, 7, 0, 1)": [-20.712955474853516, -21.61139488220215, -19.962705612182617, -21.220252990722656, -21.81653594970703, -21.492313385009766, -21.340604782104492], "(1, 10, 0, 1)": [-14.21661376953125, -8.938511848449707, -14.977685928344727, -12.43138313293457, -5.915207862854004, 0.0, -13.370978355407715], "(2, 9, 2, 2)": [-5.5485968589782715, -4.765624046325684, -6.250807285308838, -4.227088928222656, -4.4988226890563965, -4.4809088706970215, -3.7488908767700195], "(2, 0, 0, 0)": [-2.218047618865967, -2.3111653327941895, -2.3999617099761963, -2.4453701972961426, -2.3831863403320312, -3.1575145721435547, -2.374774694442749], "(2, 5, 0, 1)": [-19.35722541809082, -19.29574966430664, -17.564056396484375, -22.13639259338379, -20.080730438232422, -22.136390686035156, -19.267892837524414], "(2, 4, 0, 1)": [-16.07432746887207, -11.612650871276855, -17.976932525634766, -16.564538955688477, -16.360774993896484, -15.732364654541016, -16.347251892089844], "(2, 4, 0, 0)": [-9.643526077270508, -8.439473152160645, -19.45494842529297, -19.294788360595703, -16.973512649536133, -15.655945777893066, 0.0], "(2, 3, 0, 0)": [-7.669795036315918, -12.164294242858887, -10.944616317749023, -8.842660903930664, -11.360031127929688, -11.491908073425293, -11.510461807250977], "(2, 2, 0, 0)": [-5.6138596534729, -6.264254570007324, -6.736229419708252, -7.439627647399902, -9.397294044494629, -7.5784125328063965, -9.008111000061035], "(1, 1, 0, 0)": [-2.1929233074188232, -4.184906482696533, 0.0, 0.0, 0.0, 0.0, 0.0], "(1, 0, 0, 0)": [-2.2362568378448486, 0.0, 0.0, 0.0, -2.202582359313965, 0.0, 0.0],