{"q_values": {"(2, 6, 1, 1)": [-19.017173767089844, -19.329687118530273, -18.245563507080078, -17.815479278564453, -15.777796745300293, -17.81968879699707, -17.521013259887695], "(2, 6, 2, 1)": [-19.229570388793945, -17.51153564453125, -16.753664016723633, -18.17912483215332, -17.660673141479492, -16.372169494628906, -12.781881332397461], "(2, 7, 1, 1)": [-16.950084686279297, -17.315935134887695, -17.592697143554688, -16.289155960083008, -16.33542823791504, -15.91728687286377, -13.39449405670166], "(2, 6, 0, 1)": [-21.58236312866211, -20.208459854125977, -19.960468292236328, -20.640962600708008, -20.225200653076172, -20.164142608642578, -20.16246795654297], "(2, 7, 2, 1)": [-16.200815200805664, -15.54245376586914, -15.640159606933594, -14.793037414550781, -15.357473373413086, -11.370659828186035, -13.87411117553711], "(2, 8, 2, 2)": [-9.86770248413086, -9.491043090820312, -7.695117473602295, -8.455439567565918, -7.623324871063232, -6.832247257232666, -7.294290065765381], "(2, 9, 2, 1)": [-12.475677490234375, -9.508326530456543, -10.471242904663086, -9.62777328491211, -7.113131046295166, -5.878749847412109, -6.939305305480957], "(2, 10, 2, 1)": [-4.726847171783447, -4.597634792327881, -5.810911178588867, -6.076773166656494, -4.896596431732178, -3.5509469509124756, -2.9021904468536377], "(2, 10, 1, 1)": [-9.306279182434082, -8.781797409057617, -8.3849515914917, -8.643884658813477, -8.237025260925293, -5.801544666290283, -6.155564308166504], "(2, 0, 1, 1)": [-5.425184726715088, -7.94276237487793, -8.3257417678833, -7.665456771850586, -9.40237808227539, -10.030279159545898, -11.945290565490723], "(2, 0, 2, 1)": [-15.122393608093262, -15.147326469421387, -18.960655212402344, -19.849824905395508, -12.076149940490723, -16.40427589416504, -18.70070457458496], "(2, 1, 2, 1)": [-14.848292350769043, -15.857181549072266, -17.711212158203125, -18.484893798828125, -17.513702392578125, -18.852378845214844, -17.30891990661621], "(2, 2, 2, 1)": [-15.843792915344238, -16.272966384887695, -20.015926361083984, -17.112483978271484, -19.199113845825195, -19.81707000732422, -18.568923950195312], "(2, 3, 2, 1)": [-17.758255004882812, -18.41783905029297, -18.82112693786621, -21.387998580932617, -20.035476684570312, -20.08464241027832, -19.833179473876953], "(2, 4, 2, 1)": [-18.96717071533203, -21.15846824645996, -21.730609893798828, -21.751827239990234, -20.60760498046875, -20.847900390625, -21.808080673217773], "(2, 5, 2, 1)": [-20.64119529724121, -21.59272575378418, -19.26305389404297, -16.769075393676758, -20.3303165435791, -18.743255615234375, -19.51483917236328], "(2, 5, 1, 1)": [-19.421213150024414, -19.396427154541016, -19.430522918701172, -19.553565979003906, -17.890066146850586, -18.541889190673828, -18.498292922973633], "(3, 6, 2, 1)": [-21.369291305541992, 0.0, 0.0, 0.0, 0.0, 0.0, -21.44475746154785], "(3, 6, 1, 1)": [-21.40900993347168, 0.0, 0.0, 0.0, 0.0, 0.0, -21.325159072875977], "(3, 5, 1, 1)": [-21.16109848022461, -21.276123046875, 0.0, -21.221637725830078, 0.0, -21.019094467163086, 0.0], "(3, 4, 0, 0)": [0.0, 0.0, 0.0, 0.0, -20.936050415039062, 0.0, 0.0], "(3, 4, 1, 1)": [0.0, 0.0, -20.741256713867188, 0.0, 0.0, 0.0, -20.843780517578125], "(3, 3, 1, 1)": [-19.62298583984375, 0.0, -20.627342224121094, -20.360136032104492, 0.0, -20.500770568847656, 0.0], "(3, 2, 1, 1)": [-18.499452590942383, 0.0, 0.0, -17.733112335205078, -18.826156616210938, -19.38481903076172, -17.28495979309082], "(3, 2, 2, 1)": [0.0, 0.0, -16.23373794555664, 0.0, 0.0, 0.0, 0.0], "(3, 1, 1, 1)": [-5.898717880249023, 0.0, 0.0, -7.485494613647461, -14.176981925964355, -14.935932159423828, 0.0], "(3, 1, 2, 1)": [-10.198883056640625, 0.0, -13.333703994750977, -11.355643272399902, -12.396727561950684, 0.0, 0.0], "(3, 0, 1, 1)": [0.0, 0.0, 0.0, -4.135632514953613, -2.1766488552093506, 0.0, 0.0], "(2, 8, 1, 1)": [-17.346416473388672, -16.496540069580078, -15.424028396606445, -15.059737205505371, -14.99942398071289, -14.587568283081055, -12.213921546936035], "(2, 8, 2, 1)": [-13.791181564331055, -12.803475379943848, -11.647297859191895, -13.527459144592285, -11.70969295501709, -12.316947937011719, -9.007340431213379], "(2, 2, 1, 1)": [-11.992076873779297, -14.789274215698242, -15.340731620788574, -15.667353630065918, -15.463799476623535, -16.394296646118164, -16.76300621032715], "(2, 3, 1, 1)": [-16.850021362304688, -14.877015113830566, -16.798242568969727, -17.89754295349121, -17.223072052001953, -17.181039810180664, -18.60761070251465], "(2, 1, 1, 1)": [-9.9329195022583, -9.493062973022461, -10.659972190856934, -11.947636604309082, -12.634537696838379, -14.051941871643066, -14.198333740234375], "(2, 1, 0, 1)": [-6.004332542419434, -7.087674617767334, -7.598069667816162, -7.303694248199463, -8.746681213378906, -9.703243255615234, -9.796774864196777], "(2, 0, 0, 1)": [-2.9314184188842773, -4.1692118644714355, -3.2507994174957275, -3.8028178215026855, -3.3608269691467285, -5.395843029022217, -6.228742599487305], "(2, 9, 1, 1)": [-15.471598625183105, -14.473860740661621, -13.598909378051758, -12.700746536254883, -13.84912109375, -11.794623374938965, -9.415796279907227], "(2, 4, 1, 1)": [-17.820858001708984, -16.358095169067383, -19.010623931884766, -18.57347869873047, -18.649547576904297, -19.4068546295166, -19.31892967224121], "(2, 3, 0, 1)": [-10.60735034942627, -14.62488079071045, -13.35759162902832, -14.026684761047363, -15.806112289428711, -17.183643341064453, -16.628803253173828], "(2, 2, 0, 1)": [-11.593271255493164, -9.411727905273438, -12.207763671875, -11.17819881439209, -11.9818115234375, -12.794026374816895, -13.218744277954102], "(2, 10, 0, 1)": [-21.760536193847656, -16.27911949157715, -17.293216705322266, -21.815021514892578, -21.54172706604004, -21.70233726501465, -8.86463737487793], "(2, 9, 0, 1)": [-20.425962448120117, -20.417226791381836, -21.354692459106445, -19.0600643157959, -21.912063598632812, -16.724308013916016, -18.54707908630371], "(2, 7, 2, 2)": [-14.457517623901367, -11.58337116241455, -10.944666862487793, -10.68779468536377, -11.562246322631836, -9.0767822265625, -10.144235610961914], "(2, 8, 0, 1)": [-21.801788330078125, -21.344158172607422, -20.230167388916016, -19.9130859375, -20.23491096496582, -20.530433654785156, -15.359779357910156], "(2, 7, 0, 1)": [-20.712955474853516, -21.61139488220215, -19.962705612182617, -21.220252990722656, -21.81653594970703, -21.492313385009766, -21.340604782104492], "(1, 10, 0, 1)": [-14.21661376953125, -8.938511848449707, -14.977685928344727, -12.43138313293457, -5.915207862854004, 0.0, -13.370978355407715], "(2, 9, 2, 2)": [-5.939633846282959, -4.629965782165527, -6.420552730560303, -4.252638816833496, -4.539280891418457, -4.603734970092773, -3.9524128437042236], "(2, 0, 0, 0)": [-2.209291458129883, -2.3313095569610596, -2.420071601867676, -2.479135751724243, -2.4851107597351074, -3.344818353652954, -2.4699854850769043], "(2, 5, 0, 1)": [-19.35722541809082, -19.29574966430664, -17.564056396484375, -22.13639259338379, -20.080730438232422, -22.136390686035156, -19.267892837524414], "(2, 4, 0, 1)": [-16.566442489624023, -13.872444152832031, -17.976932525634766, -17.07598876953125, -16.360774993896484, -16.667203903198242, -20.71660614013672], "(2, 4, 0, 0)": [-9.643526077270508, 0.0, -19.45494842529297, -19.294788360595703, -16.973512649536133, -15.655945777893066, 0.0], "(2, 3, 0, 0)": [-7.720295429229736, -14.449942588806152, -10.944616317749023, -8.78288745880127, -11.360031127929688, -11.491908073425293, -12.32482624053955], "(2, 2, 0, 0)": [-5.925048828125, -6.6144185066223145, -7.135656833648682, -7.686374664306641, -9.397294044494629, -8.062068939208984, -9.008111000061035], "(1, 1, 0, 0)": [0.0, -4.184906482696533, 0.0, 0.0, 0.0, 0.0, 0.0], "(1, 0, 0, 0)": [0.0, 0.0, 0.0, 0.0, -2.202582359313965, 0.0, 0.0], "(2, 1, 0, 0)": [-3.8276455402374268, -4.296744346618652, -4.08511209487915, -5.185202121734619, -5.0316033363342285, -5.306698322296143, -4.801947593688965],