{"q_values": {"(2, 5, 2, 2)": [0.018526770174503326, 0.019139651209115982, 0.019353577867150307, 0.01906973123550415, 0.019237438216805458], "(2, 5, 3, 2)": [0.01858656108379364, 0.01933455280959606, 0.017922328785061836, 0.0180509090423584, 0.016148973256349564], "(2, 5, 3, 3)": [0.01686432585120201, 0.01655721664428711, 0.015262547880411148, 0.017292149364948273, 0.01391023863106966], "(2, 4, 2, 2)": [0.01686522178351879, 0.019013186916708946, 0.01913963444530964, 0.019155023619532585, 0.019333526492118835], "(2, 4, 3, 2)": [0.0164824016392231, 0.019219519570469856, 0.019288938492536545, 0.018961355090141296, 0.019055016338825226], "(2, 4, 3, 3)": [0.017084546387195587, 0.01831522211432457, 0.019272461533546448, 0.018161557614803314, 0.018697787076234818], "(2, 4, 4, 3)": [0.01816229708492756, 0.018910164013504982, 0.018415939062833786, 0.018516018986701965, 0.018667135387659073], "(2, 4, 1, 1)": [0.014235252514481544, 0.013095453381538391, 0.014225454069674015, 0.01594456098973751, 0.017138410359621048], "(2, 4, 2, 1)": [0.004805038683116436, 0.004301358945667744, 0.006424176041036844, 0.004827453754842281, -0.0020862100645899773], "(2, 5, 4, 3)": [0.014891835860908031, 0.014560069888830185, 0.017598461359739304, 0.01512460969388485, 0.014100098982453346], "(2, 4, 1, 2)": [0.018876101821660995, 0.018595004454255104, 0.016494115814566612, 0.01624283380806446, 0.014932469464838505], "(2, 5, 1, 2)": [0.019196128472685814, 0.018216639757156372, 0.01916591264307499, 0.01923438347876072, 0.019151095300912857], "(2, 5, 0, 2)": [0.01045855414122343, 0.010622255504131317, 0.010650547221302986, 0.014802159741520882, 0.009867951273918152], "(2, 5, 2, 3)": [0.005661515519022942, 0.007402124814689159, 0.005937381647527218, 0.005330911837518215, 0.007575812749564648], "(2, 4, 0, 1)": [0.015924498438835144, 0.014206085354089737, 0.01742388866841793, 0.015427987091243267, 0.014726252295076847], "(2, 4, 4, 2)": [0.01358539704233408, 0.010378907434642315, 0.011262494139373302, 0.015154457651078701, 0.015755124390125275], "(2, 4, 5, 3)": [0.0018214995507150888, 0.0028626425191760063, 0.0029528120066970587, 0.004814637824892998, 0.004460107535123825], "(3, 4, 4, 2)": [0.008621061220765114, 0.011692047119140625, 0.007773543242365122, 0.006489565595984459, 0.010490486398339272], "(3, 4, 3, 2)": [0.01255050115287304, 0.014110236428678036, 0.016285810619592667, 0.012868418358266354, 0.014055462554097176], "(3, 4, 2, 1)": [0.001217433949932456, 0.0038596251979470253, 0.0019239458488300443, 0.0009284255211241543, 0.00551579101011157], "(3, 4, 2, 2)": [0.012210522778332233, 0.01123217772692442, 0.014752362854778767, 0.011960877105593681, 0.011962030082941055], "(3, 4, 3, 1)": [0.0, 0.0, 0.0015061654848977923, 0.0010828402591869235, 0.0009452897356823087], "(2, 5, 0, 1)": [0.01659551076591015, 0.016910966485738754, 0.018285054713487625, 0.01734020933508873, 0.016314595937728882], "(2, 5, 5, 3)": [0.0076653980650007725, 0.003504006424918771, 0.007823801599442959, 0.00858148280531168, 0.009624539874494076], "(2, 5, 5, 4)": [0.0, 0.0, 0.0, 0.0, 0.0], "(2, 4, 0, 2)": [0.0018096398562192917, 0.0, 0.0, 0.0017513990169391036, 0.0], "(1, 4, 0, 1)": [0.006410426460206509, 0.007576705887913704, 0.004926562774926424, 0.007047867868095636, 0.006775352638214827], "(1, 4, 1, 2)": [0.011647059582173824, 0.006660464219748974, 0.009443487972021103, 0.007831750437617302, 0.008313426747918129], "(1, 4, 1, 1)": [0.002395795891061425, -0.0008859877707436681, 0.0049895597621798515, 0.0023153345100581646, 0.002418401651084423], "(2, 5, 1, 1)": [0.015796124935150146, 0.015078096650540829, 0.01868143118917942, 0.017241423949599266, 0.01806105673313141], "(2, 5, 4, 2)": [0.0034324144944548607, 0.002653007861226797, 0.0, 0.005931106396019459, 0.007214958313852549], "(1, 4, 2, 2)": [0.004894379060715437, 0.008245861157774925, 0.01045403815805912, 0.0072075421921908855, 0.008964814245700836], "(1, 4, 3, 3)": [0.0, 0.0, 0.0, 0.0, 0.003962422255426645], "(1, 5, 1, 2)": [0.004903370048850775, 0.008182588964700699, 0.003121074289083481, 0.0031475620344281197, 0.005384670104831457], "(1, 4, 3, 2)": [0.005521433427929878, 0.003943116404116154, 0.0013459355104714632, 0.004985596053302288, 0.005564229097217321], "(1, 4, 4, 3)": [0.0020414101891219616, 0.0009985832730308175, 0.005880208685994148, 0.002105136401951313, 0.0033995716366916895], "(1, 5, 3, 2)": [0.001049333717674017, 0.0010493582813069224, 0.0035606538876891136, 0.0011379350908100605, 0.0021485888864845037], "(1, 4, 2, 1)": [0.001177970552816987, 0.0, 0.0, 0.0, 0.0], "(3, 5, 4, 3)": [0.0024932529777288437, 0.0022645520512014627, 0.0063449908047914505, 0.0020337507594376802, 0.005922891199588776], "(3, 5, 5, 3)": [0.0036362488754093647, 0.004255808889865875, 0.003859833115711808, 0.0008050787728279829, 0.0010391554096713662], "(3, 5, 3, 2)": [0.013254922814667225, 0.010922807268798351, 0.012281634844839573, 0.011477182619273663, 0.010359206236898899], "(3, 5, 3, 3)": [0.00630025053396821, 0.0007972868625074625, 0.0011282137129455805, 0.002191374311223626, -0.0006843358278274536], "(3, 5, 2, 2)": [0.0133026372641325, 0.012058327905833721, 0.011833995580673218, 0.011214571073651314, 0.01144330482929945], "(3, 5, 1, 2)": [0.0053492155857384205, 0.005624601151794195, 0.004312537144869566, 0.0056277187541127205, 0.001951923011802137], "(3, 5, 1, 1)": [0.0015713615575805306, 0.0060153561644256115, 0.0028361519798636436, 0.00214701471850276, 0.0011738616740331054], "(3, 5, 0, 1)": [0.004891824908554554, 0.0019882877822965384, 0.003199291881173849, 0.002070790156722069, 0.002903723856434226], "(3, 5, 4, 2)": [0.0024498538114130497, 0.005984626244753599, 0.003436977742239833, 0.004702350124716759, 0.0009973760461434722], "(1, 5, 2, 2)": [0.000972989946603775, 0.0037713684141635895, 0.0010292008519172668, 0.001166013185866177, 0.0010670333867892623], "(1, 5, 2, 3)": [0.0019437996670603752, 0.003768152790144086, 0.001956847496330738, 0.0, 0.0010095281759276986], "(1, 5, 3, 3)": [0.0, 0.0, 0.0010268401820212603, 0.0, 0.0021363450214266777], "(3, 4, 5, 3)": [0.001976386643946171, 0.0012218233896419406, 0.0010988189605996013, 0.0021803630515933037, 0.0009993937565013766], "(3, 4, 6, 3)": [0.0011340128257870674, 0.0, 0.0, 0.0, 0.0], "(3, 4, 1, 1)": [0.0015279782237485051, 0.008720885030925274, 0.002989356406033039, 0.005349739454686642, 0.0013191108591854572], "(3, 4, 4, 3)": [0.0010874379659071565, 0.0040656160563230515, 0.0011047491570934653, 0.0011301572667434812, 0.006353203672915697], "(3, 5, 2, 1)": [0.0, 0.0, 0.0, 0.0, 0.002326879184693098], "(3, 4, 0, 1)": [0.0, 0.0, 0.0009170557605102658, 0.0, 0.0035048292484134436], "(3, 4, 1, 2)": [0.005090834107249975, 0.0, 0.0, 0.0, 0.0], "(3, 4, 5, 2)": [0.0, 0.0013916970929130912, 0.0, 0.0, 0.0], "(1, 5, 0, 2)": [-0.001802810118533671, 0.002405639737844467, 0.0019915008451789618, 0.0, 0.0019359518773853779], "(1, 5, 0, 1)": [0.0010970166185870767, 0.004916104953736067, 0.0, 0.0012457325356081128, 0.0], "(1, 4, -1, 1)": [0.0, 0.0, 0.0, 0.0, 0.0011887738946825266], "(1, 4, 0, 2)": [0.0, 0.0, 0.0027514835819602013, 0.004512431100010872, 0.0], "(2, 5, 2, 1)": [0.0, 0.0, 0.0, 0.0, 0.0018355477368459105], "(2, 4, 6, 3)": [0.0, 0.0009926471393555403, 0.0, 0.0, 0.0], "(2, 5, 6, 3)": [0.0, 0.0, 0.0, 0.0014524416765198112, 0.0], "(3, 5, 6, 3)": [0.0, 0.0019148598657920957, 0.0, 0.0, 0.0009212717413902283], "(2, 4, 0, 0)": [0.0, 0.0, 0.0, -0.002186280209571123, 0.0], "(1, 4, 5, 3)": [0.00129384093452245, 0.0, 0.0, 0.0, 0.0], "(1, 4, 4, 2)": [0.00099954754114151, 0.0, 0.0, 0.0, 0.0], "(1, 5, 4, 3)": [0.0, 0.0, 0.0011303458595648408, 0.0011391033185645938, 0.0009743501432240009], "(1, 5, 4, 2)": [0.0018367897719144821, 0.0, 0.0, 0.0, 0.0], "(1, 5, 1, 1)": [0.0013776286505162716, 0.0, 0.0, 0.0, 0.0]}}