{"q_values": {"(2, 5, 2, 2)": [0.019678499549627304, 0.019228540360927582, 0.018819374963641167, 0.019328059628605843, 0.01920156739652157], "(2, 5, 3, 2)": [0.019773093983530998, 0.019240448251366615, 0.01889130100607872, 0.01936197467148304, 0.019353525713086128], "(2, 5, 3, 3)": [0.019633088260889053, 0.017710713669657707, 0.01739838905632496, 0.017259815707802773, 0.016624609008431435], "(2, 4, 2, 2)": [0.01869151182472706, 0.018183862790465355, 0.018444279208779335, 0.0183604434132576, 0.019947832450270653], "(2, 4, 3, 2)": [0.019343974068760872, 0.018720516934990883, 0.019398607313632965, 0.019416406750679016, 0.019913870841264725], "(2, 4, 3, 3)": [0.019711723551154137, 0.01989879459142685, 0.019695967435836792, 0.01965203508734703, 0.019734937697649002], "(2, 4, 4, 3)": [0.019589288160204887, 0.019678527489304543, 0.01962975785136223, 0.019888227805495262, 0.019668279215693474], "(2, 4, 1, 1)": [0.014066996984183788, 0.013333224691450596, 0.015772588551044464, 0.016705293208360672, 0.019824594259262085], "(2, 4, 2, 1)": [0.011137058958411217, 0.01630447618663311, 0.011736905202269554, 0.006867171265184879, 0.008850558660924435], "(2, 5, 4, 3)": [0.018125982955098152, 0.019646815955638885, 0.018186749890446663, 0.01795615628361702, 0.016130691394209862], "(2, 4, 1, 2)": [0.01569310575723648, 0.018473627045750618, 0.01813642680644989, 0.0186811164021492, 0.019948404282331467], "(2, 5, 1, 2)": [0.019791249185800552, 0.019729895517230034, 0.019541893154382706, 0.019662894308567047, 0.01909170113503933], "(2, 5, 0, 2)": [0.019352035596966743, 0.019442491233348846, 0.01939258724451065, 0.019252976402640343, 0.019770780578255653], "(2, 5, 2, 3)": [0.01917373761534691, 0.01234756875783205, 0.009763299487531185, 0.01464164163917303, 0.011867879889905453], "(2, 4, 0, 1)": [0.017308926209807396, 0.01557974424213171, 0.01714472472667694, 0.014935651794075966, 0.01990913413465023], "(2, 4, 4, 2)": [0.019284533336758614, 0.019271831959486008, 0.01941395178437233, 0.01958642154932022, 0.019183512777090073], "(2, 4, 5, 3)": [0.019356459379196167, 0.01914479397237301, 0.019554274156689644, 0.019165940582752228, 0.019261334091424942], "(3, 4, 4, 2)": [0.019281059503555298, 0.019323810935020447, 0.01983376033604145, 0.01782018132507801, 0.01898927427828312], "(3, 4, 3, 2)": [0.01832333393394947, 0.01762414537370205, 0.017630791291594505, 0.01867404580116272, 0.019740981981158257], "(3, 4, 2, 1)": [0.014017777517437935, 0.012959061190485954, 0.013983595184981823, 0.019021419808268547, 0.01341317594051361], "(3, 4, 2, 2)": [0.01872892491519451, 0.018404262140393257, 0.017624568194150925, 0.018140530213713646, 0.01960422843694687], "(3, 4, 3, 1)": [-0.0016311161452904344, 0.013445820659399033, 0.0004869508557021618, 0.001356714405119419, 0.004390860442072153], "(2, 5, 0, 1)": [0.019634705036878586, 0.019471492618322372, 0.019527502357959747, 0.019823001697659492, 0.019500698894262314], "(2, 5, 5, 3)": [0.018789494410157204, 0.016294609755277634, 0.015691405162215233, 0.014738617464900017, 0.014788628555834293], "(2, 5, 5, 4)": [0.0019443511264398694, 0.014425446279346943, 0.0009747130097821355, 0.00036992912646383047, 0.0010716206161305308], "(2, 4, 0, 2)": [0.01908354088664055, 0.018571937456727028, 0.01867511495947838, 0.01924702152609825, 0.019739603623747826], "(1, 4, 0, 1)": [0.018641214817762375, 0.0163193941116333, 0.01854550652205944, 0.019826974719762802, 0.018740814179182053], "(1, 4, 1, 2)": [0.019180526956915855, 0.01827843300998211, 0.018671080470085144, 0.019248876720666885, 0.01982218027114868], "(1, 4, 1, 1)": [0.015159662812948227, 0.014459343627095222, 0.016147738322615623, 0.01937561295926571, 0.01300585363060236], "(2, 5, 1, 1)": [0.01950998045504093, 0.01991199515759945, 0.019469819962978363, 0.01942519098520279, 0.019506879150867462], "(2, 5, 4, 2)": [0.019255487248301506, 0.01931755803525448, 0.019277431070804596, 0.019653836265206337, 0.01789299212396145], "(1, 4, 2, 2)": [0.018628669902682304, 0.018070414662361145, 0.019086943939328194, 0.019726624712347984, 0.018912961706519127], "(1, 4, 3, 3)": [0.01944829151034355, 0.01943795196712017, 0.019468115642666817, 0.019621647894382477, 0.019479088485240936], "(1, 5, 1, 2)": [0.018816934898495674, 0.016899313777685165, 0.01872215047478676, 0.01862298883497715, 0.017667870968580246], "(1, 4, 3, 2)": [0.017362549901008606, 0.017264124006032944, 0.019234661012887955, 0.019185740500688553, 0.019562704488635063], "(1, 4, 4, 3)": [0.019047899171710014, 0.0173201747238636, 0.019642576575279236, 0.018346231430768967, 0.01859615184366703], "(1, 5, 3, 2)": [0.01787150464951992, 0.019589293748140335, 0.01755920611321926, 0.01851949654519558, 0.01659894920885563], "(1, 4, 2, 1)": [0.013471094891428947, 0.0, 0.0, 0.0, 0.0], "(3, 5, 4, 3)": [0.019774362444877625, 0.0153549425303936, 0.01648174226284027, 0.015405258163809776, 0.017525117844343185], "(3, 5, 5, 3)": [0.013328438624739647, 0.018871713429689407, 0.01569219119846821, 0.01470128633081913, 0.01733456365764141], "(3, 5, 3, 2)": [0.019875146448612213, 0.018415827304124832, 0.019408660009503365, 0.019433779641985893, 0.01739668846130371], "(3, 5, 3, 3)": [0.01853107661008835, 0.013065751641988754, 0.012057186104357243, 0.010496696457266808, 0.011539716273546219], "(3, 5, 2, 2)": [0.01972631923854351, 0.01767418161034584, 0.016508132219314575, 0.016453586518764496, 0.01592043787240982], "(3, 5, 1, 2)": [0.018925609067082405, 0.018714023754000664, 0.01945960521697998, 0.018888693302869797, 0.018382813781499863], "(3, 5, 1, 1)": [0.01939471624791622, 0.01967562735080719, 0.01939748413860798, 0.019527314230799675, 0.019349755719304085], "(3, 5, 0, 1)": [0.018381694331765175, 0.016666041687130928, 0.01702769286930561, 0.017942458391189575, 0.019070753827691078], "(3, 5, 4, 2)": [0.01958618313074112, 0.019525615498423576, 0.019847381860017776, 0.019454341381788254, 0.019190147519111633], "(1, 5, 2, 2)": [0.019504882395267487, 0.01890781708061695, 0.019269533455371857, 0.01911799982190132, 0.017598750069737434], "(1, 5, 2, 3)": [0.015033170580863953, 0.014008637517690659, 0.013948194682598114, 0.014172758907079697, 0.01262190192937851], "(1, 5, 3, 3)": [0.019411558285355568, 0.015336084179580212, 0.016612300649285316, 0.016775060445070267, 0.016592631116509438], "(3, 4, 5, 3)": [0.01962883584201336, 0.019049832597374916, 0.01925266906619072, 0.01919521391391754, 0.018551886081695557], "(3, 4, 6, 3)": [0.008540323004126549, 0.0010532487649470568, 0.0018941520247608423, 0.0, 0.0], "(3, 4, 1, 1)": [0.015903713181614876, 0.014760424382984638, 0.015848606824874878, 0.015193229541182518, 0.019507186487317085], "(3, 4, 4, 3)": [0.019650204107165337, 0.019672060385346413, 0.01988227851688862, 0.019560514017939568, 0.01965826377272606], "(3, 5, 2, 1)": [0.017648838460445404, 0.014390324242413044, 0.016656994819641113, 0.011034549213945866, 0.019680412486195564], "(3, 4, 0, 1)": [0.013261956162750721, 0.014789173379540443, 0.01385106798261404, 0.01433040015399456, 0.019373344257473946], "(3, 4, 1, 2)": [0.019408835098147392, 0.017902832478284836, 0.014694826677441597, 0.016851920634508133, 0.015953214839100838], "(3, 4, 5, 2)": [0.006091524846851826, 0.005593218374997377, 0.005255759693682194, 0.004645530600100756, 0.01754213310778141], "(1, 5, 0, 2)": [0.019763346761465073, 0.01940988004207611, 0.019451064988970757, 0.019370311871170998, 0.018920034170150757], "(1, 5, 0, 1)": [0.019720477983355522, 0.01981433853507042, 0.01976511813700199, 0.0196984875947237, 0.01969500258564949], "(1, 4, -1, 1)": [0.003766232170164585, 0.004489968065172434, 0.006263823248445988, 0.01486093457788229, 0.01023709587752819], "(1, 4, 0, 2)": [0.019470544531941414, 0.019471002742648125, 0.019816620275378227, 0.019679639488458633, 0.019421812146902084], "(2, 5, 2, 1)": [0.005334473680704832, 0.01964942365884781, 0.006732204928994179, 0.001986834453418851, 0.0035495120100677013], "(2, 4, 6, 3)": [0.0, 0.006825428456068039, 0.0, 0.0, 0.0],