{"q_values": {"(2, 5, 2, 2)": [0.01966262049973011, 0.01930183358490467, 0.018650569021701813, 0.01946604810655117, 0.018893465399742126], "(2, 5, 3, 2)": [0.019746817648410797, 0.019200796261429787, 0.018954075872898102, 0.01870710402727127, 0.019227605313062668], "(2, 5, 3, 3)": [0.019428955391049385, 0.016148651018738747, 0.01580037921667099, 0.017490962520241737, 0.016620058566331863], "(2, 4, 2, 2)": [0.01915036141872406, 0.019082143902778625, 0.018791979178786278, 0.019048860296607018, 0.01923675835132599], "(2, 4, 3, 2)": [0.019360899925231934, 0.019317839294672012, 0.019212067127227783, 0.019412638619542122, 0.01930314302444458], "(2, 4, 3, 3)": [0.019488586112856865, 0.019699160009622574, 0.019439149647951126, 0.019563984125852585, 0.019517766311764717], "(2, 4, 4, 3)": [0.01938246190547943, 0.01953871361911297, 0.019468799233436584, 0.01939268596470356, 0.019411282613873482], "(2, 4, 1, 1)": [0.016294842585921288, 0.01611657626926899, 0.01559786032885313, 0.013501412235200405, 0.017535628750920296], "(2, 4, 2, 1)": [0.011313274502754211, 0.003969740122556686, 0.012617346830666065, 0.010775250382721424, 0.011279691010713577], "(2, 5, 4, 3)": [0.01922757364809513, 0.01755497045814991, 0.016417821869254112, 0.01678277924656868, 0.015750156715512276], "(2, 4, 1, 2)": [0.018860969692468643, 0.017814822494983673, 0.019020743668079376, 0.019032802432775497, 0.019279491156339645], "(2, 5, 1, 2)": [0.01959046721458435, 0.019269956275820732, 0.019240178167819977, 0.018531562760472298, 0.019279897212982178], "(2, 5, 0, 2)": [0.019267775118350983, 0.01945587247610092, 0.018795255571603775, 0.01932215690612793, 0.01933564618229866], "(2, 5, 2, 3)": [0.010564005002379417, 0.011666427366435528, 0.010995808988809586, 0.01259557530283928, 0.010425351560115814], "(2, 4, 0, 1)": [0.010946512222290039, 0.018181324005126953, 0.01603459194302559, 0.016036473214626312, 0.017574584111571312], "(2, 4, 4, 2)": [0.01917385123670101, 0.019289402291178703, 0.01931680180132389, 0.019253253936767578, 0.019256532192230225], "(2, 4, 5, 3)": [0.017639735713601112, 0.017333097755908966, 0.018088294193148613, 0.0194868054240942, 0.01806832104921341], "(3, 4, 4, 2)": [0.018923867493867874, 0.019297026097774506, 0.018896296620368958, 0.017127638682723045, 0.01832480914890766], "(3, 4, 3, 2)": [0.0160090159624815, 0.01739571802318096, 0.01828766241669655, 0.01717059500515461, 0.01891065388917923], "(3, 4, 2, 1)": [0.014453170821070671, 0.014988737180829048, 0.014757401309907436, 0.015248756855726242, 0.017863502725958824], "(3, 4, 2, 2)": [0.014986216090619564, 0.018358450382947922, 0.01796361245214939, 0.01730283908545971, 0.018941959366202354], "(3, 4, 3, 1)": [0.0, 0.005537786986678839, 0.0004869508557021618, 0.001356714405119419, 0.0009452897356823087], "(2, 5, 0, 1)": [0.019294660538434982, 0.0192690659314394, 0.019419889897108078, 0.01946873962879181, 0.019454410299658775], "(2, 5, 5, 3)": [0.017703678458929062, 0.018993539735674858, 0.0182060394436121, 0.016895892098546028, 0.01587519608438015], "(2, 5, 5, 4)": [0.00026773486752063036, 0.006056806072592735, 0.0009502225439064205, 0.0, 0.001095656887628138], "(2, 4, 0, 2)": [0.014387930743396282, 0.01248563826084137, 0.009985723532736301, 0.01314518041908741, 0.01941893808543682], "(1, 4, 0, 1)": [0.016066569834947586, 0.014778535813093185, 0.015044515952467918, 0.01479380950331688, 0.01878811977803707], "(1, 4, 1, 2)": [0.015417938120663166, 0.01912005804479122, 0.016674071550369263, 0.018763037398457527, 0.019218137487769127], "(1, 4, 1, 1)": [0.006777479313313961, 0.007611269596964121, 0.011036115698516369, 0.01824897900223732, 0.008257931098341942], "(2, 5, 1, 1)": [0.019509879872202873, 0.01955045759677887, 0.01955348812043667, 0.019520610570907593, 0.019639505073428154], "(2, 5, 4, 2)": [0.015942450612783432, 0.014837798662483692, 0.015488930977880955, 0.016372498124837875, 0.019255660474300385], "(1, 4, 2, 2)": [0.01907222531735897, 0.01770113967359066, 0.019047701731324196, 0.018384061753749847, 0.0152231240645051], "(1, 4, 3, 3)": [0.017385201528668404, 0.016481894999742508, 0.015395484864711761, 0.015672311186790466, 0.019261814653873444], "(1, 5, 1, 2)": [0.0195569209754467, 0.01712585985660553, 0.018027985468506813, 0.0178617425262928, 0.018595894798636436], "(1, 4, 3, 2)": [0.016841303557157516, 0.014256411232054234, 0.017320048063993454, 0.01708354614675045, 0.018450547009706497], "(1, 4, 4, 3)": [0.0149213382974267, 0.012453119270503521, 0.018535476177930832, 0.015160552226006985, 0.013048709370195866], "(1, 5, 3, 2)": [0.003919575829058886, 0.008244632743299007, 0.017058981582522392, 0.007521810010075569, 0.006348819471895695], "(1, 4, 2, 1)": [0.00626850500702858, 0.0, 0.0, 0.0, 0.0], "(3, 5, 4, 3)": [0.016034474596381187, 0.012896398082375526, 0.013897905126214027, 0.01385488174855709, 0.014738252386450768], "(3, 5, 5, 3)": [0.012260261923074722, 0.015258733183145523, 0.011061090975999832, 0.01224600337445736, 0.007970686070621014], "(3, 5, 3, 2)": [0.01816210150718689, 0.01951330155134201, 0.017641309648752213, 0.01723930612206459, 0.01859075017273426], "(3, 5, 3, 3)": [0.00852428749203682, 0.009166381321847439, 0.010264430195093155, 0.008019066415727139, 0.008646593429148197], "(3, 5, 2, 2)": [0.019031673669815063, 0.01774376817047596, 0.018649397417902946, 0.017858892679214478, 0.018009819090366364], "(3, 5, 1, 2)": [0.0171598419547081, 0.01554762851446867, 0.01743732951581478, 0.017990227788686752, 0.016926569864153862], "(3, 5, 1, 1)": [0.015542457811534405, 0.018715646117925644, 0.012171643786132336, 0.01303483359515667, 0.015320491045713425], "(3, 5, 0, 1)": [0.01572103053331375, 0.007249700371176004, 0.003199291881173849, 0.006528241094201803, 0.007205463480204344], "(3, 5, 4, 2)": [0.014968338422477245, 0.019419029355049133, 0.014167489483952522, 0.013836084865033627, 0.011094496585428715], "(1, 5, 2, 2)": [0.017294544726610184, 0.01945733092725277, 0.01834488846361637, 0.01835893839597702, 0.01872381567955017], "(1, 5, 2, 3)": [0.010674579069018364, 0.017996707931160927, 0.014571687206625938, 0.011792577803134918, 0.00927646178752184], "(1, 5, 3, 3)": [0.018199117854237556, 0.01400698907673359, 0.015832211822271347, 0.014042139984667301, 0.013030167669057846], "(3, 4, 5, 3)": [0.0073392740450799465, 0.004334611818194389, 0.016685308888554573, 0.011280374601483345, 0.00554463779553771], "(3, 4, 6, 3)": [0.0011340128257870674, 0.0, 0.0, 0.0, 0.0], "(3, 4, 1, 1)": [0.014926414005458355, 0.015487615019083023, 0.013933585956692696, 0.01243428885936737, 0.015557823702692986], "(3, 4, 4, 3)": [0.007743619382381439, 0.014295073226094246, 0.007298546843230724, 0.014340960420668125, 0.018634533509612083], "(3, 5, 2, 1)": [0.007694816216826439, 0.003167613409459591, 0.001802084967494011, 0.0035932096652686596, 0.009456743486225605], "(3, 4, 0, 1)": [0.008896988816559315, 0.016237784177064896, 0.011207416653633118, 0.0021381399128586054, 0.01089471485465765], "(3, 4, 1, 2)": [0.014169296249747276, 0.005874014925211668, 0.005902134347707033, 0.006848386488854885, 0.00439843162894249], "(3, 4, 5, 2)": [0.0, 0.0013916970929130912, 0.0, 0.0, 0.004001189023256302], "(1, 5, 0, 2)": [0.01952369697391987, 0.019316524267196655, 0.019115827977657318, 0.018502065911889076, 0.018824918195605278], "(1, 5, 0, 1)": [0.018922816962003708, 0.019456669688224792, 0.01883556693792343, 0.018245737999677658, 0.018693288788199425], "(1, 4, -1, 1)": [0.0026271308306604624, 0.004489968065172434, 0.014667149633169174, 0.003205253276973963, 0.0021607093513011932], "(1, 4, 0, 2)": [0.017003526911139488, 0.018313290551304817, 0.016978802159428596, 0.019388440996408463, 0.01790391094982624], "(2, 5, 2, 1)": [0.005334473680704832, 0.009257710538804531, 0.0, 0.0, 0.0035495120100677013], "(2, 4, 6, 3)": [0.0, 0.002185243647545576, 0.0, 0.0, 0.0], "(2, 5, 6, 3)": [0.012708264403045177, 0.0017965134466066957, 0.001901355804875493, 0.0014524416765198112, 0.0],