{"q_values": {"(2, 5, 2, 2)": [0.019261518493294716, 0.01971689984202385, 0.01833542250096798, 0.018180979415774345, 0.0191220473498106], "(2, 5, 3, 2)": [0.01906444877386093, 0.01960751973092556, 0.018929773941636086, 0.01916067861020565, 0.018964668735861778], "(2, 5, 3, 3)": [0.01514914445579052, 0.019696997478604317, 0.015490308403968811, 0.015176340937614441, 0.01581067591905594], "(2, 4, 2, 2)": [0.018997125327587128, 0.017655158415436745, 0.019028959795832634, 0.01918942853808403, 0.01986420340836048], "(2, 4, 3, 2)": [0.01925593614578247, 0.01930294744670391, 0.01916794665157795, 0.019831569865345955, 0.019194278866052628], "(2, 4, 3, 3)": [0.01954544335603714, 0.019542494788765907, 0.019795458763837814, 0.019529080018401146, 0.019545933231711388], "(2, 4, 4, 3)": [0.019575461745262146, 0.019575953483581543, 0.01955854706466198, 0.019737543538212776, 0.01957308128476143], "(2, 4, 1, 1)": [0.01691153272986412, 0.018863730132579803, 0.0184450913220644, 0.018356304615736008, 0.019791794940829277], "(2, 4, 2, 1)": [0.012148929759860039, 0.011356880888342857, 0.01027781330049038, 0.007911743596196175, 0.010105510242283344], "(2, 5, 4, 3)": [0.017089208588004112, 0.01964043453335762, 0.01742040552198887, 0.015876758843660355, 0.01639569364488125], "(2, 4, 1, 2)": [0.01942404918372631, 0.019543256610631943, 0.017326952889561653, 0.017674513161182404, 0.0199152659624815], "(2, 5, 1, 2)": [0.019110798835754395, 0.01983419433236122, 0.017783043906092644, 0.01937401294708252, 0.018467312678694725], "(2, 5, 0, 2)": [0.01936008222401142, 0.019875913858413696, 0.019458672031760216, 0.01944754086434841, 0.019250215962529182], "(2, 5, 2, 3)": [0.019201789051294327, 0.009917176328599453, 0.01365960668772459, 0.012995108030736446, 0.010084515437483788], "(2, 4, 0, 1)": [0.01610097847878933, 0.016839683055877686, 0.017847489565610886, 0.016445880755782127, 0.01988399587571621], "(2, 4, 4, 2)": [0.019136687740683556, 0.019252005964517593, 0.019123101606965065, 0.019429899752140045, 0.019226307049393654], "(2, 4, 5, 3)": [0.01880178041756153, 0.018624620512127876, 0.01909918710589409, 0.019154997542500496, 0.018857911229133606], "(3, 4, 4, 2)": [0.0194113589823246, 0.01943671703338623, 0.019494155421853065, 0.01934388279914856, 0.01957089453935623], "(3, 4, 3, 2)": [0.01846909523010254, 0.018429743126034737, 0.019102668389678, 0.019220564514398575, 0.019597653299570084], "(3, 4, 2, 1)": [0.014571528881788254, 0.01425845641642809, 0.016030335798859596, 0.016163339838385582, 0.012370661832392216], "(3, 4, 2, 2)": [0.019048312678933144, 0.01921999640762806, 0.019145557656884193, 0.019323738291859627, 0.019164644181728363], "(3, 4, 3, 1)": [-0.0016311161452904344, 0.015545631758868694, 0.0004869508557021618, 0.001356714405119419, 0.004390860442072153], "(2, 5, 0, 1)": [0.01946987956762314, 0.019733868539333344, 0.019935617223381996, 0.019756050780415535, 0.019736606627702713], "(2, 5, 5, 3)": [0.015540733002126217, 0.01759921945631504, 0.01533173955976963, 0.014009518548846245, 0.013823307119309902], "(2, 5, 5, 4)": [0.0019443511264398694, 0.014776917174458504, 0.0009747130097821355, 0.00036992912646383047, 0.0010716206161305308], "(2, 4, 0, 2)": [0.018873851746320724, 0.018436362966895103, 0.017987504601478577, 0.019191358238458633, 0.019859679043293], "(1, 4, 0, 1)": [0.017931103706359863, 0.019028406590223312, 0.01871822215616703, 0.01739446260035038, 0.01970309019088745], "(1, 4, 1, 2)": [0.016176186501979828, 0.01938602887094021, 0.019444525241851807, 0.019377583637833595, 0.019611472263932228], "(1, 4, 1, 1)": [0.011338826268911362, 0.012020253576338291, 0.013175961561501026, 0.01918742060661316, 0.011588151566684246], "(2, 5, 1, 1)": [0.01971704326570034, 0.01988254301249981, 0.019735068082809448, 0.019741706550121307, 0.019727472215890884], "(2, 5, 4, 2)": [0.019061459228396416, 0.019121024757623672, 0.01920664869248867, 0.019729288294911385, 0.016917703673243523], "(1, 4, 2, 2)": [0.019282648339867592, 0.01666494645178318, 0.019280413165688515, 0.019625043496489525, 0.018882352858781815], "(1, 4, 3, 3)": [0.01977715641260147, 0.019409552216529846, 0.01936187408864498, 0.019333815202116966, 0.01937890239059925], "(1, 5, 1, 2)": [0.01664474979043007, 0.01992567628622055, 0.016350984573364258, 0.016867201775312424, 0.018416838720440865], "(1, 4, 3, 2)": [0.018945837393403053, 0.018991583958268166, 0.018585147336125374, 0.01888817735016346, 0.018802234902977943], "(1, 4, 4, 3)": [0.018735874444246292, 0.01714511029422283, 0.019572684541344643, 0.01818285509943962, 0.018147248774766922], "(1, 5, 3, 2)": [0.01597600057721138, 0.016550349071621895, 0.019827475771307945, 0.01616279035806656, 0.011776077561080456], "(1, 4, 2, 1)": [0.008764904923737049, 0.0, 0.0, 0.0, 0.0], "(3, 5, 4, 3)": [0.01883067935705185, 0.01943816803395748, 0.017117450013756752, 0.018337231129407883, 0.01875855214893818], "(3, 5, 5, 3)": [0.018459223210811615, 0.017432602122426033, 0.018114468082785606, 0.0182141475379467, 0.017279045656323433], "(3, 5, 3, 2)": [0.019335821270942688, 0.019253429025411606, 0.019256548956036568, 0.01922069862484932, 0.01906784437596798], "(3, 5, 3, 3)": [0.018712492659687996, 0.011707669124007225, 0.012057186104357243, 0.0096940528601408, 0.011539716273546219], "(3, 5, 2, 2)": [0.0190968606621027, 0.01904309168457985, 0.01904182694852352, 0.01896979846060276, 0.016319628804922104], "(3, 5, 1, 2)": [0.019065966829657555, 0.018659066408872604, 0.01887507736682892, 0.01852360926568508, 0.018417134881019592], "(3, 5, 1, 1)": [0.019596464931964874, 0.019524987787008286, 0.019450005143880844, 0.0194101445376873, 0.0195268914103508], "(3, 5, 0, 1)": [0.019228992983698845, 0.014966240152716637, 0.016439288854599, 0.01711445301771164, 0.018013134598731995], "(3, 5, 4, 2)": [0.019327403977513313, 0.01971844956278801, 0.01952449604868889, 0.019121939316391945, 0.018949322402477264], "(1, 5, 2, 2)": [0.019888725131750107, 0.019234441220760345, 0.019217971712350845, 0.019259262830018997, 0.016424639150500298], "(1, 5, 2, 3)": [0.019115978851914406, 0.015389966778457165, 0.01670452207326889, 0.014423838816583157, 0.015655288472771645], "(1, 5, 3, 3)": [0.019812459126114845, 0.015757067129015923, 0.016186555847525597, 0.017175406217575073, 0.015716398134827614], "(3, 4, 5, 3)": [0.01969846710562706, 0.01879776641726494, 0.018945813179016113, 0.018942758440971375, 0.01827176846563816], "(3, 4, 6, 3)": [0.00697334622964263, 0.0010532487649470568, 0.0018941520247608423, 0.0, 0.0], "(3, 4, 1, 1)": [0.017237085849046707, 0.0162705909460783, 0.01487757544964552, 0.015170266851782799, 0.019228903576731682], "(3, 4, 4, 3)": [0.019643664360046387, 0.019561612978577614, 0.01921989582479, 0.019528737291693687, 0.01968645304441452], "(3, 5, 2, 1)": [0.017409229651093483, 0.010873124934732914, 0.016656994819641113, 0.011034549213945866, 0.019739212468266487], "(3, 4, 0, 1)": [0.013747797347605228, 0.01611047051846981, 0.014835931360721588, 0.0184832401573658, 0.01628262549638748], "(3, 4, 1, 2)": [0.019304458051919937, 0.017902832478284836, 0.013603078201413155, 0.016851920634508133, 0.014581293798983097], "(3, 4, 5, 2)": [0.0050957477651536465, 0.005593218374997377, 0.005255759693682194, 0.004645530600100756, 0.018442481756210327], "(1, 5, 0, 2)": [0.019908826798200607, 0.019577741622924805, 0.01955997943878174, 0.019327625632286072, 0.016576237976551056], "(1, 5, 0, 1)": [0.019243475049734116, 0.019853943958878517, 0.019481904804706573, 0.019548285752534866, 0.019455624744296074], "(1, 4, -1, 1)": [0.003766232170164585, 0.004489968065172434, 0.006263823248445988, 0.016137268394231796, 0.01023709587752819], "(1, 4, 0, 2)": [0.01908366195857525, 0.01958962343633175, 0.019712772220373154, 0.019630717113614082, 0.01981033943593502], "(2, 5, 2, 1)": [0.005334473680704832, 0.019138678908348083, 0.005284250248223543, 0.001986834453418851, 0.0035495120100677013], "(2, 4, 6, 3)": [0.0, 0.0034473510459065437, 0.0, 0.0, 0.0],