{"q_values": {"(2, 5, 2, 2)": [0.019713591784238815, 0.019889414310455322, 0.019642770290374756, 0.019260596483945847, 0.019598865881562233], "(2, 5, 3, 2)": [0.01991002820432186, 0.019653651863336563, 0.019760673865675926, 0.019623884931206703, 0.01958419941365719], "(2, 5, 3, 3)": [0.0198677945882082, 0.01734040677547455, 0.01773868501186371, 0.017453975975513458, 0.017768707126379013], "(2, 4, 2, 2)": [0.019054876640439034, 0.019100667908787727, 0.019167298451066017, 0.018974900245666504, 0.01919853687286377], "(2, 4, 3, 2)": [0.019269470125436783, 0.018306095153093338, 0.016419272869825363, 0.01919293962419033, 0.019473960623145103], "(2, 4, 3, 3)": [0.019841540604829788, 0.01978428103029728, 0.019816027954220772, 0.01982940174639225, 0.01982797682285309], "(2, 4, 4, 3)": [0.019801048561930656, 0.019797399640083313, 0.01985795609652996, 0.01977563090622425, 0.019771726801991463], "(2, 4, 1, 1)": [0.017083972692489624, 0.018859170377254486, 0.018340671434998512, 0.016445910558104515, 0.018045349046587944], "(2, 4, 2, 1)": [0.01148032583296299, 0.010662486776709557, 0.011743864044547081, 0.006593505386263132, 0.017679575830698013], "(2, 5, 4, 3)": [0.01988799497485161, 0.019164612516760826, 0.01947055757045746, 0.019157519564032555, 0.019057216122746468], "(2, 4, 1, 2)": [0.018921460956335068, 0.017103297635912895, 0.01926685869693756, 0.01941782981157303, 0.01935672014951706], "(2, 5, 1, 2)": [0.019653115421533585, 0.01987030915915966, 0.018587861210107803, 0.01960553415119648, 0.01966739259660244], "(2, 5, 0, 2)": [0.01956678181886673, 0.01917041279375553, 0.019301045686006546, 0.019209397956728935, 0.01924976333975792], "(2, 5, 2, 3)": [0.015263711102306843, 0.006931843236088753, 0.012402724474668503, 0.009215716272592545, 0.011988378129899502], "(2, 4, 0, 1)": [0.019284289330244064, 0.018807077780365944, 0.019179092720150948, 0.019068758934736252, 0.016252946108579636], "(2, 4, 4, 2)": [0.019526610150933266, 0.019485635682940483, 0.01935044303536415, 0.01943938061594963, 0.019600288942456245], "(2, 4, 5, 3)": [0.019423725083470345, 0.019801074638962746, 0.019534029066562653, 0.019499676302075386, 0.01934930495917797], "(3, 4, 4, 2)": [0.01907457783818245, 0.01939108967781067, 0.01919558458030224, 0.018925221636891365, 0.019404703751206398], "(3, 4, 3, 2)": [0.019138671457767487, 0.01580040715634823, 0.018991386517882347, 0.01906609907746315, 0.019114669412374496], "(3, 4, 2, 1)": [0.01423898059874773, 0.013044138438999653, 0.01684105210006237, 0.013719416223466396, 0.014379280619323254], "(3, 4, 2, 2)": [0.015871774405241013, 0.01804428920149803, 0.018708059564232826, 0.01854676753282547, 0.01923956163227558], "(3, 4, 3, 1)": [-0.0016311161452904344, 0.015545631758868694, 0.0004869508557021618, 0.001356714405119419, 0.004390860442072153], "(2, 5, 0, 1)": [0.019588308408856392, 0.019848737865686417, 0.019632522016763687, 0.019551366567611694, 0.01968836598098278], "(2, 5, 5, 3)": [0.019778812304139137, 0.013882488943636417, 0.016135741025209427, 0.016436319798231125, 0.015957389026880264], "(2, 5, 5, 4)": [0.00026773486752063036, 0.011196864768862724, 0.0009747130097821355, 0.0017906640423461795, 0.0010716206161305308], "(2, 4, 0, 2)": [0.018255360424518585, 0.017484264448285103, 0.016356518492102623, 0.018567608669400215, 0.01963556930422783], "(1, 4, 0, 1)": [0.018494365736842155, 0.016873987391591072, 0.018634675070643425, 0.018972786143422127, 0.019309895113110542], "(1, 4, 1, 2)": [0.01622902974486351, 0.019213352352380753, 0.019063938409090042, 0.019646650180220604, 0.016668302938342094], "(1, 4, 1, 1)": [0.011338826268911362, 0.01115871500223875, 0.013175961561501026, 0.01741907186806202, 0.010720167309045792], "(2, 5, 1, 1)": [0.019822485744953156, 0.019637824967503548, 0.019787803292274475, 0.019689004868268967, 0.01966841146349907], "(2, 5, 4, 2)": [0.019009288400411606, 0.018979525193572044, 0.019411582499742508, 0.01988946460187435, 0.01661059632897377], "(1, 4, 2, 2)": [0.018914850428700447, 0.019494445994496346, 0.019525151699781418, 0.019517330452799797, 0.019741550087928772], "(1, 4, 3, 3)": [0.019461408257484436, 0.019672933965921402, 0.019498281180858612, 0.019567498937249184, 0.01939357817173004], "(1, 5, 1, 2)": [0.016394592821598053, 0.01930391415953636, 0.01911809854209423, 0.019294962286949158, 0.019078779965639114], "(1, 4, 3, 2)": [0.019052673131227493, 0.018786266446113586, 0.01945509947836399, 0.019264549016952515, 0.019741389900445938], "(1, 4, 4, 3)": [0.018657444044947624, 0.01685025729238987, 0.019565917551517487, 0.018005365505814552, 0.017761191353201866], "(1, 5, 3, 2)": [0.015114759095013142, 0.015592117793858051, 0.019705049693584442, 0.01616279035806656, 0.01091527845710516], "(1, 4, 2, 1)": [0.009587150067090988, 0.0, 0.0, 0.0, 0.0], "(3, 5, 4, 3)": [0.017808128148317337, 0.018768545240163803, 0.019749503582715988, 0.017362186685204506, 0.017773538827896118], "(3, 5, 5, 3)": [0.019635681062936783, 0.016897322610020638, 0.018114468082785606, 0.01794254034757614, 0.016381656751036644], "(3, 5, 3, 2)": [0.019580721855163574, 0.01987506076693535, 0.018718522042036057, 0.01932680793106556, 0.01937033236026764], "(3, 5, 3, 3)": [0.013772090896964073, 0.010075015015900135, 0.011199720203876495, 0.0096940528601408, 0.011539716273546219], "(3, 5, 2, 2)": [0.019684210419654846, 0.01918697915971279, 0.0195666141808033, 0.018894828855991364, 0.01926511898636818], "(3, 5, 1, 2)": [0.019735902547836304, 0.01826971210539341, 0.018669119104743004, 0.01736944168806076, 0.017516106367111206], "(3, 5, 1, 1)": [0.01950010471045971, 0.01955235004425049, 0.019314290955662727, 0.019177759066224098, 0.019693508744239807], "(3, 5, 0, 1)": [0.01959325186908245, 0.01448658388108015, 0.014841089025139809, 0.015957120805978775, 0.017213577404618263], "(3, 5, 4, 2)": [0.019067486748099327, 0.01986686885356903, 0.019164778292179108, 0.019060110673308372, 0.01884475164115429], "(1, 5, 2, 2)": [0.01910862885415554, 0.015882868319749832, 0.01913953386247158, 0.016316182911396027, 0.01917714811861515], "(1, 5, 2, 3)": [0.015548422001302242, 0.014062197878956795, 0.014005191624164581, 0.015469935722649097, 0.016155842691659927], "(1, 5, 3, 3)": [0.015981921926140785, 0.01656932942569256, 0.015540224500000477, 0.01519706193357706, 0.01833551749587059], "(3, 4, 5, 3)": [0.019450563937425613, 0.01879776641726494, 0.018902096897363663, 0.01884101703763008, 0.01827176846563816], "(3, 4, 6, 3)": [0.00697334622964263, 0.0010532487649470568, 0.0018941520247608423, 0.0, 0.0], "(3, 4, 1, 1)": [0.017209630459547043, 0.018416419625282288, 0.015410665422677994, 0.016213763505220413, 0.017641065642237663], "(3, 4, 4, 3)": [0.01957123726606369, 0.01938505657017231, 0.019741160795092583, 0.01927936263382435, 0.019173702225089073], "(3, 5, 2, 1)": [0.016875721514225006, 0.009873645380139351, 0.015519545413553715, 0.010080055333673954, 0.019702788442373276], "(3, 4, 0, 1)": [0.011881880462169647, 0.015480557456612587, 0.01340481173247099, 0.016599737107753754, 0.014864730648696423], "(3, 4, 1, 2)": [0.019505508244037628, 0.017256123945116997, 0.012917257845401764, 0.01576918549835682, 0.014056224375963211], "(3, 4, 5, 2)": [0.0050957477651536465, 0.005593218374997377, 0.005255759693682194, 0.004645530600100756, 0.019301416352391243], "(1, 5, 0, 2)": [0.01965123973786831, 0.01883533038198948, 0.01923285983502865, 0.018574858084321022, 0.01921582967042923], "(1, 5, 0, 1)": [0.01961483433842659, 0.019621938467025757, 0.01962006650865078, 0.019672153517603874, 0.019756805151700974], "(1, 4, -1, 1)": [0.003766232170164585, 0.004489968065172434, 0.006263823248445988, 0.013019411824643612, 0.008292052894830704], "(1, 4, 0, 2)": [0.01679125800728798, 0.01970164105296135, 0.01954464241862297, 0.01944873295724392, 0.01954740844666958], "(2, 5, 2, 1)": [0.005334473680704832, 0.019050661474466324, 0.005284250248223543, 0.001986834453418851, 0.0035495120100677013], "(2, 4, 6, 3)": [0.0, 0.0034473510459065437, 0.0, 0.0, 0.0],