{"q_values": {"(2, 5, 2, 2)": [0.018930010497570038, 0.0188264399766922, 0.01796044036746025, 0.018384508788585663, 0.018330072984099388], "(2, 5, 3, 2)": [0.018952252343297005, 0.01882833242416382, 0.01854213885962963, 0.0189970675855875, 0.01859620027244091], "(2, 5, 3, 3)": [0.01692907139658928, 0.016452142968773842, 0.011141357943415642, 0.014469924382865429, 0.01251782663166523], "(2, 4, 2, 2)": [0.018484219908714294, 0.018910614773631096, 0.01753193512558937, 0.01861654222011566, 0.019119970500469208], "(2, 4, 3, 2)": [0.018873946741223335, 0.017574241384863853, 0.01901385933160782, 0.01879456266760826, 0.01906801573932171], "(2, 4, 3, 3)": [0.015089752152562141, 0.017591936513781548, 0.018521977588534355, 0.017329486086964607, 0.017192449420690536], "(2, 4, 4, 3)": [0.01792266219854355, 0.018265951424837112, 0.017293846234679222, 0.018702950328588486, 0.016551246866583824], "(2, 4, 1, 1)": [0.009192992933094501, 0.010673869401216507, 0.014836088754236698, 0.016462506726384163, 0.01465561706572771], "(2, 4, 2, 1)": [0.004805038683116436, 0.004301358945667744, 0.006424176041036844, 0.004827453754842281, -0.0020862100645899773], "(2, 5, 4, 3)": [0.01626688800752163, 0.014718007296323776, 0.015661368146538734, 0.01250682957470417, 0.014573696069419384], "(2, 4, 1, 2)": [0.015723925083875656, 0.01854148507118225, 0.01832462288439274, 0.01788852922618389, 0.018599271774291992], "(2, 5, 1, 2)": [0.018777690827846527, 0.01886759325861931, 0.018844561651349068, 0.018350785598158836, 0.018974021077156067], "(2, 5, 0, 2)": [0.009496874175965786, 0.010622255504131317, 0.010650547221302986, 0.01436622068285942, 0.009867951273918152], "(2, 5, 2, 3)": [0.0028107953257858753, 0.00917880330234766, 0.0025305957533419132, 0.004015072714537382, 0.006306998431682587], "(2, 4, 0, 1)": [0.017645440995693207, 0.014434734359383583, 0.01693788357079029, 0.015339902602136135, 0.015705443918704987], "(2, 4, 4, 2)": [0.010851607657968998, 0.008372271433472633, 0.009696945548057556, 0.012428740970790386, 0.013473939150571823], "(2, 4, 5, 3)": [0.0018214995507150888, 0.0018228909466415644, 0.0, 0.0014554348308593035, 0.001913145068101585], "(3, 4, 4, 2)": [0.006418605335056782, 0.008736100979149342, 0.0031903423368930817, 0.004336878191679716, 0.009261506609618664], "(3, 4, 3, 2)": [0.0072398497723042965, 0.012307296507060528, 0.013006916269659996, 0.007630264386534691, 0.011289654299616814], "(3, 4, 2, 1)": [0.001217433949932456, 0.0021167807281017303, 0.0019239458488300443, 0.0009284255211241543, 0.0034829354844987392], "(3, 4, 2, 2)": [0.009342510253190994, 0.008012359961867332, 0.012652810662984848, 0.007216411177068949, 0.009175884537398815], "(3, 4, 3, 1)": [0.0, 0.0, 0.0015061654848977923, 0.0010828402591869235, 0.0009452897356823087], "(2, 5, 0, 1)": [0.015169898048043251, 0.016203105449676514, 0.017985712736845016, 0.01534227840602398, 0.015299966558814049], "(2, 5, 5, 3)": [0.004016614519059658, 0.0007866574451327324, 0.004672221839427948, 0.006233938969671726, 0.005477833561599255], "(2, 5, 5, 4)": [0.0, 0.0, 0.0, 0.0, 0.0], "(2, 4, 0, 2)": [0.0018096398562192917, 0.0, 0.0, 0.0017513990169391036, 0.0], "(1, 4, 0, 1)": [0.007007297594100237, 0.004312809091061354, 0.0030405849684029818, 0.004161630757153034, 0.0045246705412864685], "(1, 4, 1, 2)": [0.008748890832066536, 0.003587720450013876, 0.00809310283511877, 0.006264262367039919, 0.007108460180461407], "(1, 4, 1, 1)": [0.002395795891061425, 0.0030371269676834345, 0.004151824861764908, 0.0023153345100581646, 0.001189020462334156], "(2, 5, 1, 1)": [0.01297641359269619, 0.01228344812989235, 0.01649005338549614, 0.01473897136747837, 0.015491001307964325], "(2, 5, 4, 2)": [0.0, 0.0, 0.0, 0.001836532959714532, 0.00461761886253953], "(1, 4, 2, 2)": [0.004894379060715437, 0.006279087625443935, 0.007904821075499058, 0.004837289918214083, 0.006779184564948082], "(1, 4, 3, 3)": [0.0, 0.0, 0.0, 0.0, 0.003962422255426645], "(1, 5, 1, 2)": [0.003916924819350243, 0.007571689784526825, 0.003121074289083481, 0.0031475620344281197, 0.004653706680983305], "(1, 4, 3, 2)": [0.004143847152590752, 0.0028446223586797714, 0.0, 0.003936226014047861, 0.0029341839253902435], "(1, 4, 4, 3)": [0.0020414101891219616, 0.0, 0.004420958459377289, 0.0, 0.0011831176234409213], "(1, 5, 3, 2)": [0.0, 0.0010493582813069224, 0.00280230725184083, 0.0, 0.0], "(1, 4, 2, 1)": [0.001177970552816987, 0.0, 0.0, 0.0, 0.0], "(3, 5, 4, 3)": [0.0024932529777288437, 0.0022645520512014627, 0.009032643400132656, 0.0043815188109874725, 0.005123023875057697], "(3, 5, 5, 3)": [0.0036362488754093647, 0.004255808889865875, 0.003859833115711808, 0.002410635817795992, 0.0], "(3, 5, 3, 2)": [0.01195321511477232, 0.009504448622465134, 0.010680719278752804, 0.009936690330505371, 0.0083109550178051], "(3, 5, 3, 3)": [0.0037130513228476048, 0.001944751013070345, -0.001725471462123096, 0.0, -0.0006843358278274536], "(3, 5, 2, 2)": [0.011447325348854065, 0.011235589161515236, 0.008747593499720097, 0.010335810482501984, 0.010421431623399258], "(3, 5, 1, 2)": [0.004566021263599396, 0.005624601151794195, 0.0034764516167342663, 0.0037471838295459747, 0.0020853967871516943], "(3, 5, 1, 1)": [0.0015713615575805306, 0.005317474715411663, 0.0012492057867348194, 0.00214701471850276, 0.0011738616740331054], "(3, 5, 0, 1)": [0.004891824908554554, 0.0019882877822965384, 0.001040752395056188, 0.002070790156722069, 0.0011060378747060895], "(3, 5, 4, 2)": [0.0024498538114130497, 0.0036612306721508503, 0.003436977742239833, 0.004702350124716759, 0.0009973760461434722], "(1, 5, 2, 2)": [0.000972989946603775, 0.0037713684141635895, 0.0010292008519172668, 0.001166013185866177, 0.0010670333867892623], "(1, 5, 2, 3)": [0.0019437996670603752, 0.003768152790144086, 0.001956847496330738, 0.0, 0.0010095281759276986], "(1, 5, 3, 3)": [0.0, 0.0, 0.0010268401820212603, 0.0, 0.0021363450214266777], "(3, 4, 5, 3)": [0.001976386643946171, 0.0012218233896419406, 0.0010988189605996013, 0.0021803630515933037, 0.0009993937565013766], "(3, 4, 6, 3)": [0.0011340128257870674, 0.0, 0.0, 0.0, 0.0], "(3, 4, 1, 1)": [-0.00010412849951535463, 0.0027738530188798904, 0.007781373802572489, 0.0036272744182497263, 0.0010986336274072528], "(3, 4, 4, 3)": [0.0010874379659071565, 0.0010580738307908177, 0.0011047491570934653, 0.0011301572667434812, 0.006353203672915697], "(3, 5, 2, 1)": [0.0, 0.0, 0.0, 0.0, 0.002326879184693098], "(3, 4, 0, 1)": [0.0, 0.0, 0.0009170557605102658, 0.0, 0.0035048292484134436], "(3, 4, 1, 2)": [0.005090834107249975, 0.0, 0.0, 0.0, 0.0], "(3, 4, 5, 2)": [0.0, 0.0013916970929130912, 0.0, 0.0, 0.0], "(1, 5, 0, 2)": [-0.001802810118533671, 0.002405639737844467, 0.0019915008451789618, 0.0, 0.0019359518773853779], "(1, 5, 0, 1)": [0.0010970166185870767, 0.0019478686153888702, 0.0, 0.0012457325356081128, 0.0], "(1, 4, -1, 1)": [0.0, 0.0, 0.0, 0.0, 0.0011887738946825266], "(1, 4, 0, 2)": [0.0, 0.0, 0.001407619914971292, 0.0, 0.0]}}