{"q_values": {"(2, 5, 2, 2)": [0.019234085455536842, 0.01693582348525524, 0.018022529780864716, 0.019339662045240402, 0.0188883226364851], "(2, 5, 3, 2)": [0.019160395488142967, 0.019840599969029427, 0.018938357010483742, 0.01921861246228218, 0.01896253600716591], "(2, 5, 3, 3)": [0.019723139703273773, 0.01795368455350399, 0.01851428672671318, 0.018431471660733223, 0.01705429144203663], "(2, 4, 2, 2)": [0.01856435276567936, 0.019261915236711502, 0.01779160462319851, 0.019849009811878204, 0.01695169508457184], "(2, 4, 3, 2)": [0.019151603803038597, 0.019279221072793007, 0.01945587247610092, 0.019136829301714897, 0.019797446206212044], "(2, 4, 3, 3)": [0.01962483488023281, 0.019633235409855843, 0.019571471959352493, 0.019612565636634827, 0.019702255725860596], "(2, 4, 4, 3)": [0.01975548081099987, 0.019616346806287766, 0.019605200737714767, 0.019558105617761612, 0.01958613656461239], "(2, 4, 1, 1)": [0.01492653600871563, 0.014935187064111233, 0.014787441119551659, 0.01856840029358864, 0.015250036492943764], "(2, 4, 2, 1)": [0.014846795238554478, 0.007524984888732433, 0.010408288799226284, 0.007302997633814812, 0.009693956933915615], "(2, 5, 4, 3)": [0.016392860561609268, 0.01958766207098961, 0.016282280907034874, 0.01589134894311428, 0.016980154439806938], "(2, 4, 1, 2)": [0.017256302759051323, 0.017562417313456535, 0.01858203299343586, 0.01987069472670555, 0.016807561740279198], "(2, 5, 1, 2)": [0.018810594454407692, 0.01915634609758854, 0.019207410514354706, 0.016061415895819664, 0.019490355625748634], "(2, 5, 0, 2)": [0.019200759008526802, 0.019208624958992004, 0.019193710759282112, 0.019277095794677734, 0.019179409369826317], "(2, 5, 2, 3)": [0.01659124158322811, 0.014169616624712944, 0.011429990641772747, 0.013978064991533756, 0.013785322196781635], "(2, 4, 0, 1)": [0.01239299587905407, 0.012797685340046883, 0.01354998629540205, 0.01223874744027853, 0.01721171848475933], "(2, 4, 4, 2)": [0.0192714836448431, 0.01930391788482666, 0.019619246944785118, 0.019207773730158806, 0.01932425983250141], "(2, 4, 5, 3)": [0.019572298973798752, 0.01920211873948574, 0.019252276048064232, 0.018876519054174423, 0.0193081796169281], "(3, 4, 4, 2)": [0.018352575600147247, 0.018652059137821198, 0.01964658685028553, 0.01919051818549633, 0.019029082730412483], "(3, 4, 3, 2)": [0.017666297033429146, 0.01797446981072426, 0.01748192310333252, 0.019791249185800552, 0.018028326332569122], "(3, 4, 2, 1)": [0.014201018027961254, 0.014268833212554455, 0.014559847302734852, 0.013957347720861435, 0.019078055396676064], "(3, 4, 2, 2)": [0.01627960428595543, 0.016556521877646446, 0.016487138345837593, 0.019883494824171066, 0.01716851443052292], "(3, 4, 3, 1)": [-0.0016311161452904344, 0.012755261734127998, 0.0004869508557021618, -0.00016199273522943258, 0.004390860442072153], "(2, 5, 0, 1)": [0.019199958071112633, 0.01940036006271839, 0.01933382637798786, 0.019296659156680107, 0.019597159698605537], "(2, 5, 5, 3)": [0.014873054809868336, 0.017237886786460876, 0.014989311806857586, 0.011045146733522415, 0.014004578813910484], "(2, 5, 5, 4)": [0.0019443511264398694, 0.012002787552773952, 0.002570969518274069, 0.00036992912646383047, 0.0027063628658652306], "(2, 4, 0, 2)": [0.019297786056995392, 0.01909482479095459, 0.019192254170775414, 0.019718308001756668, 0.019492028281092644], "(1, 4, 0, 1)": [0.018625225871801376, 0.018640363588929176, 0.018849382176995277, 0.019279900938272476, 0.018406573683023453], "(1, 4, 1, 2)": [0.015972206369042397, 0.018814390525221825, 0.01962096616625786, 0.01887103170156479, 0.0161520354449749], "(1, 4, 1, 1)": [0.015151162631809711, 0.014653626829385757, 0.01603081077337265, 0.014981311745941639, 0.015859901905059814], "(2, 5, 1, 1)": [0.01936931721866131, 0.019337113946676254, 0.01934191957116127, 0.019374100491404533, 0.019679857417941093], "(2, 5, 4, 2)": [0.01981729455292225, 0.019554488360881805, 0.019388636574149132, 0.017694557085633278, 0.018750261515378952], "(1, 4, 2, 2)": [0.01840432733297348, 0.018932856619358063, 0.01870577596127987, 0.017292862758040428, 0.01861589029431343], "(1, 4, 3, 3)": [0.01911088451743126, 0.01970522105693817, 0.01914186216890812, 0.018980422988533974, 0.019139526411890984], "(1, 5, 1, 2)": [0.019385691732168198, 0.01610417664051056, 0.017056092619895935, 0.016372011974453926, 0.016210291534662247], "(1, 4, 3, 2)": [0.01705101877450943, 0.019024239853024483, 0.018998578190803528, 0.0188592541962862, 0.01594631001353264], "(1, 4, 4, 3)": [0.019693322479724884, 0.01907571218907833, 0.01915418542921543, 0.019005481153726578, 0.019143447279930115], "(1, 5, 3, 2)": [0.019367607310414314, 0.018854860216379166, 0.01878039352595806, 0.018777204677462578, 0.018832068890333176], "(1, 4, 2, 1)": [0.00990108773112297, 0.0, 0.000734617467969656, 0.0, 0.0], "(3, 5, 4, 3)": [0.018602663651108742, 0.015619976446032524, 0.016741132363677025, 0.018205424770712852, 0.018276304006576538], "(3, 5, 5, 3)": [0.014861488714814186, 0.017174627631902695, 0.01947028934955597, 0.01470128633081913, 0.01478086318820715], "(3, 5, 3, 2)": [0.018182016909122467, 0.0182736087590456, 0.019322678446769714, 0.018782638013362885, 0.018810665234923363], "(3, 5, 3, 3)": [0.014567334204912186, 0.013112641870975494, 0.013294612057507038, 0.012275800108909607, 0.01280186977237463], "(3, 5, 2, 2)": [0.018815917894244194, 0.018855638802051544, 0.01886521652340889, 0.018217680975794792, 0.018730992451310158], "(3, 5, 1, 2)": [0.018338635563850403, 0.01837058737874031, 0.018400294706225395, 0.018063899129629135, 0.016485005617141724], "(3, 5, 1, 1)": [0.019340554252266884, 0.019348248839378357, 0.019429707899689674, 0.01933211088180542, 0.019242016598582268], "(3, 5, 0, 1)": [0.018528247252106667, 0.017588745802640915, 0.018153611570596695, 0.018473008647561073, 0.01910708285868168], "(3, 5, 4, 2)": [0.019314315170049667, 0.01971638761460781, 0.019517093896865845, 0.01944459229707718, 0.01945382170379162], "(1, 5, 2, 2)": [0.01949123851954937, 0.015627462416887283, 0.014229753986001015, 0.015646575018763542, 0.015998464077711105], "(1, 5, 2, 3)": [0.010897381231188774, 0.011515754275023937, 0.011581530794501305, 0.01086803711950779, 0.015411456115543842], "(1, 5, 3, 3)": [0.018992410972714424, 0.012752912007272243, 0.013603229075670242, 0.014498664997518063, 0.014532666653394699], "(3, 4, 5, 3)": [0.01917438581585884, 0.01913091354072094, 0.019242141395807266, 0.018946846947073936, 0.019024278968572617], "(3, 4, 6, 3)": [0.017217151820659637, 0.0010532487649470568, 0.003554808907210827, 0.0, 0.0019103027880191803], "(3, 4, 1, 1)": [0.015262465924024582, 0.018023137003183365, 0.016003968194127083, 0.015522873029112816, 0.0157768577337265], "(3, 4, 4, 3)": [0.019696388393640518, 0.019838333129882812, 0.019752753898501396, 0.019683783873915672, 0.01978856883943081], "(3, 5, 2, 1)": [0.01839250884950161, 0.015656771138310432, 0.017875760793685913, 0.014053250662982464, 0.019745398312807083], "(3, 4, 0, 1)": [0.012443222105503082, 0.013928934000432491, 0.013239824213087559, 0.01274856273084879, 0.013968538492918015], "(3, 4, 1, 2)": [0.017368337139487267, 0.01951085589826107, 0.017616042867302895, 0.018375856801867485, 0.018166635185480118], "(3, 4, 5, 2)": [0.009545520879328251, 0.0068918257020413876, 0.007927443832159042, 0.004645530600100756, 0.01909461058676243], "(1, 5, 0, 2)": [0.019118020310997963, 0.019764292985200882, 0.019139595329761505, 0.01912749372422695, 0.018817614763975143], "(1, 5, 0, 1)": [0.0190469678491354, 0.0195058174431324, 0.019460540264844894, 0.019733041524887085, 0.019456926733255386], "(1, 4, -1, 1)": [0.003766232170164585, 0.0071856556460261345, 0.00743387034162879, 0.015777280554175377, 0.010997862555086613], "(1, 4, 0, 2)": [0.019586561247706413, 0.019486160948872566, 0.019650474190711975, 0.019628262147307396, 0.019365983083844185], "(2, 5, 2, 1)": [0.005334473680704832, 0.01964578963816166, 0.009222270920872688, 0.001986834453418851, 0.0035495120100677013], "(2, 4, 6, 3)": [0.0, 0.006825428456068039, 0.0, 0.0, 0.0],