{"q_values": {"(2, 5, 2, 2)": [0.019843362271785736, 0.019581811502575874, 0.019296227023005486, 0.019473697990179062, 0.017890973016619682], "(2, 5, 3, 2)": [0.019555313512682915, 0.019821040332317352, 0.019565902650356293, 0.019366726279258728, 0.019478725269436836], "(2, 5, 3, 3)": [0.018923582509160042, 0.019612852483987808, 0.019263634458184242, 0.018585102632641792, 0.01890896074473858], "(2, 4, 2, 2)": [0.019340144470334053, 0.01924353651702404, 0.019209397956728935, 0.01941772736608982, 0.01928638480603695], "(2, 4, 3, 2)": [0.019192885607481003, 0.019525814801454544, 0.019409943372011185, 0.019254932180047035, 0.019653555005788803], "(2, 4, 3, 3)": [0.019715309143066406, 0.019764142110943794, 0.01981242559850216, 0.019732821732759476, 0.019677916541695595], "(2, 4, 4, 3)": [0.019745785742998123, 0.01968902349472046, 0.019882505759596825, 0.019721554592251778, 0.019676147028803825], "(2, 4, 1, 1)": [0.01703631319105625, 0.018043681979179382, 0.016761235892772675, 0.014720115810632706, 0.018906310200691223], "(2, 4, 2, 1)": [0.011026768013834953, 0.006957949139177799, 0.014602016657590866, 0.012469124048948288, 0.011739294044673443], "(2, 5, 4, 3)": [0.019766559824347496, 0.019235029816627502, 0.019239326938986778, 0.01902567222714424, 0.019467148929834366], "(2, 4, 1, 2)": [0.019161978736519814, 0.018967213109135628, 0.018253497779369354, 0.01961272954940796, 0.019389089196920395], "(2, 5, 1, 2)": [0.019360031932592392, 0.019248440861701965, 0.019740048795938492, 0.019356856122612953, 0.019328022375702858], "(2, 5, 0, 2)": [0.01952834613621235, 0.019476842135190964, 0.019374748691916466, 0.019399823620915413, 0.019545357674360275], "(2, 5, 2, 3)": [0.014005785807967186, 0.013042746111750603, 0.012212617322802544, 0.010948464274406433, 0.009127605706453323], "(2, 4, 0, 1)": [0.01522779930382967, 0.015140635892748833, 0.01580708660185337, 0.0155804343521595, 0.015288292430341244], "(2, 4, 4, 2)": [0.019076896831393242, 0.018066177144646645, 0.01874082162976265, 0.01937580667436123, 0.01864667981863022], "(2, 4, 5, 3)": [0.01906016655266285, 0.01868394762277603, 0.019383683800697327, 0.019042182713747025, 0.018604880198836327], "(3, 4, 4, 2)": [0.015526154078543186, 0.019151153042912483, 0.019681651145219803, 0.018911194056272507, 0.01890517584979534], "(3, 4, 3, 2)": [0.01750880666077137, 0.018465636298060417, 0.01812945306301117, 0.017634941264986992, 0.018830861896276474], "(3, 4, 2, 1)": [0.012853117659687996, 0.015110920183360577, 0.014377105981111526, 0.01528863050043583, 0.016434017568826675], "(3, 4, 2, 2)": [0.015574011951684952, 0.017425348982214928, 0.01628747582435608, 0.015996690839529037, 0.018626920878887177], "(3, 4, 3, 1)": [-0.0016311161452904344, 0.011263212189078331, 0.0004869508557021618, 0.001356714405119419, 0.0009452897356823087], "(2, 5, 0, 1)": [0.01966439001262188, 0.01949421316385269, 0.019566252827644348, 0.019556889310479164, 0.019583532586693764], "(2, 5, 5, 3)": [0.018863245844841003, 0.01595902629196644, 0.01936865970492363, 0.017307531088590622, 0.018349289894104004], "(2, 5, 5, 4)": [0.00026773486752063036, 0.00853775069117546, 0.0009502225439064205, 0.0, 0.001095656887628138], "(2, 4, 0, 2)": [0.016258928924798965, 0.014996236190199852, 0.014584831893444061, 0.01626846194267273, 0.01965746469795704], "(1, 4, 0, 1)": [0.01664726808667183, 0.016968881711363792, 0.016006309539079666, 0.018752356991171837, 0.015377652831375599], "(1, 4, 1, 2)": [0.016370099037885666, 0.019330451264977455, 0.019343188032507896, 0.019617266952991486, 0.01934405416250229], "(1, 4, 1, 1)": [0.01165586244314909, 0.01204673107713461, 0.012969998642802238, 0.010949451476335526, 0.008244391530752182], "(2, 5, 1, 1)": [0.019583093002438545, 0.01952553540468216, 0.01945069059729576, 0.01974484696984291, 0.019548539072275162], "(2, 5, 4, 2)": [0.017686113715171814, 0.016032328829169273, 0.017096728086471558, 0.017988821491599083, 0.01959911547601223], "(1, 4, 2, 2)": [0.019265221431851387, 0.019361428916454315, 0.019419558346271515, 0.019546106457710266, 0.01939842477440834], "(1, 4, 3, 3)": [0.01855470985174179, 0.01818959042429924, 0.016865147277712822, 0.018022777512669563, 0.01959521882236004], "(1, 5, 1, 2)": [0.019357021898031235, 0.019313111901283264, 0.019290009513497353, 0.019276075065135956, 0.019052665680646896], "(1, 4, 3, 2)": [0.017911992967128754, 0.015610198490321636, 0.018371233716607094, 0.017620479688048363, 0.01914907991886139], "(1, 4, 4, 3)": [0.01649709790945053, 0.014871204271912575, 0.019458360970020294, 0.01593445986509323, 0.016312632709741592], "(1, 5, 3, 2)": [0.008079308085143566, 0.011178088374435902, 0.01928795874118805, 0.00978577509522438, 0.007646030746400356], "(1, 4, 2, 1)": [0.00734178489074111, 0.0, 0.0, 0.0, 0.0], "(3, 5, 4, 3)": [0.019038673490285873, 0.015566213056445122, 0.01583152636885643, 0.014765129424631596, 0.01557409018278122], "(3, 5, 5, 3)": [0.014513451606035233, 0.018789920955896378, 0.014825977385044098, 0.014935827814042568, 0.01241140067577362], "(3, 5, 3, 2)": [0.01945904642343521, 0.017838386818766594, 0.018672196194529533, 0.017649054527282715, 0.018964912742376328], "(3, 5, 3, 3)": [0.015201388858258724, 0.010965835303068161, 0.011418594047427177, 0.00952715054154396, 0.01084849238395691], "(3, 5, 2, 2)": [0.019543813541531563, 0.018532700836658478, 0.018169820308685303, 0.01836504228413105, 0.01856728456914425], "(3, 5, 1, 2)": [0.018700264394283295, 0.017231471836566925, 0.0183790922164917, 0.01915171556174755, 0.018547846004366875], "(3, 5, 1, 1)": [0.016655948013067245, 0.019220560789108276, 0.016535479575395584, 0.017180699855089188, 0.017984576523303986], "(3, 5, 0, 1)": [0.017694171518087387, 0.008175462484359741, 0.005996178835630417, 0.006528241094201803, 0.010911831632256508], "(3, 5, 4, 2)": [0.017060592770576477, 0.018550781533122063, 0.016801681369543076, 0.016556784510612488, 0.014876047149300575], "(1, 5, 2, 2)": [0.019182756543159485, 0.019168471917510033, 0.01907777413725853, 0.018706897273659706, 0.016048884019255638], "(1, 5, 2, 3)": [0.01629933901131153, 0.015025339089334011, 0.01547150406986475, 0.013878191821277142, 0.01299979630857706], "(1, 5, 3, 3)": [0.015642937272787094, 0.017856623977422714, 0.017629023641347885, 0.01773504726588726, 0.016146307811141014], "(3, 4, 5, 3)": [0.012767656706273556, 0.012023480609059334, 0.019258147105574608, 0.015248657204210758, 0.011459839530289173], "(3, 4, 6, 3)": [0.0024513965472579002, 0.0010532487649470568, 0.0, 0.0, 0.0], "(3, 4, 1, 1)": [0.01594685949385166, 0.017237190157175064, 0.015399076975882053, 0.015381927601993084, 0.014106201939284801], "(3, 4, 4, 3)": [0.014313592575490475, 0.015977293252944946, 0.013472536578774452, 0.017811985686421394, 0.019486622884869576], "(3, 5, 2, 1)": [0.011598419398069382, 0.003167613409459591, 0.005113649182021618, 0.0035932096652686596, 0.018319882452487946], "(3, 4, 0, 1)": [0.01368423830717802, 0.013062265701591969, 0.011466327123343945, 0.011186353862285614, 0.01579940877854824], "(3, 4, 1, 2)": [0.018513411283493042, 0.01131888385862112, 0.005902134347707033, 0.01191670075058937, 0.007210883777588606], "(3, 4, 5, 2)": [0.0, 0.0031214554328471422, 0.0, 0.0012928236974403262, 0.011809378862380981], "(1, 5, 0, 2)": [0.01964784599840641, 0.019552767276763916, 0.01944614201784134, 0.0194815993309021, 0.01905452460050583], "(1, 5, 0, 1)": [0.019411908462643623, 0.019308747723698616, 0.01941657066345215, 0.01954261027276516, 0.019140124320983887], "(1, 4, -1, 1)": [0.0009433042723685503, 0.004489968065172434, 0.015707677230238914, 0.003973133396357298, 0.006117820739746094], "(1, 4, 0, 2)": [0.01915455237030983, 0.019106388092041016, 0.018541118130087852, 0.019447892904281616, 0.01874476671218872], "(2, 5, 2, 1)": [0.005334473680704832, 0.012092907913029194, 0.0, 0.001986834453418851, 0.0035495120100677013], "(2, 4, 6, 3)": [0.0, 0.002185243647545576, 0.0, 0.0, 0.0], "(2, 5, 6, 3)": [0.012708264403045177, 0.0017965134466066957, 0.0036205071955919266, 0.0014524416765198112, 0.0],