{"q_values": {"(2, 5, 2, 2)": [0.018560154363512993, 0.015254441648721695, 0.015115764923393726, 0.01568976417183876, 0.014713674783706665], "(2, 5, 3, 2)": [0.01923355460166931, 0.019177304580807686, 0.019196240231394768, 0.019189348444342613, 0.01802213117480278], "(2, 5, 3, 3)": [0.016147272661328316, 0.014913871884346008, 0.01766372099518776, 0.017170213162899017, 0.01557370088994503], "(2, 4, 2, 2)": [0.015901856124401093, 0.01857137866318226, 0.018570667132735252, 0.016385424882173538, 0.018605079501867294], "(2, 4, 3, 2)": [0.015527364797890186, 0.01891515403985977, 0.017280641943216324, 0.019024379551410675, 0.018959838896989822], "(2, 4, 3, 3)": [0.01966318115592003, 0.019590085372328758, 0.01962055265903473, 0.01967770792543888, 0.01964195817708969], "(2, 4, 4, 3)": [0.019546477124094963, 0.01958519220352173, 0.0195026695728302, 0.019539879634976387, 0.01957877352833748], "(2, 4, 1, 1)": [0.017132245004177094, 0.01613195613026619, 0.017358802258968353, 0.016543405130505562, 0.019140904769301414], "(2, 4, 2, 1)": [0.012991861440241337, 0.011115564964711666, 0.010260842740535736, 0.008404209278523922, 0.010338363237679005], "(2, 5, 4, 3)": [0.016219591721892357, 0.018965981900691986, 0.018844053149223328, 0.01547314040362835, 0.01589898020029068], "(2, 4, 1, 2)": [0.01645052246749401, 0.016951318830251694, 0.01859375089406967, 0.01611405983567238, 0.018554378300905228], "(2, 5, 1, 2)": [0.019065702334046364, 0.018718810752034187, 0.01868504099547863, 0.015763437375426292, 0.01674828678369522], "(2, 5, 0, 2)": [0.01921127550303936, 0.019003231078386307, 0.018798263743519783, 0.018988071009516716, 0.019136182963848114], "(2, 5, 2, 3)": [0.018316421657800674, 0.012602429836988449, 0.01211069617420435, 0.013978064991533756, 0.012313822284340858], "(2, 4, 0, 1)": [0.018658868968486786, 0.018186649307608604, 0.018598182126879692, 0.0180811807513237, 0.019774170592427254], "(2, 4, 4, 2)": [0.01937490701675415, 0.019359171390533447, 0.01941720023751259, 0.01940816640853882, 0.019291866570711136], "(2, 4, 5, 3)": [0.01866547018289566, 0.01925463229417801, 0.01970304176211357, 0.019163789227604866, 0.01883934810757637], "(3, 4, 4, 2)": [0.018869644030928612, 0.019646892324090004, 0.019167901948094368, 0.018885260447859764, 0.01915591210126877], "(3, 4, 3, 2)": [0.017590582370758057, 0.019317686557769775, 0.019779853522777557, 0.019312947988510132, 0.019198570400476456], "(3, 4, 2, 1)": [0.01266492623835802, 0.011249745264649391, 0.013523858971893787, 0.013400815427303314, 0.015217199921607971], "(3, 4, 2, 2)": [0.018910717219114304, 0.01813632994890213, 0.018825102597475052, 0.019000425934791565, 0.019839253276586533], "(3, 4, 3, 1)": [-0.0016311161452904344, 0.01422155275940895, 0.0004869508557021618, -0.00016199273522943258, 0.004390860442072153], "(2, 5, 0, 1)": [0.019655903801321983, 0.01948336511850357, 0.0197349414229393, 0.019586266949772835, 0.019615650177001953], "(2, 5, 5, 3)": [0.019367799162864685, 0.013580643571913242, 0.015820639207959175, 0.013175657019019127, 0.015523959882557392], "(2, 5, 5, 4)": [0.0035304808989167213, 0.00973820872604847, 0.002570969518274069, 0.00036992912646383047, 0.0027063628658652306], "(2, 4, 0, 2)": [0.019297786056995392, 0.01917576603591442, 0.01924266666173935, 0.01942385546863079, 0.019913818687200546], "(1, 4, 0, 1)": [0.018784115090966225, 0.018360717222094536, 0.018769429996609688, 0.018254395574331284, 0.01990777999162674], "(1, 4, 1, 2)": [0.0190920177847147, 0.018722889944911003, 0.018858270719647408, 0.01896928995847702, 0.019316580146551132], "(1, 4, 1, 1)": [0.013626196421682835, 0.012823041528463364, 0.011502799578011036, 0.014080381020903587, 0.019597213715314865], "(2, 5, 1, 1)": [0.019700920209288597, 0.01953756809234619, 0.019644776359200478, 0.019679147750139236, 0.01962544210255146], "(2, 5, 4, 2)": [0.019182438030838966, 0.019760897383093834, 0.019246745854616165, 0.017694557085633278, 0.018951619043946266], "(1, 4, 2, 2)": [0.016680782660841942, 0.018159151077270508, 0.01904512196779251, 0.018879465758800507, 0.01992369070649147], "(1, 4, 3, 3)": [0.019826753064990044, 0.01909482292830944, 0.019177263602614403, 0.01927473023533821, 0.019208671525120735], "(1, 5, 1, 2)": [0.01956772990524769, 0.018838411197066307, 0.019214948639273643, 0.01882215030491352, 0.01881411485373974], "(1, 4, 3, 2)": [0.018906638026237488, 0.01667817309498787, 0.01676478423178196, 0.01808583177626133, 0.0199188943952322], "(1, 4, 4, 3)": [0.018782129511237144, 0.019905880093574524, 0.019003700464963913, 0.01909501850605011, 0.01889105699956417], "(1, 5, 3, 2)": [0.018980972468852997, 0.01988491602241993, 0.019292179495096207, 0.019303428009152412, 0.019154760986566544], "(1, 4, 2, 1)": [0.005777760874480009, 0.0019346129847690463, 0.000734617467969656, 0.0, 0.0], "(3, 5, 4, 3)": [0.019610043615102768, 0.01589454896748066, 0.0151598509401083, 0.01513864565640688, 0.014237334951758385], "(3, 5, 5, 3)": [0.015308496542274952, 0.01434367522597313, 0.019296349957585335, 0.014221115037798882, 0.01478086318820715], "(3, 5, 3, 2)": [0.01896550878882408, 0.019016845151782036, 0.019945889711380005, 0.01756971888244152, 0.01916646398603916], "(3, 5, 3, 3)": [0.012348619289696217, 0.01955445110797882, 0.013756176456809044, 0.014178828336298466, 0.014593644067645073], "(3, 5, 2, 2)": [0.016728682443499565, 0.019763242453336716, 0.017150864005088806, 0.016697630286216736, 0.018424255773425102], "(3, 5, 1, 2)": [0.019113535061478615, 0.01898455247282982, 0.01949426904320717, 0.018773507326841354, 0.018030961975455284], "(3, 5, 1, 1)": [0.019071325659751892, 0.019035296514630318, 0.019074836745858192, 0.019716458395123482, 0.019046293571591377], "(3, 5, 0, 1)": [0.018528247252106667, 0.017588745802640915, 0.01829361356794834, 0.018473008647561073, 0.019338568672537804], "(3, 5, 4, 2)": [0.019477479159832, 0.019768713042140007, 0.01940106600522995, 0.01940065622329712, 0.019552160054445267], "(1, 5, 2, 2)": [0.01967981457710266, 0.01857367530465126, 0.018830211833119392, 0.018581116572022438, 0.01666724681854248], "(1, 5, 2, 3)": [0.01962941698729992, 0.013620071113109589, 0.012353772297501564, 0.014033947139978409, 0.013530006632208824], "(1, 5, 3, 3)": [0.015591501258313656, 0.019721969962120056, 0.014116792008280754, 0.014559347182512283, 0.015828995034098625], "(3, 4, 5, 3)": [0.019221045076847076, 0.01913091354072094, 0.019635746255517006, 0.018946846947073936, 0.019024278968572617], "(3, 4, 6, 3)": [0.017453376203775406, 0.0010532487649470568, 0.003554808907210827, 0.0, 0.0019103027880191803], "(3, 4, 1, 1)": [0.01537728775292635, 0.014729097485542297, 0.014726630412042141, 0.014254260808229446, 0.01629609242081642], "(3, 4, 4, 3)": [0.019663704559206963, 0.019502559676766396, 0.01964208483695984, 0.01962892897427082, 0.019752945750951767], "(3, 5, 2, 1)": [0.01839250884950161, 0.016060274094343185, 0.017875760793685913, 0.014053250662982464, 0.0195107813924551], "(3, 4, 0, 1)": [0.009981494396924973, 0.011125813238322735, 0.010048091411590576, 0.017731398344039917, 0.01024935208261013], "(3, 4, 1, 2)": [0.01782991737127304, 0.018189173191785812, 0.017975782975554466, 0.01989232748746872, 0.018231965601444244], "(3, 4, 5, 2)": [0.009545520879328251, 0.0068918257020413876, 0.007927443832159042, 0.004645530600100756, 0.01898989826440811], "(1, 5, 0, 2)": [0.019717400893568993, 0.019255712628364563, 0.019388869404792786, 0.019367439672350883, 0.019110599532723427], "(1, 5, 0, 1)": [0.019281452521681786, 0.019728869199752808, 0.01981216110289097, 0.01968371868133545, 0.019578149542212486], "(1, 4, -1, 1)": [0.003766232170164585, 0.0071856556460261345, 0.005255646072328091, 0.014299770817160606, 0.010997862555086613], "(1, 4, 0, 2)": [0.019493062049150467, 0.019472233951091766, 0.019899766892194748, 0.019495565444231033, 0.019555142149329185], "(2, 5, 2, 1)": [0.005334473680704832, 0.019748011603951454, 0.009222270920872688, 0.001986834453418851, 0.0035495120100677013],