{"q_values": {"(2, 5, 2, 2)": [0.01799224689602852, 0.01542495097965002, 0.018131781369447708, 0.017761774361133575, 0.017123866826295853], "(2, 5, 3, 2)": [0.016506966203451157, 0.017680834978818893, 0.015765957534313202, 0.016755783930420876, 0.0158433448523283], "(2, 5, 3, 3)": [0.009730128571391106, 0.01067846454679966, 0.01541216392070055, 0.008314579725265503, 0.015354398638010025], "(2, 4, 2, 2)": [0.017675895243883133, 0.01836259849369526, 0.018663186579942703, 0.018612565472722054, 0.018536482006311417], "(2, 4, 3, 2)": [0.017938552424311638, 0.017597714439034462, 0.018169140443205833, 0.017408346757292747, 0.017840268090367317], "(2, 4, 3, 3)": [0.004155085422098637, 0.011024258099496365, 0.011277236044406891, 0.0067800311371684074, 0.0027678459882736206], "(2, 4, 4, 3)": [0.005913222674280405, 0.011414670385420322, 0.010457550175487995, 0.012123432010412216, 0.006964921019971371], "(2, 4, 1, 1)": [0.009813074953854084, 0.011047055944800377, 0.01059730164706707, 0.00953043531626463, 0.011934693902730942], "(2, 4, 2, 1)": [0.004303010180592537, 0.0035681757144629955, 0.00044557172805070877, 0.0, -0.0006503845797851682], "(2, 5, 4, 3)": [0.010267904959619045, 0.006757840048521757, 0.013571655377745628, 0.011862829327583313, 0.008755866438150406], "(2, 4, 1, 2)": [0.016052894294261932, 0.016398023813962936, 0.016422610729932785, 0.01661885902285576, 0.01755071058869362], "(2, 5, 1, 2)": [0.017127102240920067, 0.01619114726781845, 0.016499770805239677, 0.016581406816840172, 0.012731177732348442], "(2, 5, 0, 2)": [0.0030226977542042732, 0.001742195338010788, 0.006563859060406685, 0.008974750526249409, 0.0011967497412115335], "(2, 5, 2, 3)": [0.0006741019897162914, 0.004031256306916475, -0.0009561993647366762, 0.0008107732282951474, 0.0], "(2, 4, 0, 1)": [0.0036593268159776926, 0.00923064537346363, 0.0072311777621507645, 0.009237942285835743, 0.011977259069681168], "(2, 4, 4, 2)": [0.00457663694396615, 0.006240177433937788, 0.0010497116018086672, 0.002249282319098711, 0.003253187518566847], "(2, 4, 5, 3)": [0.0, 0.0, 0.0, 0.0014554348308593035, 0.0010209998581558466], "(3, 4, 4, 2)": [0.0020170395728200674, 0.0017908751033246517, 0.0, 0.0021596914157271385, 0.0011834786273539066], "(3, 4, 3, 2)": [0.0015001852298155427, 0.004336251411587, 0.0054308269172906876, 0.0029184320010244846, 0.004202692769467831], "(3, 4, 2, 1)": [-0.0009986484656110406, 0.001165534369647503, 0.0, 0.0009284255211241543, 0.00267537753097713], "(3, 4, 2, 2)": [0.002158164279535413, 0.0, 0.0017963445279747248, 0.0, 0.0009619824704714119], "(3, 4, 3, 1)": [0.0, 0.0, 0.0, 0.0, 0.0], "(2, 5, 0, 1)": [0.005567253101617098, 0.006958117708563805, 0.004625177010893822, 0.004109459929168224, 0.006770743988454342], "(2, 5, 5, 3)": [0.0010044173104688525, 0.0016516983741894364, -0.00029367837123572826, 0.0027270494028925896, 0.0023991246707737446], "(2, 5, 5, 4)": [0.0, 0.0, 0.0, 0.0, 0.0], "(2, 4, 0, 2)": [0.0, 0.0, 0.0, 0.0017513990169391036, 0.0], "(1, 4, 0, 1)": [0.003479373175650835, 0.0034515047445893288, 0.0010772895766422153, 0.004256966058164835, 0.003607560880482197], "(1, 4, 1, 2)": [0.003951746970415115, 0.0026324379723519087, 0.003607406746596098, 0.0044248211197555065, 0.004406158812344074], "(1, 4, 1, 1)": [0.0012699156068265438, 0.0030371269676834345, 0.0024168225936591625, 9.398558177053928e-05, 0.0017536042723804712], "(2, 5, 1, 1)": [0.004027968738228083, 0.002632289193570614, 0.005048900842666626, 0.0029975073412060738, 0.0], "(2, 5, 4, 2)": [0.0, 0.0, 0.0, 0.001836532959714532, 0.002364587038755417], "(1, 4, 2, 2)": [0.004894379060715437, 0.0036082675214856863, 0.007511513773351908, 0.0038468874990940094, 0.007138880901038647], "(1, 4, 3, 3)": [0.0, 0.0, 0.0, 0.0, 0.0022661173716187477], "(1, 5, 1, 2)": [0.0, 0.001949284691363573, 0.0010499766794964671, 0.0, 0.0], "(1, 4, 3, 2)": [0.0022618079092353582, 0.0018939614528790116, 0.0, 0.001861329423263669, 0.0019843061454594135], "(1, 4, 4, 3)": [0.0020414101891219616, 0.0, 0.004420958459377289, 0.0, 0.0011831176234409213], "(1, 5, 3, 2)": [0.0, 0.0010493582813069224, 0.00280230725184083, 0.0, 0.0], "(1, 4, 2, 1)": [0.001177970552816987, 0.0, 0.0, 0.0, 0.0], "(3, 5, 4, 3)": [0.0009103621705435216, 0.0010150786256417632, 0.001910770544782281, 0.0, 0.0018533034017309546], "(3, 5, 5, 3)": [0.001893164706416428, 0.0, 0.0, 0.0, 0.0], "(3, 5, 3, 2)": [0.0009441074216738343, 0.0, 0.0, 0.0009008317138068378, 0.0010410851100459695], "(3, 5, 3, 3)": [0.0, 0.0009579124161973596, 0.0, 0.0, 0.0], "(3, 5, 2, 2)": [0.0018718078499659896, 0.0018023457378149033, 0.0, 0.0009050865774042904, 0.0], "(3, 5, 1, 2)": [0.0020972280763089657, 0.0030366373248398304, 0.0026487745344638824, 0.0, 0.0], "(3, 5, 1, 1)": [0.0, 0.0020229481160640717, 0.0, 0.0009794894140213728, 0.0], "(3, 5, 0, 1)": [0.0014344077790156007, 0.0009861113503575325, 0.001040752395056188, 0.002070790156722069, 0.0]}}