{"q_values": {"(2, 5, 2, 2)": [0.018573060631752014, 0.0190470851957798, 0.018641384318470955, 0.01831504888832569, 0.017472192645072937], "(2, 5, 3, 2)": [0.018612485378980637, 0.015284491702914238, 0.018347056582570076, 0.018197955563664436, 0.015298508107662201], "(2, 5, 3, 3)": [0.01284791063517332, 0.01190758217126131, 0.011644134297966957, 0.014399079605937004, 0.008449814282357693], "(2, 4, 2, 2)": [0.018355300650000572, 0.018834630027413368, 0.014688556082546711, 0.018732350319623947, 0.01870749704539776], "(2, 4, 3, 2)": [0.01906764879822731, 0.018981877714395523, 0.01746401935815811, 0.01905585639178753, 0.0189424529671669], "(2, 4, 3, 3)": [0.019068662077188492, 0.019282501190900803, 0.019313190132379532, 0.01931324601173401, 0.01901968941092491], "(2, 4, 4, 3)": [0.019066235050559044, 0.018582839518785477, 0.019268861040472984, 0.018789537250995636, 0.0191146582365036], "(2, 4, 1, 1)": [0.01446918398141861, 0.014199262484908104, 0.01507983636111021, 0.014500577002763748, 0.013668895699083805], "(2, 4, 2, 1)": [0.0065837702713906765, 0.008543289266526699, 0.009083355776965618, 0.010732096619904041, 0.00788652803748846], "(2, 5, 4, 3)": [0.016439106315374374, 0.013997744768857956, 0.01657428964972496, 0.015949634835124016, 0.01492092665284872], "(2, 4, 1, 2)": [0.018070342019200325, 0.018683813512325287, 0.018427705392241478, 0.018756946548819542, 0.017596019431948662], "(2, 5, 1, 2)": [0.018750248476862907, 0.018774015828967094, 0.017011122778058052, 0.01865440420806408, 0.019048471003770828], "(2, 5, 0, 2)": [0.017541075125336647, 0.017313553020358086, 0.01781410351395607, 0.01883547380566597, 0.01544477790594101], "(2, 5, 2, 3)": [0.012352264486253262, 0.008122001774609089, 0.007981037721037865, 0.010967349633574486, 0.011218632571399212], "(2, 4, 0, 1)": [0.014640966430306435, 0.0151046272367239, 0.01669752597808838, 0.01618359424173832, 0.013042121194303036], "(2, 4, 4, 2)": [0.01794653758406639, 0.017685528844594955, 0.017490142956376076, 0.01749604567885399, 0.01890566572546959], "(2, 4, 5, 3)": [0.008814913220703602, 0.010619819164276123, 0.006570691242814064, 0.01641695573925972, 0.008673823438584805], "(3, 4, 4, 2)": [0.011216550134122372, 0.016309581696987152, 0.012241908349096775, 0.011388828046619892, 0.01224103756248951], "(3, 4, 3, 2)": [0.01797611638903618, 0.01644311472773552, 0.015203354880213737, 0.017443586140871048, 0.01760435476899147], "(3, 4, 2, 1)": [0.0052457028068602085, 0.00703764334321022, 0.004526670090854168, 0.010604317300021648, 0.012550964951515198], "(3, 4, 2, 2)": [0.015462175011634827, 0.016969693824648857, 0.017013834789395332, 0.014734535478055477, 0.017105674371123314], "(3, 4, 3, 1)": [0.0, 0.0, 0.0015061654848977923, 0.0010828402591869235, 0.0009452897356823087], "(2, 5, 0, 1)": [0.01932423748075962, 0.019463347271084785, 0.019352847710251808, 0.019467955455183983, 0.019267544150352478], "(2, 5, 5, 3)": [0.011999287642538548, 0.006324632093310356, 0.013529758900403976, 0.009158657863736153, 0.012115230783820152], "(2, 5, 5, 4)": [0.0030030044727027416, 0.0, 0.0009502225439064205, 0.0, 0.0], "(2, 4, 0, 2)": [0.0018096398562192917, 0.0018833928043022752, 0.0, 0.0017513990169391036, 0.007776492275297642], "(1, 4, 0, 1)": [0.007431260775774717, 0.008754204958677292, 0.007469033822417259, 0.012784743681550026, 0.008934699930250645], "(1, 4, 1, 2)": [0.01164992805570364, 0.012238480150699615, 0.01627187989652157, 0.015848346054553986, 0.014892417006194592], "(1, 4, 1, 1)": [0.0035993210040032864, 0.004172038286924362, 0.0019697837997227907, 0.0023153345100581646, 0.0017973908688873053], "(2, 5, 1, 1)": [0.019350817427039146, 0.018971873447299004, 0.019331926479935646, 0.019167639315128326, 0.019295604899525642], "(2, 5, 4, 2)": [0.005014857277274132, 0.007873068563640118, 0.003630464430898428, 0.010272852145135403, 0.012351415120065212], "(1, 4, 2, 2)": [0.013266364112496376, 0.015247456729412079, 0.015684740617871284, 0.015065009705722332, 0.014983844943344593], "(1, 4, 3, 3)": [0.0, 0.0, 0.0014059253735467792, 0.0028146696276962757, 0.007041670382022858], "(1, 5, 1, 2)": [0.009445801377296448, 0.013550294563174248, 0.0062856064178049564, 0.00916655920445919, 0.0082631791010499], "(1, 4, 3, 2)": [0.008626606315374374, 0.007378672249615192, 0.004276590887457132, 0.0067216018214821815, 0.011124655604362488], "(1, 4, 4, 3)": [0.003435639664530754, 0.0009985832730308175, 0.006395630072802305, 0.002105136401951313, 0.004353606142103672], "(1, 5, 3, 2)": [0.001049333717674017, 0.0010493582813069224, 0.0035606538876891136, 0.0011379350908100605, 0.0021485888864845037], "(1, 4, 2, 1)": [0.001177970552816987, 0.0, 0.0, 0.0, 0.0], "(3, 5, 4, 3)": [0.007700057700276375, 0.006490812636911869, 0.01023381482809782, 0.00551967229694128, 0.007437046151608229], "(3, 5, 5, 3)": [0.006325973197817802, 0.0063471379689872265, 0.005519316531717777, 0.005810220260173082, 0.0018125460483133793], "(3, 5, 3, 2)": [0.016549406573176384, 0.014768996275961399, 0.013490400277078152, 0.014250454492866993, 0.011921500787138939], "(3, 5, 3, 3)": [0.009713290259242058, 0.000693461624905467, 0.0039758505299687386, 0.003255159128457308, 0.0010353866964578629], "(3, 5, 2, 2)": [0.01579306460916996, 0.012856478802859783, 0.014278535731136799, 0.01556940097361803, 0.014014794491231441], "(3, 5, 1, 2)": [0.006474738474935293, 0.006733401212841272, 0.00883758720010519, 0.009883398190140724, 0.005580541677772999], "(3, 5, 1, 1)": [0.007792745716869831, 0.008410398848354816, 0.003973042126744986, 0.005395136307924986, 0.0040170568972826], "(3, 5, 0, 1)": [0.004891824908554554, 0.0019882877822965384, 0.003199291881173849, 0.002070790156722069, 0.002903723856434226], "(3, 5, 4, 2)": [0.0036979946307837963, 0.011469876393675804, 0.004756816662847996, 0.005777154117822647, 0.0009973760461434722], "(1, 5, 2, 2)": [0.002166470978409052, 0.009108982980251312, 0.005581115838140249, 0.0034388243220746517, 0.00262577086687088], "(1, 5, 2, 3)": [0.0010269314516335726, 0.006067321635782719, 0.001956847496330738, -9.202933870255947e-05, 0.0032620965503156185], "(1, 5, 3, 3)": [0.0029519039671868086, 0.0010291823418810964, -0.0010571964085102081, 0.0010925737442448735, 0.006683219689875841], "(3, 4, 5, 3)": [0.0038300054147839546, 0.0012218233896419406, 0.004352684132754803, 0.00306999241001904, 0.003141269087791443], "(3, 4, 6, 3)": [0.0011340128257870674, 0.0, 0.0, 0.0, 0.0], "(3, 4, 1, 1)": [0.009695778600871563, 0.010278187692165375, 0.007558837998658419, 0.011005186475813389, 0.005362845025956631], "(3, 4, 4, 3)": [0.003735793987289071, 0.005867354106158018, 0.0028112060390412807, 0.0064545972272753716, 0.010523260571062565], "(3, 5, 2, 1)": [0.0, 0.001576166832819581, 0.0, 0.0, 0.002326879184693098], "(3, 4, 0, 1)": [-0.002017183927819133, 0.0014857326168566942, 0.0009170557605102658, 0.0, 0.003086566226556897], "(3, 4, 1, 2)": [0.007864649407565594, 0.0, 0.0030527659691870213, 0.001792358118109405, 0.0], "(3, 4, 5, 2)": [0.0, 0.0013916970929130912, 0.0, 0.0, 0.0], "(1, 5, 0, 2)": [0.0032804468646645546, 0.007415133994072676, 0.0040441108867526054, 0.0030092436354607344, 0.004050164949148893], "(1, 5, 0, 1)": [0.0032327529042959213, 0.007712441962212324, 0.0015784170245751739, 0.0036892499774694443, 0.0012457950506359339], "(1, 4, -1, 1)": [0.0, 0.0, 0.0014695568243041635, 0.0, 0.0011887738946825266], "(1, 4, 0, 2)": [0.001795956864953041, 0.006833674386143684, 0.004926924593746662, 0.008237792178988457, 0.004199976567178965], "(2, 5, 2, 1)": [0.0, 0.0, 0.0, 0.0, 0.0035495120100677013], "(2, 4, 6, 3)": [0.0, 0.0009926471393555403, 0.0, 0.0, 0.0], "(2, 5, 6, 3)": [0.0015385996084660292, 0.0, 0.0, 0.0014524416765198112, 0.0], "(3, 5, 6, 3)": [0.0, 0.0019148598657920957, 0.0, 0.0011621005833148956, 0.0009212717413902283], "(2, 4, 0, 0)": [0.0, 0.0, -0.0004811998223885894, -0.002186280209571123, 0.0], "(1, 4, 5, 3)": [0.00129384093452245, 0.0, 0.0, 0.0, 0.0], "(1, 4, 4, 2)": [0.00099954754114151, 0.0, 0.0, 0.0, 0.0],