{"q_values": {"(2, 5, 2, 2)": [0.019623182713985443, 0.019364401698112488, 0.01899336650967598, 0.018876150250434875, 0.018709177151322365], "(2, 5, 3, 2)": [0.01915767416357994, 0.01953655108809471, 0.018974198028445244, 0.019294830039143562, 0.019247934222221375], "(2, 5, 3, 3)": [0.019575387239456177, 0.019004369154572487, 0.018820958212018013, 0.018923256546258926, 0.018731731921434402], "(2, 4, 2, 2)": [0.019224245101213455, 0.019146108999848366, 0.0192683394998312, 0.01920664682984352, 0.019526124000549316], "(2, 4, 3, 2)": [0.018096504732966423, 0.01800050400197506, 0.0156124047935009, 0.0178403090685606, 0.0196195337921381], "(2, 4, 3, 3)": [0.01965910755097866, 0.01952878199517727, 0.019648775458335876, 0.019691331312060356, 0.01963839866220951], "(2, 4, 4, 3)": [0.019603945314884186, 0.01956489309668541, 0.019748998805880547, 0.019613882526755333, 0.01955573260784149], "(2, 4, 1, 1)": [0.018067577853798866, 0.017816606909036636, 0.0175341609865427, 0.016827614977955818, 0.01933402195572853], "(2, 4, 2, 1)": [0.01218687929213047, 0.012992177158594131, 0.009322195313870907, 0.009504715912044048, 0.017496585845947266], "(2, 5, 4, 3)": [0.01859031245112419, 0.0195147804915905, 0.019285574555397034, 0.019012443721294403, 0.01878095231950283], "(2, 4, 1, 2)": [0.019390694797039032, 0.019376220181584358, 0.019448980689048767, 0.01937851868569851, 0.019702129065990448], "(2, 5, 1, 2)": [0.01973068155348301, 0.01929844170808792, 0.019388651475310326, 0.019303902983665466, 0.01765637844800949], "(2, 5, 0, 2)": [0.019757352769374847, 0.019593924283981323, 0.01951698772609234, 0.019436491653323174, 0.01933620497584343], "(2, 5, 2, 3)": [0.018370481207966805, 0.009057811461389065, 0.012402724474668503, 0.009215716272592545, 0.011988378129899502], "(2, 4, 0, 1)": [0.015866825357079506, 0.01760951057076454, 0.015549122355878353, 0.016538012772798538, 0.019274163991212845], "(2, 4, 4, 2)": [0.018735753372311592, 0.018655644729733467, 0.018892742693424225, 0.018918555229902267, 0.01935799978673458], "(2, 4, 5, 3)": [0.019448265433311462, 0.019264955073595047, 0.01912759244441986, 0.019451064988970757, 0.019481807947158813], "(3, 4, 4, 2)": [0.01890263706445694, 0.018640240654349327, 0.018475640565156937, 0.019632652401924133, 0.016866901889443398], "(3, 4, 3, 2)": [0.019215917214751244, 0.017693137750029564, 0.01903083361685276, 0.01905023492872715, 0.019507134333252907], "(3, 4, 2, 1)": [0.01251042541116476, 0.013766839168965816, 0.014766061678528786, 0.01606922224164009, 0.015666291117668152], "(3, 4, 2, 2)": [0.018927572295069695, 0.017796490341424942, 0.018991712480783463, 0.019030999392271042, 0.01724337972700596], "(3, 4, 3, 1)": [-0.0016311161452904344, 0.014376244507730007, 0.0004869508557021618, 0.001356714405119419, 0.002790234750136733], "(2, 5, 0, 1)": [0.019689198583364487, 0.01946055330336094, 0.019587809219956398, 0.019576363265514374, 0.019746683537960052], "(2, 5, 5, 3)": [0.016780339181423187, 0.019537873566150665, 0.014151344075798988, 0.017326712608337402, 0.018237262964248657], "(2, 5, 5, 4)": [0.00026773486752063036, 0.0135890431702137, 0.0026812227442860603, 0.0, 0.001095656887628138], "(2, 4, 0, 2)": [0.018255360424518585, 0.017484264448285103, 0.015959545969963074, 0.01805759035050869, 0.01976512372493744], "(1, 4, 0, 1)": [0.01720290817320347, 0.01622823439538479, 0.01772090420126915, 0.017378559336066246, 0.01944936439394951], "(1, 4, 1, 2)": [0.01915038377046585, 0.018895749002695084, 0.01875033788383007, 0.01914217881858349, 0.01957106404006481], "(1, 4, 1, 1)": [0.011338826268911362, 0.010253905318677425, 0.015304154716432095, 0.012215734459459782, 0.010720167309045792], "(2, 5, 1, 1)": [0.019831782206892967, 0.019760476425290108, 0.019686555489897728, 0.019755814224481583, 0.019740168005228043], "(2, 5, 4, 2)": [0.018793180584907532, 0.018758105114102364, 0.01906401664018631, 0.019573908299207687, 0.01661059632897377], "(1, 4, 2, 2)": [0.01932493969798088, 0.01940787397325039, 0.018390361219644547, 0.019502518698573112, 0.01973748207092285], "(1, 4, 3, 3)": [0.019627230241894722, 0.019083617255091667, 0.019215324893593788, 0.019093984737992287, 0.01945045404136181], "(1, 5, 1, 2)": [0.019277988001704216, 0.019595693796873093, 0.01880079321563244, 0.019283020868897438, 0.019241495057940483], "(1, 4, 3, 2)": [0.018902864307165146, 0.01860625483095646, 0.0198869276791811, 0.019139917567372322, 0.019376089796423912], "(1, 4, 4, 3)": [0.018448833376169205, 0.016520073637366295, 0.018885619938373566, 0.017555387690663338, 0.017761191353201866], "(1, 5, 3, 2)": [0.01272418349981308, 0.0146313002333045, 0.0196605883538723, 0.01574680022895336, 0.01091527845710516], "(1, 4, 2, 1)": [0.009587150067090988, 0.0, 0.0, 0.0, 0.0], "(3, 5, 4, 3)": [0.016386723145842552, 0.019477447494864464, 0.015903597697615623, 0.01630670204758644, 0.015532879158854485], "(3, 5, 5, 3)": [0.018503550440073013, 0.01624978892505169, 0.01596347987651825, 0.015902377665042877, 0.014681430533528328], "(3, 5, 3, 2)": [0.019183026626706123, 0.019153479486703873, 0.019252795726060867, 0.019039908424019814, 0.018832167610526085], "(3, 5, 3, 3)": [0.018882421776652336, 0.010075015015900135, 0.010552640073001385, 0.00788800697773695, 0.01297062449157238], "(3, 5, 2, 2)": [0.019014280289411545, 0.019110171124339104, 0.019153036177158356, 0.019188575446605682, 0.01915000006556511], "(3, 5, 1, 2)": [0.01832762360572815, 0.018232913687825203, 0.01870909333229065, 0.015503659844398499, 0.016709184274077415], "(3, 5, 1, 1)": [0.019238777458667755, 0.019200662150979042, 0.018988534808158875, 0.01926308311522007, 0.019553279504179955], "(3, 5, 0, 1)": [0.01904655061662197, 0.013410677202045918, 0.013901489786803722, 0.014581587165594101, 0.01460115797817707], "(3, 5, 4, 2)": [0.0194271057844162, 0.018952645361423492, 0.018760327249765396, 0.01883053220808506, 0.01813814416527748], "(1, 5, 2, 2)": [0.019339298829436302, 0.019329726696014404, 0.01928425207734108, 0.01923290826380253, 0.017952140420675278], "(1, 5, 2, 3)": [0.01604625955224037, 0.01530067902058363, 0.0176502987742424, 0.015143324621021748, 0.016128627583384514], "(1, 5, 3, 3)": [0.018675217404961586, 0.016349438577890396, 0.016578638926148415, 0.01609308272600174, 0.01654944382607937], "(3, 4, 5, 3)": [0.018651410937309265, 0.01817396469414234, 0.019427482038736343, 0.018530910834670067, 0.01731632463634014], "(3, 4, 6, 3)": [0.00697334622964263, 0.0010532487649470568, 0.0018941520247608423, 0.0, 0.0], "(3, 4, 1, 1)": [0.015917155891656876, 0.015648221597075462, 0.015287786722183228, 0.01632191613316536, 0.018548551946878433], "(3, 4, 4, 3)": [0.01912352815270424, 0.018787136301398277, 0.019166450947523117, 0.018830355256795883, 0.019361386075615883], "(3, 5, 2, 1)": [0.015345514751970768, 0.00877487100660801, 0.013370966538786888, 0.010080055333673954, 0.019396863877773285], "(3, 4, 0, 1)": [0.0084225470200181, 0.013553055003285408, 0.009256014600396156, 0.016761397942900658, 0.009600929915904999], "(3, 4, 1, 2)": [0.019361885264515877, 0.015448510646820068, 0.010446841828525066, 0.01445595733821392, 0.01217854954302311], "(3, 4, 5, 2)": [0.0018452451331540942, 0.005593218374997377, 0.0036614006385207176, 0.004645530600100756, 0.01896733045578003], "(1, 5, 0, 2)": [0.01972220279276371, 0.019258640706539154, 0.01927349343895912, 0.019243191927671432, 0.019063055515289307], "(1, 5, 0, 1)": [0.019598163664340973, 0.0195033997297287, 0.019446467980742455, 0.019394969567656517, 0.019473541527986526], "(1, 4, -1, 1)": [0.003766232170164585, 0.004489968065172434, 0.006263823248445988, 0.009627724066376686, 0.008292052894830704], "(1, 4, 0, 2)": [0.019526217132806778, 0.019300924614071846, 0.01920100674033165, 0.01923014409840107, 0.019007261842489243], "(2, 5, 2, 1)": [0.005334473680704832, 0.017108594998717308, 0.005284250248223543, 0.001986834453418851, 0.0035495120100677013], "(2, 4, 6, 3)": [0.0, 0.0034473510459065437, 0.0, 0.0, 0.0],