{"q_values": {"(2, 5, 2, 2)": [0.019328095018863678, 0.019111711531877518, 0.01848442479968071, 0.018821511417627335, 0.016460968181490898], "(2, 5, 3, 2)": [0.01735328882932663, 0.019352054223418236, 0.017992518842220306, 0.01928478479385376, 0.01922745816409588], "(2, 5, 3, 3)": [0.015360945835709572, 0.01889418065547943, 0.016321729868650436, 0.01683228649199009, 0.017501404508948326], "(2, 4, 2, 2)": [0.019097495824098587, 0.016868475824594498, 0.019114073365926743, 0.019508948549628258, 0.01915116421878338], "(2, 4, 3, 2)": [0.019356325268745422, 0.01935473643243313, 0.01916363462805748, 0.01968228630721569, 0.019401613622903824], "(2, 4, 3, 3)": [0.019561294466257095, 0.019589224830269814, 0.019610393792390823, 0.019587134942412376, 0.019666176289319992], "(2, 4, 4, 3)": [0.019714925438165665, 0.01958991214632988, 0.019682442769408226, 0.019602665677666664, 0.019679028540849686], "(2, 4, 1, 1)": [0.017583122476935387, 0.01784655451774597, 0.01699112169444561, 0.016287118196487427, 0.018632711842656136], "(2, 4, 2, 1)": [0.011026768013834953, 0.007153606507927179, 0.010996449738740921, 0.010775250382721424, 0.01609918102622032], "(2, 5, 4, 3)": [0.019264761358499527, 0.01862654834985733, 0.017731070518493652, 0.018209490925073624, 0.018179355189204216], "(2, 4, 1, 2)": [0.019204169511795044, 0.019278138875961304, 0.019416779279708862, 0.019336143508553505, 0.019614581018686295], "(2, 5, 1, 2)": [0.019276222214102745, 0.019437724724411964, 0.019346311688423157, 0.019246067851781845, 0.019246581941843033], "(2, 5, 0, 2)": [0.019384462386369705, 0.019466102123260498, 0.019264571368694305, 0.01967579312622547, 0.019329050555825233], "(2, 5, 2, 3)": [0.016952235251665115, 0.013466967269778252, 0.012889550067484379, 0.012811727821826935, 0.013394240289926529], "(2, 4, 0, 1)": [0.0165488813072443, 0.01764221303164959, 0.018261762335896492, 0.018207252025604248, 0.019618520513176918], "(2, 4, 4, 2)": [0.018940338864922523, 0.016669269651174545, 0.019063131883740425, 0.019227350130677223, 0.01950351893901825], "(2, 4, 5, 3)": [0.018831539899110794, 0.018369551748037338, 0.019603902474045753, 0.018907394260168076, 0.018499597907066345], "(3, 4, 4, 2)": [0.019057469442486763, 0.01927848905324936, 0.018842188641428947, 0.017834648489952087, 0.018901508301496506], "(3, 4, 3, 2)": [0.017317788675427437, 0.01812197081744671, 0.015339288860559464, 0.016238737851381302, 0.018458470702171326], "(3, 4, 2, 1)": [0.016046978533267975, 0.016257084906101227, 0.016216229647397995, 0.016040025278925896, 0.018634360283613205], "(3, 4, 2, 2)": [0.01742151565849781, 0.018649565055966377, 0.018700987100601196, 0.018445570021867752, 0.016152899712324142], "(3, 4, 3, 1)": [0.0, 0.005537786986678839, 0.0004869508557021618, 0.001356714405119419, 0.0009452897356823087], "(2, 5, 0, 1)": [0.019643791019916534, 0.01978915184736252, 0.019591236487030983, 0.01964770071208477, 0.019619368016719818], "(2, 5, 5, 3)": [0.018200190737843513, 0.019222429022192955, 0.018727697432041168, 0.017307531088590622, 0.01820441707968712], "(2, 5, 5, 4)": [0.00026773486752063036, 0.007341556716710329, 0.0009502225439064205, 0.0, 0.001095656887628138], "(2, 4, 0, 2)": [0.0154185201972723, 0.01248563826084137, 0.013350732624530792, 0.014931976795196533, 0.019741905853152275], "(1, 4, 0, 1)": [0.016906380653381348, 0.01871931180357933, 0.016163647174835205, 0.01597828045487404, 0.017311736941337585], "(1, 4, 1, 2)": [0.01902131177484989, 0.018220124766230583, 0.01613146811723709, 0.019421380013227463, 0.01895214058458805], "(1, 4, 1, 1)": [0.00898443441838026, 0.009858416393399239, 0.012413241900503635, 0.01492136437445879, 0.009350382722914219], "(2, 5, 1, 1)": [0.01954435557126999, 0.019750868901610374, 0.019681278616189957, 0.019673388451337814, 0.019377076998353004], "(2, 5, 4, 2)": [0.016618691384792328, 0.016032328829169273, 0.015682443976402283, 0.01688971370458603, 0.019592536613345146], "(1, 4, 2, 2)": [0.019058972597122192, 0.01925833895802498, 0.01870930939912796, 0.019159583374857903, 0.019404379650950432], "(1, 4, 3, 3)": [0.018421506509184837, 0.01785408705472946, 0.0162163358181715, 0.016931792721152306, 0.019405050203204155], "(1, 5, 1, 2)": [0.017377018928527832, 0.01809600181877613, 0.01800243742763996, 0.016423486173152924, 0.01711121015250683], "(1, 4, 3, 2)": [0.017739292234182358, 0.015181922353804111, 0.018029505386948586, 0.017469391226768494, 0.01869240030646324], "(1, 4, 4, 3)": [0.016145501285791397, 0.013808570802211761, 0.018827155232429504, 0.015544120222330093, 0.01556550245732069], "(1, 5, 3, 2)": [0.006799193099141121, 0.011178088374435902, 0.01881846785545349, 0.008706841617822647, 0.007646030746400356], "(1, 4, 2, 1)": [0.00626850500702858, 0.0, 0.0, 0.0, 0.0], "(3, 5, 4, 3)": [0.01687679812312126, 0.013751789927482605, 0.013958965428173542, 0.011607092805206776, 0.013437259010970592], "(3, 5, 5, 3)": [0.012909919954836369, 0.017208879813551903, 0.013208383694291115, 0.013870395720005035, 0.009987801313400269], "(3, 5, 3, 2)": [0.018565474078059196, 0.016443299129605293, 0.01830112375319004, 0.01581578515470028, 0.01847814954817295], "(3, 5, 3, 3)": [0.011218496598303318, 0.009166381321847439, 0.010663935914635658, 0.00870587583631277, 0.00987999513745308], "(3, 5, 2, 2)": [0.018722916021943092, 0.016260020434856415, 0.018565434962511063, 0.018756385892629623, 0.01868107169866562], "(3, 5, 1, 2)": [0.018218010663986206, 0.017231471836566925, 0.018309473991394043, 0.01905250921845436, 0.018384795635938644], "(3, 5, 1, 1)": [0.015879925340414047, 0.019204122945666313, 0.014454565942287445, 0.013885623775422573, 0.016338270157575607], "(3, 5, 0, 1)": [0.017918068915605545, 0.008175462484359741, 0.004677729681134224, 0.006528241094201803, 0.010120679624378681], "(3, 5, 4, 2)": [0.01646234467625618, 0.01880154013633728, 0.016162892803549767, 0.015141612850129604, 0.01324359979480505], "(1, 5, 2, 2)": [0.018378620967268944, 0.01855006441473961, 0.015537525527179241, 0.015622766688466072, 0.01821131259202957], "(1, 5, 2, 3)": [0.013067980296909809, 0.011822370812296867, 0.013675592839717865, 0.01392054557800293, 0.010598672553896904], "(1, 5, 3, 3)": [0.018567927181720734, 0.016306085512042046, 0.01653641276061535, 0.016409168019890785, 0.013285049237310886], "(3, 4, 5, 3)": [0.009350930340588093, 0.00820146594196558, 0.01803702861070633, 0.013183501549065113, 0.006183924153447151], "(3, 4, 6, 3)": [0.0011340128257870674, 0.0, 0.0, 0.0, 0.0], "(3, 4, 1, 1)": [0.01383837778121233, 0.01719171740114689, 0.01357193198055029, 0.013921912759542465, 0.018691902980208397], "(3, 4, 4, 3)": [0.013202644884586334, 0.014702743850648403, 0.011312037706375122, 0.016696378588676453, 0.019343139603734016], "(3, 5, 2, 1)": [0.008833044208586216, 0.003167613409459591, 0.005113649182021618, 0.0035932096652686596, 0.01582493633031845], "(3, 4, 0, 1)": [0.010471822693943977, 0.011948672123253345, 0.01520666666328907, 0.008459208533167839, 0.013070190325379372], "(3, 4, 1, 2)": [0.018176978453993797, 0.010443720035254955, 0.005902134347707033, 0.01191670075058937, 0.00439843162894249], "(3, 4, 5, 2)": [0.0, 0.0013916970929130912, 0.0, 0.0, 0.006890839897096157], "(1, 5, 0, 2)": [0.019286449998617172, 0.019548239186406136, 0.01954643614590168, 0.019202446565032005, 0.019320305436849594], "(1, 5, 0, 1)": [0.019256476312875748, 0.01944453828036785, 0.019155927002429962, 0.019153468310832977, 0.01891159825026989], "(1, 4, -1, 1)": [0.0026271308306604624, 0.004489968065172434, 0.015412600710988045, 0.003973133396357298, 0.006117820739746094], "(1, 4, 0, 2)": [0.017920013517141342, 0.018752142786979675, 0.01758422516286373, 0.01937330886721611, 0.01850597932934761], "(2, 5, 2, 1)": [0.005334473680704832, 0.009257710538804531, 0.0, 0.0, 0.0035495120100677013], "(2, 4, 6, 3)": [0.0, 0.002185243647545576, 0.0, 0.0, 0.0], "(2, 5, 6, 3)": [0.012708264403045177, 0.0017965134466066957, 0.0036205071955919266, 0.0014524416765198112, 0.0],