{"q_values": {"(2, 5, 2, 2)": [0.019129445776343346, 0.019102368503808975, 0.01617915742099285, 0.019046232104301453, 0.018897809088230133], "(2, 5, 3, 2)": [0.01903478242456913, 0.019309349358081818, 0.017645718529820442, 0.01869271509349346, 0.0184087622910738], "(2, 5, 3, 3)": [0.015201718546450138, 0.016322646290063858, 0.01561372634023428, 0.014626869931817055, 0.014554428867995739], "(2, 4, 2, 2)": [0.017088133841753006, 0.018497861921787262, 0.01542613748461008, 0.019081348553299904, 0.018525023013353348], "(2, 4, 3, 2)": [0.01666109450161457, 0.019114870578050613, 0.01895804889500141, 0.01887587271630764, 0.01868508569896221], "(2, 4, 3, 3)": [0.01913890428841114, 0.019451797008514404, 0.01951349712908268, 0.019521765410900116, 0.019446194171905518], "(2, 4, 4, 3)": [0.01944105699658394, 0.019466213881969452, 0.01942581683397293, 0.019510477781295776, 0.01946052350103855], "(2, 4, 1, 1)": [0.012070315890014172, 0.016819478943943977, 0.013940606266260147, 0.0150305749848485, 0.018325580283999443], "(2, 4, 2, 1)": [0.009336387738585472, 0.014091546647250652, 0.01230092067271471, 0.01078700739890337, 0.012486175633966923], "(2, 5, 4, 3)": [0.018673859536647797, 0.01624840870499611, 0.017214801162481308, 0.018643049523234367, 0.015705112367868423], "(2, 4, 1, 2)": [0.01868361420929432, 0.018999475985765457, 0.018879499286413193, 0.0190583523362875, 0.019181713461875916], "(2, 5, 1, 2)": [0.019379526376724243, 0.019603151828050613, 0.01930050179362297, 0.019375823438167572, 0.019313830882310867], "(2, 5, 0, 2)": [0.0191213246434927, 0.019491704180836678, 0.019075442105531693, 0.017111537978053093, 0.019259396940469742], "(2, 5, 2, 3)": [0.017570573836565018, 0.008742846548557281, 0.011049043387174606, 0.01108221709728241, 0.015016027726233006], "(2, 4, 0, 1)": [0.01611943729221821, 0.016223596408963203, 0.01647772453725338, 0.01715848222374916, 0.01873127929866314], "(2, 4, 4, 2)": [0.017464175820350647, 0.01900951936841011, 0.018670139834284782, 0.019367612898349762, 0.018955959007143974], "(2, 4, 5, 3)": [0.01672617718577385, 0.016072513535618782, 0.017071902751922607, 0.018290286883711815, 0.01595883071422577], "(3, 4, 4, 2)": [0.016590358689427376, 0.018104495480656624, 0.016253724694252014, 0.01612769067287445, 0.014716101810336113], "(3, 4, 3, 2)": [0.01460766140371561, 0.018635369837284088, 0.018239060416817665, 0.01738043874502182, 0.01828675903379917], "(3, 4, 2, 1)": [0.005675601307302713, 0.006701516918838024, 0.010590238496661186, 0.011388587765395641, 0.015827054157853127], "(3, 4, 2, 2)": [0.017758937552571297, 0.016619043424725533, 0.018506936728954315, 0.0167128574103117, 0.018248070031404495], "(3, 4, 3, 1)": [0.0, 0.0018225976964458823, 0.0015061654848977923, 0.0042646657675504684, 0.0009452897356823087], "(2, 5, 0, 1)": [0.01930173859000206, 0.0195167139172554, 0.01935422047972679, 0.019485220313072205, 0.01945365220308304], "(2, 5, 5, 3)": [0.014408878982067108, 0.013721656985580921, 0.016866354271769524, 0.018228804692626, 0.011377258226275444], "(2, 5, 5, 4)": [-0.0017742434283718467, 0.0, 0.0009502225439064205, 0.0, 0.0], "(2, 4, 0, 2)": [0.009864522144198418, 0.008775711059570312, 0.006523333955556154, 0.010775783099234104, 0.01911032572388649], "(1, 4, 0, 1)": [0.012563621625304222, 0.01743180677294731, 0.01487826183438301, 0.015318116173148155, 0.013088160194456577], "(1, 4, 1, 2)": [0.017035549506545067, 0.015497734770178795, 0.017889194190502167, 0.01717468351125717, 0.01638738252222538], "(1, 4, 1, 1)": [0.006174139678478241, 0.004888454452157021, 0.007155591156333685, 0.01257361564785242, 0.005899807438254356], "(2, 5, 1, 1)": [0.01938067004084587, 0.019333388656377792, 0.019441619515419006, 0.019480733200907707, 0.019450979307293892], "(2, 5, 4, 2)": [0.012643604539334774, 0.012393316254019737, 0.012123346328735352, 0.013017367571592331, 0.018108978867530823], "(1, 4, 2, 2)": [0.015440068207681179, 0.017172176390886307, 0.01838519424200058, 0.01833333820104599, 0.018281513825058937], "(1, 4, 3, 3)": [0.01084813941270113, 0.011262314394116402, 0.008247190155088902, 0.00794028490781784, 0.016999758780002594], "(1, 5, 1, 2)": [0.01860998012125492, 0.015378810465335846, 0.018210941925644875, 0.017955049872398376, 0.017528429627418518], "(1, 4, 3, 2)": [0.012916527688503265, 0.010137983597815037, 0.014335747808218002, 0.01016209926456213, 0.017459237948060036], "(1, 4, 4, 3)": [0.006181451957672834, 0.004801635630428791, 0.015228759497404099, 0.007963020354509354, 0.006481543183326721], "(1, 5, 3, 2)": [0.002179875737056136, 0.005027514882385731, 0.009013121947646141, 0.0023316717706620693, 0.0021485888864845037], "(1, 4, 2, 1)": [0.001177970552816987, 0.0, 0.0, 0.0, 0.0], "(3, 5, 4, 3)": [0.012534845620393753, 0.012149154208600521, 0.013254075311124325, 0.012939996086061, 0.011213569901883602], "(3, 5, 5, 3)": [0.008448665030300617, 0.011713962070643902, 0.008739476092159748, 0.013301251456141472, 0.005754802376031876], "(3, 5, 3, 2)": [0.015014399774372578, 0.017455246299505234, 0.013192574493587017, 0.015909792855381966, 0.016224607825279236], "(3, 5, 3, 3)": [0.014609879814088345, 0.007428767625242472, 0.006541124545037746, 0.008778928779065609, 0.005004297476261854], "(3, 5, 2, 2)": [0.015529110096395016, 0.01756030134856701, 0.017587648704648018, 0.013713321648538113, 0.01653558947145939], "(3, 5, 1, 2)": [0.015745844691991806, 0.011937951669096947, 0.014001557603478432, 0.018148962408304214, 0.014803302474319935], "(3, 5, 1, 1)": [0.012588669545948505, 0.016185063868761063, 0.009250321425497532, 0.009230576455593109, 0.00858188048005104], "(3, 5, 0, 1)": [0.010345812886953354, 0.005961420014500618, 0.003199291881173849, 0.005502684507519007, 0.006251881830394268], "(3, 5, 4, 2)": [0.00923979189246893, 0.017193105071783066, 0.010141420178115368, 0.009446848183870316, 0.005580384284257889], "(1, 5, 2, 2)": [0.016326945275068283, 0.01784144714474678, 0.010808314196765423, 0.012269346974790096, 0.013022825121879578], "(1, 5, 2, 3)": [0.007406188640743494, 0.01618983782827854, 0.00624907948076725, 0.0034080431796610355, 0.004551842343062162], "(1, 5, 3, 3)": [0.01054222323000431, 0.009850064292550087, 0.01036918256431818, 0.00962420180439949, 0.010303542949259281], "(3, 4, 5, 3)": [0.006080929655581713, 0.0012218233896419406, 0.013198193162679672, 0.007938561961054802, 0.00554463779553771], "(3, 4, 6, 3)": [0.0011340128257870674, 0.0, 0.0, 0.0, 0.0], "(3, 4, 1, 1)": [0.010503957979381084, 0.012918482534587383, 0.012711084447801113, 0.013138708658516407, 0.010689073242247105], "(3, 4, 4, 3)": [0.005027495324611664, 0.011287214234471321, 0.0028112060390412807, 0.008480721153318882, 0.015863193199038506], "(3, 5, 2, 1)": [0.001645814860239625, 0.001576166832819581, 0.0, 0.0, 0.005330102518200874], "(3, 4, 0, 1)": [0.004744050558656454, 0.01198384165763855, 0.00730153638869524, 0.0004650711780413985, 0.005931336898356676], "(3, 4, 1, 2)": [0.011146537028253078, 0.002841343404725194, 0.005902134347707033, 0.0056091370061039925, 0.003159785643219948], "(3, 4, 5, 2)": [0.0, 0.0013916970929130912, 0.0, 0.0, 0.002319847233593464], "(1, 5, 0, 2)": [0.018704432994127274, 0.017766252160072327, 0.017566237598657608, 0.017775781452655792, 0.018434781581163406], "(1, 5, 0, 1)": [0.013072296045720577, 0.018172012642025948, 0.015292390249669552, 0.014149339869618416, 0.014517955482006073], "(1, 4, -1, 1)": [0.0, 0.001099059241823852, 0.010354788042604923, 0.0, 0.0021607093513011932], "(1, 4, 0, 2)": [0.015247832983732224, 0.01636863313615322, 0.015068864449858665, 0.018409425392746925, 0.01660294085741043], "(2, 5, 2, 1)": [0.0037263052072376013, 0.005351363681256771, 0.0, 0.0, 0.0035495120100677013], "(2, 4, 6, 3)": [0.0, 0.002185243647545576, 0.0, 0.0, 0.0], "(2, 5, 6, 3)": [0.007248151581734419, 0.0, 0.0, 0.0014524416765198112, 0.0], "(3, 5, 6, 3)": [0.0017336298478767276, 0.0019148598657920957, 0.0, 0.0011621005833148956, 0.0023046298883855343], "(2, 4, 0, 0)": [0.0, 0.0, -0.0004811998223885894, -0.004097200930118561, 0.0],