{"q_values": {"(2, 5, 2, 2)": [0.017864491790533066, 0.01994961127638817, 0.015131735242903233, 0.016133958473801613, 0.015807723626494408], "(2, 5, 3, 2)": [0.018950358033180237, 0.01990261860191822, 0.016318118199706078, 0.01875069923698902, 0.016690561547875404], "(2, 5, 3, 3)": [0.01792568899691105, 0.01638319343328476, 0.016188250854611397, 0.014886923134326935, 0.01671891286969185], "(2, 4, 2, 2)": [0.01881391555070877, 0.01898474246263504, 0.01886271871626377, 0.019096296280622482, 0.018864009529352188], "(2, 4, 3, 2)": [0.01946403458714485, 0.01852387934923172, 0.01940992660820484, 0.019416872411966324, 0.01932520419359207], "(2, 4, 3, 3)": [0.01981702446937561, 0.019697612151503563, 0.019627058878540993, 0.019694752991199493, 0.019565748050808907], "(2, 4, 4, 3)": [0.019522635266184807, 0.01964310184121132, 0.01954375021159649, 0.019593803212046623, 0.019611472263932228], "(2, 4, 1, 1)": [0.014705244451761246, 0.01322514470666647, 0.015186276286840439, 0.015612172894179821, 0.016582880169153214], "(2, 4, 2, 1)": [0.011911457404494286, 0.006530466489493847, 0.01160447672009468, 0.008446376770734787, 0.009693956933915615], "(2, 5, 4, 3)": [0.0163264200091362, 0.018904119729995728, 0.017026200890541077, 0.017750948667526245, 0.0170650165528059], "(2, 4, 1, 2)": [0.019204016774892807, 0.019114285707473755, 0.01929532177746296, 0.017982933670282364, 0.019867895171046257], "(2, 5, 1, 2)": [0.01988191530108452, 0.019202109426259995, 0.019292378798127174, 0.01740814372897148, 0.016637161374092102], "(2, 5, 0, 2)": [0.019486932083964348, 0.019122213125228882, 0.019126245751976967, 0.019125033169984818, 0.019149819388985634], "(2, 5, 2, 3)": [0.015713568776845932, 0.013609372079372406, 0.011429990641772747, 0.013978064991533756, 0.013785322196781635], "(2, 4, 0, 1)": [0.016173478215932846, 0.014896883629262447, 0.01640075445175171, 0.019349075853824615, 0.015719132497906685], "(2, 4, 4, 2)": [0.01937521994113922, 0.01937730424106121, 0.01928730495274067, 0.01959182694554329, 0.019129009917378426], "(2, 4, 5, 3)": [0.019731352105736732, 0.01920211873948574, 0.019252276048064232, 0.018876519054174423, 0.0193081796169281], "(3, 4, 4, 2)": [0.017856525257229805, 0.017332587391138077, 0.01888064481317997, 0.019294656813144684, 0.01886642910540104], "(3, 4, 3, 2)": [0.01887843757867813, 0.019032573327422142, 0.01582196354866028, 0.016572970896959305, 0.019447943195700645], "(3, 4, 2, 1)": [0.01561244111508131, 0.013177324086427689, 0.014548161067068577, 0.013957347720861435, 0.014353109523653984], "(3, 4, 2, 2)": [0.019159045070409775, 0.018702561035752296, 0.019025083631277084, 0.01895836368203163, 0.018945563584566116], "(3, 4, 3, 1)": [-0.0016311161452904344, 0.014046468771994114, 0.0004869508557021618, -0.00016199273522943258, 0.004390860442072153], "(2, 5, 0, 1)": [0.01931542344391346, 0.019510017707943916, 0.019335759803652763, 0.019370928406715393, 0.01982458122074604], "(2, 5, 5, 3)": [0.014873054809868336, 0.01954074390232563, 0.014989311806857586, 0.010093756020069122, 0.014004578813910484], "(2, 5, 5, 4)": [0.0019443511264398694, 0.009977084584534168, 0.0009747130097821355, 0.00036992912646383047, 0.0027063628658652306], "(2, 4, 0, 2)": [0.01924186758697033, 0.018931468948721886, 0.019192254170775414, 0.01947036013007164, 0.019734183326363564], "(1, 4, 0, 1)": [0.017685022205114365, 0.018226943910121918, 0.018634645268321037, 0.019687214866280556, 0.01829223893582821], "(1, 4, 1, 2)": [0.017932206392288208, 0.01581406593322754, 0.019192591309547424, 0.0181961078196764, 0.01977267861366272], "(1, 4, 1, 1)": [0.015151162631809711, 0.015038945712149143, 0.015743764117360115, 0.0196195300668478, 0.015859901905059814], "(2, 5, 1, 1)": [0.019529854878783226, 0.019508015364408493, 0.019840728491544724, 0.01932855322957039, 0.01947159878909588], "(2, 5, 4, 2)": [0.019741225987672806, 0.01952655240893364, 0.019312085583806038, 0.017694557085633278, 0.018620843067765236], "(1, 4, 2, 2)": [0.01716797426342964, 0.019334565848112106, 0.01914082281291485, 0.019024064764380455, 0.01952551305294037], "(1, 4, 3, 3)": [0.019070139154791832, 0.019222261384129524, 0.01916256733238697, 0.01918957754969597, 0.018959425389766693], "(1, 5, 1, 2)": [0.019069327041506767, 0.014688875526189804, 0.016407156363129616, 0.0160207636654377, 0.016210291534662247], "(1, 4, 3, 2)": [0.019367337226867676, 0.01918458752334118, 0.019352687522768974, 0.019569125026464462, 0.019213013350963593], "(1, 4, 4, 3)": [0.01947537623345852, 0.01907571218907833, 0.01915418542921543, 0.018924344331026077, 0.01907983049750328], "(1, 5, 3, 2)": [0.018746742978692055, 0.018793832510709763, 0.01878039352595806, 0.01891637220978737, 0.018832068890333176], "(1, 4, 2, 1)": [0.012268789112567902, 0.0, 0.000734617467969656, 0.0, 0.0], "(3, 5, 4, 3)": [0.019810212776064873, 0.018853919580578804, 0.01917511597275734, 0.018016789108514786, 0.018121277913451195], "(3, 5, 5, 3)": [0.014411739073693752, 0.017174627631902695, 0.019721757620573044, 0.01470128633081913, 0.01478086318820715], "(3, 5, 3, 2)": [0.019704682752490044, 0.019434671849012375, 0.0195144210010767, 0.019499827176332474, 0.017109869047999382], "(3, 5, 3, 3)": [0.019830448552966118, 0.01434384100139141, 0.013294612057507038, 0.01143829058855772, 0.014797890558838844], "(3, 5, 2, 2)": [0.019493894651532173, 0.019550127908587456, 0.01935768872499466, 0.019759638234972954, 0.019224045798182487], "(3, 5, 1, 2)": [0.019794845953583717, 0.018743891268968582, 0.01888926886022091, 0.01707359217107296, 0.018944330513477325], "(3, 5, 1, 1)": [0.019657501950860023, 0.01975683681666851, 0.019689535722136497, 0.019769886508584023, 0.019715864211320877], "(3, 5, 0, 1)": [0.018528247252106667, 0.017588745802640915, 0.018153611570596695, 0.018473008647561073, 0.019690582528710365], "(3, 5, 4, 2)": [0.019171860069036484, 0.019856415688991547, 0.0195400882512331, 0.01944459229707718, 0.019595062360167503], "(1, 5, 2, 2)": [0.015847746282815933, 0.018576256930828094, 0.01590709574520588, 0.015816563740372658, 0.015998464077711105], "(1, 5, 2, 3)": [0.010897381231188774, 0.010695349425077438, 0.010723183862864971, 0.01086803711950779, 0.014221063815057278], "(1, 5, 3, 3)": [0.01376055646687746, 0.009751447476446629, 0.012461376376450062, 0.01205025240778923, 0.01803503930568695], "(3, 4, 5, 3)": [0.01917438581585884, 0.01905815303325653, 0.019397953525185585, 0.018946846947073936, 0.019024278968572617], "(3, 4, 6, 3)": [0.016448400914669037, 0.0010532487649470568, 0.0018941520247608423, 0.0, 0.0019103027880191803], "(3, 4, 1, 1)": [0.018397575244307518, 0.018883012235164642, 0.018760044127702713, 0.01873517781496048, 0.016685891896486282], "(3, 4, 4, 3)": [0.019847888499498367, 0.019841518253087997, 0.019832588732242584, 0.019807899370789528, 0.01979132555425167], "(3, 5, 2, 1)": [0.01839250884950161, 0.01541978307068348, 0.017875760793685913, 0.014053250662982464, 0.01991235464811325], "(3, 4, 0, 1)": [0.017117196694016457, 0.013813173398375511, 0.015469912439584732, 0.014549314975738525, 0.015935475006699562], "(3, 4, 1, 2)": [0.017163461074233055, 0.01933928206562996, 0.017460234463214874, 0.018375856801867485, 0.018079310655593872], "(3, 4, 5, 2)": [0.009545520879328251, 0.0068918257020413876, 0.007927443832159042, 0.004645530600100756, 0.018789958208799362], "(1, 5, 0, 2)": [0.01894688978791237, 0.01902260072529316, 0.018990684300661087, 0.01894318498671055, 0.01857907697558403], "(1, 5, 0, 1)": [0.018840305507183075, 0.019483176991343498, 0.019460540264844894, 0.019670605659484863, 0.019511418417096138], "(1, 4, -1, 1)": [0.003766232170164585, 0.0071856556460261345, 0.00743387034162879, 0.015777280554175377, 0.010997862555086613], "(1, 4, 0, 2)": [0.019658232107758522, 0.019486160948872566, 0.0195431187748909, 0.019508564844727516, 0.019457632675766945], "(2, 5, 2, 1)": [0.005334473680704832, 0.01961895450949669, 0.009222270920872688, 0.001986834453418851, 0.0035495120100677013], "(2, 4, 6, 3)": [0.0, 0.006825428456068039, 0.0, 0.0, 0.0],