{"q_values": {"(2, 5, 2, 2)": [0.019552486017346382, 0.019274365156888962, 0.019220033660531044, 0.01907372660934925, 0.017705600708723068], "(2, 5, 3, 2)": [0.019441908225417137, 0.01908976398408413, 0.01954025588929653, 0.019694067537784576, 0.01954830065369606], "(2, 5, 3, 3)": [0.019705748185515404, 0.01776505820453167, 0.01767193153500557, 0.0171640757471323, 0.016972152516245842], "(2, 4, 2, 2)": [0.019200032576918602, 0.019230827689170837, 0.019222605973482132, 0.01925012283027172, 0.016107073053717613], "(2, 4, 3, 2)": [0.019315343350172043, 0.019545413553714752, 0.019590847194194794, 0.019577844068408012, 0.019569795578718185], "(2, 4, 3, 3)": [0.019838666543364525, 0.019628064706921577, 0.01967550814151764, 0.019740186631679535, 0.019699640572071075], "(2, 4, 4, 3)": [0.01971600018441677, 0.019581304863095284, 0.019684499129652977, 0.019694246351718903, 0.019712204113602638], "(2, 4, 1, 1)": [0.01863585226237774, 0.01860358566045761, 0.01886568032205105, 0.0161210335791111, 0.018906280398368835], "(2, 4, 2, 1)": [0.01218687929213047, 0.012992177158594131, 0.009322195313870907, 0.009504715912044048, 0.015201407484710217], "(2, 5, 4, 3)": [0.01959533616900444, 0.018272023648023605, 0.01904410868883133, 0.019002430140972137, 0.01863306574523449], "(2, 4, 1, 2)": [0.018086519092321396, 0.019073043018579483, 0.01866784505546093, 0.019338563084602356, 0.019254405051469803], "(2, 5, 1, 2)": [0.01966455578804016, 0.017472736537456512, 0.019510328769683838, 0.01943233050405979, 0.016704514622688293], "(2, 5, 0, 2)": [0.019342007115483284, 0.019372250884771347, 0.019381381571292877, 0.01939144916832447, 0.019475338980555534], "(2, 5, 2, 3)": [0.017631249502301216, 0.009057811461389065, 0.012402724474668503, 0.009215716272592545, 0.011988378129899502], "(2, 4, 0, 1)": [0.01911555603146553, 0.01919393055140972, 0.019181465730071068, 0.017077647149562836, 0.01948082260787487], "(2, 4, 4, 2)": [0.018950998783111572, 0.018769294023513794, 0.018987031653523445, 0.019003398716449738, 0.019570646807551384], "(2, 4, 5, 3)": [0.019303491339087486, 0.01955294795334339, 0.01929651014506817, 0.019310470670461655, 0.01916806399822235], "(3, 4, 4, 2)": [0.018986500799655914, 0.018736541271209717, 0.018677011132240295, 0.019251437857747078, 0.01741398684680462], "(3, 4, 3, 2)": [0.018774768337607384, 0.017856266349554062, 0.018744077533483505, 0.018726881593465805, 0.018892908468842506], "(3, 4, 2, 1)": [0.01251042541116476, 0.014334832318127155, 0.014766061678528786, 0.013246114365756512, 0.016693508252501488], "(3, 4, 2, 2)": [0.015694037079811096, 0.014874335378408432, 0.01865212246775627, 0.018571721389889717, 0.01764153689146042], "(3, 4, 3, 1)": [-0.0016311161452904344, 0.014376244507730007, 0.0004869508557021618, 0.001356714405119419, 0.002790234750136733], "(2, 5, 0, 1)": [0.01976899243891239, 0.0197029747068882, 0.01974646747112274, 0.019744616001844406, 0.019705118611454964], "(2, 5, 5, 3)": [0.019496653228998184, 0.015270433388650417, 0.013667178340256214, 0.016074568033218384, 0.012697824276983738], "(2, 5, 5, 4)": [0.00026773486752063036, 0.011196864768862724, 0.0009747130097821355, 0.0017906640423461795, 0.0010716206161305308], "(2, 4, 0, 2)": [0.018255360424518585, 0.017484264448285103, 0.016356518492102623, 0.01824326068162918, 0.01980266161262989], "(1, 4, 0, 1)": [0.017836157232522964, 0.01658540591597557, 0.018204160034656525, 0.018359515815973282, 0.019743330776691437], "(1, 4, 1, 2)": [0.019296452403068542, 0.01940479315817356, 0.019534630700945854, 0.01964712142944336, 0.019849909469485283], "(1, 4, 1, 1)": [0.011338826268911362, 0.01115871500223875, 0.018345749005675316, 0.01295761950314045, 0.010720167309045792], "(2, 5, 1, 1)": [0.01983066275715828, 0.019830431789159775, 0.019856471568346024, 0.01983007602393627, 0.019824931398034096], "(2, 5, 4, 2)": [0.018793180584907532, 0.018874384462833405, 0.019175037741661072, 0.01954997330904007, 0.01661059632897377], "(1, 4, 2, 2)": [0.01692291721701622, 0.0192987322807312, 0.01889391429722309, 0.019201815128326416, 0.019775021821260452], "(1, 4, 3, 3)": [0.019259057939052582, 0.019611550495028496, 0.01939684897661209, 0.019356973469257355, 0.019282285124063492], "(1, 5, 1, 2)": [0.01920069381594658, 0.019790202379226685, 0.019116554409265518, 0.019243629649281502, 0.01703335903584957], "(1, 4, 3, 2)": [0.018902864307165146, 0.018672581762075424, 0.01928354613482952, 0.019041387364268303, 0.019649960100650787], "(1, 4, 4, 3)": [0.018657444044947624, 0.016520073637366295, 0.018966790288686752, 0.017789285629987717, 0.017761191353201866], "(1, 5, 3, 2)": [0.014594946056604385, 0.015141534619033337, 0.01956264115869999, 0.01574680022895336, 0.01091527845710516], "(1, 4, 2, 1)": [0.009587150067090988, 0.0, 0.0, 0.0, 0.0], "(3, 5, 4, 3)": [0.014211911708116531, 0.015607601031661034, 0.01823282055556774, 0.012856408022344112, 0.01488871593028307], "(3, 5, 5, 3)": [0.018762003630399704, 0.01624978892505169, 0.017060760408639908, 0.016804760321974754, 0.016381656751036644], "(3, 5, 3, 2)": [0.018796700984239578, 0.017392361536622047, 0.018795538693666458, 0.017410995438694954, 0.018695788457989693], "(3, 5, 3, 3)": [0.014972233213484287, 0.010075015015900135, 0.010552640073001385, 0.0096940528601408, 0.011539716273546219], "(3, 5, 2, 2)": [0.019242694601416588, 0.016686202958226204, 0.01891329325735569, 0.01700720563530922, 0.017497388646006584], "(3, 5, 1, 2)": [0.019312426447868347, 0.01826971210539341, 0.018098078668117523, 0.017115462571382523, 0.017258718609809875], "(3, 5, 1, 1)": [0.019209951162338257, 0.019185340031981468, 0.018992315977811813, 0.01928403042256832, 0.01934967190027237], "(3, 5, 0, 1)": [0.019168375059962273, 0.01448658388108015, 0.01446816511452198, 0.015070553869009018, 0.01592029631137848], "(3, 5, 4, 2)": [0.01651116833090782, 0.01909830793738365, 0.018829982727766037, 0.01879305951297283, 0.018237993121147156], "(1, 5, 2, 2)": [0.01926475577056408, 0.019156886264681816, 0.019698258489370346, 0.019107211381196976, 0.01911296136677265], "(1, 5, 2, 3)": [0.017558149993419647, 0.013463444076478481, 0.015862490981817245, 0.015469935722649097, 0.014884969219565392], "(1, 5, 3, 3)": [0.019611647352576256, 0.015548036433756351, 0.0167072843760252, 0.015875892713665962, 0.016347212716937065], "(3, 4, 5, 3)": [0.018930070102214813, 0.018463224172592163, 0.01952994242310524, 0.01874442771077156, 0.0175558403134346], "(3, 4, 6, 3)": [0.00697334622964263, 0.0010532487649470568, 0.0018941520247608423, 0.0, 0.0], "(3, 4, 1, 1)": [0.016729654744267464, 0.01603703573346138, 0.016558775678277016, 0.01632191613316536, 0.018693536520004272], "(3, 4, 4, 3)": [0.01912352815270424, 0.018787136301398277, 0.019166450947523117, 0.018830355256795883, 0.019572097808122635], "(3, 5, 2, 1)": [0.015788935124874115, 0.00877487100660801, 0.013370966538786888, 0.010080055333673954, 0.01942265033721924], "(3, 4, 0, 1)": [0.0103946253657341, 0.014503360725939274, 0.009256014600396156, 0.018431250005960464, 0.012268704362213612], "(3, 4, 1, 2)": [0.019031647592782974, 0.016110969707369804, 0.011319201439619064, 0.01445595733821392, 0.013493943959474564], "(3, 4, 5, 2)": [0.0018452451331540942, 0.005593218374997377, 0.0036614006385207176, 0.004645530600100756, 0.01896733045578003], "(1, 5, 0, 2)": [0.019841555505990982, 0.019167570397257805, 0.019167184829711914, 0.017584800720214844, 0.01921968348324299], "(1, 5, 0, 1)": [0.019524138420820236, 0.019601885229349136, 0.019503286108374596, 0.019546717405319214, 0.019839277490973473], "(1, 4, -1, 1)": [0.003766232170164585, 0.004489968065172434, 0.006263823248445988, 0.013019411824643612, 0.008292052894830704], "(1, 4, 0, 2)": [0.01679125800728798, 0.01983247883617878, 0.019516276195645332, 0.01926582120358944, 0.01941225491464138], "(2, 5, 2, 1)": [0.005334473680704832, 0.0177385862916708, 0.005284250248223543, 0.001986834453418851, 0.0035495120100677013], "(2, 4, 6, 3)": [0.0, 0.0034473510459065437, 0.0, 0.0, 0.0],