{"q_values": {"(2, 5, 2, 2)": [0.019184596836566925, 0.01875431276857853, 0.01864885352551937, 0.018613552674651146, 0.01792902871966362], "(2, 5, 3, 2)": [0.018004776909947395, 0.018406804651021957, 0.018470317125320435, 0.017788922414183617, 0.016507109627127647], "(2, 5, 3, 3)": [0.015237633138895035, 0.015210356563329697, 0.014468438923358917, 0.014628960750997066, 0.017013736069202423], "(2, 4, 2, 2)": [0.018648620694875717, 0.017912253737449646, 0.01882915385067463, 0.01926066353917122, 0.018851647153496742], "(2, 4, 3, 2)": [0.016138745471835136, 0.01902490295469761, 0.0190038550645113, 0.019276423379778862, 0.01907406747341156], "(2, 4, 3, 3)": [0.01948292925953865, 0.019538938999176025, 0.019447511062026024, 0.019482862204313278, 0.01956014521420002], "(2, 4, 4, 3)": [0.019417181611061096, 0.019441792741417885, 0.019472653046250343, 0.01955128274857998, 0.019274797290563583], "(2, 4, 1, 1)": [0.014478994533419609, 0.016194172203540802, 0.016095835715532303, 0.015833664685487747, 0.018360933288931847], "(2, 4, 2, 1)": [0.010748571716248989, 0.00926243793219328, 0.009488738141953945, 0.015464527532458305, 0.011665787547826767], "(2, 5, 4, 3)": [0.012925449758768082, 0.013464047573506832, 0.015233752317726612, 0.015132464468479156, 0.013222726061940193], "(2, 4, 1, 2)": [0.01898113638162613, 0.018899543210864067, 0.018910158425569534, 0.019215334206819534, 0.016994711011648178], "(2, 5, 1, 2)": [0.019340746104717255, 0.01920226961374283, 0.0192230474203825, 0.01857183314859867, 0.019230039790272713], "(2, 5, 0, 2)": [0.019314715638756752, 0.018888596445322037, 0.01944468356668949, 0.01947721093893051, 0.01927066221833229], "(2, 5, 2, 3)": [0.010719588957726955, 0.012777349911630154, 0.012449868954718113, 0.013622567988932133, 0.008756475523114204], "(2, 4, 0, 1)": [0.017740396782755852, 0.01609598845243454, 0.017187755554914474, 0.018855370581150055, 0.015922077000141144], "(2, 4, 4, 2)": [0.018613209947943687, 0.019060280174016953, 0.019263481721282005, 0.019087642431259155, 0.019089942798018456], "(2, 4, 5, 3)": [0.01920139417052269, 0.01906798779964447, 0.01945810206234455, 0.01938761956989765, 0.01912280172109604], "(3, 4, 4, 2)": [0.018321922048926353, 0.01914936676621437, 0.018991010263562202, 0.01906718872487545, 0.019154680892825127], "(3, 4, 3, 2)": [0.01560039259493351, 0.018399272114038467, 0.017030462622642517, 0.018155813217163086, 0.018353022634983063], "(3, 4, 2, 1)": [0.010357489809393883, 0.010964765213429928, 0.015236208215355873, 0.013309098780155182, 0.016206184402108192], "(3, 4, 2, 2)": [0.016829025000333786, 0.016825033351778984, 0.01757042482495308, 0.017771195620298386, 0.01865861937403679], "(3, 4, 3, 1)": [-0.0016311161452904344, 0.011263212189078331, 0.0004869508557021618, 0.001356714405119419, 0.0009452897356823087], "(2, 5, 0, 1)": [0.019392168149352074, 0.01962561346590519, 0.019524136558175087, 0.019558731466531754, 0.01964029110968113], "(2, 5, 5, 3)": [0.01520346850156784, 0.01600821316242218, 0.01099374145269394, 0.015208912082016468, 0.013385070487856865], "(2, 5, 5, 4)": [0.00026773486752063036, 0.009082435630261898, 0.0026812227442860603, 0.0, 0.001095656887628138], "(2, 4, 0, 2)": [0.01691649854183197, 0.01589886099100113, 0.015107650309801102, 0.016916951164603233, 0.019523484632372856], "(1, 4, 0, 1)": [0.013872518204152584, 0.014304517768323421, 0.016604769974946976, 0.017740512266755104, 0.016117854043841362], "(1, 4, 1, 2)": [0.017929399386048317, 0.018177835270762444, 0.018008500337600708, 0.016611993312835693, 0.01880134642124176], "(1, 4, 1, 1)": [0.012550176121294498, 0.010168627835810184, 0.011049315333366394, 0.009424664080142975, 0.009360047057271004], "(2, 5, 1, 1)": [0.019643425941467285, 0.019583482295274734, 0.01953783631324768, 0.019550208002328873, 0.0196002759039402], "(2, 5, 4, 2)": [0.018307648599147797, 0.01731293462216854, 0.018343795090913773, 0.018484242260456085, 0.019119972363114357], "(1, 4, 2, 2)": [0.019137410447001457, 0.01942821592092514, 0.019480515271425247, 0.019432753324508667, 0.01965663768351078], "(1, 4, 3, 3)": [0.01888372376561165, 0.018525436520576477, 0.018294544890522957, 0.0182315856218338, 0.019466103985905647], "(1, 5, 1, 2)": [0.01906980574131012, 0.01920407824218273, 0.01586851291358471, 0.018100740388035774, 0.01942901499569416], "(1, 4, 3, 2)": [0.018341731280088425, 0.01720155030488968, 0.018640153110027313, 0.017832111567258835, 0.01933233253657818], "(1, 4, 4, 3)": [0.017596831545233727, 0.016176940873265266, 0.019272923469543457, 0.016593314707279205, 0.016312632709741592], "(1, 5, 3, 2)": [0.008079308085143566, 0.011178088374435902, 0.019470730796456337, 0.012398877181112766, 0.00885661132633686], "(1, 4, 2, 1)": [0.008282911963760853, 0.0, 0.0, 0.0, 0.0], "(3, 5, 4, 3)": [0.017858996987342834, 0.01691167615354061, 0.014797130599617958, 0.01534923817962408, 0.01634162850677967], "(3, 5, 5, 3)": [0.014623841270804405, 0.015050956048071384, 0.01394581701606512, 0.014519102871418, 0.013417982496321201], "(3, 5, 3, 2)": [0.018797188997268677, 0.01926303282380104, 0.01721954345703125, 0.018853604793548584, 0.019085831940174103], "(3, 5, 3, 3)": [0.011790898628532887, 0.012488242238759995, 0.008629374206066132, 0.008056881837546825, 0.01084849238395691], "(3, 5, 2, 2)": [0.017241831868886948, 0.018967825919389725, 0.018780315294861794, 0.01828351616859436, 0.017941519618034363], "(3, 5, 1, 2)": [0.01895163394510746, 0.01780109480023384, 0.01893538422882557, 0.018345972523093224, 0.019132593646645546], "(3, 5, 1, 1)": [0.018196575343608856, 0.019592421129345894, 0.01766699180006981, 0.01829233020544052, 0.018533766269683838], "(3, 5, 0, 1)": [0.018824536353349686, 0.008175462484359741, 0.005996178835630417, 0.00993272103369236, 0.012257371097803116], "(3, 5, 4, 2)": [0.01828661933541298, 0.016472091898322105, 0.01718851551413536, 0.015857378020882607, 0.012756666168570518], "(1, 5, 2, 2)": [0.019484087824821472, 0.019235573709011078, 0.019075609743595123, 0.019354481250047684, 0.01828496716916561], "(1, 5, 2, 3)": [0.014495139941573143, 0.015625597909092903, 0.01338248886168003, 0.01498511340469122, 0.014512045308947563], "(1, 5, 3, 3)": [0.01711643487215042, 0.017483653500676155, 0.01610737293958664, 0.016421383246779442, 0.01859968714416027], "(3, 4, 5, 3)": [0.013468924909830093, 0.013488268479704857, 0.019041944295167923, 0.016090482473373413, 0.013709750026464462], "(3, 4, 6, 3)": [0.0024513965472579002, 0.0010532487649470568, 0.0, 0.0, 0.0], "(3, 4, 1, 1)": [0.012043649330735207, 0.01669975183904171, 0.01527629978954792, 0.018611105158925056, 0.016701864078640938], "(3, 4, 4, 3)": [0.01701885461807251, 0.01807260513305664, 0.016712713986635208, 0.018299024552106857, 0.0195719376206398], "(3, 5, 2, 1)": [0.011598419398069382, 0.004818229004740715, 0.005113649182021618, 0.0035932096652686596, 0.019065605476498604], "(3, 4, 0, 1)": [0.01380540244281292, 0.013675402849912643, 0.012194579467177391, 0.012814356945455074, 0.018397899344563484], "(3, 4, 1, 2)": [0.017109626904129982, 0.012655876576900482, 0.008376624435186386, 0.012639867141842842, 0.008396856486797333], "(3, 4, 5, 2)": [0.0, 0.0031214554328471422, 0.0, 0.0012928236974403262, 0.011809378862380981], "(1, 5, 0, 2)": [0.019157972186803818, 0.01914685219526291, 0.019123030826449394, 0.019175264984369278, 0.0190719086676836], "(1, 5, 0, 1)": [0.019513798877596855, 0.019545607268810272, 0.019667692482471466, 0.019734693691134453, 0.019539806991815567], "(1, 4, -1, 1)": [0.002282756380736828, 0.004489968065172434, 0.006263823248445988, 0.006704328581690788, 0.007222410291433334], "(1, 4, 0, 2)": [0.01923082023859024, 0.019278276711702347, 0.01889137364923954, 0.01966269686818123, 0.019219007343053818], "(2, 5, 2, 1)": [0.005334473680704832, 0.014722313731908798, 0.0, 0.001986834453418851, 0.0035495120100677013], "(2, 4, 6, 3)": [0.0, 0.002185243647545576, 0.0, 0.0, 0.0], "(2, 5, 6, 3)": [0.009678850881755352, 0.0017965134466066957, 0.0036205071955919266, 0.0014524416765198112, 0.0],