{"q_values": {"(2, 5, 2, 2)": [0.019864944741129875, 0.01935802772641182, 0.0193231999874115, 0.019695552065968513, 0.019522638991475105], "(2, 5, 3, 2)": [0.01880568638443947, 0.0198771134018898, 0.019459716975688934, 0.019383326172828674, 0.017566433176398277], "(2, 5, 3, 3)": [0.01778976246714592, 0.019817180931568146, 0.01623382233083248, 0.01684219390153885, 0.01818266324698925], "(2, 4, 2, 2)": [0.019083261489868164, 0.019002849236130714, 0.019244076684117317, 0.019219134002923965, 0.019665587693452835], "(2, 4, 3, 2)": [0.019430851563811302, 0.019191956147551537, 0.019831771031022072, 0.019202424213290215, 0.019183002412319183], "(2, 4, 3, 3)": [0.019793923944234848, 0.01950289122760296, 0.019618339836597443, 0.019615067169070244, 0.019623328000307083], "(2, 4, 4, 3)": [0.019627831876277924, 0.019664181396365166, 0.019633350893855095, 0.01961562968790531, 0.019553683698177338], "(2, 4, 1, 1)": [0.016311025246977806, 0.01792287454009056, 0.018613914027810097, 0.019206836819648743, 0.015905562788248062], "(2, 4, 2, 1)": [0.011435819789767265, 0.011672362685203552, 0.011000012047588825, 0.011159921064972878, 0.011747613549232483], "(2, 5, 4, 3)": [0.019756615161895752, 0.018310990184545517, 0.016788074746727943, 0.017164446413517, 0.017395183444023132], "(2, 4, 1, 2)": [0.019483109936118126, 0.01949193887412548, 0.019512740895152092, 0.01949344202876091, 0.019450167194008827], "(2, 5, 1, 2)": [0.019891750067472458, 0.019696926698088646, 0.019718294963240623, 0.01946566253900528, 0.01957669109106064], "(2, 5, 0, 2)": [0.019248347729444504, 0.019633527845144272, 0.019186152145266533, 0.01923474483191967, 0.019160542637109756], "(2, 5, 2, 3)": [0.017650410532951355, 0.00806820672005415, 0.011598292738199234, 0.011630450375378132, 0.010356903076171875], "(2, 4, 0, 1)": [0.018458886072039604, 0.017316630110144615, 0.0172622911632061, 0.01730813831090927, 0.016545012593269348], "(2, 4, 4, 2)": [0.019374767318367958, 0.019439050927758217, 0.019366921856999397, 0.01924874074757099, 0.019579008221626282], "(2, 4, 5, 3)": [0.019407669082283974, 0.01940796710550785, 0.019679328426718712, 0.019168075174093246, 0.019406383857131004], "(3, 4, 4, 2)": [0.018300551921129227, 0.018439892679452896, 0.018509162589907646, 0.018526535481214523, 0.019511908292770386], "(3, 4, 3, 2)": [0.018220337107777596, 0.01885557547211647, 0.017775023356080055, 0.018293282017111778, 0.019409293308854103], "(3, 4, 2, 1)": [0.012770891189575195, 0.014788920059800148, 0.01534638274461031, 0.019280187785625458, 0.014779389835894108], "(3, 4, 2, 2)": [0.018923621624708176, 0.019023559987545013, 0.019038347527384758, 0.018432170152664185, 0.019229333847761154], "(3, 4, 3, 1)": [-0.0016311161452904344, 0.014376244507730007, 0.0004869508557021618, 0.001356714405119419, 0.002790234750136733], "(2, 5, 0, 1)": [0.0196987334638834, 0.01970645785331726, 0.019774150103330612, 0.019870612770318985, 0.019696904346346855], "(2, 5, 5, 3)": [0.016520796343684196, 0.019079038873314857, 0.015483340248465538, 0.016591163352131844, 0.017144659534096718], "(2, 5, 5, 4)": [0.00026773486752063036, 0.0135890431702137, 0.0026812227442860603, 0.0, 0.001095656887628138], "(2, 4, 0, 2)": [0.01788150705397129, 0.01692470908164978, 0.015959545969963074, 0.01763751357793808, 0.01971070095896721], "(1, 4, 0, 1)": [0.016525842249393463, 0.016330938786268234, 0.016107013449072838, 0.01538088545203209, 0.016174588352441788], "(1, 4, 1, 2)": [0.01928708143532276, 0.018738679587841034, 0.019246231764554977, 0.01914198137819767, 0.01936451718211174], "(1, 4, 1, 1)": [0.011058593168854713, 0.0121255898848176, 0.01014743186533451, 0.009424664080142975, 0.009360047057271004], "(2, 5, 1, 1)": [0.01955261081457138, 0.019700229167938232, 0.019679971039295197, 0.019824648275971413, 0.01977423019707203], "(2, 5, 4, 2)": [0.018670998513698578, 0.017903268337249756, 0.018920045346021652, 0.01939641870558262, 0.015905819833278656], "(1, 4, 2, 2)": [0.019047806039452553, 0.019283294677734375, 0.019314851611852646, 0.01912182755768299, 0.01817277818918228], "(1, 4, 3, 3)": [0.019269119948148727, 0.018993137404322624, 0.018893739208579063, 0.019023891538381577, 0.01952541247010231], "(1, 5, 1, 2)": [0.018635015934705734, 0.01982508786022663, 0.017748242244124413, 0.018714070320129395, 0.018828408792614937], "(1, 4, 3, 2)": [0.01859557442367077, 0.018140360713005066, 0.019002823159098625, 0.018261652439832687, 0.019597865641117096], "(1, 4, 4, 3)": [0.01830640248954296, 0.016520073637366295, 0.018812892958521843, 0.017317498102784157, 0.017530115321278572], "(1, 5, 3, 2)": [0.009219365194439888, 0.011178088374435902, 0.019329674541950226, 0.013056357391178608, 0.00885661132633686], "(1, 4, 2, 1)": [0.008282911963760853, 0.0, 0.0, 0.0, 0.0], "(3, 5, 4, 3)": [0.015646958723664284, 0.018119219690561295, 0.013277295045554638, 0.016821259632706642, 0.01639021746814251], "(3, 5, 5, 3)": [0.015972409397363663, 0.015681181102991104, 0.018445026129484177, 0.015036318451166153, 0.013674072921276093], "(3, 5, 3, 2)": [0.01902790367603302, 0.019105346873402596, 0.019067710265517235, 0.017824843525886536, 0.019221849739551544], "(3, 5, 3, 3)": [0.018070785328745842, 0.010075015015900135, 0.010552640073001385, 0.00788800697773695, 0.012508253566920757], "(3, 5, 2, 2)": [0.019070744514465332, 0.01897832378745079, 0.01897587813436985, 0.019022876396775246, 0.018992295488715172], "(3, 5, 1, 2)": [0.01893528737127781, 0.018135027959942818, 0.019033435732126236, 0.019018571823835373, 0.015913216397166252], "(3, 5, 1, 1)": [0.019124319776892662, 0.0191403329372406, 0.01903679221868515, 0.019144970923662186, 0.019155306741595268], "(3, 5, 0, 1)": [0.0184647087007761, 0.013410677202045918, 0.011566595174372196, 0.014070071280002594, 0.013561656698584557], "(3, 5, 4, 2)": [0.01956838369369507, 0.018435686826705933, 0.018608245998620987, 0.018343575298786163, 0.01744258776307106], "(1, 5, 2, 2)": [0.019611600786447525, 0.01822153478860855, 0.01861448772251606, 0.01755375973880291, 0.018285375088453293], "(1, 5, 2, 3)": [0.017793646082282066, 0.01599840819835663, 0.014985278248786926, 0.01355226244777441, 0.01486938539892435], "(1, 5, 3, 3)": [0.016806939616799355, 0.01598864048719406, 0.014691732823848724, 0.01740802265703678, 0.015535114333033562], "(3, 4, 5, 3)": [0.018531320616602898, 0.01817396469414234, 0.019248737022280693, 0.01834854669868946, 0.01731632463634014], "(3, 4, 6, 3)": [0.00697334622964263, 0.0010532487649470568, 0.0018941520247608423, 0.0, 0.0], "(3, 4, 1, 1)": [0.01642415300011635, 0.017857689410448074, 0.016481466591358185, 0.01653536595404148, 0.019121883437037468], "(3, 4, 4, 3)": [0.018898874521255493, 0.019320322200655937, 0.019080206751823425, 0.01926085725426674, 0.01926850900053978], "(3, 5, 2, 1)": [0.015345514751970768, 0.0075928522273898125, 0.011086903512477875, 0.007911410182714462, 0.019600896164774895], "(3, 4, 0, 1)": [0.0084225470200181, 0.013553055003285408, 0.011459298431873322, 0.016535308212041855, 0.01416458934545517], "(3, 4, 1, 2)": [0.019031792879104614, 0.013312358409166336, 0.008376624435186386, 0.013973102904856205, 0.011335505172610283], "(3, 4, 5, 2)": [0.0018452451331540942, 0.005593218374997377, 0.0019215937936678529, 0.004645530600100756, 0.01808401755988598], "(1, 5, 0, 2)": [0.018063850700855255, 0.019336454570293427, 0.019833708181977272, 0.019313713535666466, 0.01921996660530567], "(1, 5, 0, 1)": [0.019459033384919167, 0.019398560747504234, 0.019406283274292946, 0.019171498715877533, 0.019485753029584885], "(1, 4, -1, 1)": [0.003766232170164585, 0.004489968065172434, 0.006263823248445988, 0.009823862463235855, 0.008292052894830704], "(1, 4, 0, 2)": [0.019716007634997368, 0.01919916830956936, 0.019117960706353188, 0.019030526280403137, 0.01927199773490429], "(2, 5, 2, 1)": [0.005334473680704832, 0.015695130452513695, 0.003692672122269869, 0.001986834453418851, 0.0035495120100677013], "(2, 4, 6, 3)": [0.0, 0.0034473510459065437, 0.0, 0.0, 0.0],