{"q_values": {"(2, 6, 1, 1)": [1.4780607223510742, 1.5853803157806396, 1.5194048881530762, 1.55281662940979, 1.564886212348938, 1.611181616783142, 1.650710105895996], "(2, 6, 2, 1)": [0.993556559085846, 0.4856698215007782, 0.9623879790306091, 0.779132604598999, 0.7288960218429565, 0.791630744934082, 0.834980845451355], "(2, 7, 1, 1)": [1.3590224981307983, 1.4625587463378906, 1.3156819343566895, 1.5024763345718384, 1.3645669221878052, 1.583390712738037, 1.4738091230392456], "(2, 6, 0, 1)": [0.2833825349807739, 0.6261977553367615, 0.37653785943984985, 0.8646458387374878, 0.45239633321762085, 0.6553667187690735, 0.6161859035491943], "(2, 7, 2, 1)": [0.7240675091743469, 0.7068846225738525, 0.7868267297744751, 0.6236780881881714, 0.7879225611686707, 0.6394492387771606, 0.43622732162475586], "(2, 8, 2, 2)": [0.17933320999145508, 0.10334459692239761, 0.3270963728427887, 0.2992672622203827, 0.24544253945350647, 0.10605018585920334, 0.1062338575720787], "(2, 9, 2, 1)": [0.6531856656074524, 0.8321725726127625, 0.4732569456100464, 0.8748208284378052, 0.8638116121292114, 0.45726078748703003, 0.4963141679763794], "(2, 10, 2, 1)": [-0.33498480916023254, 0.24215593934059143, 0.0, -0.1552741676568985, -0.39284515380859375, 0.009094223380088806, 0.0], "(2, 10, 1, 1)": [0.8679961562156677, 0.900844156742096, 0.8325875997543335, 0.4429439604282379, 0.6096532344818115, 0.54417484998703, 0.5058216452598572], "(2, 0, 1, 1)": [0.38737496733665466, 0.981163740158081, 0.6257691383361816, 1.1969679594039917, 1.1757924556732178, 1.3219300508499146, 1.1986961364746094], "(2, 0, 2, 1)": [0.08563953638076782, 0.2320503443479538, 0.2312292903661728, 0.35132232308387756, 0.19374647736549377, 0.11293201893568039, 0.3402046859264374], "(2, 1, 2, 1)": [0.3465503454208374, 0.3086646795272827, 0.2959207594394684, 0.4091324806213379, 0.3058983087539673, 0.19690437614917755, 0.7269527912139893], "(2, 2, 2, 1)": [0.3443916440010071, 0.21701787412166595, 0.47039854526519775, 0.21526934206485748, 0.42993929982185364, 0.7978786826133728, 0.2894071042537689], "(2, 3, 2, 1)": [0.522520899772644, 0.7376772165298462, 0.11313965171575546, 0.4766038954257965, 0.8568392395973206, 1.0011721849441528, 0.6775186061859131], "(2, 4, 2, 1)": [0.5371498465538025, 0.7729971408843994, 0.8695070147514343, 0.654792845249176, 0.5229916572570801, 0.6192082762718201, 0.5631892085075378], "(2, 5, 2, 1)": [1.0721299648284912, 0.9689471125602722, 0.57194584608078, 0.7312154173851013, 0.7362290024757385, 0.7777959108352661, 0.7039989233016968], "(2, 5, 1, 1)": [1.517633318901062, 1.5919439792633057, 1.7163987159729004, 1.574424386024475, 1.6918821334838867, 1.6594253778457642, 1.5793792009353638], "(3, 6, 2, 1)": [0.10511904209852219, 0.0, 0.0, 0.0, 0.19150960445404053, 0.0, 0.19355979561805725], "(3, 6, 1, 1)": [0.10477747023105621, 0.0, 0.0, 0.0, 0.0, 0.0, 0.09993865340948105], "(3, 5, 1, 1)": [0.1997356414794922, 0.0999763086438179, 0.0, 0.10499818623065948, 0.0, 0.09940396994352341, 0.0], "(3, 4, 0, 0)": [0.0, 0.0, 0.0, 0.0, 0.09899310022592545, 0.0, 0.0], "(3, 4, 1, 1)": [0.0, 0.0, 0.09840106964111328, 0.0, 0.0, 0.0, 0.09868393838405609], "(3, 3, 1, 1)": [0.09565338492393494, 0.0, 0.09797404706478119, 0.2808573246002197, 0.0, 0.20240896940231323, 0.0], "(3, 2, 1, 1)": [0.18611517548561096, 0.0, 0.0, 0.10687869787216187, 0.1039457842707634, 0.26967015862464905, 0.18760421872138977], "(3, 2, 2, 1)": [0.0, 0.0, 0.10563285648822784, 0.0, 0.0, 0.0, 0.0], "(3, 1, 1, 1)": [0.0864960178732872, 0.0, 0.0, 0.0926402285695076, 0.09139516204595566, 0.09137711673974991, 0.0], "(3, 1, 2, 1)": [0.09487541764974594, 0.0, 0.0912654772400856, 0.09559845179319382, 0.17971500754356384, 0.0, 0.0], "(3, 0, 1, 1)": [0.0, 0.0, 0.0, 0.08442651480436325, -0.2134435623884201, 0.0, 0.0], "(2, 8, 1, 1)": [1.384012222290039, 1.4122692346572876, 1.4615874290466309, 1.2241878509521484, 1.4936962127685547, 1.3790013790130615, 1.431302547454834], "(2, 8, 2, 1)": [0.9761753678321838, 0.9107058644294739, 0.3275144100189209, 0.5764486193656921, 0.6637477278709412, 0.8456574082374573, 0.8037968277931213], "(2, 2, 1, 1)": [1.365928053855896, 1.3201563358306885, 1.2662925720214844, 1.2983237504959106, 1.1253219842910767, 1.380022406578064, 1.181047797203064], "(2, 3, 1, 1)": [1.4274274110794067, 1.3429510593414307, 1.125267505645752, 1.4162832498550415, 1.3792798519134521, 1.4732595682144165, 1.4618521928787231], "(2, 1, 1, 1)": [1.2887102365493774, 1.3683414459228516, 1.3331903219223022, 1.2312402725219727, 1.3416351079940796, 1.2051749229431152, 1.187778115272522], "(2, 1, 0, 1)": [0.6501713395118713, 0.6043210029602051, 0.6400429606437683, 0.6633588075637817, 0.508674144744873, 0.4074347913265228, 0.5219650864601135], "(2, 0, 0, 1)": [-0.20607109367847443, -0.21720314025878906, -0.7566481232643127, 0.33952033519744873, -0.22663621604442596, -0.39236149191856384, -0.3256456255912781], "(2, 9, 1, 1)": [1.3440654277801514, 1.3796297311782837, 1.3536219596862793, 1.4053266048431396, 1.37795889377594, 1.2105809450149536, 1.333621621131897], "(2, 4, 1, 1)": [1.4678751230239868, 1.4487249851226807, 1.4296373128890991, 1.490662932395935, 1.468346118927002, 1.5027881860733032, 1.5456680059432983], "(2, 5, 0, 1)": [0.7529455423355103, 0.422669380903244, 0.4819646179676056, 0.6232354640960693, 1.077362298965454, 0.3574792146682739, 0.5810821056365967], "(2, 10, 2, 2)": [-0.2789338231086731, 0.0, -0.407062292098999, -0.21846146881580353, -0.41387829184532166, 0.0, -0.21925444900989532], "(2, 4, 0, 0)": [0.0984094962477684, 0.0, 0.0, 0.10567682236433029, 0.31442996859550476, 0.11194612830877304, 0.0], "(2, 4, 0, 1)": [0.7202633023262024, 0.6649804711341858, 0.9678894877433777, 0.40106773376464844, 0.6949223279953003, 0.5376195311546326, 0.31944116950035095], "(2, 3, 0, 0)": [0.09920476377010345, 0.1670467108488083, 0.2240120768547058, 0.30334970355033875, 0.0, 0.1033228263258934, 0.2681560814380646], "(2, 2, 0, 1)": [0.525238573551178, 0.5425127744674683, 0.3510586619377136, 0.5636717677116394, 0.8846530318260193, 0.462113618850708, 0.6697843670845032], "(2, 0, 0, 0)": [-0.577953577041626, -0.21572820842266083, 0.09387790411710739, -0.21941792964935303, 0.0, -0.09442242234945297, 0.0], "(2, 3, 0, 1)": [0.8947329521179199, 0.7994974851608276, 0.6671112179756165, 0.7505902647972107, 0.42273369431495667, 0.4755605459213257, 0.44692307710647583], "(2, 7, 0, 1)": [0.31509917974472046, 0.2148975133895874, 0.49269482493400574, 0.34489113092422485, 0.6219944953918457, 0.5102497339248657, 0.22358353435993195], "(2, 8, 0, 1)": [0.4400770664215088, 0.39116013050079346, 0.6473876237869263, 0.0, 0.15910735726356506, 0.3930240869522095, 0.31706079840660095], "(2, 9, 2, 2)": [0.0, 0.24508388340473175, 0.08463302254676819, 0.17433501780033112, 0.004540666937828064, 0.24854134023189545, -0.217893585562706], "(2, 9, 0, 1)": [0.4778250455856323, 0.321416437625885, 0.42337778210639954, 0.4827830493450165, 0.10993101447820663, 0.7061259150505066, 0.4942106306552887], "(2, 2, 0, 0)": [0.4187503755092621, 0.3360430598258972, 0.0, 0.13012497127056122, 0.10018529742956161, 0.2081153690814972, 0.11167799681425095], "(2, 10, 0, 1)": [0.46954014897346497, 0.49451708793640137, 0.4167530834674835, 0.2428913563489914, 0.39686620235443115, 0.6535044312477112, 0.6703594923019409], "(2, 7, 0, 0)": [0.0, 0.18859845399856567, 0.0, 0.0, 0.0, 0.0, 0.0], "(2, 6, 0, 0)": [0.09991332143545151, 0.09996218979358673, 0.0, 0.0, 0.0, 0.0, 0.0], "(2, 5, 0, 0)": [0.0, 0.0, 0.0, 0.0, 0.09942843019962311, 0.09877868741750717, 0.0], "(1, 4, 0, 0)": [0.0979156494140625, 0.0, 0.0, 0.0, 0.0, 0.0, 0.0], "(1, 4, 0, 1)": [0.09655901044607162, 0.0, 0.0, 0.0, 0.0, 0.0, 0.0], "(1, 3, 0, 0)": [0.0, 0.09465562552213669, 0.0, 0.09241995215415955, 0.0, 0.0, 0.0], "(1, 2, 0, 0)": [0.0, 0.0, 0.08994565159082413, 0.0, 0.0, 0.0, 0.0], "(1, 1, 0, 0)": [0.0, 0.0, 0.08715962618589401, 0.08421509712934494, 0.0, 0.0, 0.0], "(1, 0, 0, 0)": [0.0, 0.0, 0.0, 0.0, 0.0, -0.21842002868652344, 0.0],