{"q_values": {"(2, 6, 1, 1)": [1.8840945959091187, 1.851824164390564, 1.875414252281189, 1.9124480485916138, 1.8823626041412354, 1.8762187957763672, 1.849993109703064], "(2, 6, 2, 1)": [1.4557474851608276, 1.2253276109695435, 1.1952242851257324, 1.4381451606750488, 1.2600499391555786, 1.227201223373413, 1.1491211652755737], "(2, 7, 1, 1)": [1.7756859064102173, 1.8098418712615967, 1.7958840131759644, 1.814958930015564, 1.793827772140503, 1.7399415969848633, 1.8473210334777832], "(2, 6, 0, 1)": [0.8472912907600403, 1.0076197385787964, 0.7361277341842651, 1.3979116678237915, 0.9307706952095032, 1.2356928586959839, 1.2395786046981812], "(2, 7, 2, 1)": [1.1355621814727783, 1.2277777194976807, 1.2738416194915771, 1.218584418296814, 1.5411893129348755, 1.1839405298233032, 0.9474895596504211], "(2, 8, 2, 2)": [0.7031972408294678, 0.23775506019592285, 0.4389839470386505, 0.42374342679977417, 0.3382539749145508, 0.3960918188095093, 0.23954331874847412], "(2, 9, 2, 1)": [1.1632803678512573, 1.2001012563705444, 0.954871416091919, 1.3416393995285034, 1.0640751123428345, 0.7596418261528015, 1.1631946563720703], "(2, 10, 2, 1)": [-0.5145013332366943, 0.3965945541858673, -0.1293106973171234, -0.026100054383277893, -0.40277886390686035, 0.009094223380088806, 0.24008004367351532], "(2, 10, 1, 1)": [1.2184430360794067, 0.8883130550384521, 1.2821834087371826, 1.3567218780517578, 0.7304555773735046, 0.8009487390518188, 1.143334150314331], "(2, 0, 1, 1)": [0.5705386400222778, 1.2127666473388672, 0.8736608028411865, 0.8542570471763611, 1.1910386085510254, 1.372396469116211, 1.0784329175949097], "(2, 0, 2, 1)": [0.08563953638076782, 0.27347883582115173, 0.47301286458969116, 0.4231935143470764, 0.47206565737724304, 0.11293201893568039, 0.41777855157852173], "(2, 1, 2, 1)": [0.6756559014320374, 0.8031356334686279, 0.6334481835365295, 0.894294261932373, 0.6424158811569214, 0.6080222129821777, 1.1948890686035156], "(2, 2, 2, 1)": [0.8723567128181458, 0.6943055391311646, 0.8684059381484985, 1.0504274368286133, 1.0836466550827026, 1.43408203125, 0.6481319665908813], "(2, 3, 2, 1)": [1.3497934341430664, 1.5143074989318848, 1.3157943487167358, 1.4451229572296143, 1.502916932106018, 1.6226564645767212, 1.5386006832122803], "(2, 4, 2, 1)": [1.1864043474197388, 1.0895531177520752, 1.1754038333892822, 1.5157814025878906, 1.3017303943634033, 1.5500699281692505, 1.1015241146087646], "(2, 5, 2, 1)": [1.4709521532058716, 1.4339462518692017, 1.4271240234375, 1.3066786527633667, 1.2494937181472778, 1.4426302909851074, 1.2239041328430176], "(2, 5, 1, 1)": [1.8952832221984863, 1.8868473768234253, 1.869184136390686, 1.8594770431518555, 1.8228814601898193, 1.9006940126419067, 1.8957505226135254], "(3, 6, 2, 1)": [0.29783082008361816, 0.0, 0.30887895822525024, 0.0, 0.28030556440353394, 0.20975932478904724, 0.371612548828125], "(3, 6, 1, 1)": [0.37846773862838745, 0.10442914813756943, 0.09999030083417892, 0.0, 0.19842910766601562, 0.2081252485513687, 0.09993865340948105], "(3, 5, 1, 1)": [0.1997356414794922, 0.0999763086438179, 0.10444492101669312, 0.2939518988132477, 0.0, 0.09940396994352341, 0.0], "(3, 4, 0, 0)": [0.0, 0.0, 0.0, 0.0, 0.09899310022592545, 0.11350033432245255, 0.0], "(3, 4, 1, 1)": [0.21655966341495514, 0.3185664415359497, 0.21020683646202087, 0.0, 0.0, 0.28125250339508057, 0.4509385824203491], "(3, 3, 1, 1)": [0.09565338492393494, 0.10989373922348022, 0.19911518692970276, 0.3607643246650696, 0.0, 0.2785111367702484, 0.0], "(3, 2, 1, 1)": [0.18611517548561096, 0.0, 0.0, 0.2771548926830292, 0.18430152535438538, 0.3477247357368469, 0.26270949840545654], "(3, 2, 2, 1)": [0.0, 0.0, 0.10563285648822784, 0.0, 0.0, 0.0, 0.0], "(3, 1, 1, 1)": [0.24479812383651733, 0.08536677807569504, 0.0, 0.0926402285695076, 0.09139516204595566, 0.09137711673974991, 0.0915755033493042], "(3, 1, 2, 1)": [0.09487541764974594, 0.0, 0.1784335970878601, 0.09559845179319382, 0.17971500754356384, 0.0, 0.0], "(3, 0, 1, 1)": [0.0, 0.0, 0.0, 0.08442651480436325, -0.30116623640060425, 0.0, 0.09240777790546417], "(2, 8, 1, 1)": [1.7320146560668945, 1.7154145240783691, 1.768885612487793, 1.7573227882385254, 1.7026373147964478, 1.7360032796859741, 1.7666877508163452], "(2, 8, 2, 1)": [1.2762483358383179, 1.4253889322280884, 1.2544105052947998, 1.0915584564208984, 1.226873517036438, 1.2266782522201538, 1.3251900672912598], "(2, 2, 1, 1)": [1.7159695625305176, 1.7166199684143066, 1.7166054248809814, 1.6845614910125732, 1.69142746925354, 1.7268441915512085, 1.7129364013671875], "(2, 3, 1, 1)": [1.807442545890808, 1.8491133451461792, 1.83407461643219, 1.8469727039337158, 1.8230282068252563, 1.8585734367370605, 1.8733643293380737], "(2, 1, 1, 1)": [1.618105411529541, 1.626029372215271, 1.664111852645874, 1.6352057456970215, 1.6187489032745361, 1.569023609161377, 1.5401670932769775], "(2, 1, 0, 1)": [1.0179311037063599, 0.8507139086723328, 0.7466436624526978, 0.8489735722541809, 0.9942246079444885, 0.9296499490737915, 0.8094967007637024], "(2, 0, 0, 1)": [-0.37346112728118896, -0.2103634625673294, -0.6602602005004883, 0.21964716911315918, -0.13807840645313263, -0.5437059998512268, -0.13786190748214722], "(2, 9, 1, 1)": [1.6268548965454102, 1.6362242698669434, 1.669994831085205, 1.636168360710144, 1.654515027999878, 1.614940881729126, 1.5710021257400513], "(2, 4, 1, 1)": [1.8228663206100464, 1.8625472784042358, 1.8445122241973877, 1.915849208831787, 1.8837993144989014, 1.870558500289917, 1.8884118795394897], "(2, 5, 0, 1)": [1.1695334911346436, 1.162436604499817, 1.3922895193099976, 1.2307355403900146, 1.3563045263290405, 1.0799404382705688, 1.3307151794433594], "(2, 10, 2, 2)": [-0.2789338231086731, 0.0, -0.5840178728103638, -0.5933105945587158, -0.41387829184532166, -0.21965168416500092, -0.21925444900989532], "(2, 4, 0, 0)": [0.0984094962477684, 0.0, 0.1169053241610527, 0.10567682236433029, 0.7022082805633545, 0.22591398656368256, 0.0], "(2, 4, 0, 1)": [1.0537633895874023, 1.2900668382644653, 1.407621145248413, 1.069570541381836, 1.2887831926345825, 1.1473970413208008, 1.1419051885604858], "(2, 3, 0, 0)": [0.09920476377010345, 0.34758952260017395, 0.2240120768547058, 0.5684059262275696, 0.4003683924674988, 0.25099459290504456, 0.39818304777145386], "(2, 2, 0, 1)": [0.6506733894348145, 1.217585802078247, 1.1596386432647705, 0.8567103147506714, 1.3871020078659058, 1.1709059476852417, 1.1202735900878906], "(2, 0, 0, 0)": [-0.577953577041626, -0.21572820842266083, -0.27983421087265015, -0.413349986076355, -0.2149398773908615, -0.4931689202785492, 0.0], "(2, 3, 0, 1)": [1.4403094053268433, 1.3130521774291992, 1.0608679056167603, 1.0233899354934692, 0.9994937181472778, 0.8737455606460571, 1.4090080261230469], "(2, 7, 0, 1)": [0.6181409358978271, 0.6546016931533813, 0.7910875678062439, 1.0493898391723633, 0.8996704816818237, 0.9197837710380554, 0.6333820223808289], "(2, 8, 0, 1)": [0.7698899507522583, 1.0841474533081055, 0.7990745902061462, 0.39281654357910156, 0.6571947932243347, 0.7834969758987427, 0.9061635732650757], "(2, 9, 2, 2)": [0.44331657886505127, 0.5509474873542786, 0.31058400869369507, 0.17433501780033112, -0.21351735293865204, 0.30721721053123474, -0.08962149918079376], "(2, 9, 0, 1)": [0.5721316933631897, 0.6304371356964111, 0.538824200630188, 0.5631000995635986, 0.22702516615390778, 0.9433627724647522, 0.939142107963562], "(2, 2, 0, 0)": [0.7222158908843994, 0.5259931087493896, 0.15461574494838715, 0.21811392903327942, 0.2081775665283203, 0.2081153690814972, 0.347907692193985], "(2, 10, 0, 1)": [0.7423239946365356, 0.6485723257064819, 0.844878077507019, 0.829228937625885, 0.5983511209487915, 1.0166130065917969, 0.435923308134079], "(2, 7, 0, 0)": [0.0, 0.308199018239975, 0.0, 0.0, 0.1476946622133255, 0.0, 0.0], "(2, 6, 0, 0)": [0.09991332143545151, 0.09996218979358673, 0.0, 0.0, 0.0, 0.0, 0.0], "(2, 5, 0, 0)": [0.0, 0.0, 0.0, 0.43987202644348145, 0.09942843019962311, 0.09877868741750717, 0.0], "(1, 4, 0, 0)": [0.0979156494140625, 0.0, 0.0, 0.0, 0.0, 0.0, 0.0],