{"q_values": {"(2, 6, 1, 1)": [1.9645129442214966, 1.9751776456832886, 1.9755879640579224, 1.9676116704940796, 1.9737331867218018, 1.9796624183654785, 1.9692299365997314], "(2, 6, 2, 1)": [1.9000122547149658, 1.8428584337234497, 1.8061566352844238, 1.8369929790496826, 1.8220244646072388, 1.8511930704116821, 1.8846499919891357], "(2, 7, 1, 1)": [1.9277219772338867, 1.9141900539398193, 1.9122815132141113, 1.9194490909576416, 1.9242898225784302, 1.9195811748504639, 1.9279359579086304], "(2, 6, 0, 1)": [1.5500030517578125, 1.6651413440704346, 1.4716401100158691, 1.9238052368164062, 1.5709679126739502, 1.8284050226211548, 1.8055624961853027], "(2, 7, 2, 1)": [1.7991771697998047, 1.7673060894012451, 1.7587987184524536, 1.694690227508545, 1.867706537246704, 1.7006926536560059, 1.7432019710540771], "(2, 8, 2, 2)": [1.2106082439422607, 0.742128849029541, 0.9350739121437073, 0.9115995764732361, 0.3382539749145508, 0.527914822101593, 0.7342537641525269], "(2, 9, 2, 1)": [1.4060903787612915, 1.4056450128555298, 1.3511831760406494, 1.5038094520568848, 1.413287878036499, 1.4160736799240112, 1.3141506910324097], "(2, 10, 2, 1)": [0.7878938317298889, 0.15007348358631134, -0.20644906163215637, -0.3067089915275574, 0.29899507761001587, -0.00023692846298217773, -0.12303220480680466], "(2, 10, 1, 1)": [1.1002856492996216, 0.7676071524620056, 1.0375525951385498, 1.211046576499939, 0.5149418115615845, 0.6750181317329407, 0.43288636207580566], "(2, 0, 1, 1)": [0.4671541452407837, 1.1639456748962402, 0.9685572385787964, 1.2865594625473022, 1.147416353225708, 1.4041386842727661, 1.2440991401672363], "(2, 0, 2, 1)": [1.0563377141952515, 1.0991462469100952, 1.3095238208770752, 0.590295672416687, 0.8759265542030334, 1.0790013074874878, 1.396168828010559], "(2, 1, 2, 1)": [1.5555834770202637, 1.6477704048156738, 1.7251989841461182, 1.7128554582595825, 1.6018842458724976, 1.6493979692459106, 1.7762022018432617], "(2, 2, 2, 1)": [1.7064591646194458, 1.793393611907959, 1.752564787864685, 1.7831954956054688, 1.8058550357818604, 1.893754005432129, 1.7300772666931152], "(2, 3, 2, 1)": [1.8181214332580566, 1.8125008344650269, 1.8671647310256958, 1.8871617317199707, 1.9261606931686401, 1.84855318069458, 1.8803722858428955], "(2, 4, 2, 1)": [1.8438166379928589, 1.8386614322662354, 1.8335583209991455, 1.9288139343261719, 1.821708083152771, 1.90861177444458, 1.883325457572937], "(2, 5, 2, 1)": [1.905319333076477, 1.9366238117218018, 1.923548936843872, 1.8666783571243286, 1.9118584394454956, 1.912807583808899, 1.9249591827392578], "(2, 5, 1, 1)": [1.9855983257293701, 1.9863992929458618, 1.9885567426681519, 1.9876084327697754, 1.987404465675354, 1.9857165813446045, 1.9900739192962646], "(3, 6, 2, 1)": [0.5642678737640381, 0.24273215234279633, 0.8121525645256042, 0.2139027863740921, 0.3891468942165375, 0.2908395826816559, 0.5410434007644653], "(3, 6, 1, 1)": [0.7619383931159973, 0.47816818952560425, 0.22367532551288605, 0.1338483840227127, 0.19842910766601562, 0.4019516706466675, 0.4232821762561798], "(3, 5, 1, 1)": [1.0720937252044678, 0.42777085304260254, 0.3321361243724823, 0.8088817000389099, 0.5004703998565674, 0.42286211252212524, 0.5522586107254028], "(3, 4, 0, 0)": [0.0, 0.0, 0.0, 0.0, 0.09899310022592545, 0.11350033432245255, 0.2885597348213196], "(3, 4, 1, 1)": [0.7294254302978516, 0.8539657592773438, 0.6978228688240051, 0.5742007493972778, 0.39356371760368347, 0.6570654511451721, 1.2401174306869507], "(3, 3, 1, 1)": [0.22476528584957123, 0.5837718844413757, 0.7481100559234619, 0.560326874256134, 0.24637190997600555, 0.9546592235565186, 0.35123515129089355], "(3, 2, 1, 1)": [0.18611517548561096, 0.29662904143333435, 0.44283097982406616, 0.35914427042007446, 0.5070465207099915, 0.5693373680114746, 0.42743104696273804], "(3, 2, 2, 1)": [0.0, 0.1125720962882042, 0.28037112951278687, 0.10243785381317139, 0.10364240407943726, 0.0, 0.0], "(3, 1, 1, 1)": [0.5726391673088074, 0.2620815932750702, 0.26501646637916565, 0.26661622524261475, 0.3600136935710907, 0.26023179292678833, 0.0915755033493042], "(3, 1, 2, 1)": [0.20207825303077698, 0.0, 0.2606159448623657, 0.09559845179319382, 0.17971500754356384, 0.0, 0.0], "(3, 0, 1, 1)": [-0.40814825892448425, -0.14196759462356567, 0.0, 0.1672225445508957, -0.30116623640060425, 0.0, 0.17185039818286896], "(2, 8, 1, 1)": [1.8437072038650513, 1.8568933010101318, 1.8181750774383545, 1.8255624771118164, 1.8561209440231323, 1.8577755689620972, 1.8317021131515503], "(2, 8, 2, 1)": [1.7283878326416016, 1.74878990650177, 1.6946995258331299, 1.6746585369110107, 1.6758817434310913, 1.6683096885681152, 1.6402519941329956], "(2, 2, 1, 1)": [1.796174168586731, 1.8537023067474365, 1.8570071458816528, 1.8602544069290161, 1.8685824871063232, 1.8621470928192139, 1.871361494064331], "(2, 3, 1, 1)": [1.935240626335144, 1.9269685745239258, 1.9313169717788696, 1.9334073066711426, 1.9343557357788086, 1.9443422555923462, 1.9358196258544922], "(2, 1, 1, 1)": [1.7070362567901611, 1.6496188640594482, 1.7260187864303589, 1.7377597093582153, 1.6832036972045898, 1.7448137998580933, 1.7415766716003418], "(2, 1, 0, 1)": [1.298780918121338, 1.191284418106079, 1.33699631690979, 1.23332679271698, 1.2809664011001587, 1.2405030727386475, 1.1283342838287354], "(2, 0, 0, 1)": [-0.9305174946784973, -0.5962644815444946, -0.1407777965068817, -0.06139001250267029, -0.1761394888162613, -0.11966633796691895, -0.1858738660812378], "(2, 9, 1, 1)": [1.6641695499420166, 1.7033294439315796, 1.7139582633972168, 1.6787724494934082, 1.654836893081665, 1.6964808702468872, 1.7284190654754639], "(2, 4, 1, 1)": [1.9692745208740234, 1.963697075843811, 1.9632596969604492, 1.9500406980514526, 1.9501795768737793, 1.9633961915969849, 1.9298803806304932], "(2, 5, 0, 1)": [1.6209983825683594, 1.7505578994750977, 1.8270248174667358, 1.643428921699524, 1.884926676750183, 1.6332100629806519, 1.6823159456253052], "(2, 10, 2, 2)": [-0.5239861607551575, -0.7237359285354614, -0.8717318773269653, -0.9275829792022705, -0.7522108554840088, -0.939643919467926, -0.7839618921279907], "(2, 4, 0, 0)": [0.0984094962477684, 0.0, 0.8527504205703735, 0.23746955394744873, 1.104925274848938, 0.49267494678497314, 0.0], "(2, 4, 0, 1)": [1.7808600664138794, 1.7388041019439697, 1.762723445892334, 1.8017107248306274, 1.7543413639068604, 1.6543610095977783, 1.7218751907348633], "(2, 3, 0, 0)": [0.6955845355987549, 0.7082123160362244, 0.575504720211029, 0.8985738754272461, 1.3304221630096436, 0.3762812614440918, 0.6994189023971558], "(2, 2, 0, 1)": [1.3913187980651855, 1.5613456964492798, 1.489896535873413, 1.381946325302124, 1.5874501466751099, 1.5832293033599854, 1.6136503219604492], "(2, 0, 0, 0)": [-0.9381632804870605, -0.764043927192688, -1.0551033020019531, -0.765692949295044, -0.7231361269950867, -0.9913297891616821, -0.7782003283500671], "(2, 3, 0, 1)": [1.8171467781066895, 1.6969342231750488, 1.5311036109924316, 1.6399929523468018, 1.4914906024932861, 1.5812687873840332, 1.6214796304702759], "(2, 7, 0, 1)": [1.3468750715255737, 1.3523778915405273, 1.4760465621948242, 1.6716399192810059, 1.6091034412384033, 1.5305153131484985, 1.3025696277618408], "(2, 8, 0, 1)": [1.354915976524353, 1.1543165445327759, 1.5569636821746826, 1.231459140777588, 1.0776419639587402, 1.36832594871521, 1.7034481763839722], "(2, 9, 2, 2)": [0.7584608197212219, 0.8249452114105225, 0.4903806746006012, 0.5095406770706177, -0.21351735293865204, 0.6041809916496277, 0.2100347876548767], "(2, 9, 0, 1)": [1.3841831684112549, 1.4280141592025757, 1.4023768901824951, 1.1588940620422363, 1.2830175161361694, 1.4677166938781738, 1.6637216806411743], "(2, 2, 0, 0)": [1.4054920673370361, 0.6416969895362854, 0.6638302206993103, 0.8744426965713501, 0.6737800240516663, 0.7753388285636902, 0.9302485585212708], "(2, 10, 0, 1)": [1.3341470956802368, 1.3938212394714355, 1.37938392162323, 1.4619077444076538, 0.9612060785293579, 1.2951229810714722, 1.4116660356521606],