{"q_values": {"(2, 6, 1, 1)": [1.0178868770599365, 0.9910563230514526, 0.9606233835220337, 1.0407969951629639, 1.0186972618103027, 1.0362319946289062, 1.03730309009552], "(2, 6, 2, 1)": [0.6439135670661926, 0.7970739603042603, 0.5324180126190186, 0.637545108795166, 0.6990184187889099, 0.6783402562141418, 0.48049601912498474], "(2, 7, 1, 1)": [1.0051268339157104, 0.9342839121818542, 0.9342958927154541, 1.03335702419281, 0.9634196758270264, 0.9831953048706055, 1.027950644493103], "(2, 6, 0, 1)": [0.6392486095428467, 0.4852904975414276, 0.6865054965019226, 0.5923043489456177, 0.5390772223472595, 0.542725145816803, 0.4247756004333496], "(2, 7, 2, 1)": [0.7952815890312195, 0.5866209268569946, 0.46928611397743225, 0.40153276920318604, 0.5302385687828064, 0.5056527853012085, 0.6096757650375366], "(2, 8, 2, 2)": [0.32139530777931213, 0.0, 0.09552498161792755, 0.17696447670459747, 0.2466098666191101, 0.2535052001476288, 0.3137137293815613], "(2, 9, 2, 1)": [0.6184659004211426, 0.6557053923606873, 0.2547186017036438, 0.37077218294143677, 0.09676278382539749, 0.22955548763275146, 0.2886156439781189], "(2, 10, 2, 1)": [-0.13932061195373535, -0.11200309544801712, -0.530726969242096, -0.3506627678871155, -0.07336531579494476, 0.0, -0.349346399307251], "(2, 10, 1, 1)": [0.5988844633102417, 0.48090144991874695, 0.3975468873977661, -0.17778617143630981, 0.3884063959121704, 0.17691975831985474, 0.1905481517314911], "(2, 0, 1, 1)": [0.3037804067134857, 0.22677992284297943, 0.36015787720680237, 0.18164005875587463, 0.5648215413093567, 0.5254397392272949, 0.25729429721832275], "(2, 0, 2, 1)": [0.36256712675094604, 0.41193118691444397, 0.0914665162563324, 0.0906594842672348, 0.08718414604663849, 0.3116884231567383, 0.4645310938358307], "(2, 1, 2, 1)": [0.5049088597297668, 0.4535767734050751, 0.628609836101532, 0.49708759784698486, 0.4544236660003662, 0.5848456621170044, 0.6739523410797119], "(2, 2, 2, 1)": [0.3436785638332367, 0.4074578285217285, 0.6500071287155151, 0.5825533270835876, 0.7429289221763611, 0.4051111936569214, 0.7547680139541626], "(2, 3, 2, 1)": [0.5298804044723511, 0.5360133647918701, 0.1907462477684021, 0.6238132119178772, 0.4159184694290161, 0.34166455268859863, 0.48210692405700684], "(2, 4, 2, 1)": [0.7201439142227173, 0.20429565012454987, 0.1949613094329834, 0.3610810935497284, 0.5490918159484863, 0.4185298681259155, 0.5411675572395325], "(2, 5, 2, 1)": [0.2851395606994629, 0.2801647186279297, 0.774498462677002, 0.6900297999382019, 0.5856037139892578, 0.4906254708766937, 0.5477123856544495], "(2, 5, 1, 1)": [1.0684305429458618, 1.0268796682357788, 1.0183587074279785, 1.0035773515701294, 1.0404551029205322, 1.0556858777999878, 0.9887782335281372], "(3, 6, 2, 1)": [0.0998801663517952, 0.0, 0.0, 0.0, 0.0, 0.0, 0.09979673475027084], "(3, 6, 1, 1)": [0.0997876301407814, 0.0, 0.0, 0.0, 0.0, 0.0, 0.09993865340948105], "(3, 5, 1, 1)": [0.18974965810775757, 0.1907816380262375, 0.18952731788158417, 0.09999936819076538, 0.0, 0.09940396994352341, 0.09992989897727966], "(3, 4, 0, 0)": [0.0, 0.0, 0.0, 0.0, 0.09899310022592545, 0.0, 0.0], "(3, 4, 1, 1)": [0.0, 0.18869370222091675, 0.18729235231876373, 0.18935033679008484, 0.18943873047828674, 0.09931408613920212, 0.18784745037555695], "(3, 3, 1, 1)": [0.261827677488327, 0.0, 0.2633667588233948, 0.4006759524345398, 0.0, 0.26347821950912476, 0.0998486652970314], "(3, 2, 1, 1)": [0.32381993532180786, 0.0, 0.09487994760274887, 0.0933951884508133, 0.18044394254684448, 0.3225882351398468, 0.17633390426635742], "(3, 2, 2, 1)": [0.0, 0.0, 0.09309136122465134, 0.0, 0.0, 0.0, 0.0], "(3, 1, 1, 1)": [0.0864960178732872, 0.0, 0.171055868268013, 0.08807047456502914, 0.30258119106292725, 0.16934248805046082, 0.17003244161605835], "(3, 1, 2, 1)": [0.09100519120693207, 0.3169270157814026, 0.17395955324172974, 0.2483242303133011, 0.17103831470012665, 0.0, 0.09281690418720245], "(3, 0, 1, 1)": [0.0, 0.0838862881064415, 0.08127614110708237, 0.2334136664867401, -0.4126819372177124, 0.0, -0.21788744628429413], "(2, 8, 1, 1)": [0.9132276773452759, 0.9248268604278564, 0.9959596395492554, 0.9589139819145203, 0.9097809195518494, 0.9322431683540344, 0.9241625070571899], "(2, 8, 2, 1)": [0.39133569598197937, 0.43839502334594727, 0.3262699246406555, 0.6323258280754089, 0.18525584042072296, 0.38563382625579834, 0.44920721650123596], "(2, 2, 1, 1)": [0.9415301084518433, 1.0027207136154175, 1.003833532333374, 0.9552372694015503, 0.9113255143165588, 0.949524462223053, 0.9710015058517456], "(2, 3, 1, 1)": [1.011243224143982, 0.8348028659820557, 0.8689975738525391, 0.9136250019073486, 0.8395591378211975, 0.8993514776229858, 0.8213198184967041], "(2, 1, 1, 1)": [0.941650927066803, 0.9504987001419067, 0.9708734750747681, 0.9512950778007507, 0.966982901096344, 0.9801910519599915, 0.9552747011184692], "(2, 1, 0, 1)": [0.6144488453865051, 0.39888110756874084, 0.5522094368934631, 0.48402541875839233, 0.3560437560081482, 0.36999648809432983, 0.42331385612487793], "(2, 0, 0, 1)": [-0.7854394316673279, -0.5657011866569519, -0.7031152248382568, -0.5543853044509888, -0.39418265223503113, 0.08188305050134659, 0.08478262275457382], "(2, 9, 1, 1)": [0.8592097759246826, 0.8402071595191956, 0.8535751104354858, 0.8788654804229736, 0.9304553866386414, 0.8647332191467285, 0.8410422801971436], "(2, 4, 1, 1)": [1.006608009338379, 1.0363123416900635, 1.0333526134490967, 1.0090867280960083, 1.0702707767486572, 1.0334193706512451, 1.0289469957351685], "(2, 5, 0, 1)": [0.5972779989242554, 0.6462537050247192, 0.48270875215530396, 0.6045534610748291, 0.6339824795722961, 0.6457059383392334, 0.8373765349388123], "(2, 10, 2, 2)": [-0.2184395045042038, -0.41737431287765503, -0.2201266586780548, 0.0906113013625145, 0.0, -0.22101175785064697, -0.21925444900989532], "(2, 4, 0, 1)": [0.5866954326629639, 0.5856145024299622, 0.4769917130470276, 0.8237864971160889, 0.6216428875923157, 0.4873458743095398, 0.7441611886024475], "(2, 3, 0, 1)": [0.7200004458427429, 0.6131150126457214, 0.6069859862327576, 0.515489399433136, 0.41566017270088196, 0.8156479597091675, 0.536380410194397], "(2, 2, 0, 1)": [0.5811082720756531, 0.6188377141952515, 0.5191320776939392, 0.3874741196632385, 0.6733577251434326, 0.5578698515892029, 0.5809094309806824], "(2, 2, 0, 0)": [0.09199278801679611, 0.17214612662792206, 0.17174580693244934, 0.0, 0.09488170593976974, 0.24811497330665588, 0.17194297909736633], "(2, 7, 0, 1)": [0.48528897762298584, 0.5804105997085571, 0.19006654620170593, 0.7367198467254639, 0.2734788954257965, 0.2779196500778198, 0.41543063521385193], "(2, 1, 0, 0)": [0.295978307723999, 0.05293428897857666, 0.08237147331237793, 0.09034878015518188, 0.22991454601287842, 0.23927372694015503, 0.22544807195663452], "(2, 0, 0, 0)": [-0.11702296137809753, -0.22294285893440247, -0.11411233991384506, -0.22067129611968994, -0.2222241461277008, -0.4214877784252167, 0.08065320551395416], "(2, 8, 0, 1)": [0.263131707906723, 0.4093868136405945, 0.5222845077514648, 0.41380468010902405, 0.18337690830230713, 0.09758228808641434, 0.3393186926841736], "(2, 5, 0, 0)": [0.0, 0.0, 0.0, 0.0, 0.10327193886041641, 0.0, 0.0], "(2, 9, 0, 1)": [0.49394088983535767, 0.32935982942581177, 0.3867533504962921, 0.18072445690631866, 0.7023595571517944, 0.2636834681034088, 0.38703659176826477], "(2, 7, 0, 0)": [0.0, 0.0, 0.10206300020217896, 0.0986911877989769, 0.0, 0.0, 0.0], "(2, 6, 0, 0)": [0.0, 0.0, 0.0, 0.10180457681417465, 0.10194618999958038, 0.0, 0.10171838849782944], "(1, 4, 0, 1)": [0.0, 0.0, 0.0, 0.09958647936582565, 0.2740466296672821, 0.1891886293888092, 0.0], "(1, 4, 1, 1)": [0.09964605420827866, 0.2723587453365326, 0.09961264580488205, 0.19956326484680176, 0.28016185760498047, 0.0, 0.2741842269897461], "(1, 5, 1, 1)": [0.0, 0.18978703022003174, 0.0, 0.09972115606069565, 0.10090750455856323, 0.09964688122272491, 0.18996639549732208], "(1, 6, 1, 1)": [0.3445698618888855, 0.10023254156112671, 0.2711709141731262, 0.0, 0.09886185824871063, 0.18889109790325165, 0.18645653128623962],