{"q_values": {"(2, 5, 2, 2)": [0.0195781197398901, 0.018795045092701912], "(2, 5, 1, 2)": [0.01976785622537136, 0.019542375579476357], "(2, 5, 1, 1)": [0.019773349165916443, 0.019516335800290108], "(2, 5, 3, 2)": [0.01754734478890896, 0.01962009258568287], "(2, 5, 3, 3)": [0.019631342962384224, 0.01749083772301674], "(2, 5, 4, 3)": [0.019582165405154228, 0.018745649605989456], "(2, 5, 5, 3)": [0.019265154376626015, 0.01740368828177452], "(2, 4, 2, 2)": [0.01777159981429577, 0.019853241741657257], "(2, 4, 3, 2)": [0.017180105671286583, 0.019778402522206306], "(2, 4, 4, 3)": [0.019704828038811684, 0.019455423578619957], "(2, 4, 5, 3)": [0.019508305937051773, 0.019407890737056732], "(2, 4, 6, 4)": [0.017874473705887794, 0.007961434312164783], "(2, 5, 6, 4)": [0.019022569060325623, 0.01663353480398655], "(2, 5, 0, 1)": [0.019622184336185455, 0.01981959491968155], "(2, 4, 0, 1)": [0.013220726512372494, 0.01975957117974758], "(2, 4, 1, 2)": [0.01657186634838581, 0.01989109069108963], "(2, 4, 3, 3)": [0.019762618467211723, 0.0193721204996109], "(2, 4, 1, 1)": [0.01232714019715786, 0.019035499542951584], "(2, 5, 4, 2)": [0.01874549500644207, 0.016488462686538696], "(2, 4, 4, 2)": [0.019068755209445953, 0.018858889117836952], "(2, 4, 2, 1)": [0.014539899304509163, 0.015212821774184704], "(2, 4, 0, 0)": [0.004979806020855904, 0.014955446124076843], "(3, 5, 3, 2)": [0.019016852602362633, 0.01610131748020649], "(3, 5, 2, 2)": [0.019201230257749557, 0.019151195883750916], "(3, 5, 1, 2)": [0.019698509946465492, 0.018934670835733414], "(2, 5, 0, 2)": [0.019819220528006554, 0.019427530467510223], "(2, 5, 2, 3)": [0.019427496939897537, 0.01637185551226139], "(3, 4, 4, 3)": [0.019403178244829178, 0.01925729587674141], "(3, 4, 5, 3)": [0.019326945766806602, 0.01897386834025383], "(3, 4, 3, 2)": [0.018403759226202965, 0.01736980862915516], "(3, 4, 2, 2)": [0.01855715923011303, 0.01884709857404232], "(3, 4, 1, 1)": [0.01654672622680664, 0.01441727764904499], "(3, 4, 0, 1)": [0.01479647122323513, 0.014070839621126652], "(3, 4, 0, 0)": [0.0023259276058524847, 0.013883494772017002], "(3, 5, 5, 3)": [0.015462315641343594, 0.018107125535607338], "(3, 5, 6, 4)": [0.004441043362021446, -0.001206292537972331], "(2, 5, 5, 4)": [0.018484754487872124, 0.012257385067641735], "(1, 5, 1, 1)": [0.019672507420182228, 0.0045224386267364025], "(1, 5, 0, 1)": [0.019474130123853683, 0.019707519561052322], "(1, 5, 1, 2)": [0.019570263102650642, 0.01938801445066929], "(1, 5, 2, 2)": [0.019456105306744576, 0.01939399354159832], "(1, 4, 2, 2)": [0.019775450229644775, 0.016638023778796196], "(1, 5, 3, 3)": [0.019334973767399788, 0.01686086878180504], "(1, 5, 2, 3)": [0.017552237957715988, 0.015227179042994976], "(3, 5, 3, 3)": [0.016561876982450485, 0.013914483599364758], "(2, 5, 6, 3)": [0.018709402531385422, 0.014778905548155308], "(2, 5, -1, 1)": [0.01766129769384861, 0.014758634380996227], "(2, 5, -1, 0)": [0.009072546847164631, 0.015483652241528034], "(2, 5, -2, 0)": [0.0035693924874067307, 0.0], "(2, 4, -2, 0)": [0.009356113150715828, 0.0011274920543655753], "(2, 4, -1, 0)": [0.0030890030320733786, 0.013573963195085526], "(2, 4, 0, 2)": [0.019417619332671165, 0.019835123792290688], "(1, 4, 0, 1)": [0.016800126060843468, 0.019644448533654213], "(1, 4, 1, 1)": [0.010787948034703732, 0.017234602943062782], "(1, 4, 1, 2)": [0.01856863498687744, 0.01973104476928711], "(1, 4, 3, 2)": [0.01892763003706932, 0.019362401217222214], "(1, 4, 3, 3)": [0.0194231104105711, 0.019714340567588806], "(2, 4, 6, 3)": [0.019111718982458115, 0.015895498916506767], "(3, 5, 4, 3)": [0.015937281772494316, 0.016916560009121895], "(1, 4, 0, 2)": [0.01629500649869442, 0.019542252644896507], "(1, 4, 2, 3)": [0.019640613347291946, 0.018231913447380066], "(2, 5, 4, 4)": [-0.001469966839067638, 0.0021009210031479597], "(1, 4, 4, 3)": [0.019070936366915703, 0.018904708325862885], "(1, 4, 5, 3)": [0.003423707326874137, 0.01729315146803856], "(1, 4, 6, 3)": [0.006297608837485313, 0.0], "(1, 5, 4, 3)": [0.019232509657740593, 0.014631816186010838], "(3, 4, 4, 2)": [0.019070984795689583, 0.019037915393710136], "(3, 4, 2, 1)": [0.014068572781980038, 0.016113895922899246], "(1, 4, -1, 1)": [0.014982360415160656, 0.012823682278394699], "(2, 4, 5, 4)": [0.004968053661286831, 0.01718537136912346], "(3, 5, 4, 2)": [0.019185004755854607, 0.01957073248922825], "(3, 5, 6, 3)": [0.005574266891926527, 0.012963998131453991], "(2, 5, 1, 3)": [0.0017490675672888756, -0.00011008151341229677], "(1, 4, 4, 2)": [0.008548196405172348, 0.01866825856268406], "(3, 5, 1, 1)": [0.019467201083898544, 0.019318334758281708], "(3, 5, 0, 1)": [0.019522694870829582, 0.019768821075558662], "(1, 4, -1, 0)": [0.0015143512282520533, 0.011686434969305992], "(2, 4, -1, 1)": [0.01566930301487446, 0.012687760405242443], "(3, 5, 5, 4)": [0.0022964016534388065, 0.0008755570743232965], "(2, 5, 2, 1)": [0.014449316076934338, 0.019631218165159225], "(1, 5, 5, 3)": [0.014440180733799934, 0.0068095712922513485], "(1, 5, 0, 2)": [0.01953987590968609, 0.017148543149232864], "(3, 5, 7, 4)": [-0.001065369346179068, -0.0013796805869787931], "(3, 4, 6, 3)": [0.013175790198147297, 0.004385547246783972], "(3, 4, 1, 2)": [0.019389290362596512, 0.018752744421362877], "(3, 4, 3, 3)": [0.0184222012758255, 0.005329475272446871], "(3, 5, 2, 1)": [0.018739372491836548, 0.019534016028046608], "(3, 4, 5, 2)": [0.019070688635110855, 0.009802177548408508], "(3, 4, 3, 1)": [0.00963893998414278, 0.005617083981633186], "(2, 5, 7, 4)": [0.000881526037119329, -0.004514941480010748], "(1, 5, 3, 2)": [0.019205540418624878, 0.018718896433711052], "(1, 5, 1, 3)": [-0.0013699288247153163, 0.005242189392447472], "(3, 5, 0, 2)": [0.01066496130079031, 0.0018516898853704333], "(3, 5, 2, 3)": [0.0018066391348838806, 0.0], "(3, 5, 0, 0)": [0.0, 0.0011343936203047633], "(4, 4, 4, 2)": [0.015181435272097588, 0.018763376399874687], "(4, 4, 3, 2)": [0.010280945338308811, 0.01676354929804802], "(4, 4, 2, 1)": [0.01198261696845293, 0.002379410434514284], "(4, 4, 1, 1)": [0.0003088820958510041, 0.008134188130497932], "(4, 4, 0, 0)": [0.003303396049886942, -0.002210459904745221], "(1, 4, 0, 0)": [-0.0013259218540042639, -0.004823384340852499], "(1, 5, 5, 4)": [0.008429450914263725, 0.00017682136967778206], "(1, 5, 6, 4)": [-0.0021899265702813864, -0.002713165245950222], "(4, 5, 3, 2)": [0.012720602564513683, 0.015282480977475643], "(4, 5, 2, 2)": [0.0158584825694561, 0.005801839288324118], "(4, 5, 1, 1)": [0.0071482271887362, 0.0031004217453300953], "(4, 5, 4, 3)": [0.016522634774446487, 0.0067039974965155125], "(4, 5, 5, 3)": [0.015220806933939457, 0.011445503681898117], "(4, 5, 3, 3)": [0.0008396588964387774, 0.0], "(4, 5, 1, 2)": [0.0016563811805099249, 0.0018858974799513817], "(4, 5, 0, 1)": [0.007194628939032555, 0.0019953842274844646], "(3, 5, 5, 2)": [0.0, 0.0060372184962034225], "(4, 4, 5, 2)": [0.018700871616601944, 0.010721193626523018], "(4, 4, 5, 3)": [0.018102673813700676, 0.0034823273308575153], "(4, 5, 5, 2)": [0.012899225577712059, 0.0030974452383816242], "(4, 5, 4, 2)": [0.015140504576265812, 0.017285849899053574], "(4, 5, 3, 1)": [0.0010846322402358055, 0.0], "(4, 5, 2, 1)": [0.0, 0.0037431521341204643], "(2, 5, 0, 0)": [0.015015087090432644, 0.0], "(3, 4, 6, 4)": [0.0, 0.007336446084082127], "(2, 4, 5, 2)": [0.011838454753160477, 0.0], "(1, 5, -1, 1)": [0.016464851796627045, 0.0025632386095821857], "(2, 4, 2, 3)": [0.01964639686048031, 0.009084630757570267], "(1, 4, -2, 1)": [0.00039717729669064283, 0.009759015403687954], "(0, 4, -2, 0)": [0.0026255850680172443, 0.011808356270194054], "(1, 4, -2, 0)": [0.007332321256399155, -0.0034444681368768215], "(1, 4, 6, 4)": [0.001930094207637012, 0.0], "(1, 4, 2, 1)": [0.005980454385280609, 0.0], "(4, 4, 3, 1)": [0.0033317147754132748, 0.008778993971645832], "(2, 5, -2, 1)": [0.0019459896720945835, 0.0], "(1, 4, -3, 0)": [-0.0012671704171225429, 0.003966330084949732], "(0, 4, 0, 1)": [0.014628814533352852, 0.013930458575487137],