{"q_values": {"(3, 5, 3, 3)": [0.09162923693656921, 0.09161987900733948, 0.09160085767507553, 0.0915391594171524, 0.0910724475979805, 0.09112430363893509, 0.09096971899271011], "(3, 5, 3, 4)": [0.08510059863328934, 0.08561592549085617, 0.0870409905910492, 0.08328285068273544, 0.08545812964439392, 0.08572795987129211, 0.08342669159173965], "(3, 5, 4, 4)": [0.08728740364313126, 0.08243805170059204, 0.08530071377754211, 0.0875408872961998, 0.08659779280424118, 0.08742006123065948, 0.08569138497114182], "(3, 5, 4, 3)": [0.0866534486413002, 0.08904604613780975, 0.08687261492013931, 0.08932433277368546, 0.0880742222070694, 0.08957543224096298, 0.08926144242286682], "(4, 5, 3, 3)": [0.08487279713153839, 0.08254600316286087, 0.08390650898218155, 0.08305788040161133, 0.08233284950256348, 0.08220100402832031, 0.08409932255744934], "(4, 5, 4, 3)": [0.07169954478740692, 0.07546257227659225, 0.07391772419214249, 0.07603690028190613, 0.07377111911773682, 0.07125140726566315, 0.07564544677734375], "(4, 5, 4, 4)": [0.07193277776241302, 0.07318189740180969, 0.07346034795045853, 0.07486119866371155, 0.06624785810709, 0.06334962695837021, 0.06308543682098389], "(4, 5, 3, 2)": [0.06367155909538269, 0.06372622400522232, 0.07311734557151794, 0.07674961537122726, 0.08316971361637115, 0.07425425201654434, 0.07661861926317215], "(4, 5, 2, 2)": [0.03940925374627113, 0.06953486055135727, 0.03969835489988327, 0.026370037347078323, 0.042943429201841354, 0.04149791598320007, 0.04197237640619278], "(3, 5, 3, 2)": [0.08712000399827957, 0.08466225862503052, 0.0847858190536499, 0.08544798940420151, 0.08414120227098465, 0.08614878356456757, 0.0861954465508461], "(3, 5, 2, 2)": [0.08231355249881744, 0.0816899910569191, 0.08366893976926804, 0.08299951255321503, 0.08581118285655975, 0.08240658044815063, 0.08304055780172348], "(3, 5, 2, 1)": [0.031095445156097412, 0.05548730492591858, 0.046770595014095306, 0.037105124443769455, 0.04257453233003616, 0.04063770920038223, 0.043330296874046326], "(2, 5, 2, 2)": [0.051646552979946136, 0.05536888539791107, 0.05445292219519615, 0.053551189601421356, 0.0689239427447319, 0.05499289557337761, 0.05654354766011238], "(2, 5, 3, 2)": [0.04832485690712929, 0.041839856654405594, 0.05059615895152092, 0.04467045143246651, 0.05230804905295372, 0.06832501292228699, 0.05104266479611397], "(2, 5, 3, 3)": [0.07410585880279541, 0.07370315492153168, 0.07145124673843384, 0.07362046837806702, 0.07521075010299683, 0.07486485689878464, 0.07798890769481659], "(3, 5, 4, 5)": [0.03205348551273346, 0.044817592948675156, 0.04760536924004555, 0.06757813692092896, 0.05050895735621452, 0.03890632838010788, 0.05723532661795616], "(3, 5, 2, 3)": [0.08448394387960434, 0.08316728472709656, 0.0853460356593132, 0.08491208404302597, 0.08337078988552094, 0.08967489749193192, 0.08667085319757462], "(2, 5, 2, 3)": [0.03245862200856209, 0.031297121196985245, 0.03408052772283554, 0.06982429325580597, 0.024036727845668793, 0.022319793701171875, 0.02316039241850376], "(2, 5, 3, 4)": [0.07304627448320389, 0.06588760018348694, 0.06344863772392273, 0.050797268748283386, 0.06465218961238861, 0.058055464178323746, 0.06093064695596695], "(4, 5, 2, 1)": [0.0, 0.0044867233373224735, 0.006958029232919216, 0.006540975533425808, 0.0021623121574521065, 0.00565654831007123, 0.021389327943325043], "(4, 5, 4, 5)": [0.00837027095258236, 0.004271938465535641, 0.013106368482112885, 0.003662017174065113, 0.006674238480627537, 0.0037474778946489096, 0.030132504180073738], "(4, 5, 3, 4)": [0.06698351353406906, 0.06984317302703857, 0.08064606785774231, 0.0642145648598671, 0.06238849088549614, 0.0692153051495552, 0.060616083443164825], "(2, 5, 4, 4)": [0.041292544454336166, 0.024173136800527573, 0.02490420453250408, 0.01873081363737583, 0.026807084679603577, 0.07042793929576874, 0.02647639438509941], "(2, 5, 2, 1)": [0.00472842063754797, 0.0040451413951814175, 0.012180302292108536, 0.017688725143671036, -3.577175084501505e-05, 0.009618012234568596, 0.007867625914514065], "(3, 5, 3, 1)": [0.0, 0.0, 0.006033782381564379, 0.008727439679205418, 0.0, 0.0, 0.0], "(2, 5, 4, 5)": [0.0, 0.0, 0.0, 0.0, 0.004863698035478592, 0.013229897245764732, 0.0018706725677475333], "(3, 5, 5, 5)": [0.0, 0.0, 0.0, 0.0, 0.007528693415224552, 0.0, 0.0], "(4, 5, 2, 3)": [0.004945260472595692, 0.0, 0.0010280146962031722, 0.017463671043515205, 0.0, 0.0010397661244496703, 0.0], "(2, 5, 4, 3)": [0.006170641165226698, 0.0, 0.0, 0.0014150114730000496, 0.020222172141075134, 0.0, 0.0], "(4, 5, 4, 2)": [0.0, 0.0, 0.0, 0.0, 0.007664351258426905, 0.014135264791548252, 0.0], "(4, 5, 3, 1)": [0.0, 0.0, 0.0, 0.0, 0.0, 0.0, 0.0], "(1, 5, 2, 2)": [0.0009414696251042187, 0.0, 0.0033231000415980816, 0.0022079497575759888, 0.0013138194335624576, 0.001634180429391563, 0.008771374821662903], "(1, 5, 3, 2)": [0.0010103615932166576, 0.0, 0.0, 0.0, 0.0008941839332692325, 0.0, 0.0], "(1, 5, 3, 3)": [0.0021769602317363024, 0.011208801530301571, 0.0, 0.0028272857889533043, 0.0, 0.002521413378417492, 0.0], "(1, 5, 2, 3)": [0.015010902658104897, 0.004670136608183384, 0.0028059796895831823, 0.0014225594932213426, 0.005992876831442118, 0.0, 0.0], "(0, 5, 2, 2)": [0.0013473477447405457, 0.004967465065419674, 0.0, 0.0, 0.004057970363646746, 0.0012430846691131592, 0.0013023519422858953], "(0, 5, 2, 3)": [0.00198928639292717, 0.005155900493264198, 0.0, 0.0, 0.0, 0.0, 0.0], "(4, 5, 5, 5)": [0.007830524817109108, 0.0, 0.0, 0.0, 0.0, 0.0, 0.0], "(4, 5, 5, 6)": [0.0, 0.0, 0.0, 0.0, 0.0, 0.0, 0.0], "(5, 5, 3, 3)": [0.0044950516894459724, 0.021015550941228867, 0.0024487816262990236, 0.002772354055196047, 0.0013715267414227128, 0.005033641122281551, 0.004537101369351149], "(5, 5, 4, 3)": [0.011654889211058617, 0.0, 0.00394828338176012, 0.0018904398893937469, 0.0, 0.00429255235940218, 0.0], "(5, 5, 4, 4)": [0.003194721881300211, 0.0, 0.0, 0.0, 0.0, 0.0, 0.0], "(5, 5, 3, 2)": [0.005222839768975973, 0.0026343674398958683, 0.004266251344233751, 0.0033109954092651606, 0.006869040429592133, 0.0025555689353495836, 0.019745491445064545], "(5, 5, 2, 2)": [0.0, 0.0, 0.002245586831122637, 0.0012319439556449652, 0.0, 0.0, 0.0], "(3, 5, 1, 1)": [0.0009425294701941311, 0.0, 0.0, 0.0, 0.0, 0.0, 0.0], "(2, 5, 1, 1)": [-0.0012882354203611612, 0.0, 0.0, 0.0, 0.0, 0.0033113781828433275, 0.0], "(5, 5, 4, 2)": [0.0029882811941206455, 0.0011016663629561663, 0.002608752343803644, 0.0, 0.0, -0.000415712216636166, 0.0], "(5, 5, 3, 1)": [0.0, 0.0, 0.0, 0.0, 0.002759472234174609, 0.002946430118754506, 0.0], "(4, 5, 5, 4)": [0.00786888413131237, 0.0, 0.0, 0.0, 0.0, 0.0, 0.0]}}