{"q_values": {"(2, 5, 2, 2)": [0.01952766813337803, 0.018825657665729523, 0.019019680097699165, 0.019169820472598076, 0.01901451125741005], "(2, 5, 3, 2)": [0.019193686544895172, 0.01649405248463154, 0.017648588865995407, 0.01703834719955921, 0.01749841682612896], "(2, 5, 3, 3)": [0.01690317504107952, 0.016807546839118004, 0.015168197453022003, 0.013868709094822407, 0.015523997135460377], "(2, 4, 2, 2)": [0.018888896331191063, 0.018796393647789955, 0.018956871703267097, 0.018892750144004822, 0.018867436796426773], "(2, 4, 3, 2)": [0.016530171036720276, 0.018187914043664932, 0.01896771788597107, 0.018944697454571724, 0.019216561689972878], "(2, 4, 3, 3)": [0.019638115540146828, 0.019667966291308403, 0.019690342247486115, 0.019669821485877037, 0.01966874860227108], "(2, 4, 4, 3)": [0.019587963819503784, 0.01960803009569645, 0.019579125568270683, 0.01964118704199791, 0.019599270075559616], "(2, 4, 1, 1)": [0.01472637988626957, 0.015023226849734783, 0.015511737205088139, 0.01620876044034958, 0.017473945394158363], "(2, 4, 2, 1)": [0.011754843406379223, 0.011362179182469845, 0.011909513734281063, 0.012688039802014828, 0.018717285245656967], "(2, 5, 4, 3)": [0.01699860952794552, 0.018242163583636284, 0.015741780400276184, 0.016261454671621323, 0.01528440322726965], "(2, 4, 1, 2)": [0.01580110751092434, 0.018689118325710297, 0.018899008631706238, 0.016327690333127975, 0.018755793571472168], "(2, 5, 1, 2)": [0.01973867043852806, 0.019491281360387802, 0.01942889206111431, 0.019556382670998573, 0.019570421427488327], "(2, 5, 0, 2)": [0.019262894988059998, 0.01933819241821766, 0.019289597868919373, 0.019721414893865585, 0.019366107881069183], "(2, 5, 2, 3)": [0.010255563072860241, 0.010745703242719173, 0.010524380020797253, 0.01813511550426483, 0.01127147302031517], "(2, 4, 0, 1)": [0.018531428650021553, 0.017888106405735016, 0.018181022256612778, 0.015851415693759918, 0.018808016553521156], "(2, 4, 4, 2)": [0.019230827689170837, 0.018996872007846832, 0.01899435929954052, 0.019379541277885437, 0.01801515370607376], "(2, 4, 5, 3)": [0.019510187208652496, 0.019069017842411995, 0.018858620896935463, 0.018716715276241302, 0.019279316067695618], "(3, 4, 4, 2)": [0.01953943818807602, 0.01940661109983921, 0.019899113103747368, 0.019680757075548172, 0.019634801894426346], "(3, 4, 3, 2)": [0.019550738856196404, 0.019187476485967636, 0.019594037905335426, 0.017021482810378075, 0.019908757880330086], "(3, 4, 2, 1)": [0.016446946188807487, 0.016045110300183296, 0.015860190615057945, 0.018654992803931236, 0.01598985120654106], "(3, 4, 2, 2)": [0.018969131633639336, 0.0185852088034153, 0.017860278487205505, 0.01978827454149723, 0.019325921311974525], "(3, 4, 3, 1)": [0.005213962867856026, -0.0029303967021405697, 0.0016834313282743096, 0.0010264803422614932, 0.013415137305855751], "(2, 5, 0, 1)": [0.019496968016028404, 0.01968739554286003, 0.019699975848197937, 0.019687889143824577, 0.019650913774967194], "(2, 5, 5, 3)": [0.019185934215784073, 0.017534691840410233, 0.010769268497824669, 0.01371865812689066, 0.015384899452328682], "(3, 5, 4, 3)": [0.016219481825828552, 0.01880241371691227, 0.016139352694153786, 0.01819516345858574, 0.016170445829629898], "(3, 5, 3, 3)": [0.01874905824661255, 0.015670299530029297, 0.013813577592372894, 0.01350163109600544, 0.010125299915671349], "(3, 5, 2, 2)": [0.019436415284872055, 0.016823656857013702, 0.019041307270526886, 0.01868613250553608, 0.017145125195384026], "(3, 5, 3, 2)": [0.019380098208785057, 0.019307347014546394, 0.01952354609966278, 0.019828051328659058, 0.01934913359582424], "(3, 5, 1, 2)": [0.019426513463258743, 0.018933402374386787, 0.019116386771202087, 0.01915927790105343, 0.01904585026204586], "(2, 5, 5, 4)": [0.0029255691915750504, 0.003793623996898532, -0.0009718924993649125, 0.0021679741330444813, 0.014710497111082077], "(3, 4, 5, 3)": [0.015129711478948593, 0.016441699117422104, 0.01949225924909115, 0.012102598324418068, 0.013318028301000595], "(3, 4, 4, 3)": [0.01984369195997715, 0.01971522718667984, 0.019570577889680862, 0.019465316087007523, 0.01953735575079918], "(3, 5, 4, 2)": [0.01944660022854805, 0.01982554979622364, 0.019432973116636276, 0.01911650039255619, 0.019634896889328957], "(1, 4, 0, 1)": [0.01804973930120468, 0.017424488440155983, 0.019306646659970284, 0.017061609774827957, 0.019453829154372215], "(1, 4, 1, 2)": [0.018550895154476166, 0.019449733197689056, 0.019292108714580536, 0.01987595111131668, 0.01940910890698433], "(1, 4, 2, 2)": [0.019448235630989075, 0.019534502178430557, 0.01966657117009163, 0.019893931224942207, 0.01829407550394535], "(1, 4, 3, 3)": [0.019481772556900978, 0.01963474228978157, 0.019604410976171494, 0.019533736631274223, 0.01987980492413044], "(1, 4, 4, 3)": [0.016791904345154762, 0.018550816923379898, 0.01802987791597843, 0.01950128749012947, 0.01802119053900242], "(1, 5, 1, 2)": [0.01979883201420307, 0.01945980079472065, 0.019184917211532593, 0.01909641921520233, 0.019137296825647354], "(1, 5, 0, 2)": [0.019867751747369766, 0.019337283447384834, 0.017847931012511253, 0.019462494179606438, 0.019326547160744667], "(1, 5, 2, 3)": [0.012424806132912636, 0.019726259633898735, 0.015885721892118454, 0.013529224321246147, 0.01374755147844553], "(1, 5, 3, 3)": [0.019691023975610733, 0.018422331660985947, 0.0190525371581316, 0.018901703879237175, 0.019125165417790413], "(3, 5, 1, 1)": [0.019059276208281517, 0.019122635945677757, 0.01929350756108761, 0.019262034446001053, 0.019160429015755653], "(3, 4, 1, 1)": [0.01618855446577072, 0.014799523167312145, 0.014256332069635391, 0.016262467950582504, 0.017652446404099464], "(3, 4, 1, 2)": [0.01845669187605381, 0.017914779484272003, 0.01840433105826378, 0.018388496711850166, 0.016858527436852455], "(3, 4, 0, 1)": [0.009183993563055992, 0.010616034269332886, 0.00919802114367485, 0.014067653566598892, 0.009664271026849747], "(2, 5, 1, 1)": [0.019716273993253708, 0.019815389066934586, 0.019750015810132027, 0.019705504179000854, 0.01968148909509182], "(2, 5, 4, 2)": [0.019672060385346413, 0.018073437735438347, 0.018663473427295685, 0.016173359006643295, 0.018532613292336464], "(2, 5, 2, 1)": [0.003681791014969349, 0.0016444604843854904, 0.01940320059657097, 0.010138828307390213, 0.004917526617646217], "(2, 4, 5, 2)": [0.007948673330247402, 0.0, 0.0, 0.0012975673889741302, 0.0], "(3, 4, 5, 2)": [0.009097113274037838, 0.0065613603219389915, 0.005522068124264479, 0.007325959391891956, 0.018952971324324608], "(1, 5, 2, 2)": [0.019705064594745636, 0.016446687281131744, 0.016452431678771973, 0.016925236210227013, 0.016681887209415436], "(1, 4, 3, 2)": [0.019279446452856064, 0.019164683297276497, 0.01968134194612503, 0.01938805729150772, 0.01949165016412735], "(2, 4, 0, 2)": [0.016067637130618095, 0.018572518602013588, 0.019787143915891647, 0.01907823234796524, 0.018777310848236084], "(1, 4, -1, 1)": [0.009732067584991455, 0.007223903201520443, 0.0157647542655468, 0.006368348374962807, 0.007995317690074444], "(2, 5, 6, 4)": [0.011657779105007648, 0.0031006375793367624, 0.004614220932126045, 0.005033022258430719, 0.006303576752543449], "(3, 5, 6, 3)": [0.0051344954408705235, 0.0, 0.0, 0.0, 0.0], "(3, 5, 5, 3)": [0.014911874197423458, 0.016624338924884796, 0.015261431224644184, 0.015471057035028934, 0.013842600397765636], "(2, 4, -1, 0)": [-0.0013047027168795466, 0.0026427768170833588, 0.0021806308068335056, 0.002743000630289316, 0.0055680000223219395], "(1, 4, 0, 2)": [0.016987722367048264, 0.018619604408740997, 0.019845016300678253, 0.01930432952940464, 0.019367137923836708], "(1, 4, 2, 3)": [0.011129013262689114, 0.019860226660966873, 0.01028972864151001, 0.010163775645196438, 0.01639336161315441], "(1, 4, 1, 1)": [0.013310504145920277, 0.010693864896893501, 0.011369518004357815, 0.01107671670615673, 0.01907692663371563], "(1, 4, 4, 2)": [0.0114903524518013, 0.0, 0.0, 0.001043972559273243, 0.0], "(2, 4, -1, 1)": [0.013715194538235664, 0.005385941825807095, 0.00013573328033089638, 0.0035101105459034443, 0.00140245514921844],