{"q_values": {"(3, 5, 3, 3)": [0.08783340454101562, 0.08778312057256699, 0.08769802004098892, 0.0887562707066536, 0.08855357766151428, 0.08678606152534485, 0.08904019743204117], "(3, 5, 3, 4)": [0.08629432320594788, 0.08702874183654785, 0.08453752100467682, 0.08490370959043503, 0.08228018879890442, 0.08490972220897675, 0.08415284007787704], "(3, 5, 4, 4)": [0.08656837046146393, 0.08915762603282928, 0.08571533113718033, 0.08555413782596588, 0.08726544678211212, 0.08623791486024857, 0.08331261575222015], "(3, 5, 4, 3)": [0.09004950523376465, 0.08868346363306046, 0.09066712111234665, 0.09004882723093033, 0.09008915722370148, 0.0901450589299202, 0.09019159525632858], "(4, 5, 3, 3)": [0.08394862711429596, 0.08786950260400772, 0.08505643159151077, 0.08484695851802826, 0.08633236587047577, 0.08582009375095367, 0.08561098575592041], "(4, 5, 4, 3)": [0.08883386105298996, 0.0857517272233963, 0.08659439533948898, 0.08479958772659302, 0.0841333344578743, 0.08604088425636292, 0.08678170293569565], "(4, 5, 4, 4)": [0.08795321732759476, 0.07841610908508301, 0.08355294913053513, 0.0838913545012474, 0.07851600646972656, 0.08258601278066635, 0.08080829679965973], "(4, 5, 3, 2)": [0.08313911408185959, 0.08356605470180511, 0.07807307690382004, 0.07833585888147354, 0.08153603225946426, 0.08524172008037567, 0.07997850328683853], "(4, 5, 2, 2)": [0.06933563202619553, 0.08784177154302597, 0.0598507896065712, 0.045223385095596313, 0.06589436531066895, 0.06689721345901489, 0.05491107329726219], "(3, 5, 3, 2)": [0.08340037614107132, 0.08252497017383575, 0.08260025084018707, 0.08372069150209427, 0.08314216136932373, 0.08250350505113602, 0.08846646547317505], "(3, 5, 2, 2)": [0.0828273743391037, 0.08061301708221436, 0.08401432633399963, 0.08466223627328873, 0.08423855155706406, 0.08965734392404556, 0.08214468508958817], "(3, 5, 2, 1)": [0.0458349846303463, 0.05201490595936775, 0.04772123694419861, 0.05115755274891853, 0.05370280146598816, 0.04530685022473335, 0.07976006716489792], "(2, 5, 2, 2)": [0.07923737913370132, 0.07552754878997803, 0.07757575064897537, 0.0797351747751236, 0.0798119381070137, 0.07834494113922119, 0.08076590299606323], "(2, 5, 3, 2)": [0.08084356039762497, 0.07629133015871048, 0.072859987616539, 0.07657490670681, 0.0793427899479866, 0.07889115065336227, 0.07594798505306244], "(2, 5, 3, 3)": [0.084436796605587, 0.08403541892766953, 0.08205582946538925, 0.08115760236978531, 0.08419671654701233, 0.08206085860729218, 0.08301658928394318], "(3, 5, 4, 5)": [0.03664858266711235, 0.049710795283317566, 0.06434160470962524, 0.06689553707838058, 0.06795557588338852, 0.05571848154067993, 0.06587689369916916], "(3, 5, 2, 3)": [0.089579738676548, 0.08850685507059097, 0.088399238884449, 0.08907204866409302, 0.08794572204351425, 0.08900878578424454, 0.08815303444862366], "(2, 5, 2, 3)": [0.06707648187875748, 0.04990861192345619, 0.07116285711526871, 0.088680200278759, 0.057290736585855484, 0.06426893919706345, 0.07403118163347244], "(2, 5, 3, 4)": [0.08084625750780106, 0.08087436854839325, 0.08329924941062927, 0.07646290957927704, 0.08150710165500641, 0.08059675246477127, 0.08031842112541199], "(4, 5, 2, 1)": [0.0, 0.004462909419089556, 0.03570959344506264, 0.006540975533425808, 0.0052553690038621426, 0.010259951464831829, 0.019707798957824707], "(4, 5, 4, 5)": [0.017828701063990593, 0.004271938465535641, 0.013106368482112885, 0.012827510014176369, 0.00997139047831297, 0.0037474778946489096, 0.05221642553806305], "(4, 5, 3, 4)": [0.08162809163331985, 0.08638419210910797, 0.07976793497800827, 0.08287901431322098, 0.08381888270378113, 0.08048611134290695, 0.08164376020431519], "(2, 5, 4, 4)": [0.07078153640031815, 0.05199053883552551, 0.049653559923172, 0.060818497091531754, 0.057007621973752975, 0.07384698837995529, 0.04235687851905823], "(2, 5, 2, 1)": [0.0038555734790861607, 0.009873852133750916, 0.013552739284932613, 0.05014677718281746, -3.577175084501505e-05, 0.009618012234568596, 0.01112418994307518], "(3, 5, 3, 1)": [0.0, 0.0, 0.006033782381564379, 0.008727439679205418, 0.0, 0.0, 0.0], "(2, 5, 4, 5)": [0.0, 0.0, 0.00782392080873251, 0.0, 0.004863698035478592, 0.028490064665675163, 0.010403108783066273], "(3, 5, 5, 5)": [0.0, 0.0, 0.0, 0.004520888905972242, 0.017847701907157898, 0.0, 0.0], "(4, 5, 2, 3)": [0.011944067664444447, 0.0, 0.0010280146962031722, 0.05007128044962883, 0.008695580996572971, 0.0010397661244496703, 0.008915870450437069], "(2, 5, 4, 3)": [0.006170641165226698, 0.005546446889638901, 0.0, 0.0014150114730000496, 0.06032237783074379, 0.002726351609453559, 0.008695605210959911], "(4, 5, 4, 2)": [0.0, 0.0, 0.0, 0.0, 0.007664351258426905, 0.021636806428432465, 0.0], "(4, 5, 3, 1)": [0.0, 0.0, 0.0, 0.0, 0.0, 0.0, 0.0], "(1, 5, 2, 2)": [0.0009414696251042187, 0.0, 0.0033231000415980816, 0.0022079497575759888, 0.0037184059619903564, 0.001634180429391563, 0.012502065859735012], "(1, 5, 3, 2)": [0.0010103615932166576, 0.0, 0.0, 0.0, 0.0008941839332692325, 0.0, 0.0], "(1, 5, 3, 3)": [0.004248663317412138, 0.012708587571978569, 0.0, 0.0028272857889533043, 0.0, 0.0011484683491289616, 0.0], "(1, 5, 2, 3)": [0.02393304370343685, 0.004670136608183384, 0.004888574592769146, 0.0014225594932213426, 0.009679370559751987, 0.007194029167294502, 0.0019655877258628607], "(0, 5, 2, 2)": [0.0013473477447405457, 0.005465207155793905, 0.0, 0.0, 0.004057970363646746, 0.0012430846691131592, 0.0013023519422858953], "(0, 5, 2, 3)": [0.00198928639292717, 0.005155900493264198, 0.0, 0.0, 0.0, 0.0, 0.0], "(4, 5, 5, 5)": [0.026955045759677887, 0.0, 0.0, 0.0, 0.0, 0.0, 0.0], "(4, 5, 5, 6)": [0.0, 0.0, 0.0, 0.0, 0.0, 0.0, 0.0], "(5, 5, 3, 3)": [0.0044950516894459724, 0.02819990925490856, 0.0024487816262990236, 0.002772354055196047, 0.005142024718225002, 0.0067285578697919846, 0.008778945542871952], "(5, 5, 4, 3)": [0.030357956886291504, 0.0028909335378557444, 0.005750654265284538, 0.008195911534130573, -0.0016294531524181366, 0.0060350033454597, 0.0], "(5, 5, 4, 4)": [0.003194721881300211, 0.0, 0.0, 0.0, 0.0, 0.0, 0.0], "(5, 5, 3, 2)": [0.005222839768975973, 0.008006809279322624, 0.004266251344233751, 0.011437389999628067, 0.00963594764471054, 0.008211201056838036, 0.035480085760354996], "(5, 5, 2, 2)": [0.0, 0.0, 0.002245586831122637, 0.0012319439556449652, 0.0, 0.0, 0.0], "(3, 5, 1, 1)": [-0.0012954345438629389, 0.0009209744748659432, 0.00889467541128397, 0.0, -0.00214022072032094, 0.0, 0.0], "(2, 5, 1, 1)": [-0.0012882354203611612, 0.0, 0.0, 0.0, 0.0, 0.0033113781828433275, 0.0], "(5, 5, 4, 2)": [0.0062471432611346245, 0.0011016663629561663, 0.002608752343803644, 0.0, 0.0, -0.000415712216636166, 0.0], "(5, 5, 3, 1)": [0.0, 0.0, 0.0, 0.0, 0.002759472234174609, 0.002946430118754506, 0.0], "(4, 5, 5, 4)": [0.00786888413131237, 0.0, 0.0, 0.0, 0.0, 0.0, 0.0], "(1, 5, 3, 4)": [0.004655506927520037, 0.0, 0.0, 0.0, 0.002671891124919057, 0.0, 0.0], "(0, 5, 1, 2)": [0.0044988710433244705, 0.0, 0.0, 0.0011776587925851345, 0.0, 0.0, 0.0], "(0, 5, 1, 1)": [0.00047785392962396145, 0.0, 0.001080350368283689, 0.0, 0.0, 0.0, 0.0]}}