{"q_values": {"(2, 5, 2, 2)": [0.019716791808605194, 0.018904341384768486], "(2, 5, 1, 2)": [0.01981828361749649, 0.019495733082294464], "(2, 5, 1, 1)": [0.019840259104967117, 0.019762493669986725], "(2, 5, 3, 2)": [0.019687732681632042, 0.019435975700616837], "(2, 5, 3, 3)": [0.019706975668668747, 0.01957840286195278], "(2, 5, 4, 3)": [0.01969038136303425, 0.018860429525375366], "(2, 5, 5, 3)": [0.01969476044178009, 0.018957722932100296], "(2, 4, 2, 2)": [0.01931030862033367, 0.019846299663186073], "(2, 4, 3, 2)": [0.019409392029047012, 0.019841670989990234], "(2, 4, 4, 3)": [0.019617481157183647, 0.019812049344182014], "(2, 4, 5, 3)": [0.019841117784380913, 0.01955447904765606], "(2, 4, 6, 4)": [0.019627882167696953, 0.009121652692556381], "(2, 5, 6, 4)": [0.019108101725578308, 0.015735337510704994], "(2, 5, 0, 1)": [0.019562194123864174, 0.019895216450095177], "(2, 4, 0, 1)": [0.01902405358850956, 0.019827604293823242], "(2, 4, 1, 2)": [0.019412463530898094, 0.01988067291676998], "(2, 4, 3, 3)": [0.019599735736846924, 0.019861385226249695], "(2, 4, 1, 1)": [0.016258791089057922, 0.01978806033730507], "(2, 5, 4, 2)": [0.01952967420220375, 0.01976163685321808], "(2, 4, 4, 2)": [0.019131146371364594, 0.019802577793598175], "(2, 4, 2, 1)": [0.013129081577062607, 0.01950031891465187], "(2, 4, 0, 0)": [0.015437752939760685, 0.01840147376060486], "(3, 5, 3, 2)": [0.019910167902708054, 0.0196690633893013], "(3, 5, 2, 2)": [0.019888494163751602, 0.019473792985081673], "(3, 5, 1, 2)": [0.01993100345134735, 0.019451873376965523], "(2, 5, 0, 2)": [0.019862854853272438, 0.01957780309021473], "(2, 5, 2, 3)": [0.01979019306600094, 0.013346237130463123], "(3, 4, 4, 3)": [0.019884519279003143, 0.019710225984454155], "(3, 4, 5, 3)": [0.0197871383279562, 0.01964966580271721], "(3, 4, 3, 2)": [0.01922142505645752, 0.019568894058465958], "(3, 4, 2, 2)": [0.019350647926330566, 0.01952791027724743], "(3, 4, 1, 1)": [0.019145870581269264, 0.019637269899249077], "(3, 4, 0, 1)": [0.018185662105679512, 0.019869940355420113], "(3, 4, 0, 0)": [-0.0003498716978356242, 0.01928809843957424], "(3, 5, 5, 3)": [0.01986631751060486, 0.01928737387061119], "(3, 5, 6, 4)": [0.018369950354099274, -0.0007747827330604196], "(2, 5, 5, 4)": [0.019430097192525864, 0.014364510774612427], "(1, 5, 1, 1)": [0.019944440573453903, 0.01835016719996929], "(1, 5, 0, 1)": [0.019688427448272705, 0.01996791362762451], "(1, 5, 1, 2)": [0.01996581442654133, 0.019655294716358185], "(1, 5, 2, 2)": [0.0199403278529644, 0.01791456528007984], "(1, 4, 2, 2)": [0.01911109685897827, 0.019950304180383682], "(1, 5, 3, 3)": [0.019888507202267647, 0.018031258136034012], "(1, 5, 2, 3)": [0.019906707108020782, 0.015027029439806938], "(3, 5, 3, 3)": [0.019817810505628586, 0.01721453294157982], "(2, 5, 6, 3)": [0.019444819539785385, 0.016024524345993996], "(2, 5, -1, 1)": [0.01877395063638687, 0.017751717939972878], "(2, 5, -1, 0)": [0.014149094931781292, 0.01944030076265335], "(2, 5, -2, 0)": [0.016685418784618378, 0.0], "(2, 4, -2, 0)": [0.010331306606531143, 0.010990655981004238], "(2, 4, -1, 0)": [0.016407648101449013, 0.01386477891355753], "(2, 4, 0, 2)": [0.01964629627764225, 0.019933495670557022], "(1, 4, 0, 1)": [0.01720712147653103, 0.019940117374062538], "(1, 4, 1, 1)": [0.01628488302230835, 0.019741659983992577], "(1, 4, 1, 2)": [0.019772712141275406, 0.019966010004281998], "(1, 4, 3, 2)": [0.01942593604326248, 0.01986786723136902], "(1, 4, 3, 3)": [0.01989719830453396, 0.019581543281674385], "(2, 4, 6, 3)": [0.019551141187548637, 0.017409872263669968], "(3, 5, 4, 3)": [0.019848614931106567, 0.01891910843551159], "(1, 4, 0, 2)": [0.01946772262454033, 0.019963163882493973], "(1, 4, 2, 3)": [0.019923828542232513, 0.01949375495314598], "(2, 5, 4, 4)": [-0.001469966839067638, 0.006076914258301258], "(1, 4, 4, 3)": [0.01924908347427845, 0.01987689733505249], "(1, 4, 5, 3)": [0.010024504736065865, 0.019810806959867477], "(1, 4, 6, 3)": [0.019482465460896492, 0.0031247208826243877], "(1, 5, 4, 3)": [0.01937040127813816, 0.015727005898952484], "(3, 4, 4, 2)": [0.01909562386572361, 0.01975284516811371], "(3, 4, 2, 1)": [0.014938614331185818, 0.019477177411317825], "(1, 4, -1, 1)": [0.01402902603149414, 0.018668456003069878], "(2, 4, 5, 4)": [0.006449338048696518, 0.019756056368350983], "(3, 5, 4, 2)": [0.019909437745809555, 0.01964571326971054], "(3, 5, 6, 3)": [0.01966884173452854, 0.010416452772915363], "(2, 5, 1, 3)": [0.0033274537418037653, -0.00011008151341229677], "(1, 4, 4, 2)": [0.016680078580975533, 0.019854258745908737], "(3, 5, 1, 1)": [0.01935744285583496, 0.01991468295454979], "(3, 5, 0, 1)": [0.01936313509941101, 0.019940242171287537], "(1, 4, -1, 0)": [0.007963159121572971, 0.015595870092511177], "(2, 4, -1, 1)": [0.017423734068870544, 0.01633874885737896], "(3, 5, 5, 4)": [0.010971720330417156, 0.0008755570743232965], "(2, 5, 2, 1)": [0.018129317089915276, 0.01982724666595459], "(1, 5, 5, 3)": [0.019650457426905632, 0.013250710442662239], "(1, 5, 0, 2)": [0.019961722195148468, 0.019488543272018433], "(3, 5, 7, 4)": [-0.0038375495932996273, -0.003287926781922579], "(3, 4, 6, 3)": [0.019859032705426216, 0.004385547246783972], "(3, 4, 1, 2)": [0.019046051427721977, 0.01992764323949814], "(3, 4, 3, 3)": [0.019533671438694, 0.01994594931602478], "(3, 5, 2, 1)": [0.019896389916539192, 0.01969889923930168], "(3, 4, 5, 2)": [0.019795125350356102, 0.01588551141321659], "(3, 4, 3, 1)": [0.015610897913575172, 0.012408236972987652], "(2, 5, 7, 4)": [-0.0005847862921655178, -0.0032058581709861755], "(1, 5, 3, 2)": [0.019791802391409874, 0.016293086111545563], "(1, 5, 1, 3)": [0.0006282251561060548, 0.011307436972856522], "(3, 5, 0, 2)": [0.019924316555261612, 0.0018516898853704333], "(3, 5, 2, 3)": [0.010781857185065746, 0.0], "(3, 5, 0, 0)": [0.0, 0.005995573941618204], "(4, 4, 4, 2)": [0.014301382005214691, 0.01948494277894497], "(4, 4, 3, 2)": [0.014159505255520344, 0.017632314935326576], "(4, 4, 2, 1)": [0.013641289435327053, 0.01937614195048809], "(4, 4, 1, 1)": [0.013016500510275364, 0.019129566848278046], "(4, 4, 0, 0)": [0.005420270375907421, 0.016980910673737526], "(1, 4, 0, 0)": [0.013337760232388973, -0.002407575026154518], "(1, 5, 5, 4)": [0.019049951806664467, 0.00017682136967778206], "(1, 5, 6, 4)": [0.019543660804629326, 0.0014984088484197855], "(4, 5, 3, 2)": [0.01570717804133892, 0.0165815781801939], "(4, 5, 2, 2)": [0.0189107246696949, 0.018035532906651497], "(4, 5, 1, 1)": [0.019539909437298775, 0.015864260494709015], "(4, 5, 4, 3)": [0.018905561417341232, 0.01212076935917139], "(4, 5, 5, 3)": [0.0195643100887537, 0.012906990945339203], "(4, 5, 3, 3)": [0.006648445967584848, 0.012648012489080429], "(4, 5, 1, 2)": [0.003433345817029476, 0.019463196396827698], "(4, 5, 0, 1)": [0.019511612132191658, 0.0067515904083848], "(3, 5, 5, 2)": [0.0, 0.01858515478670597], "(4, 4, 5, 2)": [0.015141225419938564, 0.010045797564089298], "(4, 4, 5, 3)": [0.019059397280216217, 0.013499973341822624], "(4, 5, 5, 2)": [0.01787060871720314, 0.008603803813457489], "(4, 5, 4, 2)": [0.019653549417853355, 0.015655627474188805], "(4, 5, 3, 1)": [0.019494177773594856, 0.0], "(4, 5, 2, 1)": [0.01668780855834484, 0.019189324229955673], "(2, 5, 0, 0)": [0.019509566947817802, 0.0019692580681294203], "(3, 4, 6, 4)": [0.0, 0.01163534913212061], "(2, 4, 5, 2)": [0.018417390063405037, 0.0], "(1, 5, -1, 1)": [0.018386179581284523, 0.009754758328199387], "(2, 4, 2, 3)": [0.019877661019563675, 0.01604960486292839], "(1, 4, -2, 1)": [0.001614276086911559, 0.01536267064511776], "(0, 4, -2, 0)": [0.0022214511409401894, 0.018334589898586273], "(1, 4, -2, 0)": [0.007767584174871445, -0.0017984070582315326], "(1, 4, 6, 4)": [0.019587699323892593, 0.0], "(1, 4, 2, 1)": [0.015501289628446102, 0.0108480928465724], "(4, 4, 3, 1)": [0.005173056852072477, 0.017766878008842468], "(2, 5, -2, 1)": [0.01089880894869566, 0.0], "(1, 4, -3, 0)": [-0.0022739912383258343, 0.0019897441379725933],