{"q_values": {"(2, 5, 2, 2)": [0.01983470842242241, 0.018985403701663017, 0.01874418556690216, 0.017048003152012825, 0.017561256885528564], "(2, 5, 3, 2)": [0.019850395619869232, 0.01931122876703739, 0.01939878799021244, 0.019302338361740112, 0.01936511881649494], "(2, 5, 3, 3)": [0.014171233400702477, 0.013651438988745213, 0.015036672353744507, 0.014008717611432076, 0.018837224692106247], "(2, 4, 2, 2)": [0.018895428627729416, 0.015794118866324425, 0.019069479778409004, 0.018925415351986885, 0.01978522725403309], "(2, 4, 3, 2)": [0.018674960359930992, 0.018984729424118996, 0.01902022212743759, 0.016529781743884087, 0.01977158524096012], "(2, 4, 3, 3)": [0.01948951743543148, 0.01944619044661522, 0.019480407238006592, 0.01950252614915371, 0.019616788253188133], "(2, 4, 4, 3)": [0.019357262179255486, 0.019746651872992516, 0.019363783299922943, 0.019066860899329185, 0.019128253683447838], "(2, 4, 1, 1)": [0.016416549682617188, 0.016917884349822998, 0.017719758674502373, 0.016273723915219307, 0.019721539691090584], "(2, 4, 2, 1)": [0.010553792119026184, 0.013189500197768211, 0.014014133252203465, 0.014736325480043888, 0.013531850650906563], "(2, 5, 4, 3)": [0.019253915175795555, 0.01510176807641983, 0.011961099691689014, 0.015083184465765953, 0.013765731826424599], "(2, 4, 1, 2)": [0.018976133316755295, 0.01965014822781086, 0.019128480926156044, 0.019174164161086082, 0.019212929531931877], "(2, 5, 1, 2)": [0.01896325685083866, 0.019764091819524765, 0.018062755465507507, 0.018144717440009117, 0.016832003369927406], "(2, 5, 0, 2)": [0.019328787922859192, 0.019198179244995117, 0.016112765297293663, 0.019145991653203964, 0.019169647246599197], "(2, 5, 2, 3)": [0.011413962580263615, 0.009817386046051979, 0.01596156880259514, 0.010681014508008957, 0.009743250906467438], "(2, 4, 0, 1)": [0.015169141814112663, 0.0183829665184021, 0.018019964918494225, 0.018799321725964546, 0.019655002281069756], "(2, 4, 4, 2)": [0.01728721335530281, 0.019287576898932457, 0.019161492586135864, 0.01908492110669613, 0.019168537110090256], "(2, 4, 5, 3)": [0.019201459363102913, 0.019482746720314026, 0.01906898431479931, 0.019113047048449516, 0.019132675603032112], "(3, 4, 4, 2)": [0.019477928057312965, 0.019549649208784103, 0.019544420763850212, 0.019618123769760132, 0.019888969138264656], "(3, 4, 3, 2)": [0.01941804215312004, 0.018955234438180923, 0.01797252520918846, 0.019151996821165085, 0.019885919988155365], "(3, 4, 2, 1)": [0.013971278443932533, 0.015442928299307823, 0.016471799463033676, 0.013503440655767918, 0.016223298385739326], "(3, 4, 2, 2)": [0.019201837480068207, 0.01908004842698574, 0.019602464511990547, 0.019414147362113, 0.019781295210123062], "(3, 4, 3, 1)": [0.005213962867856026, -0.0029303967021405697, 0.0031991279684007168, 0.0010264803422614932, 0.01772870123386383], "(2, 5, 0, 1)": [0.019295113161206245, 0.01972840540111065, 0.019449010491371155, 0.0195591039955616, 0.01954825036227703], "(2, 5, 5, 3)": [0.008837616071105003, 0.008280410431325436, 0.010059020482003689, 0.00842762365937233, 0.008357533253729343], "(3, 5, 4, 3)": [0.017858294770121574, 0.01988685503602028, 0.01879066415131092, 0.018476057797670364, 0.01714029721915722], "(3, 5, 3, 3)": [0.01622658595442772, 0.019869662821292877, 0.015843544155359268, 0.015624083578586578, 0.013851290568709373], "(3, 5, 2, 2)": [0.019843004643917084, 0.01745317503809929, 0.019528424367308617, 0.01923990063369274, 0.01837184652686119], "(3, 5, 3, 2)": [0.019898872822523117, 0.019253212958574295, 0.019302183762192726, 0.019200580194592476, 0.018206289038062096], "(3, 5, 1, 2)": [0.019748037680983543, 0.019435061141848564, 0.019419744610786438, 0.01902925595641136, 0.019483420997858047], "(2, 5, 5, 4)": [0.0029255691915750504, 0.005315027199685574, -0.0009718924993649125, 0.0043835751712322235, 0.00716174254193902], "(3, 4, 5, 3)": [0.018682068213820457, 0.018627770245075226, 0.019859489053487778, 0.017165854573249817, 0.018060807138681412], "(3, 4, 4, 3)": [0.01960667595267296, 0.01991390809416771, 0.019444795325398445, 0.019663536921143532, 0.019724005833268166], "(3, 5, 4, 2)": [0.01988605409860611, 0.01969088800251484, 0.0197305791079998, 0.019680069759488106, 0.019615354016423225], "(1, 4, 0, 1)": [0.01539363618940115, 0.015911180526018143, 0.01626533642411232, 0.016854645684361458, 0.019645225256681442], "(1, 4, 1, 2)": [0.018777651712298393, 0.016409967094659805, 0.018846115097403526, 0.018790962174534798, 0.019646497443318367], "(1, 4, 2, 2)": [0.016641920432448387, 0.018802789971232414, 0.01874488778412342, 0.018675142899155617, 0.019371263682842255], "(1, 4, 3, 3)": [0.01930183544754982, 0.018972067162394524, 0.019033310934901237, 0.018982836976647377, 0.01883276365697384], "(1, 4, 4, 3)": [0.017932066693902016, 0.019277095794677734, 0.018377862870693207, 0.018957635387778282, 0.018689371645450592], "(1, 5, 1, 2)": [0.01637641154229641, 0.017152056097984314, 0.016424410045146942, 0.01864120364189148, 0.016115501523017883], "(1, 5, 0, 2)": [0.01905364729464054, 0.01903664320707321, 0.01902179606258869, 0.01905626617372036, 0.01882288232445717], "(1, 5, 2, 3)": [0.012656633742153645, 0.013274184428155422, 0.00984216295182705, 0.012556503526866436, 0.014039987698197365], "(1, 5, 3, 3)": [0.012511544860899448, 0.017593979835510254, 0.011595926247537136, 0.008807698264718056, 0.010922138579189777], "(3, 5, 1, 1)": [0.019670741632580757, 0.019626863300800323, 0.019591977819800377, 0.01966021955013275, 0.01967327482998371], "(3, 4, 1, 1)": [0.01514377910643816, 0.017071375623345375, 0.01581357978284359, 0.018697386607527733, 0.017019744962453842], "(3, 4, 1, 2)": [0.019082581624388695, 0.018881699070334435, 0.01919318176805973, 0.019099604338407516, 0.01972881704568863], "(3, 4, 0, 1)": [0.015651648864150047, 0.014714371412992477, 0.013387112878262997, 0.01456998661160469, 0.019382305443286896], "(2, 5, 1, 1)": [0.01956116035580635, 0.01959572359919548, 0.01977662183344364, 0.019603202119469643, 0.019623661413788795], "(2, 5, 4, 2)": [0.01983238011598587, 0.018977683037519455, 0.019142864271998405, 0.018584776669740677, 0.019037818536162376], "(2, 5, 2, 1)": [0.008045797236263752, 0.00510770920664072, 0.019726552069187164, 0.010138828307390213, 0.006408751476556063], "(2, 4, 5, 2)": [0.014982469379901886, 0.0, 0.0019191583851352334, 0.0012975673889741302, 0.0], "(3, 4, 5, 2)": [0.011066904291510582, 0.010792266577482224, 0.010177277959883213, 0.011546691879630089, 0.01956966519355774], "(1, 5, 2, 2)": [0.015057723969221115, 0.015233883634209633, 0.015572575852274895, 0.016077835112810135, 0.01856856979429722], "(1, 4, 3, 2)": [0.019479500129818916, 0.01897190324962139, 0.018762577325105667, 0.01893458515405655, 0.01879766397178173], "(2, 4, 0, 2)": [0.017563948407769203, 0.019322587177157402, 0.019624346867203712, 0.019160659983754158, 0.019167859107255936], "(1, 4, -1, 1)": [0.009732067584991455, 0.008085524663329124, 0.015228467993438244, 0.006368348374962807, 0.0097917839884758], "(2, 5, 6, 4)": [0.005562452599406242, 0.0031006375793367624, 0.004614220932126045, 0.005033022258430719, 0.006303576752543449], "(3, 5, 6, 3)": [0.011443965137004852, 0.0, 0.0, 0.0, 0.0], "(3, 5, 5, 3)": [0.01764766313135624, 0.01986420340836048, 0.017696211114525795, 0.014514228329062462, 0.014880025759339333], "(2, 4, -1, 0)": [0.00014107092283666134, 0.0026427768170833588, 0.014712932519614697, 0.002743000630289316, 0.0029304237104952335], "(1, 4, 0, 2)": [0.019388778135180473, 0.019406363368034363, 0.019657818600535393, 0.018525881692767143, 0.019746005535125732], "(1, 4, 2, 3)": [0.014535382390022278, 0.019085001200437546, 0.012889339588582516, 0.012810125015676022, 0.018044019117951393], "(1, 4, 1, 1)": [0.013069693930447102, 0.012276880443096161, 0.013486556708812714, 0.013700130395591259, 0.018616726621985435], "(1, 4, 4, 2)": [0.01900424435734749, 0.001923231640830636, 0.0019623134285211563, 0.004602635744959116, 0.0029393674340099096],