{"q_values": {"(3, 5, 3, 3)": [0.08873460441827774, 0.08921008557081223, 0.08646106719970703, 0.08878183364868164, 0.08757059276103973, 0.08902482688426971, 0.08806537091732025], "(3, 5, 3, 4)": [0.08600973337888718, 0.08791925758123398, 0.08610039204359055, 0.08616232872009277, 0.08394764363765717, 0.08315601944923401, 0.08436121046543121], "(3, 5, 4, 4)": [0.08274273574352264, 0.07758786529302597, 0.08350060135126114, 0.07739662379026413, 0.08164826780557632, 0.08234187960624695, 0.07979162782430649], "(3, 5, 4, 3)": [0.04286094382405281, 0.05548418313264847, 0.04801374673843384, 0.06825677305459976, 0.05737893283367157, 0.07554423809051514, 0.06189054250717163], "(4, 5, 3, 3)": [0.0462956428527832, 0.050625160336494446, 0.045989979058504105, 0.04776658117771149, 0.05043406784534454, 0.045426610857248306, 0.04539928585290909], "(4, 5, 4, 3)": [0.014696542173624039, 0.02060742676258087, 0.022126203402876854, 0.013750954531133175, 0.016234681010246277, 0.03387317433953285, 0.02378534898161888], "(4, 5, 4, 4)": [0.027160286903381348, 0.03995456546545029, 0.029721466824412346, 0.03058098815381527, 0.032861363142728806, 0.030478984117507935, 0.032446958124637604], "(4, 5, 3, 2)": [0.03235218673944473, 0.035266630351543427, 0.037606265395879745, 0.03381185978651047, 0.031003756448626518, 0.034260980784893036, 0.030901677906513214], "(4, 5, 2, 2)": [0.022781116887927055, 0.025621140375733376, 0.014802631922066212, 0.010484462603926659, 0.00693061389029026, 0.004753541201353073, 0.024784144014120102], "(3, 5, 3, 2)": [0.08398225903511047, 0.08555794507265091, 0.08273270726203918, 0.08353864401578903, 0.0821269303560257, 0.08391982316970825, 0.08089079707860947], "(3, 5, 2, 2)": [0.07033348083496094, 0.0700354054570198, 0.07261836528778076, 0.07569979876279831, 0.0763496533036232, 0.08002352714538574, 0.07752396166324615], "(3, 5, 2, 1)": [0.009244361892342567, 0.028492067009210587, 0.006725759245455265, 0.01994883269071579, 0.0027079167775809765, 0.00605751620605588, 0.018657531589269638], "(2, 5, 2, 2)": [0.02368992194533348, 0.023869924247264862, 0.02300468645989895, 0.019427841529250145, 0.02823260985314846, 0.016437672078609467, 0.020762886852025986], "(2, 5, 3, 2)": [0.016887662932276726, 0.009944531135261059, 0.007456812541931868, 0.010094678029417992, 0.016519032418727875, 0.03550589829683304, 0.024353094398975372], "(2, 5, 3, 3)": [0.04635898768901825, 0.04726770892739296, 0.05127318575978279, 0.04368993639945984, 0.04931594803929329, 0.04318878799676895, 0.05447309464216232], "(3, 5, 4, 5)": [0.011228210292756557, 0.03277355432510376, 0.03444536775350571, 0.03478803485631943, 0.015235593542456627, 0.021853968501091003, 0.034750018268823624], "(3, 5, 2, 3)": [0.043476223945617676, 0.05697491392493248, 0.05210556834936142, 0.055551789700984955, 0.037715159356594086, 0.07763972878456116, 0.06188900023698807], "(2, 5, 2, 3)": [0.005532846320420504, 0.01080059353262186, 0.007610541768372059, 0.017812196165323257, 0.010531911626458168, 0.005377484485507011, 0.005888534709811211], "(2, 5, 3, 4)": [0.015973897650837898, 0.02042466402053833, 0.006144592072814703, 0.004161346238106489, 0.026007123291492462, 0.0010432949056848884, 0.016186892986297607], "(4, 5, 2, 1)": [0.0, 0.0022906146477907896, 0.0, 0.0022071953862905502, 0.0021623121574521065, 0.00565654831007123, 0.011387328617274761], "(4, 5, 4, 5)": [0.0, 0.0011664435733109713, 0.00202335137873888, -0.001995897851884365, -5.030818283557892e-05, 0.0037474778946489096, 0.004303960595279932], "(4, 5, 3, 4)": [0.01947660930454731, 0.022355828434228897, 0.032770149409770966, 0.006868460215628147, 0.0226936936378479, 0.02252548560500145, 0.026706775650382042], "(2, 5, 4, 4)": [0.0075995526276528835, 0.00875107105821371, 0.01527743972837925, 0.009248409420251846, 0.0051387883722782135, 0.01812012679874897, 0.0065328385680913925], "(2, 5, 2, 1)": [0.00472842063754797, 0.0, 0.0, 0.013359325006604195, -3.577175084501505e-05, 0.0, 0.0017610695213079453], "(3, 5, 3, 1)": [0.0, 0.0, 0.006033782381564379, 0.0, 0.0, 0.0, 0.0], "(2, 5, 4, 5)": [0.0, 0.0, 0.0, 0.0, 0.0, 0.0, 0.0018706725677475333], "(3, 5, 5, 5)": [0.0, 0.0, 0.0, 0.0, 0.007528693415224552, 0.0, 0.0], "(4, 5, 2, 3)": [0.004945260472595692, 0.0, 0.0010280146962031722, 0.000937536999117583, 0.0, 0.0010397661244496703, 0.0], "(2, 5, 4, 3)": [0.006170641165226698, 0.0, 0.0, 0.0014150114730000496, 0.010006017982959747, 0.0, 0.0], "(4, 5, 4, 2)": [0.0, 0.0, 0.0, 0.0, 0.0, 0.0, 0.0], "(4, 5, 3, 1)": [0.0, 0.0, 0.0, 0.0, 0.0, 0.0, 0.0]}}