{"q_values": {"(2, 5, 2, 2)": [0.019454050809144974, 0.01980934478342533], "(2, 5, 1, 2)": [0.01977156661450863, 0.01937043108046055], "(2, 5, 1, 1)": [0.019742995500564575, 0.019372735172510147], "(2, 5, 3, 2)": [0.019737279042601585, 0.01952168717980385], "(2, 5, 3, 3)": [0.019378598779439926, 0.016021784394979477], "(2, 5, 4, 3)": [0.019716870039701462, 0.01856892555952072], "(2, 5, 5, 3)": [0.019272061064839363, 0.012938084080815315], "(2, 4, 2, 2)": [0.018338460475206375, 0.019390493631362915], "(2, 4, 3, 2)": [0.019320528954267502, 0.019624439999461174], "(2, 4, 4, 3)": [0.0197454784065485, 0.019482050091028214], "(2, 4, 5, 3)": [0.019619613885879517, 0.01920231431722641], "(2, 4, 6, 4)": [0.015556907281279564, 0.005303263198584318], "(2, 5, 6, 4)": [0.017281822860240936, 0.013662941753864288], "(2, 5, 0, 1)": [0.01959040015935898, 0.01941702887415886], "(2, 4, 0, 1)": [0.01860850676894188, 0.016157515347003937], "(2, 4, 1, 2)": [0.0189865380525589, 0.019235556945204735], "(2, 4, 3, 3)": [0.019517742097377777, 0.01965864934027195], "(2, 4, 1, 1)": [0.01754877157509327, 0.016110017895698547], "(2, 5, 4, 2)": [0.019760826602578163, 0.019280066713690758], "(2, 4, 4, 2)": [0.019378263503313065, 0.019505439326167107], "(2, 4, 2, 1)": [0.010823354125022888, 0.012523865327239037], "(2, 4, 0, 0)": [0.00865090824663639, 0.018455160781741142], "(3, 5, 3, 2)": [0.01952540874481201, 0.0175868459045887], "(3, 5, 2, 2)": [0.019477974623441696, 0.017720194533467293], "(3, 5, 1, 2)": [0.018900278955698013, 0.01859976537525654], "(2, 5, 0, 2)": [0.01941055990755558, 0.019491184502840042], "(2, 5, 2, 3)": [0.01669713854789734, 0.012360462918877602], "(3, 4, 4, 3)": [0.01938895508646965, 0.01916588470339775], "(3, 4, 5, 3)": [0.019506318494677544, 0.019040744751691818], "(3, 4, 3, 2)": [0.018714262172579765, 0.019536668434739113], "(3, 4, 2, 2)": [0.016971880570054054, 0.0191769078373909], "(3, 4, 1, 1)": [0.016339750960469246, 0.018679698929190636], "(3, 4, 0, 1)": [0.016455573961138725, 0.018145207315683365], "(3, 4, 0, 0)": [0.0023259276058524847, 0.014270882122218609], "(3, 5, 5, 3)": [0.01763273775577545, 0.013601603917777538], "(3, 5, 6, 4)": [0.0008643146138638258, -0.0011321380734443665], "(2, 5, 5, 4)": [0.010614992119371891, 0.011683788150548935], "(1, 5, 1, 1)": [0.016757255420088768, 0.0028348544146865606], "(1, 5, 0, 1)": [0.01946675404906273, 0.019773194566369057], "(1, 5, 1, 2)": [0.019657030701637268, 0.019171537831425667], "(1, 5, 2, 2)": [0.019354242831468582, 0.01668504625558853], "(1, 4, 2, 2)": [0.01610584929585457, 0.018569374457001686], "(1, 5, 3, 3)": [0.01878073811531067, 0.014097467064857483], "(1, 5, 2, 3)": [0.017778519541025162, 0.01514645665884018], "(3, 5, 3, 3)": [0.01689784601330757, 0.01268281601369381], "(2, 5, 6, 3)": [0.018178043887019157, 0.01373739168047905], "(2, 5, -1, 1)": [0.01761212944984436, 0.014175334945321083], "(2, 5, -1, 0)": [0.007965344935655594, 0.01671847514808178], "(2, 5, -2, 0)": [0.0035693924874067307, 0.0], "(2, 4, -2, 0)": [0.00985056720674038, 0.0010906483512371778], "(2, 4, -1, 0)": [0.006237703375518322, 0.01834278553724289], "(2, 4, 0, 2)": [0.01878301054239273, 0.01962612383067608], "(1, 4, 0, 1)": [0.015176738612353802, 0.01755785010755062], "(1, 4, 1, 1)": [0.011516964994370937, 0.01793772540986538], "(1, 4, 1, 2)": [0.018585046753287315, 0.018594123423099518], "(1, 4, 3, 2)": [0.018399182707071304, 0.018996648490428925], "(1, 4, 3, 3)": [0.019367575645446777, 0.019407670944929123], "(2, 4, 6, 3)": [0.01909364014863968, 0.014748655259609222], "(3, 5, 4, 3)": [0.01852591708302498, 0.013710526749491692], "(1, 4, 0, 2)": [0.015969034284353256, 0.019091039896011353], "(1, 4, 2, 3)": [0.019078806042671204, 0.010525286197662354], "(2, 5, 4, 4)": [-0.001469966839067638, -0.0013219488319009542], "(1, 4, 4, 3)": [0.01910434290766716, 0.018559357151389122], "(1, 4, 5, 3)": [0.0018866185564547777, 0.012883426621556282], "(1, 4, 6, 3)": [0.004148447886109352, 0.0], "(1, 5, 4, 3)": [0.018547298386693, 0.017036624252796173], "(3, 4, 4, 2)": [0.019171811640262604, 0.0187605582177639], "(3, 4, 2, 1)": [0.015008511953055859, 0.01821487955749035], "(1, 4, -1, 1)": [0.012183023616671562, 0.01578547991812229], "(2, 4, 5, 4)": [0.0034435458946973085, 0.013895416632294655], "(3, 5, 4, 2)": [0.019517749547958374, 0.018188202753663063], "(3, 5, 6, 3)": [0.003836207091808319, 0.01395412627607584], "(2, 5, 1, 3)": [0.0, -0.00011008151341229677], "(1, 4, 4, 2)": [0.003041439224034548, 0.011165354400873184], "(3, 5, 1, 1)": [0.01935669034719467, 0.01883854903280735], "(3, 5, 0, 1)": [0.01880253292620182, 0.018988845869898796], "(1, 4, -1, 0)": [0.003804530017077923, 0.010728515684604645], "(2, 4, -1, 1)": [0.011897457763552666, 0.017807835713028908], "(3, 5, 5, 4)": [0.0026025627739727497, -0.001837679767049849], "(2, 5, 2, 1)": [0.010897837579250336, 0.018307896330952644], "(1, 5, 5, 3)": [0.011603300459682941, 0.005514098331332207], "(1, 5, 0, 2)": [0.019742395728826523, 0.019495636224746704], "(3, 5, 7, 4)": [0.0012177523458376527, -0.0013796805869787931], "(3, 4, 6, 3)": [0.011806764639914036, 0.004385547246783972], "(3, 4, 1, 2)": [0.018803410232067108, 0.014945401810109615], "(3, 4, 3, 3)": [0.012592172250151634, 0.001967355376109481], "(3, 5, 2, 1)": [0.017172379419207573, 0.019202865660190582], "(3, 4, 5, 2)": [0.01878073439002037, 0.008694248273968697], "(3, 4, 3, 1)": [0.014187595807015896, 0.004172034561634064], "(2, 5, 7, 4)": [0.000881526037119329, -0.004514941480010748], "(1, 5, 3, 2)": [0.0193772092461586, 0.014787348918616772], "(1, 5, 1, 3)": [-0.0013699288247153163, -0.0005206961650401354], "(3, 5, 0, 2)": [0.0062129199504852295, 0.0], "(3, 5, 2, 3)": [0.0, 0.0], "(3, 5, 0, 0)": [0.0, 0.0011343936203047633], "(4, 4, 4, 2)": [0.011733963154256344, 0.01706712506711483], "(4, 4, 3, 2)": [0.005764838773757219, 0.014574045315384865], "(4, 4, 2, 1)": [0.009733823128044605, 0.002379410434514284], "(4, 4, 1, 1)": [-0.0015504523180425167, 0.0], "(4, 4, 0, 0)": [0.0, -0.002210459904745221], "(1, 4, 0, 0)": [-0.0034294803626835346, 0.0010646360460668802], "(1, 5, 5, 4)": [0.005036499351263046, 0.0023418283089995384], "(1, 5, 6, 4)": [-0.0021899265702813864, -0.002713165245950222], "(4, 5, 3, 2)": [0.004822989460080862, 0.013691761530935764], "(4, 5, 2, 2)": [0.004487265832722187, 0.0016249638283625245], "(4, 5, 1, 1)": [0.001783419051207602, 0.0], "(4, 5, 4, 3)": [0.006485199090093374, 0.0], "(4, 5, 5, 3)": [0.008102452382445335, 0.009492405690252781], "(4, 5, 3, 3)": [0.0008805154939182103, 0.0], "(4, 5, 1, 2)": [0.0016563811805099249, 0.0018858974799513817], "(4, 5, 0, 1)": [0.0019028789829462767, 0.0008956278907135129], "(3, 5, 5, 2)": [0.0, 0.0060372184962034225], "(4, 4, 5, 2)": [0.01643345132470131, 0.00568778021261096], "(4, 4, 5, 3)": [0.01501043327152729, 0.0], "(4, 5, 5, 2)": [0.010988905094563961, 0.0030974452383816242], "(4, 5, 4, 2)": [0.009779797866940498, 0.015031008049845695], "(4, 5, 3, 1)": [0.0010846322402358055, 0.0], "(4, 5, 2, 1)": [0.0, 0.00221547344699502], "(2, 5, 0, 0)": [0.012616544961929321, 0.0], "(3, 4, 6, 4)": [0.0, 0.0028560480568557978], "(2, 4, 5, 2)": [0.0036328707356005907, 0.0], "(1, 5, -1, 1)": [0.015201968140900135, 0.0009971868712455034], "(2, 4, 2, 3)": [0.015848826617002487, 0.006789416074752808], "(1, 4, -2, 1)": [0.00039717729669064283, 0.007329320535063744], "(0, 4, -2, 0)": [0.00013600988313555717, 0.0012341308174654841], "(1, 4, -2, 0)": [0.009198940359055996, -0.0020328557584434748], "(1, 4, 6, 4)": [0.001930094207637012, 0.0], "(1, 4, 2, 1)": [0.0, 0.0], "(4, 4, 3, 1)": [0.0011478386586531997, 0.008773344568908215], "(2, 5, -2, 1)": [0.0019459896720945835, 0.0], "(1, 4, -3, 0)": [-0.0012671704171225429, 0.0020566375460475683], "(0, 4, 0, 1)": [0.008994100615382195, 0.016544805839657784], "(1, 5, -1, 0)": [0.0019119688076898456, 0.0015749018639326096], "(4, 5, 6, 3)": [0.008856566622853279, 0.0], "(1, 5, 4, 4)": [0.0038225376047194004, 0.001140834647230804],