{"q_values": {"(2, 5, 2, 2)": [0.01523476280272007, 0.014868849888443947, 0.016030801460146904, 0.01541559025645256, 0.01619073748588562], "(2, 5, 2, 3)": [0.0120657067745924, 0.016513576731085777, 0.012625677511096, 0.012830834835767746, 0.012479412369430065], "(2, 5, 2, 1)": [0.011945593170821667, 0.010913030244410038, 0.011440426111221313, 0.01672019064426422, 0.012078161351382732], "(2, 5, 3, 3)": [0.012310490012168884, 0.009011054411530495, 0.01680261828005314, 0.012174410745501518, 0.012872153893113136], "(2, 5, 1, 2)": [0.017662331461906433, 0.01766374707221985, 0.015934284776449203, 0.018631553277373314, 0.017284881323575974], "(2, 5, 1, 1)": [0.012132364325225353, 0.011012954637408257, 0.01175287552177906, 0.011976421810686588, 0.016819093376398087], "(2, 5, 3, 2)": [0.016926052048802376, 0.018560530617833138, 0.01497458852827549, 0.015145177021622658, 0.01639482006430626], "(3, 5, 3, 2)": [0.007315086200833321, 0.00840480625629425, 0.006613244768232107, 0.017834173515439034, 0.00847572274506092], "(3, 5, 2, 2)": [0.015777288004755974, 0.016454624012112617, 0.011826710775494576, 0.016697809100151062, 0.01502863597124815], "(3, 5, 2, 1)": [0.014191951602697372, 0.01577899232506752, 0.018235333263874054, 0.015549690462648869, 0.015638070181012154], "(3, 5, 3, 3)": [0.012744000181555748, 0.01109153963625431, 0.012356534600257874, 0.01283563207834959, 0.011369616724550724], "(2, 5, 1, 0)": [-0.0024542813189327717, 0.0012697541387751698, -0.0002341496292501688, 0.0018080018926411867, 0.009278764948248863], "(2, 5, 3, 4)": [-0.0006860714056529105, 0.0017571623902767897, 0.0024757448118180037, -0.0019899047911167145, -0.003942985087633133], "(1, 5, 2, 2)": [0.013912971131503582, 0.016429470852017403, 0.014580802991986275, 0.016173403710126877, 0.012285331264138222], "(1, 5, 2, 1)": [0.0074196308851242065, 0.009714788757264614, 0.0072425841353833675, 0.014238638803362846, 0.01152146328240633], "(1, 5, 2, 3)": [0.016040891408920288, 0.015899324789643288, 0.015499335713684559, 0.012073658406734467, 0.015076949261128902], "(1, 5, 1, 1)": [0.00798244122415781, 0.011904637329280376, 0.010432218201458454, 0.015010899864137173, 0.01138700358569622], "(3, 5, 2, 3)": [0.010962382890284061, 0.009376801550388336, 0.011234401725232601, 0.00907754898071289, 0.009166224859654903], "(1, 5, 1, 0)": [-0.0004027936374768615, -0.0013775425031781197, 0.0, 0.0, -0.0021894187666475773], "(1, 5, 1, 2)": [0.01094390545040369, 0.008144339546561241, 0.00947022344917059, 0.010820084251463413, 0.017325690016150475], "(3, 5, 1, 1)": [0.017920857295393944, 0.0059325057081878185, 0.004649759270250797, 0.006790234241634607, 0.0025787262711673975], "(3, 5, 1, 0)": [0.0, 0.0, 0.0, 0.0, 0.0], "(1, 5, 3, 3)": [0.003058302216231823, 0.004866328090429306, 0.0035296292044222355, 0.0017505573341622949, 0.014827018603682518], "(3, 5, 3, 4)": [-0.0005818874342367053, 0.0, 0.0, 0.0, 0.0], "(1, 5, 3, 4)": [-0.0004034758312627673, 0.0, 0.0, 0.003238593228161335, 0.0], "(4, 5, 3, 3)": [-0.002182583324611187, 0.0, 0.0, 0.0, 0.0]}}