{"q_values": {"(2, 5, 2, 2)": [0.019659215584397316, 0.019300399348139763, 0.01931137777864933, 0.019439060240983963, 0.01937071606516838], "(2, 5, 3, 2)": [0.01962932199239731, 0.019769389182329178, 0.019658412784337997, 0.01958208531141281, 0.019568555057048798], "(2, 5, 3, 3)": [0.019341303035616875, 0.015983272343873978, 0.016378803178668022, 0.01805921457707882, 0.017350712791085243], "(2, 4, 2, 2)": [0.018205896019935608, 0.018832014873623848, 0.01927630417048931, 0.019063599407672882, 0.01985211670398712], "(2, 4, 3, 2)": [0.01938004232943058, 0.019236739724874496, 0.019350681453943253, 0.019650062546133995, 0.019378935918211937], "(2, 4, 3, 3)": [0.019648229703307152, 0.019712619483470917, 0.019676340743899345, 0.0196582842618227, 0.019800756126642227], "(2, 4, 4, 3)": [0.019599106162786484, 0.01957082934677601, 0.01960194855928421, 0.01967325061559677, 0.0196085125207901], "(2, 4, 1, 1)": [0.01655728556215763, 0.015214262530207634, 0.01439383253455162, 0.0161836426705122, 0.01963009499013424], "(2, 4, 2, 1)": [0.011754843406379223, 0.010539287701249123, 0.011909513734281063, 0.015311669558286667, 0.012593365274369717], "(2, 5, 4, 3)": [0.01940794661641121, 0.017004353925585747, 0.015097260475158691, 0.015171191655099392, 0.01596272550523281], "(2, 4, 1, 2)": [0.018487753346562386, 0.01694461889564991, 0.017283909022808075, 0.019805315881967545, 0.016935234889388084], "(2, 5, 1, 2)": [0.019337065517902374, 0.01930297538638115, 0.019296059384942055, 0.019715556874871254, 0.01921997219324112], "(2, 5, 0, 2)": [0.01965523138642311, 0.019190745428204536, 0.01926708035171032, 0.019138554111123085, 0.019208576530218124], "(2, 5, 2, 3)": [0.010255563072860241, 0.013677068054676056, 0.010524380020797253, 0.010035932995378971, 0.010333523154258728], "(2, 4, 0, 1)": [0.012245339341461658, 0.01431221328675747, 0.019197499379515648, 0.013730215840041637, 0.014101716689765453], "(2, 4, 4, 2)": [0.018170326948165894, 0.019158851355314255, 0.01922563463449478, 0.019669724628329277, 0.019211353734135628], "(2, 4, 5, 3)": [0.01952441595494747, 0.018599670380353928, 0.018747510388493538, 0.01835322193801403, 0.018861601129174232], "(3, 4, 4, 2)": [0.01840171217918396, 0.019213801249861717, 0.018716752529144287, 0.019880961626768112, 0.0192278865724802], "(3, 4, 3, 2)": [0.018900297582149506, 0.019328013062477112, 0.017129426822066307, 0.019816933199763298, 0.019273092970252037], "(3, 4, 2, 1)": [0.014570638537406921, 0.014385093003511429, 0.013507768511772156, 0.019198233261704445, 0.013645987026393414], "(3, 4, 2, 2)": [0.019502315670251846, 0.019492749124765396, 0.01952017843723297, 0.019695483148097992, 0.01952020265161991], "(3, 4, 3, 1)": [0.0036257219035178423, -0.0029303967021405697, 0.0016834313282743096, 0.0010264803422614932, 0.00909261405467987], "(2, 5, 0, 1)": [0.019372835755348206, 0.01952899619936943, 0.019376037642359734, 0.019548989832401276, 0.019637325778603554], "(2, 5, 5, 3)": [0.01695619896054268, 0.014932624995708466, 0.009775346145033836, 0.011006979271769524, 0.012556792236864567], "(3, 5, 4, 3)": [0.019796574488282204, 0.018565408885478973, 0.018040217459201813, 0.01761672832071781, 0.018782494589686394], "(3, 5, 3, 3)": [0.01751091703772545, 0.014424966648221016, 0.015363096259534359, 0.015527067705988884, 0.010125299915671349], "(3, 5, 2, 2)": [0.019648119807243347, 0.019822634756565094, 0.019528647884726524, 0.019636336714029312, 0.019578829407691956], "(3, 5, 3, 2)": [0.019228603690862656, 0.019900958985090256, 0.019587259739637375, 0.019411753863096237, 0.019552113488316536], "(3, 5, 1, 2)": [0.019829394295811653, 0.01944960094988346, 0.01959858648478985, 0.019663047045469284, 0.01936754584312439], "(2, 5, 5, 4)": [0.0029255691915750504, 0.003793623996898532, -0.0009718924993649125, 0.0021679741330444813, 0.01419142261147499], "(3, 4, 5, 3)": [0.013358745723962784, 0.013414055109024048, 0.019492704421281815, 0.00929210614413023, 0.01178084034472704], "(3, 4, 4, 3)": [0.01953030377626419, 0.01969088241457939, 0.019145898520946503, 0.019002243876457214, 0.019261058419942856], "(3, 5, 4, 2)": [0.019145390018820763, 0.019752372056245804, 0.019181711599230766, 0.01883927918970585, 0.019273681566119194], "(1, 4, 0, 1)": [0.014939680695533752, 0.014190485700964928, 0.015074742026627064, 0.017171166837215424, 0.015125538222491741], "(1, 4, 1, 2)": [0.018594086170196533, 0.01871282234787941, 0.019297337159514427, 0.017083916813135147, 0.0184257160872221], "(1, 4, 2, 2)": [0.016052821651101112, 0.015472764149308205, 0.015537120401859283, 0.018011776730418205, 0.017352944239974022], "(1, 4, 3, 3)": [0.019157662987709045, 0.019429028034210205, 0.01919025182723999, 0.019690237939357758, 0.019221626222133636], "(1, 4, 4, 3)": [0.016791904345154762, 0.01826312392950058, 0.017609290778636932, 0.019564755260944366, 0.017833177000284195], "(1, 5, 1, 2)": [0.019613219425082207, 0.019070874899625778, 0.019121430814266205, 0.01835172437131405, 0.019271552562713623], "(1, 5, 0, 2)": [0.019645942375063896, 0.019190486520528793, 0.019234996289014816, 0.019376492127776146, 0.018160877749323845], "(1, 5, 2, 3)": [0.019454002380371094, 0.016749221831560135, 0.01484241895377636, 0.014309770427644253, 0.016066689044237137], "(1, 5, 3, 3)": [0.016919109970331192, 0.0164002887904644, 0.01868032105267048, 0.01880735717713833, 0.016309915110468864], "(3, 5, 1, 1)": [0.018799791112542152, 0.019108569249510765, 0.01943485252559185, 0.01912137120962143, 0.019719168543815613], "(3, 4, 1, 1)": [0.01685214973986149, 0.01672554574906826, 0.01751614362001419, 0.015361031517386436, 0.018402956426143646], "(3, 4, 1, 2)": [0.018433187156915665, 0.017914779484272003, 0.01974852755665779, 0.018388496711850166, 0.016533656045794487], "(3, 4, 0, 1)": [0.01307643298059702, 0.010465975850820541, 0.009375302121043205, 0.011103549972176552, 0.008871092461049557], "(2, 5, 1, 1)": [0.019544225186109543, 0.01944955624639988, 0.019586659967899323, 0.019713085144758224, 0.019561316817998886], "(2, 5, 4, 2)": [0.01976170390844345, 0.018073437735438347, 0.018406549468636513, 0.015424213372170925, 0.018076835200190544], "(2, 5, 2, 1)": [0.003681791014969349, 0.0016444604843854904, 0.019136670976877213, 0.009054634720087051, 0.004917526617646217], "(2, 4, 5, 2)": [0.0033633580897003412, 0.0, 0.0, 0.0012975673889741302, 0.0], "(3, 4, 5, 2)": [0.009097113274037838, 0.00361731112934649, 0.004861937835812569, 0.005962468218058348, 0.018748966977000237], "(1, 5, 2, 2)": [0.019097691401839256, 0.018050074577331543, 0.019113898277282715, 0.019580304622650146, 0.01881064847111702], "(1, 4, 3, 2)": [0.018034981563687325, 0.01888236403465271, 0.018927903845906258, 0.018700584769248962, 0.01855388842523098], "(2, 4, 0, 2)": [0.019570695236325264, 0.018505873158574104, 0.018906891345977783, 0.01881711557507515, 0.01865539886057377], "(1, 4, -1, 1)": [0.009082704782485962, 0.006131337955594063, 0.015871616080403328, 0.006368348374962807, 0.007995317690074444], "(2, 5, 6, 4)": [0.009917853400111198, 0.0031006375793367624, 0.004614220932126045, 0.005033022258430719, 0.006303576752543449], "(3, 5, 6, 3)": [0.0051344954408705235, 0.0, 0.0, 0.0, 0.0], "(3, 5, 5, 3)": [0.013120777904987335, 0.018700003623962402, 0.012079223990440369, 0.014980336651206017, 0.013175565749406815], "(2, 4, -1, 0)": [-0.0013047027168795466, 0.006486617960035801, 0.0021806308068335056, 0.002743000630289316, 0.004229255951941013], "(1, 4, 0, 2)": [0.019016070291399956, 0.016319265589118004, 0.019507024437189102, 0.018061188980937004, 0.018706878647208214], "(1, 4, 2, 3)": [0.011129013262689114, 0.019699839875102043, 0.008031134493649006, 0.010163775645196438, 0.014556217938661575], "(1, 4, 1, 1)": [0.010118766687810421, 0.008579077199101448, 0.011369518004357815, 0.010121703147888184, 0.014413921162486076], "(1, 4, 4, 2)": [0.009550412185490131, 0.0, 0.0, 0.001043972559273243, 0.0], "(2, 4, -1, 1)": [0.013715194538235664, 0.005385941825807095, 0.00013573328033089638, 0.0035101105459034443, 0.00140245514921844],