{"q_values": {"(2, 5, 2, 2)": [0.01844284124672413, 0.018679095432162285], "(2, 5, 1, 2)": [0.018994322046637535, 0.018696999177336693], "(2, 5, 1, 1)": [0.019337570294737816, 0.019300008192658424], "(2, 5, 3, 2)": [0.01713113859295845, 0.018329666927456856], "(2, 5, 3, 3)": [0.011158832348883152, 0.01630154810845852], "(2, 5, 4, 3)": [0.01472816988825798, 0.013210447505116463], "(2, 5, 5, 3)": [0.01454133540391922, 0.011611195281147957], "(2, 4, 2, 2)": [0.01863982155919075, 0.019109096378087997], "(2, 4, 3, 2)": [0.01894194819033146, 0.019099432975053787], "(2, 4, 4, 3)": [0.018999489024281502, 0.01916581019759178], "(2, 4, 5, 3)": [0.017506636679172516, 0.018564684316515923], "(2, 4, 6, 4)": [0.009040774777531624, 0.002096149604767561], "(2, 5, 6, 4)": [0.011344268918037415, 0.009357206523418427], "(2, 5, 0, 1)": [0.018856273964047432, 0.019106123596429825], "(2, 4, 0, 1)": [0.015519101172685623, 0.018603097647428513], "(2, 4, 1, 2)": [0.01883212849497795, 0.0180102176964283], "(2, 4, 3, 3)": [0.019369984045624733, 0.018940886482596397], "(2, 4, 1, 1)": [0.015775851905345917, 0.018585456535220146], "(2, 5, 4, 2)": [0.016379885375499725, 0.01840553805232048], "(2, 4, 4, 2)": [0.018790654838085175, 0.019035283476114273], "(2, 4, 2, 1)": [0.012643235735595226, 0.010392684489488602], "(2, 4, 0, 0)": [0.011018333025276661, -0.0006497872527688742], "(3, 5, 3, 2)": [0.0179221760481596, 0.017205137759447098], "(3, 5, 2, 2)": [0.018186891451478004, 0.017234986647963524], "(3, 5, 1, 2)": [0.015675712376832962, 0.01442735455930233], "(2, 5, 0, 2)": [0.018491115421056747, 0.01871907152235508], "(2, 5, 2, 3)": [0.014238374307751656, 0.009366288781166077], "(3, 4, 4, 3)": [0.013937217183411121, 0.01704579032957554], "(3, 4, 5, 3)": [0.016635626554489136, 0.01376047357916832], "(3, 4, 3, 2)": [0.016493625938892365, 0.014743102714419365], "(3, 4, 2, 2)": [0.017536036670207977, 0.017671318724751472], "(3, 4, 1, 1)": [0.015937564894557, 0.01769286021590233], "(3, 4, 0, 1)": [0.009185816161334515, 0.01599075272679329], "(3, 4, 0, 0)": [0.0014085493749007583, 0.004244536627084017], "(3, 5, 5, 3)": [0.014669645577669144, 0.009915420785546303], "(3, 5, 6, 4)": [-0.002290611620992422, 0.004318790044635534], "(2, 5, 5, 4)": [0.013266244903206825, 0.004493853077292442], "(1, 5, 1, 1)": [0.001798775396309793, 0.0009999157628044486], "(1, 5, 0, 1)": [0.009832666255533695, 0.008897005580365658], "(1, 5, 1, 2)": [0.0160201583057642, 0.014921175315976143], "(1, 5, 2, 2)": [0.014406470581889153, 0.015469725243747234], "(1, 4, 2, 2)": [0.016648493707180023, 0.01831969805061817], "(1, 5, 3, 3)": [0.015255045145750046, 0.00852602906525135], "(1, 5, 2, 3)": [0.009864559397101402, 0.0034654662013053894], "(3, 5, 3, 3)": [0.012971027754247189, 0.012358204461634159], "(2, 5, 6, 3)": [0.011917917057871819, 0.009245089255273342], "(2, 5, -1, 1)": [0.011108048260211945, 0.00884898193180561], "(2, 5, -1, 0)": [0.0028421180322766304, 0.005531948059797287], "(2, 5, -2, 0)": [0.0009902234887704253, 0.0], "(2, 4, -2, 0)": [0.001853274879977107, 0.0017403466627001762], "(2, 4, -1, 0)": [0.007615227252244949, 0.014907924458384514], "(2, 4, 0, 2)": [0.012383940629661083, 0.017100194469094276], "(1, 4, 0, 1)": [0.00498131662607193, 0.014984194189310074], "(1, 4, 1, 1)": [0.004756376147270203, 0.01633126474916935], "(1, 4, 1, 2)": [0.015044184401631355, 0.01778983324766159], "(1, 4, 3, 2)": [0.016613081097602844, 0.01731659658253193], "(1, 4, 3, 3)": [0.011849718168377876, 0.014961287379264832], "(2, 4, 6, 3)": [0.015535502694547176, 0.010148182511329651], "(3, 5, 4, 3)": [0.015239990316331387, 0.011618935503065586], "(1, 4, 0, 2)": [0.012280307710170746, 0.008431168273091316], "(1, 4, 2, 3)": [0.006219410803169012, 0.0025369380600750446], "(2, 5, 4, 4)": [-0.001469966839067638, 0.0], "(1, 4, 4, 3)": [0.015559342689812183, 0.00889614038169384], "(1, 4, 5, 3)": [0.0018866185564547777, 0.0035877826157957315], "(1, 4, 6, 3)": [0.001087680459022522, 0.0], "(1, 5, 4, 3)": [0.0019373712129890919, 0.007555467542260885], "(3, 4, 4, 2)": [0.018215220421552658, 0.017422625795006752], "(3, 4, 2, 1)": [0.01132944505661726, 0.012103844434022903], "(1, 4, -1, 1)": [0.0035039724316447973, 0.0], "(2, 4, 5, 4)": [0.0018558682641014457, 0.004698364995419979], "(3, 5, 4, 2)": [0.017212990671396255, 0.013402385637164116], "(3, 5, 6, 3)": [0.0020127117168158293, 0.00853235088288784], "(2, 5, 1, 3)": [0.0, 0.0012153398711234331], "(1, 4, 4, 2)": [0.0, 0.0026985141448676586], "(3, 5, 1, 1)": [0.01762247085571289, 0.01588495634496212], "(3, 5, 0, 1)": [0.011196563020348549, 0.01596040464937687], "(1, 4, -1, 0)": [6.353278877213597e-05, 0.0037745367735624313], "(2, 4, -1, 1)": [0.007220323663204908, 0.015086684376001358], "(3, 5, 5, 4)": [0.0009585465304553509, -0.001837679767049849], "(2, 5, 2, 1)": [0.0036451746709644794, 0.01018294133245945], "(1, 5, 5, 3)": [0.0017988572362810373, 0.0009102097828872502], "(1, 5, 0, 2)": [0.008867681957781315, 0.01566477119922638], "(3, 5, 7, 4)": [0.0012177523458376527, -0.0013796805869787931], "(3, 4, 6, 3)": [0.007081861607730389, 0.0], "(3, 4, 1, 2)": [0.004421166609972715, 0.005321793723851442], "(3, 4, 3, 3)": [0.0016898218309506774, 0.0], "(3, 5, 2, 1)": [0.010848352685570717, 0.011743465438485146], "(3, 4, 5, 2)": [0.005607130005955696, 0.0017491544131189585], "(3, 4, 3, 1)": [0.0037330524064600468, 0.0], "(2, 5, 7, 4)": [-0.00039579940494149923, 0.0012426503235474229], "(1, 5, 3, 2)": [0.0015397847164422274, 0.0], "(1, 5, 1, 3)": [0.0, -0.0005206961650401354], "(3, 5, 0, 2)": [0.0032114083878695965, 0.0], "(3, 5, 2, 3)": [0.0, 0.0], "(3, 5, 0, 0)": [0.0, 0.0011343936203047633], "(4, 4, 4, 2)": [0.004144799895584583, 0.009711011312901974], "(4, 4, 3, 2)": [0.0027228910475969315, 0.005785681772977114], "(4, 4, 2, 1)": [0.0018769670277833939, 0.0], "(4, 4, 1, 1)": [0.0016433795681223273, 0.0], "(4, 4, 0, 0)": [0.0, -0.002210459904745221], "(1, 4, 0, 0)": [-0.0034294803626835346, 0.0023945120628923178], "(1, 5, 5, 4)": [-0.002201191848143935, 0.0008578997221775353], "(1, 5, 6, 4)": [0.0, 0.0], "(4, 5, 3, 2)": [0.0017009058501571417, 0.003971328493207693], "(4, 5, 2, 2)": [0.00236771022900939, 0.0], "(4, 5, 1, 1)": [0.001783419051207602, 0.0], "(4, 5, 4, 3)": [0.0016331735532730818, 0.0], "(4, 5, 5, 3)": [0.0009006528998725116, 0.0019937630277127028], "(4, 5, 3, 3)": [0.0008805154939182103, 0.0], "(4, 5, 1, 2)": [0.0016563811805099249, 0.0018858974799513817], "(4, 5, 0, 1)": [0.0019028789829462767, 0.0008956278907135129], "(3, 5, 5, 2)": [0.0, 0.0017815538449212909], "(4, 4, 5, 2)": [0.0030263513326644897, 0.0009988653473556042], "(4, 4, 5, 3)": [0.0013530321884900331, 0.0], "(4, 5, 5, 2)": [0.0014139292761683464, 0.0], "(4, 5, 4, 2)": [0.002958156866952777, 0.00313991098664701], "(4, 5, 3, 1)": [0.0010846322402358055, 0.0], "(4, 5, 2, 1)": [0.0, 0.0010948673589155078], "(2, 5, 0, 0)": [0.00340223778039217, 0.0], "(3, 4, 6, 4)": [0.0, 0.0010045584058389068], "(2, 4, 5, 2)": [0.0019020766485482454, 0.0]}}