{"q_values": {"(2, 5, 2, 2)": [0.01989048160612583, 0.018762852996587753, 0.017000634223222733, 0.019417958334088326, 0.017670655623078346], "(2, 5, 3, 2)": [0.019866781309247017, 0.019336272031068802, 0.01938239112496376, 0.019159279763698578, 0.01929697021842003], "(2, 5, 3, 3)": [0.019851740449666977, 0.015728315338492393, 0.017585808411240578, 0.016331860795617104, 0.01658087968826294], "(2, 4, 2, 2)": [0.018987243995070457, 0.01877525821328163, 0.01880325935781002, 0.018214987590909004, 0.01939413882791996], "(2, 4, 3, 2)": [0.019213411957025528, 0.019091548398137093, 0.015893463045358658, 0.01875067502260208, 0.019605813547968864], "(2, 4, 3, 3)": [0.019850974902510643, 0.019545992836356163, 0.019693879410624504, 0.019632387906312943, 0.019658444449305534], "(2, 4, 4, 3)": [0.019661318510770798, 0.019536711275577545, 0.01950511708855629, 0.019841941073536873, 0.01976272463798523], "(2, 4, 1, 1)": [0.017207754775881767, 0.016933821141719818, 0.016766970977187157, 0.0191976148635149, 0.017755044624209404], "(2, 4, 2, 1)": [0.010553792119026184, 0.013874766416847706, 0.016910884529352188, 0.012307357043027878, 0.013531850650906563], "(2, 5, 4, 3)": [0.019824201241135597, 0.01828809455037117, 0.01852959580719471, 0.01849394291639328, 0.01759958267211914], "(2, 4, 1, 2)": [0.01795259304344654, 0.016462426632642746, 0.019058139994740486, 0.0190131738781929, 0.019104674458503723], "(2, 5, 1, 2)": [0.01985100284218788, 0.019474336877465248, 0.01901242323219776, 0.01906650885939598, 0.01801927015185356], "(2, 5, 0, 2)": [0.019894056022167206, 0.019326431676745415, 0.016486842185258865, 0.019217943772673607, 0.019169647246599197], "(2, 5, 2, 3)": [0.011413962580263615, 0.009817386046051979, 0.015438523143529892, 0.010681014508008957, 0.009743250906467438], "(2, 4, 0, 1)": [0.01827866956591606, 0.019309058785438538, 0.019186776131391525, 0.019539175555109978, 0.018074603751301765], "(2, 4, 4, 2)": [0.017859840765595436, 0.01935182884335518, 0.0197902824729681, 0.019420543685555458, 0.019241392612457275], "(2, 4, 5, 3)": [0.01926729455590248, 0.019900189712643623, 0.019284095615148544, 0.0191942285746336, 0.019193820655345917], "(3, 4, 4, 2)": [0.019574888050556183, 0.019549649208784103, 0.0197056345641613, 0.019727036356925964, 0.019900046288967133], "(3, 4, 3, 2)": [0.019481180235743523, 0.019581764936447144, 0.019333263859152794, 0.0195805374532938, 0.01991133950650692], "(3, 4, 2, 1)": [0.013057775795459747, 0.01496755238622427, 0.014259356074035168, 0.013503440655767918, 0.0198554378002882], "(3, 4, 2, 2)": [0.017722222954034805, 0.016268528997898102, 0.016937239095568657, 0.01612618938088417, 0.019860712811350822], "(3, 4, 3, 1)": [0.005213962867856026, -0.0029303967021405697, 0.0031991279684007168, 0.0010264803422614932, 0.01772870123386383], "(2, 5, 0, 1)": [0.019721899181604385, 0.019736118614673615, 0.0197424478828907, 0.019793493673205376, 0.019679171964526176], "(2, 5, 5, 3)": [0.011438198387622833, 0.009395742788910866, 0.01977088488638401, 0.00842762365937233, 0.009484484791755676], "(3, 5, 4, 3)": [0.018539484590291977, 0.019882917404174805, 0.019278261810541153, 0.018708880990743637, 0.017884941771626472], "(3, 5, 3, 3)": [0.01622658595442772, 0.019781064242124557, 0.01692483015358448, 0.016428664326667786, 0.01496110763400793], "(3, 5, 2, 2)": [0.019926397129893303, 0.01893364079296589, 0.01949949562549591, 0.019512223079800606, 0.018505290150642395], "(3, 5, 3, 2)": [0.019936271011829376, 0.019532721489667892, 0.019595704972743988, 0.019588343799114227, 0.01922784373164177], "(3, 5, 1, 2)": [0.019875815138220787, 0.01960250362753868, 0.019462693482637405, 0.019200796261429787, 0.019534824416041374], "(2, 5, 5, 4)": [0.0029255691915750504, 0.005315027199685574, -0.0009718924993649125, 0.0043835751712322235, 0.00716174254193902], "(3, 4, 5, 3)": [0.018777290359139442, 0.018736518919467926, 0.019920319318771362, 0.01768920198082924, 0.018416106700897217], "(3, 4, 4, 3)": [0.019718796014785767, 0.01992403157055378, 0.019695881754159927, 0.019726650789380074, 0.019068416208028793], "(3, 5, 4, 2)": [0.01990162394940853, 0.019706986844539642, 0.0197217408567667, 0.01969534531235695, 0.019649961963295937], "(1, 4, 0, 1)": [0.015842411667108536, 0.017288511618971825, 0.017234982922673225, 0.017681000754237175, 0.019911188632249832], "(1, 4, 1, 2)": [0.019142931327223778, 0.017617089673876762, 0.019390828907489777, 0.0189057607203722, 0.01994715817272663], "(1, 4, 2, 2)": [0.017746472731232643, 0.01901811547577381, 0.01928144507110119, 0.01909603364765644, 0.01994035206735134], "(1, 4, 3, 3)": [0.0199140552431345, 0.019149547442793846, 0.019177354872226715, 0.019072111696004868, 0.01883276365697384], "(1, 4, 4, 3)": [0.017932066693902016, 0.019602704793214798, 0.018377862870693207, 0.018957635387778282, 0.018689371645450592], "(1, 5, 1, 2)": [0.017483649775385857, 0.019814826548099518, 0.01761392131447792, 0.01714201271533966, 0.01785198412835598], "(1, 5, 0, 2)": [0.019912539049983025, 0.019207535311579704, 0.01933206059038639, 0.019182760268449783, 0.019038600847125053], "(1, 5, 2, 3)": [0.01979030855000019, 0.011972368694841862, 0.0075911483727395535, 0.013274775817990303, 0.013836679048836231], "(1, 5, 3, 3)": [0.015026788227260113, 0.019728336483240128, 0.014396512880921364, 0.009756405837833881, 0.010922138579189777], "(3, 5, 1, 1)": [0.01959126628935337, 0.01964540220797062, 0.019771333783864975, 0.019893206655979156, 0.01969296485185623], "(3, 4, 1, 1)": [0.017337553203105927, 0.016675150021910667, 0.01801639422774315, 0.01718776300549507, 0.019793767482042313], "(3, 4, 1, 2)": [0.01916656456887722, 0.018987800925970078, 0.019229577854275703, 0.019251741468906403, 0.019830217584967613], "(3, 4, 0, 1)": [0.015651648864150047, 0.014714371412992477, 0.01593240164220333, 0.015568368136882782, 0.01640389859676361], "(2, 5, 1, 1)": [0.019830849021673203, 0.019700298085808754, 0.019739000126719475, 0.019762424752116203, 0.01978890784084797], "(2, 5, 4, 2)": [0.01987701654434204, 0.01928321272134781, 0.019142864271998405, 0.018584776669740677, 0.019037818536162376], "(2, 5, 2, 1)": [0.008045797236263752, 0.00510770920664072, 0.019719982519745827, 0.012756754644215107, 0.006408751476556063], "(2, 4, 5, 2)": [0.014982469379901886, 0.0, 0.0019191583851352334, 0.0012975673889741302, 0.0], "(3, 4, 5, 2)": [0.011066904291510582, 0.011667930521070957, 0.010177277959883213, 0.011546691879630089, 0.019576624035835266], "(1, 5, 2, 2)": [0.01982223615050316, 0.017316998913884163, 0.01703374646604061, 0.01636752113699913, 0.018030928447842598], "(1, 4, 3, 2)": [0.019893763586878777, 0.01897190324962139, 0.018879147246479988, 0.01893458515405655, 0.01890554465353489], "(2, 4, 0, 2)": [0.017645006999373436, 0.019379504024982452, 0.019843462854623795, 0.01920676976442337, 0.019167859107255936], "(1, 4, -1, 1)": [0.009732067584991455, 0.008085524663329124, 0.015228467993438244, 0.006368348374962807, 0.0097917839884758], "(2, 5, 6, 4)": [0.005562452599406242, 0.0031006375793367624, 0.004614220932126045, 0.005033022258430719, 0.006303576752543449], "(3, 5, 6, 3)": [0.012229997664690018, 0.0, 0.0, 0.0, 0.0], "(3, 5, 5, 3)": [0.01764766313135624, 0.01983806863427162, 0.017696211114525795, 0.015028063207864761, 0.01581437513232231], "(2, 4, -1, 0)": [0.00014107092283666134, 0.0026427768170833588, 0.014712932519614697, 0.002743000630289316, 0.0029304237104952335], "(1, 4, 0, 2)": [0.019441470503807068, 0.019455524161458015, 0.019657818600535393, 0.019009403884410858, 0.019902076572179794], "(1, 4, 2, 3)": [0.014535382390022278, 0.01986324042081833, 0.012889339588582516, 0.012810125015676022, 0.01823391392827034], "(1, 4, 1, 1)": [0.013069693930447102, 0.012276880443096161, 0.013486556708812714, 0.013700130395591259, 0.019451014697551727], "(1, 4, 4, 2)": [0.01900424435734749, 0.001923231640830636, 0.0019623134285211563, 0.004602635744959116, 0.0029393674340099096],