{"q_values": {"(3, 5, 3, 3)": [0.08846070617437363, 0.0854562446475029, 0.08504313230514526, 0.08604644984006882, 0.08559442311525345, 0.08587539941072464, 0.08842012286186218], "(3, 5, 3, 4)": [0.08791523426771164, 0.08470204472541809, 0.0855557918548584, 0.08390878140926361, 0.08409720659255981, 0.08584842085838318, 0.08636858314275742], "(3, 5, 4, 4)": [0.08360999822616577, 0.08906823396682739, 0.08343768119812012, 0.08614300936460495, 0.08343242108821869, 0.08361203223466873, 0.08536761999130249], "(3, 5, 4, 3)": [0.09036027640104294, 0.0903974398970604, 0.09041289240121841, 0.0902697965502739, 0.09032469242811203, 0.09056362509727478, 0.0903123989701271], "(4, 5, 3, 3)": [0.08802264928817749, 0.08867710828781128, 0.08374205231666565, 0.08776171505451202, 0.08803477883338928, 0.08827069401741028, 0.08852097392082214], "(4, 5, 4, 3)": [0.08745840191841125, 0.08454440534114838, 0.08572167158126831, 0.08494730293750763, 0.0836578756570816, 0.08533327281475067, 0.08632170408964157], "(4, 5, 4, 4)": [0.0799180269241333, 0.08162184059619904, 0.08448898047208786, 0.07672315090894699, 0.08254989981651306, 0.0804101824760437, 0.08284256607294083], "(4, 5, 3, 2)": [0.081664077937603, 0.08209729194641113, 0.08224619925022125, 0.07996591180562973, 0.08172336965799332, 0.08338771760463715, 0.07982892543077469], "(4, 5, 2, 2)": [0.0617164671421051, 0.0777834951877594, 0.052997805178165436, 0.04028260335326195, 0.06460899859666824, 0.05863267183303833, 0.051133155822753906], "(3, 5, 3, 2)": [0.08627006411552429, 0.08522254973649979, 0.08420027792453766, 0.08508503437042236, 0.08480510860681534, 0.0837281346321106, 0.08490785211324692], "(3, 5, 2, 2)": [0.08416227996349335, 0.08565204590559006, 0.08553705364465714, 0.08437158167362213, 0.08407518267631531, 0.08684557676315308, 0.0836034044623375], "(3, 5, 2, 1)": [0.041335053741931915, 0.04873458296060562, 0.04772123694419861, 0.05115755274891853, 0.04931291565299034, 0.04399017244577408, 0.07721517980098724], "(2, 5, 2, 2)": [0.06896071135997772, 0.06857480108737946, 0.0728001818060875, 0.07322795689105988, 0.08452090620994568, 0.07668820768594742, 0.07082576304674149], "(2, 5, 3, 2)": [0.06916944682598114, 0.053011469542980194, 0.06547854840755463, 0.06194044649600983, 0.06824920326471329, 0.08709241449832916, 0.07146286964416504], "(2, 5, 3, 3)": [0.08936253935098648, 0.08844757825136185, 0.08880846202373505, 0.09236893057823181, 0.09003844112157822, 0.08924046158790588, 0.08790750801563263], "(3, 5, 4, 5)": [0.03664858266711235, 0.050737164914608, 0.06277395039796829, 0.07670287787914276, 0.06733200699090958, 0.04949898272752762, 0.06403467059135437], "(3, 5, 2, 3)": [0.08859605342149734, 0.08679670095443726, 0.08888114243745804, 0.08843733370304108, 0.08582542836666107, 0.08835048228502274, 0.08712209761142731], "(2, 5, 2, 3)": [0.036703310906887054, 0.044768739491701126, 0.058411192148923874, 0.08351496607065201, 0.03543150797486305, 0.05140497907996178, 0.0537119060754776], "(2, 5, 3, 4)": [0.08118836581707001, 0.07664757966995239, 0.08819625526666641, 0.06646285206079483, 0.08076177537441254, 0.07855604588985443, 0.08266152441501617], "(4, 5, 2, 1)": [0.0, 0.004462909419089556, 0.02909000962972641, 0.006540975533425808, 0.0052553690038621426, 0.00565654831007123, 0.019707798957824707], "(4, 5, 4, 5)": [0.01887967623770237, 0.004271938465535641, 0.013106368482112885, 0.007716734893620014, 0.00997139047831297, 0.0037474778946489096, 0.047763530164957047], "(4, 5, 3, 4)": [0.08254402130842209, 0.08418171107769012, 0.08279629051685333, 0.07881681621074677, 0.08199265599250793, 0.07604999840259552, 0.07671405375003815], "(2, 5, 4, 4)": [0.05820099264383316, 0.039813410490751266, 0.049653559923172, 0.0552862286567688, 0.051157500594854355, 0.0843118280172348, 0.03733470290899277], "(2, 5, 2, 1)": [0.0038555734790861607, 0.008341715671122074, 0.013552739284932613, 0.046576350927352905, -3.577175084501505e-05, 0.009618012234568596, 0.01112418994307518], "(3, 5, 3, 1)": [0.0, 0.0, 0.006033782381564379, 0.008727439679205418, 0.0, 0.0, 0.0], "(2, 5, 4, 5)": [0.0, 0.0, 0.00782392080873251, 0.0, 0.004863698035478592, 0.025767480954527855, 0.0018706725677475333], "(3, 5, 5, 5)": [0.0, 0.0, 0.0, 0.004520888905972242, 0.017847701907157898, 0.0, 0.0], "(4, 5, 2, 3)": [0.011944067664444447, 0.0, 0.0010280146962031722, 0.04102717339992523, 0.008695580996572971, 0.0010397661244496703, 0.0], "(2, 5, 4, 3)": [0.006170641165226698, 0.0, 0.0, 0.0014150114730000496, 0.04744170233607292, 0.002726351609453559, 0.008695605210959911], "(4, 5, 4, 2)": [0.0, 0.0, 0.0, 0.0, 0.007664351258426905, 0.021636806428432465, 0.0], "(4, 5, 3, 1)": [0.0, 0.0, 0.0, 0.0, 0.0, 0.0, 0.0], "(1, 5, 2, 2)": [0.0009414696251042187, 0.0, 0.0033231000415980816, 0.0022079497575759888, 0.0013138194335624576, 0.001634180429391563, 0.008771374821662903], "(1, 5, 3, 2)": [0.0010103615932166576, 0.0, 0.0, 0.0, 0.0008941839332692325, 0.0, 0.0], "(1, 5, 3, 3)": [0.0021769602317363024, 0.011208801530301571, 0.0, 0.0028272857889533043, 0.0, 0.002521413378417492, 0.0], "(1, 5, 2, 3)": [0.015010902658104897, 0.004670136608183384, 0.0028059796895831823, 0.0014225594932213426, 0.005992876831442118, 0.0, 0.0], "(0, 5, 2, 2)": [0.0013473477447405457, 0.004967465065419674, 0.0, 0.0, 0.004057970363646746, 0.0012430846691131592, 0.0013023519422858953], "(0, 5, 2, 3)": [0.00198928639292717, 0.005155900493264198, 0.0, 0.0, 0.0, 0.0, 0.0], "(4, 5, 5, 5)": [0.011457436718046665, 0.0, 0.0, 0.0, 0.0, 0.0, 0.0], "(4, 5, 5, 6)": [0.0, 0.0, 0.0, 0.0, 0.0, 0.0, 0.0], "(5, 5, 3, 3)": [0.0044950516894459724, 0.02819990925490856, 0.0024487816262990236, 0.002772354055196047, 0.005142024718225002, 0.0067285578697919846, 0.008778945542871952], "(5, 5, 4, 3)": [0.030357956886291504, 0.0028909335378557444, 0.005750654265284538, 0.008195911534130573, -0.0016294531524181366, 0.0060350033454597, 0.0], "(5, 5, 4, 4)": [0.003194721881300211, 0.0, 0.0, 0.0, 0.0, 0.0, 0.0], "(5, 5, 3, 2)": [0.005222839768975973, 0.008006809279322624, 0.004266251344233751, 0.011437389999628067, 0.00963594764471054, 0.008211201056838036, 0.035480085760354996], "(5, 5, 2, 2)": [0.0, 0.0, 0.002245586831122637, 0.0012319439556449652, 0.0, 0.0, 0.0], "(3, 5, 1, 1)": [-0.0012954345438629389, 0.0009209744748659432, 0.0, 0.0, -0.00214022072032094, 0.0, 0.0], "(2, 5, 1, 1)": [-0.0012882354203611612, 0.0, 0.0, 0.0, 0.0, 0.0033113781828433275, 0.0], "(5, 5, 4, 2)": [0.0062471432611346245, 0.0011016663629561663, 0.002608752343803644, 0.0, 0.0, -0.000415712216636166, 0.0], "(5, 5, 3, 1)": [0.0, 0.0, 0.0, 0.0, 0.002759472234174609, 0.002946430118754506, 0.0], "(4, 5, 5, 4)": [0.00786888413131237, 0.0, 0.0, 0.0, 0.0, 0.0, 0.0]}}