{"q_values": {"(2, 5, 2, 2)": [0.0188339464366436, 0.018495868891477585], "(2, 5, 1, 2)": [0.01898036152124405, 0.01745312102138996], "(2, 5, 1, 1)": [0.01978028193116188, 0.01976706273853779], "(2, 5, 3, 2)": [0.0189152043312788, 0.018828194588422775], "(2, 5, 3, 3)": [0.015563816763460636, 0.018439438194036484], "(2, 5, 4, 3)": [0.015789683908224106, 0.014219790697097778], "(2, 5, 5, 3)": [0.01408793218433857, 0.013340035453438759], "(2, 4, 2, 2)": [0.017665240913629532, 0.01924286037683487], "(2, 4, 3, 2)": [0.019456712529063225, 0.0196246188133955], "(2, 4, 4, 3)": [0.01952449046075344, 0.019572224467992783], "(2, 4, 5, 3)": [0.019777962937951088, 0.01958918198943138], "(2, 4, 6, 4)": [0.019591858610510826, 0.009121652692556381], "(2, 5, 6, 4)": [0.018880512565374374, 0.015735337510704994], "(2, 5, 0, 1)": [0.019556650891900063, 0.019331932067871094], "(2, 4, 0, 1)": [0.014309215359389782, 0.01930631510913372], "(2, 4, 1, 2)": [0.01905556209385395, 0.01927098259329796], "(2, 4, 3, 3)": [0.019587712362408638, 0.019682088866829872], "(2, 4, 1, 1)": [0.019380904734134674, 0.019353434443473816], "(2, 5, 4, 2)": [0.019378945231437683, 0.019919905811548233], "(2, 4, 4, 2)": [0.019124489277601242, 0.019940398633480072], "(2, 4, 2, 1)": [0.014094951562583447, 0.01941850781440735], "(2, 4, 0, 0)": [0.015078479424118996, 0.01949894428253174], "(3, 5, 3, 2)": [0.019877556711435318, 0.018289702013134956], "(3, 5, 2, 2)": [0.01986263506114483, 0.018191374838352203], "(3, 5, 1, 2)": [0.019879337400197983, 0.019214361906051636], "(2, 5, 0, 2)": [0.01922532357275486, 0.019121894612908363], "(2, 5, 2, 3)": [0.017949722707271576, 0.012627561576664448], "(3, 4, 4, 3)": [0.019930493086576462, 0.019714904949069023], "(3, 4, 5, 3)": [0.019925419241189957, 0.01967584900557995], "(3, 4, 3, 2)": [0.01931297779083252, 0.019885476678609848], "(3, 4, 2, 2)": [0.0185109693557024, 0.01978081651031971], "(3, 4, 1, 1)": [0.018387962132692337, 0.01973889395594597], "(3, 4, 0, 1)": [0.017422141507267952, 0.01972046308219433], "(3, 4, 0, 0)": [-0.0003498716978356242, 0.019258415326476097], "(3, 5, 5, 3)": [0.01986662484705448, 0.018832260742783546], "(3, 5, 6, 4)": [0.018038008362054825, -0.0007747827330604196], "(2, 5, 5, 4)": [0.019241366535425186, 0.014364510774612427], "(1, 5, 1, 1)": [0.019943509250879288, 0.01835016719996929], "(1, 5, 0, 1)": [0.01958467997610569, 0.019886290654540062], "(1, 5, 1, 2)": [0.019831279292702675, 0.016225647181272507], "(1, 5, 2, 2)": [0.019848881289362907, 0.019504614174365997], "(1, 4, 2, 2)": [0.019263405352830887, 0.01988336443901062], "(1, 5, 3, 3)": [0.019840480759739876, 0.019228680059313774], "(1, 5, 2, 3)": [0.018744369968771935, 0.013972511515021324], "(3, 5, 3, 3)": [0.019867151975631714, 0.015848735347390175], "(2, 5, 6, 3)": [0.019415898248553276, 0.016024524345993996], "(2, 5, -1, 1)": [0.019534481689333916, 0.017751717939972878], "(2, 5, -1, 0)": [0.014149094931781292, 0.0193440280854702], "(2, 5, -2, 0)": [0.016359759494662285, 0.0], "(2, 4, -2, 0)": [0.016111165285110474, 0.009502071887254715], "(2, 4, -1, 0)": [0.014173499308526516, 0.019256290048360825], "(2, 4, 0, 2)": [0.01927408017218113, 0.01973365992307663], "(1, 4, 0, 1)": [0.018619747832417488, 0.01979806274175644], "(1, 4, 1, 1)": [0.015471826307475567, 0.019844958558678627], "(1, 4, 1, 2)": [0.019351795315742493, 0.019887201488018036], "(1, 4, 3, 2)": [0.018508171662688255, 0.01984337344765663], "(1, 4, 3, 3)": [0.019872255623340607, 0.019784435629844666], "(2, 4, 6, 3)": [0.019501782953739166, 0.017409872263669968], "(3, 5, 4, 3)": [0.01981593482196331, 0.017272263765335083], "(1, 4, 0, 2)": [0.018225349485874176, 0.01992686465382576], "(1, 4, 2, 3)": [0.019567860290408134, 0.019921520724892616], "(2, 5, 4, 4)": [-0.001469966839067638, 0.006076914258301258], "(1, 4, 4, 3)": [0.01924908347427845, 0.019882099702954292], "(1, 4, 5, 3)": [0.007740027271211147, 0.01953119970858097], "(1, 4, 6, 3)": [0.019467327743768692, 0.0031247208826243877], "(1, 5, 4, 3)": [0.019866738468408585, 0.018643153831362724], "(3, 4, 4, 2)": [0.017273420467972755, 0.019760143011808395], "(3, 4, 2, 1)": [0.013803859241306782, 0.01969193108379841], "(1, 4, -1, 1)": [0.01402902603149414, 0.018982358276844025], "(2, 4, 5, 4)": [0.006449338048696518, 0.019665690138936043], "(3, 5, 4, 2)": [0.01991923898458481, 0.019756387919187546], "(3, 5, 6, 3)": [0.01955442875623703, 0.010416452772915363], "(2, 5, 1, 3)": [0.0033274537418037653, -0.00011008151341229677], "(1, 4, 4, 2)": [0.016352999955415726, 0.019561998546123505], "(3, 5, 1, 1)": [0.019844988361001015, 0.019393164664506912], "(3, 5, 0, 1)": [0.018863920122385025, 0.019841287285089493], "(1, 4, -1, 0)": [0.007963159121572971, 0.018906647339463234], "(2, 4, -1, 1)": [0.01647288352251053, 0.019279222935438156], "(3, 5, 5, 4)": [0.008978540077805519, 0.0008755570743232965], "(2, 5, 2, 1)": [0.018129317089915276, 0.019733976572752], "(1, 5, 5, 3)": [0.019576845690608025, 0.013250710442662239], "(1, 5, 0, 2)": [0.019815491512417793, 0.019213171675801277], "(3, 5, 7, 4)": [-0.0038375495932996273, -0.003287926781922579], "(3, 4, 6, 3)": [0.019483555108308792, 0.004385547246783972], "(3, 4, 1, 2)": [0.018947215750813484, 0.019770517945289612], "(3, 4, 3, 3)": [0.019533671438694, 0.019921528175473213], "(3, 5, 2, 1)": [0.01986963488161564, 0.019572783261537552], "(3, 4, 5, 2)": [0.019753266125917435, 0.01588551141321659], "(3, 4, 3, 1)": [0.018546810373663902, 0.012408236972987652], "(2, 5, 7, 4)": [-0.0005847862921655178, -0.0032058581709861755], "(1, 5, 3, 2)": [0.01991257444024086, 0.019301053136587143], "(1, 5, 1, 3)": [0.0006282251561060548, 0.012491988018155098], "(3, 5, 0, 2)": [0.019125921651721, 0.0018516898853704333], "(3, 5, 2, 3)": [0.00865166075527668, 0.0], "(3, 5, 0, 0)": [0.0, 0.0044847168028354645], "(4, 4, 4, 2)": [0.016653887927532196, 0.014529622159898281], "(4, 4, 3, 2)": [0.01439688540995121, 0.019556263461709023], "(4, 4, 2, 1)": [0.012124109081923962, 0.019507519900798798], "(4, 4, 1, 1)": [0.010945072397589684, 0.019601842388510704], "(4, 4, 0, 0)": [0.005420270375907421, 0.019213220104575157], "(1, 4, 0, 0)": [0.014246556907892227, -0.002407575026154518], "(1, 5, 5, 4)": [0.019356997683644295, 0.00017682136967778206], "(1, 5, 6, 4)": [0.019505133852362633, 0.0014984088484197855], "(4, 5, 3, 2)": [0.019805992022156715, 0.01815132237970829], "(4, 5, 2, 2)": [0.019764618948101997, 0.018035532906651497], "(4, 5, 1, 1)": [0.01964002475142479, 0.015864260494709015], "(4, 5, 4, 3)": [0.01976146548986435, 0.01532346848398447], "(4, 5, 5, 3)": [0.019563263282179832, 0.015397698618471622], "(4, 5, 3, 3)": [0.006648445967584848, 0.012715541757643223], "(4, 5, 1, 2)": [0.003433345817029476, 0.0190147515386343], "(4, 5, 0, 1)": [0.019572788849473, 0.005318839102983475], "(3, 5, 5, 2)": [0.0, 0.018309423699975014], "(4, 4, 5, 2)": [0.015300567261874676, 0.010045797564089298], "(4, 4, 5, 3)": [0.01937793754041195, 0.01541145984083414], "(4, 5, 5, 2)": [0.01870216615498066, 0.008603803813457489], "(4, 5, 4, 2)": [0.019899457693099976, 0.016417503356933594], "(4, 5, 3, 1)": [0.01938941702246666, 0.0], "(4, 5, 2, 1)": [0.019697774201631546, 0.01823817566037178], "(2, 5, 0, 0)": [0.019391216337680817, 0.0019692580681294203], "(3, 4, 6, 4)": [0.0, 0.01163534913212061], "(2, 4, 5, 2)": [0.01836911216378212, 0.0], "(1, 5, -1, 1)": [0.018223490566015244, 0.009754758328199387], "(2, 4, 2, 3)": [0.019854793325066566, 0.01604960486292839], "(1, 4, -2, 1)": [0.001614276086911559, 0.01432051882147789], "(0, 4, -2, 0)": [0.0022214511409401894, 0.016673147678375244], "(1, 4, -2, 0)": [0.009835676290094852, -0.0017984070582315326], "(1, 4, 6, 4)": [0.019332991912961006, 0.0], "(1, 4, 2, 1)": [0.014409391209483147, 0.0108480928465724], "(4, 4, 3, 1)": [0.005173056852072477, 0.017920877784490585], "(2, 5, -2, 1)": [0.008048399351537228, 0.0], "(1, 4, -3, 0)": [-0.0022739912383258343, -0.000459801871329546],