{"q_values": {"(2, 5, 2, 2)": [0.01770816370844841, 0.018281351774930954, 0.018113506957888603, 0.018302904441952705, 0.015838662162423134], "(2, 5, 3, 2)": [0.018083786591887474, 0.01874409429728985, 0.016404910013079643, 0.018014589324593544, 0.016254376620054245], "(2, 5, 3, 3)": [0.01766766421496868, 0.016319237649440765, 0.016865136101841927, 0.011321505531668663, 0.01604549027979374], "(2, 4, 2, 2)": [0.01895282417535782, 0.018695978447794914, 0.018175674602389336, 0.01916738599538803, 0.019293293356895447], "(2, 4, 3, 2)": [0.019214600324630737, 0.019201314076781273, 0.01887095347046852, 0.019038084894418716, 0.019436964765191078], "(2, 4, 3, 3)": [0.019493669271469116, 0.01945462077856064, 0.019481461495161057, 0.01951732486486435, 0.019562961533665657], "(2, 4, 4, 3)": [0.019445179030299187, 0.019607165828347206, 0.019414648413658142, 0.019498582929372787, 0.019484596326947212], "(2, 4, 1, 1)": [0.016670266166329384, 0.016221119090914726, 0.017181657254695892, 0.015844030305743217, 0.018345549702644348], "(2, 4, 2, 1)": [0.0065724607557058334, 0.015433280728757381, 0.011699729599058628, 0.010233242064714432, 0.01064545102417469], "(2, 5, 4, 3)": [0.013204854913055897, 0.019021378830075264, 0.017524126917123795, 0.014598844572901726, 0.01690167374908924], "(2, 4, 1, 2)": [0.017488837242126465, 0.016178181394934654, 0.01788380555808544, 0.018765928223729134, 0.019044237211346626], "(2, 5, 1, 2)": [0.01880669593811035, 0.019105292856693268, 0.018837062641978264, 0.018820974975824356, 0.01633857563138008], "(2, 5, 0, 2)": [0.019000688567757607, 0.01932058483362198, 0.019047539681196213, 0.019007844850420952, 0.01917129196226597], "(2, 5, 2, 3)": [0.008915873244404793, 0.01037156768143177, 0.010114426724612713, 0.013125121593475342, 0.007225176319479942], "(2, 4, 0, 1)": [0.016506878659129143, 0.015320769511163235, 0.018454737961292267, 0.015960300341248512, 0.01661829650402069], "(2, 4, 4, 2)": [0.01941021718084812, 0.019222553819417953, 0.01921488158404827, 0.019072076305747032, 0.019234055653214455], "(2, 4, 5, 3)": [0.016367388889193535, 0.011836391873657703, 0.015604632906615734, 0.014479861594736576, 0.018247023224830627], "(3, 4, 4, 2)": [0.018354814499616623, 0.01921890862286091, 0.01644468680024147, 0.018216503784060478, 0.018118329346179962], "(3, 4, 3, 2)": [0.01814604550600052, 0.017348051071166992, 0.018039442598819733, 0.019655749201774597, 0.017330899834632874], "(3, 4, 2, 1)": [0.008596086874604225, 0.012094882316887379, 0.013934347778558731, 0.011783272959291935, 0.01725022681057453], "(3, 4, 2, 2)": [0.018229808658361435, 0.017429038882255554, 0.018443861976265907, 0.01795743592083454, 0.017675207927823067], "(3, 4, 3, 1)": [0.0020705482456833124, -0.0013858253369107842, 0.0016834313282743096, 0.0010264803422614932, 0.005386609584093094], "(2, 5, 0, 1)": [0.019306229427456856, 0.019602369517087936, 0.019481346011161804, 0.01939779333770275, 0.019445419311523438], "(2, 5, 5, 3)": [0.014195799827575684, 0.016085639595985413, 0.016559166833758354, 0.014070862904191017, 0.014081127941608429], "(3, 5, 4, 3)": [0.018846800550818443, 0.016925102099776268, 0.01748460717499256, 0.015326553024351597, 0.012199974618852139], "(3, 5, 3, 3)": [0.00883739534765482, 0.014781413599848747, 0.009559833444654942, 0.010005852207541466, 0.007612583693116903], "(3, 5, 2, 2)": [0.01890588365495205, 0.01934676617383957, 0.018400462344288826, 0.01896323822438717, 0.018547752872109413], "(3, 5, 3, 2)": [0.01845124177634716, 0.01796797104179859, 0.01807807944715023, 0.01800905168056488, 0.018365228548645973], "(3, 5, 1, 2)": [0.013326025567948818, 0.012880724854767323, 0.014890356920659542, 0.018985353410243988, 0.015202642418444157], "(2, 5, 5, 4)": [0.0, -0.0009130341932177544, -0.0015192866558209062, 0.0, 0.004659871570765972], "(3, 4, 5, 3)": [0.004758715163916349, 0.001689949887804687, 0.010002116672694683, 0.004207489546388388, 0.0010954042663797736], "(3, 4, 4, 3)": [0.013068253174424171, 0.01846996136009693, 0.011044233106076717, 0.01150023564696312, 0.008340566419064999], "(3, 5, 4, 2)": [0.013651002198457718, 0.01577407494187355, 0.014902329072356224, 0.01907530054450035, 0.015554836951196194], "(1, 4, 0, 1)": [0.013449129648506641, 0.012727060355246067, 0.011906995438039303, 0.01408193726092577, 0.013184321112930775], "(1, 4, 1, 2)": [0.01647433452308178, 0.014903157949447632, 0.013914848677814007, 0.017878569662570953, 0.016468394547700882], "(1, 4, 2, 2)": [0.017055394127964973, 0.01651022955775261, 0.01719932071864605, 0.01613778993487358, 0.018605919554829597], "(1, 4, 3, 3)": [0.0101406155154109, 0.010421513579785824, 0.011328145861625671, 0.01774681732058525, 0.01147326361387968], "(1, 4, 4, 3)": [0.004439108539372683, 0.009137076325714588, 0.007012039422988892, 0.016292797401547432, 0.008036356419324875], "(1, 5, 1, 2)": [0.0130601292476058, 0.018646838143467903, 0.015816517174243927, 0.01609678380191326, 0.016800591722130775], "(1, 5, 0, 2)": [0.006068497896194458, 0.005297156982123852, 0.008189941756427288, 0.01803152821958065, 0.005517253652215004], "(1, 5, 2, 3)": [0.005750386975705624, 0.010675651021301746, 0.005704556591808796, 0.008928551338613033, 0.009780902415513992], "(1, 5, 3, 3)": [0.00748032471165061, 0.014119059778749943, 0.009805283509194851, 0.009285109117627144, 0.009042329154908657], "(3, 5, 1, 1)": [0.008728851564228535, 0.009895862080156803, 0.007936921902000904, 0.0068215979263186455, 0.01817079447209835], "(3, 4, 1, 1)": [0.011596161872148514, 0.01154168602079153, 0.010672644712030888, 0.010292323306202888, 0.010856875218451023], "(3, 4, 1, 2)": [0.009144204668700695, 0.007147570140659809, 0.01652827113866806, 0.01001806277781725, 0.00577870849519968], "(3, 4, 0, 1)": [0.012487131170928478, 0.0020741913467645645, 0.006092892028391361, 0.004121959675103426, 0.0033686698880046606], "(2, 5, 1, 1)": [0.019442100077867508, 0.019511735066771507, 0.019566018134355545, 0.019239205867052078, 0.019310470670461655], "(2, 5, 4, 2)": [0.019421979784965515, 0.01390173938125372, 0.015180536545813084, 0.012583516538143158, 0.015283009968698025], "(2, 5, 2, 1)": [0.003681791014969349, 0.0, 0.01045231893658638, 0.001970486482605338, 0.0016284305602312088], "(2, 4, 5, 2)": [0.0, 0.0, 0.0, 0.0012975673889741302, 0.0], "(3, 4, 5, 2)": [0.0036535318940877914, 0.0, 0.0018558645388111472, 0.002832001307979226, 0.006497442256659269], "(1, 5, 2, 2)": [0.014497946947813034, 0.014528174884617329, 0.017771946266293526, 0.01590924896299839, 0.01603338122367859], "(1, 4, 3, 2)": [0.014086173847317696, 0.014005242846906185, 0.013097123242914677, 0.010782715864479542, 0.018049439415335655], "(2, 4, 0, 2)": [0.019012298434972763, 0.015232124365866184, 0.014332693070173264, 0.008975132368505001, 0.014504056423902512], "(1, 4, -1, 1)": [0.0009529140079393983, 0.0010540657676756382, 0.008541194722056389, 0.0034832190722227097, 0.002095471601933241], "(2, 5, 6, 4)": [0.009019594639539719, 0.0013066342798992991, 0.0, 0.002438732422888279, 0.0018834939692169428], "(3, 5, 6, 3)": [8.813943713903427e-05, 0.0, 0.0, 0.0, 0.0], "(3, 5, 5, 3)": [0.007046119309961796, 0.004248497076332569, 0.007779267150908709, 0.010530180297791958, 0.004801768343895674], "(2, 4, -1, 0)": [-0.0013047027168795466, 0.0026604700833559036, -6.503518670797348e-05, 0.006984315346926451, 0.0022069269325584173], "(1, 4, 0, 2)": [0.017275696620345116, 0.01143687218427658, 0.010029940865933895, 0.007092659827321768, 0.0065599167719483376], "(1, 4, 2, 3)": [0.0, 0.0012480734148994088, 0.0, 0.0, 0.0], "(1, 4, 1, 1)": [0.004554593935608864, 0.007209824398159981, 0.014088159427046776, 0.0024643721990287304, 0.001564554637297988], "(1, 4, 4, 2)": [0.0018673330778256059, 0.0, 0.0, 0.0, 0.0], "(2, 4, -1, 1)": [0.00975444819778204, 0.001889017759822309, 0.00013573328033089638, 0.0035101105459034443, -0.0013832678087055683], "(1, 4, -1, 0)": [-0.002154011745005846, 0.0013472548453137279, -0.00022053637076169252, 0.0, 0.00146193103864789],