{"q_values": {"(3, 5, 3, 3)": [0.09078918397426605, 0.08877294510602951, 0.09043041616678238, 0.08971524238586426, 0.09145872294902802, 0.09084907919168472, 0.0912366434931755], "(3, 5, 3, 4)": [0.08694034069776535, 0.08964210003614426, 0.08437424898147583, 0.08781644701957703, 0.08831076323986053, 0.08587715029716492, 0.08507578074932098], "(3, 5, 4, 4)": [0.08605547249317169, 0.08804624527692795, 0.08622565865516663, 0.08572367578744888, 0.0861331969499588, 0.08367395401000977, 0.08628322929143906], "(3, 5, 4, 3)": [0.07990267872810364, 0.08499273657798767, 0.07611844688653946, 0.08580052107572556, 0.08008485287427902, 0.09021931886672974, 0.0849393680691719], "(4, 5, 3, 3)": [0.07146570831537247, 0.06822637468576431, 0.07386831939220428, 0.07130002975463867, 0.06819239258766174, 0.06971197575330734, 0.07088319957256317], "(4, 5, 4, 3)": [0.03543705865740776, 0.03727497532963753, 0.03624013811349869, 0.0272102952003479, 0.039836585521698, 0.0572044663131237, 0.02602957934141159], "(4, 5, 4, 4)": [0.051210593432188034, 0.06625460088253021, 0.057058971375226974, 0.05514151602983475, 0.051016390323638916, 0.05148293450474739, 0.05325146019458771], "(4, 5, 3, 2)": [0.05849485844373703, 0.05188009515404701, 0.06110730022192001, 0.053866513073444366, 0.059250857681035995, 0.05441991984844208, 0.05723836272954941], "(4, 5, 2, 2)": [0.03940925374627113, 0.054426565766334534, 0.024905545637011528, 0.010484462603926659, 0.03842299431562424, 0.03790121152997017, 0.03655208647251129], "(3, 5, 3, 2)": [0.08639506250619888, 0.0844479501247406, 0.08764450252056122, 0.08610698580741882, 0.08720410615205765, 0.08749241381883621, 0.08834807574748993], "(3, 5, 2, 2)": [0.0815308541059494, 0.08514450490474701, 0.0839211493730545, 0.08610489964485168, 0.0844777524471283, 0.08418065309524536, 0.08165867626667023], "(3, 5, 2, 1)": [0.023871760815382004, 0.04864247888326645, 0.018217341974377632, 0.024534283205866814, 0.029273182153701782, 0.029856624081730843, 0.026650836691260338], "(2, 5, 2, 2)": [0.03717031329870224, 0.046614184975624084, 0.04809712618589401, 0.04431067407131195, 0.05489164590835571, 0.04219274967908859, 0.040743108838796616], "(2, 5, 3, 2)": [0.036749325692653656, 0.0322713702917099, 0.029401680454611778, 0.03831975907087326, 0.04075990244746208, 0.053189635276794434, 0.0398193784058094], "(2, 5, 3, 3)": [0.06267353892326355, 0.061257123947143555, 0.06254927814006805, 0.060861777514219284, 0.06317233294248581, 0.06026347354054451, 0.06526248902082443], "(3, 5, 4, 5)": [0.028132693842053413, 0.0381956622004509, 0.039863910526037216, 0.06359416246414185, 0.03828742727637291, 0.028589125722646713, 0.042296379804611206], "(3, 5, 2, 3)": [0.07597450911998749, 0.07538215070962906, 0.08035764843225479, 0.07731926441192627, 0.0735943540930748, 0.0893227756023407, 0.08299600332975388], "(2, 5, 2, 3)": [0.018075156956911087, 0.02128380350768566, 0.02431551180779934, 0.0404803566634655, 0.019201798364520073, 0.01385283563286066, 0.02316039241850376], "(2, 5, 3, 4)": [0.05361052602529526, 0.02908920682966709, 0.03510211408138275, 0.025814034044742584, 0.03635086119174957, 0.019074605777859688, 0.04057711362838745], "(4, 5, 2, 1)": [0.0, 0.0022906146477907896, 0.005028055515140295, 0.006540975533425808, 0.0021623121574521065, 0.00565654831007123, 0.015940474346280098], "(4, 5, 4, 5)": [0.0067160408943891525, 0.004271938465535641, 0.00202335137873888, -0.00012076704297214746, -5.030818283557892e-05, 0.0037474778946489096, 0.013893526047468185], "(4, 5, 3, 4)": [0.0516948327422142, 0.040994588285684586, 0.061235543340444565, 0.050857897847890854, 0.03649425879120827, 0.053169287741184235, 0.04166903719305992], "(2, 5, 4, 4)": [0.013105666264891624, 0.00875107105821371, 0.01527743972837925, 0.009248409420251846, 0.013528740033507347, 0.040602486580610275, 0.015214748680591583], "(2, 5, 2, 1)": [0.00472842063754797, 0.0040451413951814175, 0.005805515684187412, 0.013359325006604195, -3.577175084501505e-05, 0.008323369547724724, 0.0017610695213079453], "(3, 5, 3, 1)": [0.0, 0.0, 0.006033782381564379, 0.008727439679205418, 0.0, 0.0, 0.0], "(2, 5, 4, 5)": [0.0, 0.0, 0.0, 0.0, 0.004863698035478592, 0.0, 0.0018706725677475333], "(3, 5, 5, 5)": [0.0, 0.0, 0.0, 0.0, 0.007528693415224552, 0.0, 0.0], "(4, 5, 2, 3)": [0.004945260472595692, 0.0, 0.0010280146962031722, 0.009808697737753391, 0.0, 0.0010397661244496703, 0.0], "(2, 5, 4, 3)": [0.006170641165226698, 0.0, 0.0, 0.0014150114730000496, 0.012591644190251827, 0.0, 0.0], "(4, 5, 4, 2)": [0.0, 0.0, 0.0, 0.0, 0.0, 0.0, 0.0], "(4, 5, 3, 1)": [0.0, 0.0, 0.0, 0.0, 0.0, 0.0, 0.0], "(1, 5, 2, 2)": [0.0009414696251042187, 0.0, 0.0017198196146637201, 0.0, 0.0013138194335624576, 0.0, 0.006591958925127983], "(1, 5, 3, 2)": [0.0010103615932166576, 0.0, 0.0, 0.0, 0.0008941839332692325, 0.0, 0.0], "(1, 5, 3, 3)": [0.0021769602317363024, 0.004080248065292835, 0.0, 0.0028272857889533043, 0.0, 0.002521413378417492, 0.0], "(1, 5, 2, 3)": [0.012923850677907467, 0.003193656448274851, 0.0028059796895831823, 0.0014225594932213426, 0.004758973140269518, 0.0, 0.0], "(0, 5, 2, 2)": [0.0013473477447405457, 0.004967465065419674, 0.0, 0.0, 0.004057970363646746, 0.0012430846691131592, 0.0013023519422858953], "(0, 5, 2, 3)": [0.00198928639292717, 0.005155900493264198, 0.0, 0.0, 0.0, 0.0, 0.0]}}