{"q_values": {"(2, 5, 2, 2)": [0.01970304548740387, 0.017921391874551773], "(2, 5, 1, 2)": [0.019717304036021233, 0.01778014563024044], "(2, 5, 1, 1)": [0.019596438854932785, 0.019605431705713272], "(2, 5, 3, 2)": [0.019634662196040154, 0.018442898988723755], "(2, 5, 3, 3)": [0.018923858180642128, 0.017256634309887886], "(2, 5, 4, 3)": [0.01939145289361477, 0.01804533414542675], "(2, 5, 5, 3)": [0.018857194110751152, 0.018376192077994347], "(2, 4, 2, 2)": [0.019428329542279243, 0.01963234320282936], "(2, 4, 3, 2)": [0.01956970989704132, 0.01974300853908062], "(2, 4, 4, 3)": [0.019709574058651924, 0.019559459760785103], "(2, 4, 5, 3)": [0.018842699006199837, 0.019446570426225662], "(2, 4, 6, 4)": [0.014923328533768654, 0.005303263198584318], "(2, 5, 6, 4)": [0.01670262962579727, 0.013024563901126385], "(2, 5, 0, 1)": [0.019450398162007332, 0.01948070339858532], "(2, 4, 0, 1)": [0.014228024519979954, 0.015771472826600075], "(2, 4, 1, 2)": [0.019416166469454765, 0.0193982794880867], "(2, 4, 3, 3)": [0.0196837130934, 0.019175831228494644], "(2, 4, 1, 1)": [0.01735285483300686, 0.019139843061566353], "(2, 5, 4, 2)": [0.018783485516905785, 0.019422421231865883], "(2, 4, 4, 2)": [0.01928601786494255, 0.019464489072561264], "(2, 4, 2, 1)": [0.016130104660987854, 0.013408231548964977], "(2, 4, 0, 0)": [0.00865090824663639, 0.014344307594001293], "(3, 5, 3, 2)": [0.019524535164237022, 0.017002062872052193], "(3, 5, 2, 2)": [0.019570602104067802, 0.018808361142873764], "(3, 5, 1, 2)": [0.01933034136891365, 0.01895739696919918], "(2, 5, 0, 2)": [0.0195598304271698, 0.019008679315447807], "(2, 5, 2, 3)": [0.01699553057551384, 0.01040097326040268], "(3, 4, 4, 3)": [0.018534254282712936, 0.019442740827798843], "(3, 4, 5, 3)": [0.01931680180132389, 0.018704021349549294], "(3, 4, 3, 2)": [0.017761655151844025, 0.019275899976491928], "(3, 4, 2, 2)": [0.01924595609307289, 0.016716081649065018], "(3, 4, 1, 1)": [0.014014296233654022, 0.015014953911304474], "(3, 4, 0, 1)": [0.01770254597067833, 0.012241173535585403], "(3, 4, 0, 0)": [0.004507973324507475, 0.009312696754932404], "(3, 5, 5, 3)": [0.01895393617451191, 0.01805175468325615], "(3, 5, 6, 4)": [-0.0005832990864291787, -0.0011321380734443665], "(2, 5, 5, 4)": [0.01655242033302784, 0.011741450056433678], "(1, 5, 1, 1)": [0.013750358484685421, 0.0028348544146865606], "(1, 5, 0, 1)": [0.019207065925002098, 0.019732872024178505], "(1, 5, 1, 2)": [0.019518667832016945, 0.017505012452602386], "(1, 5, 2, 2)": [0.019559429958462715, 0.018808895722031593], "(1, 4, 2, 2)": [0.018462911248207092, 0.01885979250073433], "(1, 5, 3, 3)": [0.019235091283917427, 0.01617784984409809], "(1, 5, 2, 3)": [0.01909789815545082, 0.010635136626660824], "(3, 5, 3, 3)": [0.016187485307455063, 0.012069011107087135], "(2, 5, 6, 3)": [0.016926031559705734, 0.013088555075228214], "(2, 5, -1, 1)": [0.017556224018335342, 0.013758482411503792], "(2, 5, -1, 0)": [0.007965344935655594, 0.015204403549432755], "(2, 5, -2, 0)": [0.0035693924874067307, 0.0], "(2, 4, -2, 0)": [0.008925172500312328, 0.0010906483512371778], "(2, 4, -1, 0)": [0.004801379516720772, 0.012926674447953701], "(2, 4, 0, 2)": [0.01747903600335121, 0.019578834995627403], "(1, 4, 0, 1)": [0.016761377453804016, 0.019156228750944138], "(1, 4, 1, 1)": [0.011516964994370937, 0.013459712266921997], "(1, 4, 1, 2)": [0.01887858472764492, 0.019340189173817635], "(1, 4, 3, 2)": [0.01882968842983246, 0.018816376104950905], "(1, 4, 3, 3)": [0.018965020775794983, 0.01924341730773449], "(2, 4, 6, 3)": [0.01864800415933132, 0.012334958650171757], "(3, 5, 4, 3)": [0.01871771737933159, 0.016487352550029755], "(1, 4, 0, 2)": [0.018934445455670357, 0.018379362300038338], "(1, 4, 2, 3)": [0.017750132828950882, 0.008401133120059967], "(2, 5, 4, 4)": [-0.001469966839067638, -0.0013219488319009542], "(1, 4, 4, 3)": [0.01928050071001053, 0.018213115632534027], "(1, 4, 5, 3)": [0.0018866185564547777, 0.012669464573264122], "(1, 4, 6, 3)": [0.004148447886109352, 0.0], "(1, 5, 4, 3)": [0.016221940517425537, 0.0136684225872159], "(3, 4, 4, 2)": [0.01874520070850849, 0.01914607547223568], "(3, 4, 2, 1)": [0.013760512694716454, 0.017519842833280563], "(1, 4, -1, 1)": [0.012183023616671562, 0.014714500866830349], "(2, 4, 5, 4)": [0.0034435458946973085, 0.013385514728724957], "(3, 5, 4, 2)": [0.019219467416405678, 0.01743238791823387], "(3, 5, 6, 3)": [0.003227668348699808, 0.013157197274267673], "(2, 5, 1, 3)": [0.0, -0.00011008151341229677], "(1, 4, 4, 2)": [0.0012481559533625841, 0.009225184097886086], "(3, 5, 1, 1)": [0.019374804571270943, 0.0189682450145483], "(3, 5, 0, 1)": [0.018480125814676285, 0.019296299666166306], "(1, 4, -1, 0)": [0.003804530017077923, 0.00959131121635437], "(2, 4, -1, 1)": [0.011897457763552666, 0.016062665730714798], "(3, 5, 5, 4)": [0.0026025627739727497, -0.001837679767049849], "(2, 5, 2, 1)": [0.009922659024596214, 0.015957167372107506], "(1, 5, 5, 3)": [0.007349254563450813, 0.005514098331332207], "(1, 5, 0, 2)": [0.01960267499089241, 0.019060153514146805], "(3, 5, 7, 4)": [0.0012177523458376527, -0.0013796805869787931], "(3, 4, 6, 3)": [0.010122994892299175, 0.0012745421845465899], "(3, 4, 1, 2)": [0.018855512142181396, 0.014500696212053299], "(3, 4, 3, 3)": [0.012592172250151634, 0.001967355376109481], "(3, 5, 2, 1)": [0.014781314879655838, 0.018561147153377533], "(3, 4, 5, 2)": [0.01724141091108322, 0.00619002478197217], "(3, 4, 3, 1)": [0.007553703151643276, 0.0009454884566366673], "(2, 5, 7, 4)": [-0.0010404838249087334, -0.004514941480010748], "(1, 5, 3, 2)": [0.019101496785879135, 0.013654550537467003], "(1, 5, 1, 3)": [-0.0013699288247153163, -0.0005206961650401354], "(3, 5, 0, 2)": [0.004825285170227289, 0.0], "(3, 5, 2, 3)": [0.0, 0.0], "(3, 5, 0, 0)": [0.0, 0.0011343936203047633], "(4, 4, 4, 2)": [0.009869033470749855, 0.014921382069587708], "(4, 4, 3, 2)": [0.0035218303091824055, 0.013735777698457241], "(4, 4, 2, 1)": [0.004602281842380762, 0.00145986198913306], "(4, 4, 1, 1)": [0.0032062053214758635, 0.0], "(4, 4, 0, 0)": [0.0, -0.002210459904745221], "(1, 4, 0, 0)": [-0.0034294803626835346, 0.0010646360460668802], "(1, 5, 5, 4)": [0.003907089587301016, 0.0023418283089995384], "(1, 5, 6, 4)": [-0.0021899265702813864, -0.002713165245950222], "(4, 5, 3, 2)": [0.004822989460080862, 0.01068071648478508], "(4, 5, 2, 2)": [0.003395061008632183, 0.0016249638283625245], "(4, 5, 1, 1)": [0.001783419051207602, 0.0], "(4, 5, 4, 3)": [0.004448811057955027, 0.0], "(4, 5, 5, 3)": [0.005803687963634729, 0.01086429413408041], "(4, 5, 3, 3)": [0.0008805154939182103, 0.0], "(4, 5, 1, 2)": [0.0016563811805099249, 0.0018858974799513817], "(4, 5, 0, 1)": [0.0019028789829462767, 0.0008956278907135129], "(3, 5, 5, 2)": [0.0, 0.003353160573169589], "(4, 4, 5, 2)": [0.007622429169714451, -7.478450424969196e-05], "(4, 4, 5, 3)": [0.008310710079967976, 0.0], "(4, 5, 5, 2)": [0.0042543490417301655, 0.0], "(4, 5, 4, 2)": [0.001746083376929164, 0.012276098132133484], "(4, 5, 3, 1)": [0.0010846322402358055, 0.0], "(4, 5, 2, 1)": [0.0, 0.00221547344699502], "(2, 5, 0, 0)": [0.01056311372667551, 0.0], "(3, 4, 6, 4)": [0.0, 0.0028560480568557978], "(2, 4, 5, 2)": [0.0036328707356005907, 0.0], "(1, 5, -1, 1)": [0.015129108913242817, 0.0], "(2, 4, 2, 3)": [0.013268634676933289, 0.006789416074752808], "(1, 4, -2, 1)": [0.00039717729669064283, 0.005088420584797859], "(0, 4, -2, 0)": [0.0, 0.0], "(1, 4, -2, 0)": [0.009151725098490715, -0.0020328557584434748], "(1, 4, 6, 4)": [0.001930094207637012, 0.0], "(1, 4, 2, 1)": [0.0, 0.0], "(4, 4, 3, 1)": [0.0, 0.00157238042447716], "(2, 5, -2, 1)": [0.0019459896720945835, 0.0], "(1, 4, -3, 0)": [-0.0012671704171225429, 0.0], "(0, 4, 0, 1)": [0.0018459981074556708, 0.013009305112063885], "(1, 5, -1, 0)": [0.0019119688076898456, 0.0015749018639326096], "(4, 5, 6, 3)": [0.003759237704798579, 0.0], "(1, 5, 4, 4)": [0.0038225376047194004, 0.001140834647230804], "(2, 4, -2, 1)": [0.0017537620151415467, 0.0], "(3, 4, -1, 0)": [0.001258333446457982, 0.0],