{"q_values": {"(2, 5, 2, 2)": [0.0165067408233881, 0.018541369587183, 0.018472421914339066, 0.01852324604988098, 0.017653536051511765], "(2, 5, 3, 3)": [0.016294490545988083, 0.016367103904485703, 0.015279265120625496, 0.017498044297099113, 0.015241694636642933], "(2, 5, 3, 2)": [0.017071804031729698, 0.018493346869945526, 0.018298551440238953, 0.018764007836580276, 0.017947645857930183], "(2, 5, 2, 1)": [0.010347176343202591, 0.011813345365226269, 0.014290668070316315, 0.006668049842119217, 0.011723509058356285], "(2, 5, 1, 1)": [0.013333233073353767, 0.014748889952898026, 0.017574716359376907, 0.0171433687210083, 0.015201697126030922], "(2, 5, 1, 2)": [0.017771253362298012, 0.01856657862663269, 0.01860828325152397, 0.018612802028656006, 0.018311263993382454], "(2, 5, 2, 3)": [0.012801439501345158, 0.01045733317732811, 0.008464723825454712, 0.0043012164533138275, 0.01022438146173954], "(2, 5, 4, 3)": [0.0018015634268522263, 0.007627469953149557, 0.005824384745210409, 0.008925920352339745, 0.006933385506272316], "(3, 5, 3, 2)": [0.009731164202094078, 0.011007960885763168, 0.010222112759947777, 0.01099412515759468, 0.00803536269813776], "(3, 5, 2, 2)": [0.016238825395703316, 0.01536535657942295, 0.012213272042572498, 0.015069505199790001, 0.014487255364656448], "(3, 5, 2, 1)": [0.003550953697413206, 0.0007547452114522457, 0.0010627828305587173, -0.002094336785376072, 0.00713513046503067], "(1, 5, 2, 2)": [0.0068712434731423855, 0.005470732226967812, 0.007897116243839264, 0.0037498092278838158, 0.00792764127254486], "(1, 5, 2, 3)": [0.0035827469546347857, 0.0017159017734229565, 0.0, 0.002861719112843275, -0.0019988801795989275], "(1, 5, 3, 3)": [0.0037846413906663656, 0.0009712011669762433, 0.0036408985033631325, 0.004527553915977478, 0.0035922338720411062], "(2, 5, 0, 1)": [0.007085900753736496, 0.005244757514446974, 0.00796149205416441, 0.003184014465659857, 0.006983216851949692], "(1, 5, 1, 1)": [-0.0007230588234961033, 0.0, 0.0019521054346114397, 0.002108719665557146, 0.003583677113056183], "(2, 5, 0, 0)": [-0.002038830192759633, 0.0, 0.0, 0.0, 0.0], "(3, 5, 3, 3)": [0.005816271994262934, 0.009518851526081562, 0.004615137353539467, 0.009530737064778805, 0.008005262352526188], "(3, 5, 1, 1)": [0.004130478948354721, 0.0024008520413190126, 0.0022234306670725346, 0.001159978797659278, 0.001166080473922193], "(1, 5, 1, 2)": [0.005400629714131355, 0.005233122035861015, 0.0, 0.004527273587882519, 0.005436744075268507], "(3, 5, 4, 3)": [0.004227875266224146, 0.0013565236004069448, 0.0019138932693749666, -0.00017337012104690075, -0.0012064072070643306], "(2, 5, 4, 4)": [0.0, 0.0010453596478328109, 0.0022150035947561264, 0.0, 0.0], "(3, 5, 1, 2)": [0.0014863256365060806, 0.0, 0.0032680542208254337, 0.0012063770554959774, 0.0036892308853566647], "(3, 5, 2, 3)": [0.0, 0.0, 0.0, 0.0012611843412742019, 0.0], "(1, 5, 3, 2)": [0.0, 0.0, 0.0010966213885694742, 0.0022746208123862743, 0.0]}}