{"q_values": {"(2, 5, 2, 2)": [0.019374635070562363, 0.01883098855614662, 0.01904590241611004, 0.018957097083330154, 0.018632439896464348], "(2, 5, 3, 2)": [0.019757194444537163, 0.019470281898975372, 0.019544586539268494, 0.019354822114109993, 0.01957767643034458], "(2, 5, 3, 3)": [0.019834069535136223, 0.016284696757793427, 0.016592321917414665, 0.01726832240819931, 0.01701478473842144], "(2, 4, 2, 2)": [0.016378549858927727, 0.015449771657586098, 0.019317807629704475, 0.01601736806333065, 0.016908777877688408], "(2, 4, 3, 2)": [0.019256997853517532, 0.019239066168665886, 0.019401194527745247, 0.0192820243537426, 0.01949376054108143], "(2, 4, 3, 3)": [0.019699987024068832, 0.019860155880451202, 0.019655585289001465, 0.019681915640830994, 0.01969783566892147], "(2, 4, 4, 3)": [0.019703373312950134, 0.019680321216583252, 0.01978655718266964, 0.01974770985543728, 0.01975247450172901], "(2, 4, 1, 1)": [0.014562638476490974, 0.015369681641459465, 0.01482419390231371, 0.015925657004117966, 0.017102239653468132], "(2, 4, 2, 1)": [0.010553792119026184, 0.013874766416847706, 0.0128019405528903, 0.012962562032043934, 0.01648196578025818], "(2, 5, 4, 3)": [0.017943907529115677, 0.01979999989271164, 0.01818130910396576, 0.016666507348418236, 0.017170226201415062], "(2, 4, 1, 2)": [0.018625373020768166, 0.015995239838957787, 0.01603635400533676, 0.016653288155794144, 0.015913907438516617], "(2, 5, 1, 2)": [0.019463220611214638, 0.019232137128710747, 0.01929561421275139, 0.019369209185242653, 0.019361063838005066], "(2, 5, 0, 2)": [0.019636118784546852, 0.019306812435388565, 0.017848636955022812, 0.019285887479782104, 0.019234228879213333], "(2, 5, 2, 3)": [0.010723825544118881, 0.009817386046051979, 0.01194204855710268, 0.010681014508008957, 0.009743250906467438], "(2, 4, 0, 1)": [0.01657087542116642, 0.015751857310533524, 0.014214575290679932, 0.015211754478514194, 0.016111668199300766], "(2, 4, 4, 2)": [0.01875937730073929, 0.019276399165391922, 0.018130309879779816, 0.019313719123601913, 0.019595233723521233], "(2, 4, 5, 3)": [0.018841629847884178, 0.01912335678935051, 0.019595380872488022, 0.01881372183561325, 0.019333258271217346], "(3, 4, 4, 2)": [0.019423451274633408, 0.01928572542965412, 0.019404137507081032, 0.01979360170662403, 0.019368669018149376], "(3, 4, 3, 2)": [0.019152048975229263, 0.016243012621998787, 0.019166111946105957, 0.019189927726984024, 0.01988159492611885], "(3, 4, 2, 1)": [0.01426859013736248, 0.014293004758656025, 0.01211164053529501, 0.01492104772478342, 0.014402312226593494], "(3, 4, 2, 2)": [0.014215674251317978, 0.01622004061937332, 0.01602490432560444, 0.019757414236664772, 0.01672155223786831], "(3, 4, 3, 1)": [0.005213962867856026, -0.0029303967021405697, 0.0031991279684007168, 0.0010264803422614932, 0.016300920397043228], "(2, 5, 0, 1)": [0.019373919814825058, 0.01944359950721264, 0.019466429948806763, 0.019467465579509735, 0.01946417987346649], "(2, 5, 5, 3)": [0.015199845656752586, 0.011329829692840576, 0.019512027502059937, 0.011350680142641068, 0.014176243916153908], "(3, 5, 4, 3)": [0.01975352130830288, 0.017030807211995125, 0.016285045072436333, 0.01555360946804285, 0.015883740037679672], "(3, 5, 3, 3)": [0.01982637494802475, 0.017337162047624588, 0.01716032810509205, 0.018357835710048676, 0.014348709024488926], "(3, 5, 2, 2)": [0.01928354799747467, 0.019723575562238693, 0.019324667751789093, 0.01910032331943512, 0.016731884330511093], "(3, 5, 3, 2)": [0.01984580047428608, 0.019366763532161713, 0.019560914486646652, 0.019522730261087418, 0.019548937678337097], "(3, 5, 1, 2)": [0.019448913633823395, 0.01932634226977825, 0.018233681097626686, 0.019742053002119064, 0.019374866038560867], "(2, 5, 5, 4)": [0.0029255691915750504, 0.005315027199685574, -0.0009718924993649125, 0.0043835751712322235, 0.0047383978962898254], "(3, 4, 5, 3)": [0.01903543435037136, 0.019104378297924995, 0.019717950373888016, 0.0180682260543108, 0.018694985657930374], "(3, 4, 4, 3)": [0.01968970149755478, 0.019841404631733894, 0.019691227003932, 0.01966208405792713, 0.019628562033176422], "(3, 5, 4, 2)": [0.019553737714886665, 0.019723718985915184, 0.01958911120891571, 0.019649816676974297, 0.01947183720767498], "(1, 4, 0, 1)": [0.019640034064650536, 0.019431214779615402, 0.019633915275335312, 0.019636765122413635, 0.016507675871253014], "(1, 4, 1, 2)": [0.01970663294196129, 0.019778314977884293, 0.01665707863867283, 0.019716497510671616, 0.019706910476088524], "(1, 4, 2, 2)": [0.01969134248793125, 0.01978858932852745, 0.01948986016213894, 0.01979782246053219, 0.019723139703273773], "(1, 4, 3, 3)": [0.019854461774230003, 0.019833222031593323, 0.019893275573849678, 0.019894655793905258, 0.019780991598963737], "(1, 4, 4, 3)": [0.019176870584487915, 0.01991785690188408, 0.019454192370176315, 0.019295744597911835, 0.01952788233757019], "(1, 5, 1, 2)": [0.019929053261876106, 0.019837968051433563, 0.019742727279663086, 0.019748197868466377, 0.019625697284936905], "(1, 5, 0, 2)": [0.019929761067032814, 0.01973002590239048, 0.019391736015677452, 0.019690008834004402, 0.019659116864204407], "(1, 5, 2, 3)": [0.019854698330163956, 0.015185605734586716, 0.010896806605160236, 0.014530208893120289, 0.01628262922167778], "(1, 5, 3, 3)": [0.019593797624111176, 0.019860677421092987, 0.01931825280189514, 0.018724776804447174, 0.01929531805217266], "(3, 5, 1, 1)": [0.019575556740164757, 0.0195788387209177, 0.019536137580871582, 0.01954931952059269, 0.019541973248124123], "(3, 4, 1, 1)": [0.014747511595487595, 0.01553154643625021, 0.018206888809800148, 0.016012020409107208, 0.01575297862291336], "(3, 4, 1, 2)": [0.019358452409505844, 0.019518904387950897, 0.019488325342535973, 0.019472384825348854, 0.019523441791534424], "(3, 4, 0, 1)": [0.011243727058172226, 0.011101611889898777, 0.012609831988811493, 0.011982901021838188, 0.014070126228034496], "(2, 5, 1, 1)": [0.019590599462389946, 0.019628917798399925, 0.019715063273906708, 0.019585158675909042, 0.01961621269583702], "(2, 5, 4, 2)": [0.0198852326720953, 0.019400374963879585, 0.019142864271998405, 0.018933692947030067, 0.019195305183529854], "(2, 5, 2, 1)": [0.008045797236263752, 0.00510770920664072, 0.019789205864071846, 0.013475324027240276, 0.006408751476556063], "(2, 4, 5, 2)": [0.015886351466178894, 0.0, 0.0019191583851352334, 0.0012975673889741302, 0.0], "(3, 4, 5, 2)": [0.011066904291510582, 0.011667930521070957, 0.010177277959883213, 0.011546691879630089, 0.01961306855082512], "(1, 5, 2, 2)": [0.019894810393452644, 0.01945306360721588, 0.019161425530910492, 0.018983958289027214, 0.019563918933272362], "(1, 4, 3, 2)": [0.01974869705736637, 0.019506976008415222, 0.019807135686278343, 0.019669530913233757, 0.01984316296875477], "(2, 4, 0, 2)": [0.018044564872980118, 0.016149234026670456, 0.01922949030995369, 0.01920676976442337, 0.019399959594011307], "(1, 4, -1, 1)": [0.009732067584991455, 0.008085524663329124, 0.013277295976877213, 0.006368348374962807, 0.0097917839884758], "(2, 5, 6, 4)": [0.005562452599406242, 0.0031006375793367624, 0.004614220932126045, 0.005033022258430719, 0.01034606620669365], "(3, 5, 6, 3)": [0.014796827919781208, 0.0, 0.0, 0.0, 0.0], "(3, 5, 5, 3)": [0.016473732888698578, 0.01631857454776764, 0.015745753422379494, 0.015954867005348206, 0.016211798414587975], "(2, 4, -1, 0)": [0.00014107092283666134, 0.005111622158437967, 0.0011410710867494345, 0.002743000630289316, 0.0029304237104952335], "(1, 4, 0, 2)": [0.019656239077448845, 0.019680578261613846, 0.01977553963661194, 0.019539136439561844, 0.019897261634469032], "(1, 4, 2, 3)": [0.01556326076388359, 0.019929690286517143, 0.013595526106655598, 0.01571902260184288, 0.01892421394586563], "(1, 4, 1, 1)": [0.01693718694150448, 0.013719217851758003, 0.015669874846935272, 0.016222015023231506, 0.01952384039759636], "(1, 4, 4, 2)": [0.019858095794916153, 0.001923231640830636, 0.0019623134285211563, 0.004602635744959116, 0.0029393674340099096],