{"q_values": {"(2, 5, 2, 2)": [0.017366016283631325, 0.018482794985175133], "(2, 5, 1, 2)": [0.01939559169113636, 0.019146952778100967], "(2, 5, 1, 1)": [0.019291581586003304, 0.019299877807497978], "(2, 5, 3, 2)": [0.015658067539334297, 0.017862290143966675], "(2, 5, 3, 3)": [0.011107789352536201, 0.0169373732060194], "(2, 5, 4, 3)": [0.011181200854480267, 0.014056899584829807], "(2, 5, 5, 3)": [0.014452101662755013, 0.012982852756977081], "(2, 4, 2, 2)": [0.018555156886577606, 0.019099945202469826], "(2, 4, 3, 2)": [0.018774164840579033, 0.01917632669210434], "(2, 4, 4, 3)": [0.01924661546945572, 0.01927470788359642], "(2, 4, 5, 3)": [0.019224422052502632, 0.01905052550137043], "(2, 4, 6, 4)": [0.01087515614926815, 0.002096149604767561], "(2, 5, 6, 4)": [0.014196612872183323, 0.009040748700499535], "(2, 5, 0, 1)": [0.019471779465675354, 0.019457729533314705], "(2, 4, 0, 1)": [0.017209293320775032, 0.01894056238234043], "(2, 4, 1, 2)": [0.01708492636680603, 0.01868271455168724], "(2, 4, 3, 3)": [0.019487440586090088, 0.019563619047403336], "(2, 4, 1, 1)": [0.016667142510414124, 0.015421388670802116], "(2, 5, 4, 2)": [0.017495648935437202, 0.018844453617930412], "(2, 4, 4, 2)": [0.019148504361510277, 0.01948445662856102], "(2, 4, 2, 1)": [0.010386927053332329, 0.011592822149395943], "(2, 4, 0, 0)": [0.013265198096632957, -0.0022047138772904873], "(3, 5, 3, 2)": [0.01864543929696083, 0.01655580662190914], "(3, 5, 2, 2)": [0.018661528825759888, 0.017299070954322815], "(3, 5, 1, 2)": [0.017642028629779816, 0.0162663571536541], "(2, 5, 0, 2)": [0.019192956387996674, 0.01889871060848236], "(2, 5, 2, 3)": [0.011697158217430115, 0.014813217334449291], "(3, 4, 4, 3)": [0.014454428106546402, 0.01891271397471428], "(3, 4, 5, 3)": [0.017715396359562874, 0.01592995785176754], "(3, 4, 3, 2)": [0.018347514793276787, 0.018335217610001564], "(3, 4, 2, 2)": [0.016300290822982788, 0.015015230514109135], "(3, 4, 1, 1)": [0.013633296824991703, 0.01548181101679802], "(3, 4, 0, 1)": [0.009870707988739014, 0.016955139115452766], "(3, 4, 0, 0)": [0.0014085493749007583, 0.004929633345454931], "(3, 5, 5, 3)": [0.017231814563274384, 0.010228579863905907], "(3, 5, 6, 4)": [-0.0005832990864291787, 0.005361643619835377], "(2, 5, 5, 4)": [0.007671460509300232, 0.002596655860543251], "(1, 5, 1, 1)": [0.006332194898277521, 0.0009999157628044486], "(1, 5, 0, 1)": [0.017487753182649612, 0.015230158343911171], "(1, 5, 1, 2)": [0.018312951549887657, 0.017075588926672935], "(1, 5, 2, 2)": [0.016041716560721397, 0.01747599057853222], "(1, 4, 2, 2)": [0.017336884513497353, 0.018981125205755234], "(1, 5, 3, 3)": [0.012848859652876854, 0.014081990346312523], "(1, 5, 2, 3)": [0.01307566836476326, 0.0019689251203089952], "(3, 5, 3, 3)": [0.01654036156833172, 0.01351867988705635], "(2, 5, 6, 3)": [0.013976982794702053, 0.009752932004630566], "(2, 5, -1, 1)": [0.014367552474141121, 0.009297728538513184], "(2, 5, -1, 0)": [0.0028421180322766304, 0.007778684608638287], "(2, 5, -2, 0)": [0.0019620838575065136, 0.0], "(2, 4, -2, 0)": [0.0030761808156967163, 0.002531777136027813], "(2, 4, -1, 0)": [0.008910015225410461, 0.015125071629881859], "(2, 4, 0, 2)": [0.014773478731513023, 0.01885729283094406], "(1, 4, 0, 1)": [0.015304237604141235, 0.017771996557712555], "(1, 4, 1, 1)": [0.011281710118055344, 0.01683816686272621], "(1, 4, 1, 2)": [0.01817026548087597, 0.018711823970079422], "(1, 4, 3, 2)": [0.01895354874432087, 0.018076058477163315], "(1, 4, 3, 3)": [0.017793620005249977, 0.01893613487482071], "(2, 4, 6, 3)": [0.01778884045779705, 0.012334958650171757], "(3, 5, 4, 3)": [0.014869953505694866, 0.015013269148766994], "(1, 4, 0, 2)": [0.017102397978305817, 0.012042330577969551], "(1, 4, 2, 3)": [0.006219410803169012, 0.0025369380600750446], "(2, 5, 4, 4)": [-0.001469966839067638, 0.0], "(1, 4, 4, 3)": [0.01666853204369545, 0.014065373688936234], "(1, 4, 5, 3)": [0.0018866185564547777, 0.007390633691102266], "(1, 4, 6, 3)": [0.0019783847965300083, 0.0], "(1, 5, 4, 3)": [0.004704277031123638, 0.011655978858470917], "(3, 4, 4, 2)": [0.01893134042620659, 0.018604004755616188], "(3, 4, 2, 1)": [0.013992924243211746, 0.015644431114196777], "(1, 4, -1, 1)": [0.009912136942148209, 0.00680849002674222], "(2, 4, 5, 4)": [0.0018558682641014457, 0.006718861870467663], "(3, 5, 4, 2)": [0.018667912110686302, 0.013720816001296043], "(3, 5, 6, 3)": [0.003227668348699808, 0.00853235088288784], "(2, 5, 1, 3)": [0.0, 0.0012153398711234331], "(1, 4, 4, 2)": [0.0, 0.0041762785986065865], "(3, 5, 1, 1)": [0.018729524686932564, 0.017160724848508835], "(3, 5, 0, 1)": [0.01655520126223564, 0.01872703991830349], "(1, 4, -1, 0)": [-0.0008688666857779026, 0.00642020907253027], "(2, 4, -1, 1)": [0.00893395021557808, 0.014050803147256374], "(3, 5, 5, 4)": [0.0009585465304553509, -0.001837679767049849], "(2, 5, 2, 1)": [0.00484077213332057, 0.01018294133245945], "(1, 5, 5, 3)": [0.006360097788274288, 0.005498609039932489], "(1, 5, 0, 2)": [0.01625068299472332, 0.01669015735387802], "(3, 5, 7, 4)": [0.0012177523458376527, -0.0013796805869787931], "(3, 4, 6, 3)": [0.007965389639139175, 0.0], "(3, 4, 1, 2)": [0.016815757378935814, 0.010545196942985058], "(3, 4, 3, 3)": [0.004968056455254555, 0.0], "(3, 5, 2, 1)": [0.01168407965451479, 0.01494804210960865], "(3, 4, 5, 2)": [0.00686891283839941, 0.0017491544131189585], "(3, 4, 3, 1)": [0.005191108211874962, -0.001340515911579132], "(2, 5, 7, 4)": [-0.00039579940494149923, 0.0012426503235474229], "(1, 5, 3, 2)": [0.007154818624258041, 0.00339280697517097], "(1, 5, 1, 3)": [0.0, -0.0005206961650401354], "(3, 5, 0, 2)": [0.004825285170227289, 0.0], "(3, 5, 2, 3)": [0.0, 0.0], "(3, 5, 0, 0)": [0.0, 0.0011343936203047633], "(4, 4, 4, 2)": [0.00895717553794384, 0.013903777115046978], "(4, 4, 3, 2)": [0.0035218303091824055, 0.012501905672252178], "(4, 4, 2, 1)": [0.004602281842380762, 0.00145986198913306], "(4, 4, 1, 1)": [0.0032062053214758635, 0.0], "(4, 4, 0, 0)": [0.0, -0.002210459904745221], "(1, 4, 0, 0)": [-0.0034294803626835346, 0.0023945120628923178], "(1, 5, 5, 4)": [-0.0009899536380544305, 0.003351774998009205], "(1, 5, 6, 4)": [0.0, 0.0], "(4, 5, 3, 2)": [0.0017009058501571417, 0.003971328493207693], "(4, 5, 2, 2)": [0.00236771022900939, 0.0], "(4, 5, 1, 1)": [0.001783419051207602, 0.0], "(4, 5, 4, 3)": [0.0016331735532730818, 0.0], "(4, 5, 5, 3)": [0.0009006528998725116, 0.0019937630277127028], "(4, 5, 3, 3)": [0.0008805154939182103, 0.0], "(4, 5, 1, 2)": [0.0016563811805099249, 0.0018858974799513817], "(4, 5, 0, 1)": [0.0019028789829462767, 0.0008956278907135129], "(3, 5, 5, 2)": [0.0, 0.0017815538449212909], "(4, 4, 5, 2)": [0.007622429169714451, -7.478450424969196e-05], "(4, 4, 5, 3)": [0.006799019407480955, 0.0], "(4, 5, 5, 2)": [0.0014139292761683464, 0.0], "(4, 5, 4, 2)": [0.002958156866952777, 0.00313991098664701], "(4, 5, 3, 1)": [0.0010846322402358055, 0.0], "(4, 5, 2, 1)": [0.0, 0.0010948673589155078], "(2, 5, 0, 0)": [0.00340223778039217, 0.0], "(3, 4, 6, 4)": [0.0, 0.0010045584058389068], "(2, 4, 5, 2)": [0.0019020766485482454, 0.0], "(1, 5, -1, 1)": [0.005579774733632803, 0.0], "(2, 4, 2, 3)": [0.003697440028190613, 0.001978611573576927], "(1, 4, -2, 1)": [-0.0010952937882393599, 0.003082998562604189], "(0, 4, -2, 0)": [0.0, 0.0], "(1, 4, -2, 0)": [0.003260489786043763, -0.0020328557584434748], "(1, 4, 6, 4)": [0.001930094207637012, 0.0], "(1, 4, 2, 1)": [0.0, 0.0], "(4, 4, 3, 1)": [0.0, 0.00157238042447716], "(2, 5, -2, 1)": [0.0019459896720945835, 0.0], "(1, 4, -3, 0)": [0.000991186941973865, 0.0]}}