{"q_values": {"(2, 5, 2, 2)": [0.018149856477975845, 0.01955520547926426, 0.017764823511242867, 0.0188980121165514, 0.01772206649184227], "(2, 5, 3, 2)": [0.019486377015709877, 0.018915534019470215, 0.01911281980574131, 0.019111597910523415, 0.017994379624724388], "(2, 5, 3, 3)": [0.013918302021920681, 0.018183860927820206, 0.015016959980130196, 0.014704277738928795, 0.01210047584027052], "(2, 4, 2, 2)": [0.016871292144060135, 0.018909355625510216, 0.016763944178819656, 0.01883004978299141, 0.018970061093568802], "(2, 4, 3, 2)": [0.01912499964237213, 0.01826990768313408, 0.019253317266702652, 0.019434940069913864, 0.019292417913675308], "(2, 4, 3, 3)": [0.019203566014766693, 0.019277332350611687, 0.01947767101228237, 0.019322926178574562, 0.019320080056786537], "(2, 4, 4, 3)": [0.01931360736489296, 0.01951269805431366, 0.019182801246643066, 0.019413501024246216, 0.019344190135598183], "(2, 4, 1, 1)": [0.018102673813700676, 0.018043039366602898, 0.018008042126893997, 0.014456403441727161, 0.01846122369170189], "(2, 4, 2, 1)": [0.007049450650811195, 0.00881280843168497, 0.0113251693546772, 0.013337289914488792, 0.011934522539377213], "(2, 5, 4, 3)": [0.018917609006166458, 0.014850574545562267, 0.016899017617106438, 0.01584714651107788, 0.01699054054915905], "(2, 4, 1, 2)": [0.019057903438806534, 0.01858779415488243, 0.018072711303830147, 0.018625209107995033, 0.018835464492440224], "(2, 5, 1, 2)": [0.019276389852166176, 0.01954967901110649, 0.019357580691576004, 0.019085148349404335, 0.01909828558564186], "(2, 5, 0, 2)": [0.01650545373558998, 0.017810288816690445, 0.017263736575841904, 0.019260138273239136, 0.01791810430586338], "(2, 5, 2, 3)": [0.006194551475346088, 0.012514440342783928, 0.011163609102368355, 0.005387444980442524, 0.0052765593864023685], "(2, 4, 0, 1)": [0.015425330027937889, 0.013575681485235691, 0.013427426107227802, 0.011791832745075226, 0.013978593051433563], "(2, 4, 4, 2)": [0.01905502937734127, 0.01884465478360653, 0.018631717190146446, 0.019364817067980766, 0.018406720831990242], "(2, 4, 5, 3)": [0.008652232587337494, 0.007973864674568176, 0.00969290267676115, 0.010963650420308113, 0.016793426126241684], "(3, 4, 4, 2)": [0.011192903853952885, 0.014923498965799809, 0.009363286197185516, 0.01054854691028595, 0.0059492867439985275], "(3, 4, 3, 2)": [0.015321907587349415, 0.016086630523204803, 0.014738921076059341, 0.014524290338158607, 0.016851525753736496], "(3, 4, 2, 1)": [0.007029099389910698, 0.008818755857646465, 0.007856367155909538, 0.0014800052158534527, 0.013526435010135174], "(3, 4, 2, 2)": [0.010318214073777199, 0.014456218108534813, 0.01661006361246109, 0.015141390264034271, 0.010471667163074017], "(3, 4, 3, 1)": [0.0011840705992653966, -0.0013858253369107842, 0.0016834313282743096, 0.0, 0.0009481068118475378], "(2, 5, 0, 1)": [0.01947704702615738, 0.0192705225199461, 0.01943790167570114, 0.019374482333660126, 0.019573383033275604], "(2, 5, 5, 3)": [0.012650791555643082, 0.015882013365626335, 0.00577005697414279, 0.012313060462474823, 0.009243842214345932], "(3, 5, 4, 3)": [0.014167419634759426, 0.013105192221701145, 0.013321880251169205, 0.005879554897546768, 0.008402933366596699], "(3, 5, 3, 3)": [0.006256439257413149, 0.009930873289704323, 0.0073959603905677795, 0.006485071033239365, 0.008209485560655594], "(3, 5, 2, 2)": [0.016125857830047607, 0.0158512145280838, 0.014257863163948059, 0.017491865903139114, 0.014871406368911266], "(3, 5, 3, 2)": [0.01668081246316433, 0.0163876973092556, 0.016834571957588196, 0.01695748046040535, 0.013636243529617786], "(3, 5, 1, 2)": [0.0033185547217726707, 0.0067773424088954926, 0.006652385927736759, 0.015214269980788231, 0.007090910337865353], "(2, 5, 5, 4)": [0.0, -0.0022086126264184713, 0.00282262172549963, 0.0, 0.0], "(3, 4, 5, 3)": [0.0022068966645747423, 0.0, 0.0028511639684438705, 0.0013363113394007087, 0.0010954042663797736], "(3, 4, 4, 3)": [0.002394271781668067, 0.009393982589244843, 0.003410718170925975, 0.00476428447291255, 0.0060722497291862965], "(3, 5, 4, 2)": [0.00793237891048193, 0.008372516371309757, 0.008218927308917046, 0.011045792140066624, 0.009995265863835812], "(1, 4, 0, 1)": [0.01130714826285839, 0.007291874382644892, 0.0038264670874923468, 0.007414551451802254, 0.0036792554892599583], "(1, 4, 1, 2)": [0.004465804435312748, 0.0075966487638652325, 0.006276086438447237, 0.012444672174751759, 0.008375542238354683], "(1, 4, 2, 2)": [0.012568533420562744, 0.010846875607967377, 0.010649433359503746, 0.010711091570556164, 0.01615307666361332], "(1, 4, 3, 3)": [0.0019725379534065723, 0.003177542006596923, 0.003400815650820732, 0.007113662548363209, 0.0038990939501672983], "(1, 4, 4, 3)": [0.003119902452453971, 0.0049071162939071655, 0.004260562360286713, 0.006422481499612331, 0.003318971022963524], "(1, 5, 1, 2)": [0.006320592947304249, 0.006636727135628462, 0.006821613758802414, 0.00830380991101265, 0.01339966431260109], "(1, 5, 0, 2)": [0.0015358501113951206, 0.0, 0.0010991207091137767, 0.005090591963380575, 0.001113503472879529], "(1, 5, 2, 3)": [7.084512617439032e-05, -0.00017068837769329548, 0.0032881484366953373, 0.009014450944960117, 0.0059505184181034565], "(1, 5, 3, 3)": [0.0038028587587177753, 0.00250962283462286, 0.005888847634196281, 0.0033922307193279266, 0.0034015094861388206], "(3, 5, 1, 1)": [0.0018146776128560305, 0.0032373308204114437, 0.003992864862084389, 0.0013870549155399203, 0.008002951741218567], "(3, 4, 1, 1)": [0.008460943587124348, 0.006303011439740658, 0.012321862392127514, 0.005710845813155174, 0.006472122389823198], "(3, 4, 1, 2)": [0.003425934351980686, 0.001608409220352769, 0.0023923665285110474, 0.004343556705862284, 0.0010436646407470107], "(3, 4, 0, 1)": [0.0017411090666428208, 0.0, 0.0, 0.0, 0.0], "(2, 5, 1, 1)": [0.01905725710093975, 0.019466225057840347, 0.019321471452713013, 0.019341416656970978, 0.019633185118436813], "(2, 5, 4, 2)": [0.01738637126982212, 0.007771648932248354, 0.009882818907499313, 0.005289670079946518, 0.011062505654990673], "(2, 5, 2, 1)": [0.003681791014969349, 0.0, 0.005334770306944847, 0.001970486482605338, 0.0], "(2, 4, 5, 2)": [0.0, 0.0, 0.0, 0.0012975673889741302, 0.0], "(3, 4, 5, 2)": [0.0019275082740932703, 0.0, 0.0, 0.0011236744467169046, 0.002017579972743988], "(1, 5, 2, 2)": [0.007622356992214918, 0.006928695365786552, 0.013274571858346462, 0.010617359541356564, 0.00814768299460411], "(1, 4, 3, 2)": [0.007054044399410486, 0.0069677866995334625, 0.00564919225871563, 0.007570006884634495, 0.01272798515856266], "(2, 4, 0, 2)": [0.014290040358901024, 0.010502919554710388, 0.0044121406972408295, 0.0017842358211055398, 0.006260004360228777], "(1, 4, -1, 1)": [0.0, 0.0010540657676756382, 0.004613022319972515, 0.0010366052156314254, 0.00123882875777781], "(2, 5, 6, 4)": [0.005286810919642448, 0.0, 0.0, 0.0, 0.0], "(3, 5, 6, 3)": [0.0009847285691648722, 0.0, 0.0, 0.0, 0.0], "(3, 5, 5, 3)": [0.0036474978551268578, 0.001135290483944118, 0.004581437446177006, 0.006393123418092728, 0.002660382306203246], "(2, 4, -1, 0)": [0.0, 0.0016298312693834305, 0.0, 0.004859038628637791, -0.0004968024441041052], "(1, 4, 0, 2)": [0.005344229284673929, 0.0, 0.0023133275099098682, 0.0030381474643945694, 0.0012575226137414575], "(1, 4, 2, 3)": [0.0, 0.0012480734148994088, 0.0, 0.0, 0.0], "(1, 4, 1, 1)": [0.00022112217266112566, 0.0051598879508674145, 0.005622745491564274, -0.0019144135294482112, 0.0035531362518668175], "(1, 4, 4, 2)": [0.0018673330778256059, 0.0, 0.0, 0.0, 0.0], "(2, 4, -1, 1)": [0.004826800432056189, 0.0, 0.00115023588296026, 0.0, 0.0], "(1, 4, -1, 0)": [-0.002154011745005846, 0.0, -0.0014162720181047916, 0.0, 0.0], "(3, 4, 3, 3)": [0.0, 0.0017516360385343432, 0.0, 0.0, 0.0], "(1, 5, 0, 1)": [0.0038133759517222643, 0.0011391900479793549, 0.0011388574494048953, 0.0024058911949396133, 0.0029894907493144274], "(1, 5, -1, 1)": [0.001084618386812508, 0.0, 0.0, 0.0, 0.0], "(1, 5, 4, 3)": [0.001027650199830532, 0.0027337996289134026, 0.0010282996809110045, 0.0011793015291914344, 0.001277817995287478],