{"q_values": {"(2, 5, 2, 2)": [0.019473636522889137, 0.01996604911983013, 0.019489066675305367, 0.016550324857234955, 0.018975524231791496], "(2, 5, 3, 2)": [0.01990410126745701, 0.01857188157737255, 0.01793811470270157, 0.018440401181578636, 0.018347278237342834], "(2, 5, 3, 3)": [0.01986869052052498, 0.016204196959733963, 0.017640119418501854, 0.018686313182115555, 0.017990056425333023], "(2, 4, 2, 2)": [0.017478199675679207, 0.01931050978600979, 0.018575357273221016, 0.019967030733823776, 0.018372418358922005], "(2, 4, 3, 2)": [0.01933024264872074, 0.019374363124370575, 0.01922900415956974, 0.019364863634109497, 0.01995459385216236], "(2, 4, 3, 3)": [0.0198137816041708, 0.019825851544737816, 0.019831810146570206, 0.019883956760168076, 0.01979522407054901], "(2, 4, 4, 3)": [0.01969352923333645, 0.019709086045622826, 0.019904818385839462, 0.019712146371603012, 0.0197540782392025], "(2, 4, 1, 1)": [0.015034876763820648, 0.01530037634074688, 0.016502583399415016, 0.013806299306452274, 0.019926346838474274], "(2, 4, 2, 1)": [0.011402066797018051, 0.01285125408321619, 0.01380537636578083, 0.012962562032043934, 0.012140296399593353], "(2, 5, 4, 3)": [0.019878681749105453, 0.01915101334452629, 0.018791986629366875, 0.01916305348277092, 0.019273970276117325], "(2, 4, 1, 2)": [0.019149700179696083, 0.0191655196249485, 0.01920049823820591, 0.01991025172173977, 0.01952768862247467], "(2, 5, 1, 2)": [0.019658025354146957, 0.019937820732593536, 0.019582975655794144, 0.019701531156897545, 0.019540145993232727], "(2, 5, 0, 2)": [0.01972098834812641, 0.01950264908373356, 0.018289955332875252, 0.01947835274040699, 0.01946393772959709], "(2, 5, 2, 3)": [0.010723825544118881, 0.009817386046051979, 0.014727765694260597, 0.010681014508008957, 0.009743250906467438], "(2, 4, 0, 1)": [0.01730170287191868, 0.015419399365782738, 0.01552455872297287, 0.019874876365065575, 0.01640588790178299], "(2, 4, 4, 2)": [0.01875937730073929, 0.019402477890253067, 0.018612869083881378, 0.019412333145737648, 0.019854776561260223], "(2, 4, 5, 3)": [0.018841629847884178, 0.01912335678935051, 0.019802717491984367, 0.01881372183561325, 0.01931021176278591], "(3, 4, 4, 2)": [0.01937517710030079, 0.019362986087799072, 0.019369052723050117, 0.019425993785262108, 0.01987379975616932], "(3, 4, 3, 2)": [0.019424360245466232, 0.018337927758693695, 0.017168840393424034, 0.018516385927796364, 0.019938595592975616], "(3, 4, 2, 1)": [0.011986061930656433, 0.012116997502744198, 0.01211164053529501, 0.012831529602408409, 0.019094564020633698], "(3, 4, 2, 2)": [0.018596183508634567, 0.019615961238741875, 0.019168667495250702, 0.019921498373150826, 0.019596513360738754], "(3, 4, 3, 1)": [0.005213962867856026, -0.0029303967021405697, 0.0031991279684007168, 0.0010264803422614932, 0.016582006588578224], "(2, 5, 0, 1)": [0.019535258412361145, 0.019945140928030014, 0.019671333953738213, 0.01966116763651371, 0.019656971096992493], "(2, 5, 5, 3)": [0.0156673863530159, 0.012157377786934376, 0.019783833995461464, 0.012156544253230095, 0.01471235416829586], "(3, 5, 4, 3)": [0.01983187161386013, 0.019064128398895264, 0.018605651333928108, 0.017522258684039116, 0.017926856875419617], "(3, 5, 3, 3)": [0.017457129433751106, 0.019853778183460236, 0.01808026060461998, 0.01703890785574913, 0.014348709024488926], "(3, 5, 2, 2)": [0.019932856783270836, 0.01977190561592579, 0.019757095724344254, 0.019711371511220932, 0.019593028351664543], "(3, 5, 3, 2)": [0.019880196079611778, 0.019762352108955383, 0.019571661949157715, 0.019468046724796295, 0.019671758636832237], "(3, 5, 1, 2)": [0.019958967342972755, 0.019728459417819977, 0.01893690414726734, 0.019618211314082146, 0.019517354667186737], "(2, 5, 5, 4)": [0.0029255691915750504, 0.002801194554194808, -0.0009718924993649125, 0.0043835751712322235, 0.0047383978962898254], "(3, 4, 5, 3)": [0.01903543435037136, 0.01987779699265957, 0.018819943070411682, 0.018228471279144287, 0.018810385838150978], "(3, 4, 4, 3)": [0.019756589084863663, 0.01964210905134678, 0.019683029502630234, 0.019736919552087784, 0.019912593066692352], "(3, 5, 4, 2)": [0.019665157422423363, 0.019905541092157364, 0.01963837258517742, 0.01968141458928585, 0.0195913203060627], "(1, 4, 0, 1)": [0.01765444502234459, 0.017274003475904465, 0.018233591690659523, 0.017643898725509644, 0.019773537293076515], "(1, 4, 1, 2)": [0.018326234072446823, 0.01797301694750786, 0.018823163583874702, 0.019162796437740326, 0.019842667505145073], "(1, 4, 2, 2)": [0.018541309982538223, 0.018068423494696617, 0.017718084156513214, 0.017102966085076332, 0.01981068029999733], "(1, 4, 3, 3)": [0.019743870943784714, 0.01996280625462532, 0.019701816141605377, 0.019766241312026978, 0.019699513912200928], "(1, 4, 4, 3)": [0.01932191476225853, 0.019949229434132576, 0.019454192370176315, 0.019295744597911835, 0.019602306187152863], "(1, 5, 1, 2)": [0.019926918670535088, 0.01949295401573181, 0.019682427868247032, 0.019647037610411644, 0.018629364669322968], "(1, 5, 0, 2)": [0.019583340734243393, 0.019440218806266785, 0.01992977410554886, 0.019559847190976143, 0.019534755498170853], "(1, 5, 2, 3)": [0.016360914334654808, 0.019833797588944435, 0.014482841826975346, 0.015849238261580467, 0.014517898671329021], "(1, 5, 3, 3)": [0.018130134791135788, 0.019927585497498512, 0.017377547919750214, 0.017897268757224083, 0.017402036115527153], "(3, 5, 1, 1)": [0.019668802618980408, 0.01965038850903511, 0.019764889031648636, 0.01958630234003067, 0.019948499277234077], "(3, 4, 1, 1)": [0.01589447818696499, 0.01673888973891735, 0.017398355528712273, 0.017939401790499687, 0.019878286868333817], "(3, 4, 1, 2)": [0.019582422450184822, 0.019486043602228165, 0.019823269918560982, 0.019603373482823372, 0.019535323604941368], "(3, 4, 0, 1)": [0.013551365584135056, 0.014066902920603752, 0.01456418540328741, 0.01412130519747734, 0.019869009032845497], "(2, 5, 1, 1)": [0.01969429850578308, 0.01969302073121071, 0.01969209499657154, 0.019674332812428474, 0.01997053250670433], "(2, 5, 4, 2)": [0.01988358050584793, 0.01945773884654045, 0.019142864271998405, 0.019035635516047478, 0.019195305183529854], "(2, 5, 2, 1)": [0.008045797236263752, 0.00510770920664072, 0.01982485130429268, 0.013475324027240276, 0.006408751476556063], "(2, 4, 5, 2)": [0.01694992557168007, 0.0, 0.0019191583851352334, 0.0012975673889741302, 0.0], "(3, 4, 5, 2)": [0.011066904291510582, 0.011667930521070957, 0.010177277959883213, 0.011546691879630089, 0.01959916763007641], "(1, 5, 2, 2)": [0.019957343116402626, 0.019584698602557182, 0.01955275982618332, 0.019546514376997948, 0.01953323371708393], "(1, 4, 3, 2)": [0.01937687397003174, 0.01814606599509716, 0.019430922344326973, 0.019860217347741127, 0.019358500838279724], "(2, 4, 0, 2)": [0.018044564872980118, 0.016149234026670456, 0.01922949030995369, 0.01920676976442337, 0.019898097962141037], "(1, 4, -1, 1)": [0.009732067584991455, 0.008085524663329124, 0.01432755682617426, 0.006368348374962807, 0.0097917839884758], "(2, 5, 6, 4)": [0.005562452599406242, 0.0031006375793367624, 0.004614220932126045, 0.005033022258430719, 0.01034606620669365], "(3, 5, 6, 3)": [0.015274051576852798, 0.0, 0.0, 0.0, 0.0], "(3, 5, 5, 3)": [0.019772451370954514, 0.016653669998049736, 0.016139423474669456, 0.015954867005348206, 0.01656298339366913], "(2, 4, -1, 0)": [0.00014107092283666134, 0.005191091448068619, 0.0011410710867494345, 0.002743000630289316, 0.0029304237104952335], "(1, 4, 0, 2)": [0.019539853557944298, 0.01990637741982937, 0.019446220248937607, 0.019543292000889778, 0.019487755373120308], "(1, 4, 2, 3)": [0.01556326076388359, 0.019902458414435387, 0.013595526106655598, 0.01571902260184288, 0.01910652220249176], "(1, 4, 1, 1)": [0.011534254997968674, 0.012693229131400585, 0.01307334378361702, 0.019336823374032974, 0.008936140686273575], "(1, 4, 4, 2)": [0.01964450441300869, 0.001923231640830636, 0.0019623134285211563, 0.004602635744959116, 0.0029393674340099096],