{"q_values": {"(2, 5, 2, 2)": [0.015548578463494778, 0.018342645838856697, 0.01865462027490139, 0.018500979989767075, 0.018608853220939636], "(2, 5, 3, 2)": [0.016394633799791336, 0.01907164603471756, 0.019026918336749077, 0.018671726807951927, 0.017864756286144257], "(2, 5, 3, 3)": [0.015923526138067245, 0.016424018889665604, 0.01645052805542946, 0.017173457890748978, 0.017662029713392258], "(2, 4, 2, 2)": [0.01905222423374653, 0.019019022583961487, 0.018882162868976593, 0.019045015797019005, 0.018934717401862144], "(2, 4, 3, 2)": [0.01918770559132099, 0.01924077980220318, 0.019430657848715782, 0.01721787080168724, 0.01936892792582512], "(2, 4, 3, 3)": [0.019625414162874222, 0.019580405205488205, 0.019664311781525612, 0.019597670063376427, 0.01958629861474037], "(2, 4, 4, 3)": [0.0195810254663229, 0.01960451528429985, 0.01950990781188011, 0.019543247297406197, 0.019595177844166756], "(2, 4, 1, 1)": [0.014589310623705387, 0.01598944328725338, 0.014670506119728088, 0.01521722786128521, 0.016313480213284492], "(2, 4, 2, 1)": [0.012805073522031307, 0.01267631072551012, 0.010775472968816757, 0.011545974761247635, 0.012922802940011024], "(2, 5, 4, 3)": [0.01588723063468933, 0.019015919417142868, 0.01698671095073223, 0.015800753608345985, 0.01891588419675827], "(2, 4, 1, 2)": [0.019215287640690804, 0.018887251615524292, 0.01800996996462345, 0.019182976335287094, 0.019444111734628677], "(2, 5, 1, 2)": [0.019118698313832283, 0.016735326498746872, 0.01907009445130825, 0.019200103357434273, 0.019245313480496407], "(2, 5, 0, 2)": [0.019403379410505295, 0.01972350664436817, 0.019315946847200394, 0.019353194162249565, 0.019386831670999527], "(2, 5, 2, 3)": [0.011899598874151707, 0.00911354087293148, 0.010701846331357956, 0.014144064858555794, 0.009677572175860405], "(2, 4, 0, 1)": [0.016453243792057037, 0.01661686599254608, 0.017587587237358093, 0.016759805381298065, 0.018536975607275963], "(2, 4, 4, 2)": [0.019358333200216293, 0.01905805803835392, 0.019192125648260117, 0.01946045085787773, 0.01958898827433586], "(2, 4, 5, 3)": [0.017380572855472565, 0.013822421431541443, 0.017221778631210327, 0.016834991052746773, 0.0189412459731102], "(3, 4, 4, 2)": [0.01862350106239319, 0.01921943388879299, 0.017168452963232994, 0.018327336758375168, 0.018146147951483727], "(3, 4, 3, 2)": [0.018693968653678894, 0.018818557262420654, 0.015824323520064354, 0.01727105677127838, 0.018954019993543625], "(3, 4, 2, 1)": [0.010951569303870201, 0.016318580135703087, 0.0119992196559906, 0.013675929047167301, 0.012776866555213928], "(3, 4, 2, 2)": [0.016924787312746048, 0.01750418171286583, 0.018124189227819443, 0.018964944407343864, 0.01794940046966076], "(3, 4, 3, 1)": [0.0020705482456833124, -0.0013858253369107842, 0.0016834313282743096, 0.0010264803422614932, 0.005386609584093094], "(2, 5, 0, 1)": [0.019429076462984085, 0.019590314477682114, 0.019520873203873634, 0.01964898221194744, 0.019492637366056442], "(2, 5, 5, 3)": [0.017944131046533585, 0.013635599985718727, 0.012519413605332375, 0.013141217641532421, 0.011082343757152557], "(3, 5, 4, 3)": [0.017242837697267532, 0.01629560813307762, 0.013310750015079975, 0.013391324318945408, 0.013386387377977371], "(3, 5, 3, 3)": [0.00883739534765482, 0.016120921820402145, 0.011242830194532871, 0.011514069512486458, 0.005204572342336178], "(3, 5, 2, 2)": [0.019241884350776672, 0.018323946744203568, 0.018660258501768112, 0.018321208655834198, 0.018460938706994057], "(3, 5, 3, 2)": [0.019256984815001488, 0.016064152121543884, 0.01737968437373638, 0.01573793776333332, 0.0173590499907732], "(3, 5, 1, 2)": [0.017669249325990677, 0.01564750261604786, 0.016785062849521637, 0.01580968126654625, 0.01878463476896286], "(2, 5, 5, 4)": [0.0019159168004989624, -0.0009130341932177544, -0.0015192866558209062, -0.001261056400835514, 0.00810486450791359], "(3, 4, 5, 3)": [0.004758715163916349, 0.002837985288351774, 0.013191944919526577, 0.004207489546388388, 0.0028733182698488235], "(3, 4, 4, 3)": [0.013068253174424171, 0.018765753135085106, 0.01184091530740261, 0.013277865014970303, 0.009435497224330902], "(3, 5, 4, 2)": [0.014862416312098503, 0.016301140189170837, 0.016543526202440262, 0.01870095171034336, 0.01613049954175949], "(1, 4, 0, 1)": [0.012080403976142406, 0.013313742354512215, 0.015783799812197685, 0.013031319715082645, 0.009553994052112103], "(1, 4, 1, 2)": [0.015448737889528275, 0.01662500575184822, 0.01646558940410614, 0.017250094562768936, 0.018659600988030434], "(1, 4, 2, 2)": [0.017773326486349106, 0.017660032957792282, 0.016804339364171028, 0.018027812242507935, 0.01793012209236622], "(1, 4, 3, 3)": [0.013162773102521896, 0.012326366268098354, 0.012806639075279236, 0.018831465393304825, 0.012306361459195614], "(1, 4, 4, 3)": [0.007092784158885479, 0.01092784944921732, 0.009015634655952454, 0.018016692250967026, 0.0106258075684309], "(1, 5, 1, 2)": [0.016934091225266457, 0.014795715920627117, 0.017156478017568588, 0.015591492876410484, 0.015306868590414524], "(1, 5, 0, 2)": [0.011405198834836483, 0.007898403331637383, 0.011081894859671593, 0.01888604834675789, 0.008952973410487175], "(1, 5, 2, 3)": [0.009364336729049683, 0.01611088030040264, 0.0055036386474967, 0.012827069498598576, 0.011480324901640415], "(1, 5, 3, 3)": [0.007118875160813332, 0.01454207208007574, 0.010418794117867947, 0.00685931695625186, 0.011364750564098358], "(3, 5, 1, 1)": [0.01200776919722557, 0.012393214739859104, 0.012557318434119225, 0.01093652006238699, 0.018391570076346397], "(3, 4, 1, 1)": [0.010239411145448685, 0.011730886064469814, 0.011990780010819435, 0.017884844914078712, 0.013900870457291603], "(3, 4, 1, 2)": [0.011769993230700493, 0.011212163604795933, 0.018509414047002792, 0.013058742508292198, 0.007088674232363701], "(3, 4, 0, 1)": [0.01469229906797409, 0.0020741913467645645, 0.006092892028391361, 0.007519794628024101, 0.004667183849960566], "(2, 5, 1, 1)": [0.0195341557264328, 0.019591713324189186, 0.019612690433859825, 0.019656766206026077, 0.01957656256854534], "(2, 5, 4, 2)": [0.01969289220869541, 0.014445075765252113, 0.016380855813622475, 0.01330540981143713, 0.015974784269928932], "(2, 5, 2, 1)": [0.003681791014969349, 0.0016444604843854904, 0.015172586776316166, 0.003749412950128317, 0.0034213545732200146], "(2, 4, 5, 2)": [0.0, 0.0, 0.0, 0.0012975673889741302, 0.0], "(3, 4, 5, 2)": [0.0036535318940877914, 0.0, 0.0018558645388111472, 0.002832001307979226, 0.007795425131917], "(1, 5, 2, 2)": [0.018097316846251488, 0.016812535002827644, 0.015873422846198082, 0.017880238592624664, 0.017438801005482674], "(1, 4, 3, 2)": [0.015424670651555061, 0.014897868037223816, 0.013097123242914677, 0.01333185750991106, 0.017760111019015312], "(2, 4, 0, 2)": [0.019481902942061424, 0.01667744480073452, 0.016818072646856308, 0.012541833333671093, 0.015838148072361946], "(1, 4, -1, 1)": [0.0072500696405768394, 0.0037253987975418568, 0.01113505382090807, 0.0034832190722227097, 0.0031333323568105698], "(2, 5, 6, 4)": [0.011482291854918003, 0.0013066342798992991, 0.0, 0.002438732422888279, 0.0018834939692169428], "(3, 5, 6, 3)": [8.813943713903427e-05, 0.0, 0.0, 0.0, 0.0], "(3, 5, 5, 3)": [0.008665822446346283, 0.007317791692912579, 0.010144812986254692, 0.015208981931209564, 0.006872680503875017], "(2, 4, -1, 0)": [-0.0013047027168795466, 0.0026604700833559036, -6.503518670797348e-05, 0.007262816186994314, 0.0022069269325584173], "(1, 4, 0, 2)": [0.01810614950954914, 0.012160029262304306, 0.011578632518649101, 0.007092659827321768, 0.007613534573465586], "(1, 4, 2, 3)": [0.0019017354352399707, 0.010435393080115318, 0.0018691066652536392, 0.001889403909444809, 0.0], "(1, 4, 1, 1)": [0.005935706198215485, 0.008319545537233353, 0.010814609937369823, 0.005888760089874268, 0.002988888183608651], "(1, 4, 4, 2)": [0.003472936572507024, 0.0, 0.0, 0.0, 0.0], "(2, 4, -1, 1)": [0.011241323314607143, 0.004220272414386272, 0.00013573328033089638, 0.0035101105459034443, 0.00140245514921844],