{"q_values": {"(2, 5, 2, 2)": [0.019307509064674377, 0.018831251189112663], "(2, 5, 1, 2)": [0.019893407821655273, 0.01960465870797634], "(2, 5, 1, 1)": [0.019929010421037674, 0.019740795716643333], "(2, 5, 3, 2)": [0.019639762118458748, 0.018773144111037254], "(2, 5, 3, 3)": [0.016951534897089005, 0.015948869287967682], "(2, 5, 4, 3)": [0.019675884395837784, 0.018567664548754692], "(2, 5, 5, 3)": [0.019696734845638275, 0.01894450932741165], "(2, 4, 2, 2)": [0.019661515951156616, 0.01994158700108528], "(2, 4, 3, 2)": [0.019721046090126038, 0.019940761849284172], "(2, 4, 4, 3)": [0.01976243406534195, 0.01989653892815113], "(2, 4, 5, 3)": [0.019805559888482094, 0.019578389823436737], "(2, 4, 6, 4)": [0.017888765782117844, 0.007961434312164783], "(2, 5, 6, 4)": [0.018002206459641457, 0.010033874772489071], "(2, 5, 0, 1)": [0.01980927586555481, 0.019932227209210396], "(2, 4, 0, 1)": [0.019601285457611084, 0.0199196245521307], "(2, 4, 1, 2)": [0.019742030650377274, 0.019943520426750183], "(2, 4, 3, 3)": [0.019911175593733788, 0.019671820104122162], "(2, 4, 1, 1)": [0.019483687356114388, 0.019917478784918785], "(2, 5, 4, 2)": [0.019761668518185616, 0.019235553219914436], "(2, 4, 4, 2)": [0.01904851570725441, 0.019754571840167046], "(2, 4, 2, 1)": [0.013852182775735855, 0.017222430557012558], "(2, 4, 0, 0)": [0.01492369081825018, 0.01870136708021164], "(3, 5, 3, 2)": [0.01993810012936592, 0.018550442531704903], "(3, 5, 2, 2)": [0.019887764006853104, 0.01956675574183464], "(3, 5, 1, 2)": [0.019811270758509636, 0.018213825300335884], "(2, 5, 0, 2)": [0.01972605660557747, 0.019288228824734688], "(2, 5, 2, 3)": [0.012877415865659714, 0.018980324268341064], "(3, 4, 4, 3)": [0.019942255690693855, 0.019781040027737617], "(3, 4, 5, 3)": [0.01995874010026455, 0.01953093893826008], "(3, 4, 3, 2)": [0.018601546064019203, 0.01994115114212036], "(3, 4, 2, 2)": [0.018730757758021355, 0.01988888531923294], "(3, 4, 1, 1)": [0.01874050870537758, 0.01978774182498455], "(3, 4, 0, 1)": [0.01570712774991989, 0.017759207636117935], "(3, 4, 0, 0)": [0.0011944484431296587, -0.0007146473508328199], "(3, 5, 5, 3)": [0.019907783716917038, 0.018599435687065125], "(3, 5, 6, 4)": [0.011782337911427021, 0.0008605525363236666], "(2, 5, 5, 4)": [0.019060464575886726, 0.014938142150640488], "(1, 5, 1, 1)": [0.01981552690267563, 0.008632039651274681], "(1, 5, 0, 1)": [0.019523128867149353, 0.01977042853832245], "(1, 5, 1, 2)": [0.019408436492085457, 0.018135596066713333], "(1, 5, 2, 2)": [0.016572773456573486, 0.01831134781241417], "(1, 4, 2, 2)": [0.01656499318778515, 0.019572071731090546], "(1, 5, 3, 3)": [0.012505685910582542, 0.01524600200355053], "(1, 5, 2, 3)": [0.012671076692640781, 0.013641935773193836], "(3, 5, 3, 3)": [0.01645541749894619, 0.01917473040521145], "(2, 5, 6, 3)": [0.018772488459944725, 0.014778905548155308], "(2, 5, -1, 1)": [0.018577560782432556, 0.016521058976650238], "(2, 5, -1, 0)": [0.013561440631747246, 0.018556494265794754], "(2, 5, -2, 0)": [0.006175211630761623, 0.0], "(2, 4, -2, 0)": [0.017075669020414352, 0.007290169596672058], "(2, 4, -1, 0)": [0.010369745083153248, 0.019189588725566864], "(2, 4, 0, 2)": [0.019338026642799377, 0.019894443452358246], "(1, 4, 0, 1)": [0.013967708684504032, 0.019693467766046524], "(1, 4, 1, 1)": [0.010046035051345825, 0.01625058241188526], "(1, 4, 1, 2)": [0.018601655960083008, 0.019813885912299156], "(1, 4, 3, 2)": [0.018781961873173714, 0.01911948435008526], "(1, 4, 3, 3)": [0.018478086218237877, 0.01855097897350788], "(2, 4, 6, 3)": [0.019212590530514717, 0.016619078814983368], "(3, 5, 4, 3)": [0.01992109604179859, 0.01696566678583622], "(1, 4, 0, 2)": [0.01979736238718033, 0.018999610096216202], "(1, 4, 2, 3)": [0.019534628838300705, 0.019028423354029655], "(2, 5, 4, 4)": [-0.001469966839067638, 0.005103772971779108], "(1, 4, 4, 3)": [0.01914842054247856, 0.01927056908607483], "(1, 4, 5, 3)": [0.003423707326874137, 0.01741766184568405], "(1, 4, 6, 3)": [0.009327230975031853, 0.0031247208826243877], "(1, 5, 4, 3)": [0.01638847216963768, 0.010511992499232292], "(3, 4, 4, 2)": [0.01966840960085392, 0.019951170310378075], "(3, 4, 2, 1)": [0.016256820410490036, 0.01985718309879303], "(1, 4, -1, 1)": [0.010772982612252235, 0.012648767791688442], "(2, 4, 5, 4)": [0.004968053661286831, 0.019206399098038673], "(3, 5, 4, 2)": [0.019940786063671112, 0.019651515409350395], "(3, 5, 6, 3)": [0.010507599450647831, 0.012821684591472149], "(2, 5, 1, 3)": [0.0033274537418037653, -0.00011008151341229677], "(1, 4, 4, 2)": [0.014267128892242908, 0.019464904442429543], "(3, 5, 1, 1)": [0.01954088918864727, 0.019749606028199196], "(3, 5, 0, 1)": [0.019375160336494446, 0.01954067125916481], "(1, 4, -1, 0)": [0.0038751245010644197, 0.012038026005029678], "(2, 4, -1, 1)": [0.015845635905861855, 0.018674055114388466], "(3, 5, 5, 4)": [0.011085178703069687, 0.0008755570743232965], "(2, 5, 2, 1)": [0.015879157930612564, 0.01965932548046112], "(1, 5, 5, 3)": [0.017703205347061157, 0.008988607674837112], "(1, 5, 0, 2)": [0.01973293349146843, 0.019170189276337624], "(3, 5, 7, 4)": [-0.0017457040958106518, -0.001834407914429903], "(3, 4, 6, 3)": [0.017384259030222893, 0.004385547246783972], "(3, 4, 1, 2)": [0.019318224862217903, 0.019757522270083427], "(3, 4, 3, 3)": [0.019864028319716454, 0.018459685146808624], "(3, 5, 2, 1)": [0.01973681151866913, 0.019901668652892113], "(3, 4, 5, 2)": [0.019213572144508362, 0.009802177548408508], "(3, 4, 3, 1)": [0.016321901232004166, 0.009098232723772526], "(2, 5, 7, 4)": [-0.0005847862921655178, -0.0032058581709861755], "(1, 5, 3, 2)": [0.01898968406021595, 0.01914384216070175], "(1, 5, 1, 3)": [0.0006282251561060548, 0.010097759775817394], "(3, 5, 0, 2)": [0.019153304398059845, 0.0018516898853704333], "(3, 5, 2, 3)": [0.0076380386017262936, 0.0], "(3, 5, 0, 0)": [0.0, 0.0027861029375344515], "(4, 4, 4, 2)": [0.017161350697278976, 0.019523732364177704], "(4, 4, 3, 2)": [0.019211363047361374, 0.01693694107234478], "(4, 4, 2, 1)": [0.01745426096022129, 0.014348752796649933], "(4, 4, 1, 1)": [0.01728695258498192, 0.013733182102441788], "(4, 4, 0, 0)": [0.0030551559757441282, 0.00020575441885739565], "(1, 4, 0, 0)": [0.006426602136343718, -0.004823384340852499], "(1, 5, 5, 4)": [0.005050033796578646, 0.00017682136967778206], "(1, 5, 6, 4)": [0.004840652458369732, -0.0004907699767500162], "(4, 5, 3, 2)": [0.01958492398262024, 0.017951741814613342], "(4, 5, 2, 2)": [0.019285118207335472, 0.015053674578666687], "(4, 5, 1, 1)": [0.018650824204087257, 0.007006975822150707], "(4, 5, 4, 3)": [0.01971665769815445, 0.016402950510382652], "(4, 5, 5, 3)": [0.019693100824952126, 0.016635915264487267], "(4, 5, 3, 3)": [0.00390575360506773, 0.00645251851528883], "(4, 5, 1, 2)": [0.0016563811805099249, 0.01892189309000969], "(4, 5, 0, 1)": [0.0175568088889122, 0.0019953842274844646], "(3, 5, 5, 2)": [0.0, 0.008576706051826477], "(4, 4, 5, 2)": [0.018362293019890785, 0.012337427586317062], "(4, 4, 5, 3)": [0.01969011127948761, 0.01599438115954399], "(4, 5, 5, 2)": [0.017549827694892883, 0.007351709995418787], "(4, 5, 4, 2)": [0.019650736823678017, 0.01590208150446415], "(4, 5, 3, 1)": [0.0028994791209697723, 0.0], "(4, 5, 2, 1)": [0.010127779096364975, 0.019107580184936523], "(2, 5, 0, 0)": [0.01811917871236801, 0.0], "(3, 4, 6, 4)": [0.0, 0.007336446084082127], "(2, 4, 5, 2)": [0.015172624960541725, 0.0], "(1, 5, -1, 1)": [0.017616737633943558, 0.007570056244730949], "(2, 4, 2, 3)": [0.01974094845354557, 0.014092981815338135], "(1, 4, -2, 1)": [0.001614276086911559, 0.011868302710354328], "(0, 4, -2, 0)": [0.0022214511409401894, 0.004736762959510088], "(1, 4, -2, 0)": [0.0068520670756697655, -0.0017984070582315326], "(1, 4, 6, 4)": [0.003996903542429209, 0.0], "(1, 4, 2, 1)": [0.0152381407096982, 0.006496576592326164], "(4, 4, 3, 1)": [0.0038994650822132826, 0.014207372441887856], "(2, 5, -2, 1)": [0.004465620033442974, 0.0], "(1, 4, -3, 0)": [-0.00011052715126425028, 0.0008743677753955126],