{"q_values": {"(2, 5, 2, 2)": [0.017699824646115303, 0.01875351183116436, 0.01860608533024788, 0.018202556297183037, 0.016946062445640564], "(2, 5, 3, 3)": [0.01561284251511097, 0.009446685202419758, 0.01625771075487137, 0.01692504808306694, 0.013045720756053925], "(2, 5, 3, 2)": [0.018464528024196625, 0.018743455410003662, 0.018660327419638634, 0.018581774085760117, 0.018316566944122314], "(2, 5, 2, 1)": [0.008397047407925129, 0.008836773224174976, 0.01009189523756504, 0.009356033988296986, 0.010214489884674549], "(2, 5, 1, 1)": [0.015986885875463486, 0.010998294688761234, 0.015184332616627216, 0.015200838446617126, 0.014035878702998161], "(2, 5, 1, 2)": [0.016308924183249474, 0.017814302816987038, 0.0170548427850008, 0.0174898449331522, 0.0172974094748497], "(2, 5, 2, 3)": [0.010123012587428093, 0.002543377224355936, 0.007322314195334911, -0.002055523917078972, 0.00794039387255907], "(2, 5, 4, 3)": [0.0018015634268522263, 0.005721560213714838, 0.0063703651539981365, 0.004251410253345966, 0.004402044229209423], "(3, 5, 3, 2)": [0.0070449779741466045, 0.0077327038161456585, 0.008547982200980186, 0.005892255809158087, 0.0051735336892306805], "(3, 5, 2, 2)": [0.007935544475913048, 0.00800525862723589, 0.006947795860469341, 0.0070458585396409035, 0.005679724272340536], "(3, 5, 2, 1)": [0.003550953697413206, -0.0011202202877029777, 0.0010627828305587173, -0.0002815303159877658, 0.004042442422360182], "(1, 5, 2, 2)": [0.002877734834328294, 0.0018497095443308353, 0.0027914729434996843, 0.0037498092278838158, 0.003447490045800805], "(1, 5, 2, 3)": [0.0035827469546347857, 0.0017159017734229565, 0.0, 0.002861719112843275, -0.0019988801795989275], "(1, 5, 3, 3)": [0.0009902730816975236, 0.0, 0.0, 0.0010948572307825089, 0.0], "(2, 5, 0, 1)": [0.00104892672970891, 0.0035188626497983932, 0.0, -0.002207468030974269, 0.0008311465498991311], "(1, 5, 1, 1)": [-0.0020010366570204496, 0.0, 0.0009672824526205659, 0.002045598579570651, 0.0018712328746914864], "(2, 5, 0, 0)": [-0.002038830192759633, 0.0, 0.0, 0.0, 0.0], "(3, 5, 3, 3)": [0.0011909300228580832, 0.003887106431648135, 0.003157659899443388, 0.004759981296956539, 0.005785031244158745], "(3, 5, 1, 1)": [0.004130478948354721, 0.0, 0.0, 0.0, 0.0], "(1, 5, 1, 2)": [0.0028609209693968296, 0.002862616442143917, 0.0, 0.003627842292189598, 0.0021305023692548275], "(3, 5, 4, 3)": [0.0010136800119653344, 0.0, 0.0019138932693749666, -0.00017337012104690075, -0.0012064072070643306], "(2, 5, 4, 4)": [0.0, 0.0, 0.0010142831597477198, 0.0, 0.0], "(3, 5, 1, 2)": [0.0, 0.0, 0.0, 0.0, 0.0013081684010103345], "(3, 5, 2, 3)": [0.0, 0.0, 0.0, 0.0012611843412742019, 0.0]}}