{"q_values": {"(2, 5, 2, 2)": [0.019834641367197037, 0.0171726793050766], "(2, 5, 1, 2)": [0.019892729818820953, 0.019387857988476753], "(2, 5, 1, 1)": [0.01904117316007614, 0.019923541694879532], "(2, 5, 3, 2)": [0.019809098914265633, 0.01693785935640335], "(2, 5, 3, 3)": [0.01974642276763916, 0.015745166689157486], "(2, 5, 4, 3)": [0.01640503481030464, 0.01617608405649662], "(2, 5, 5, 3)": [0.01747673749923706, 0.015436855144798756], "(2, 4, 2, 2)": [0.01866261288523674, 0.019931359216570854], "(2, 4, 3, 2)": [0.019464634358882904, 0.01988920569419861], "(2, 4, 4, 3)": [0.019822942093014717, 0.01944725029170513], "(2, 4, 5, 3)": [0.01938445493578911, 0.01958492584526539], "(2, 4, 6, 4)": [0.019085191190242767, 0.009121652692556381], "(2, 5, 6, 4)": [0.019066939130425453, 0.012477084994316101], "(2, 5, 0, 1)": [0.01946769468486309, 0.0198874119669199], "(2, 4, 0, 1)": [0.0166428592056036, 0.019831793382763863], "(2, 4, 1, 2)": [0.019268304109573364, 0.01993679255247116], "(2, 4, 3, 3)": [0.019339868798851967, 0.019836172461509705], "(2, 4, 1, 1)": [0.014956047758460045, 0.019796451553702354], "(2, 5, 4, 2)": [0.01978541910648346, 0.019370373338460922], "(2, 4, 4, 2)": [0.019235514104366302, 0.01945486292243004], "(2, 4, 2, 1)": [0.013852182775735855, 0.017492106184363365], "(2, 4, 0, 0)": [0.015126094222068787, 0.015146013349294662], "(3, 5, 3, 2)": [0.01908053830265999, 0.015854014083743095], "(3, 5, 2, 2)": [0.01883811689913273, 0.019040828570723534], "(3, 5, 1, 2)": [0.019329333677887917, 0.01941227726638317], "(2, 5, 0, 2)": [0.019670965149998665, 0.01936187781393528], "(2, 5, 2, 3)": [0.019425462931394577, 0.012234699912369251], "(3, 4, 4, 3)": [0.019634395837783813, 0.019751664251089096], "(3, 4, 5, 3)": [0.01968696527183056, 0.019452551379799843], "(3, 4, 3, 2)": [0.015660345554351807, 0.016004541888833046], "(3, 4, 2, 2)": [0.018785294145345688, 0.016162656247615814], "(3, 4, 1, 1)": [0.015162147581577301, 0.01697246916592121], "(3, 4, 0, 1)": [0.015334739349782467, 0.018807291984558105], "(3, 4, 0, 0)": [-0.004518123343586922, 0.007544091437011957], "(3, 5, 5, 3)": [0.0191973689943552, 0.018940556794404984], "(3, 5, 6, 4)": [0.012988281436264515, 0.0008605525363236666], "(2, 5, 5, 4)": [0.014058372005820274, 0.013355512171983719], "(1, 5, 1, 1)": [0.01968337967991829, 0.011670057661831379], "(1, 5, 0, 1)": [0.019561726599931717, 0.019697317853569984], "(1, 5, 1, 2)": [0.01963655650615692, 0.019216571003198624], "(1, 5, 2, 2)": [0.01888984441757202, 0.01875605806708336], "(1, 4, 2, 2)": [0.01806194707751274, 0.019676294177770615], "(1, 5, 3, 3)": [0.013394167646765709, 0.015397047623991966], "(1, 5, 2, 3)": [0.016407908871769905, 0.018160371109843254], "(3, 5, 3, 3)": [0.018843110650777817, 0.017962997779250145], "(2, 5, 6, 3)": [0.01928563416004181, 0.015184652991592884], "(2, 5, -1, 1)": [0.018873652443289757, 0.01681775599718094], "(2, 5, -1, 0)": [0.013561440631747246, 0.01740727201104164], "(2, 5, -2, 0)": [0.009480138309299946, 0.0], "(2, 4, -2, 0)": [0.01330200769007206, 0.009502071887254715], "(2, 4, -1, 0)": [0.003207816043868661, 0.009638936258852482], "(2, 4, 0, 2)": [0.019263209775090218, 0.01991751417517662], "(1, 4, 0, 1)": [0.0150945745408535, 0.019833678379654884], "(1, 4, 1, 1)": [0.012663804925978184, 0.018987808376550674], "(1, 4, 1, 2)": [0.019657451659440994, 0.019849911332130432], "(1, 4, 3, 2)": [0.019184397533535957, 0.019383175298571587], "(1, 4, 3, 3)": [0.019338363781571388, 0.01950288936495781], "(2, 4, 6, 3)": [0.019248785451054573, 0.017163002863526344], "(3, 5, 4, 3)": [0.019062692299485207, 0.016045119613409042], "(1, 4, 0, 2)": [0.01960713416337967, 0.01987030729651451], "(1, 4, 2, 3)": [0.01971171423792839, 0.019307877868413925], "(2, 5, 4, 4)": [-0.001469966839067638, 0.004895410966128111], "(1, 4, 4, 3)": [0.019435305148363113, 0.01950608752667904], "(1, 4, 5, 3)": [0.003423707326874137, 0.019295234233140945], "(1, 4, 6, 3)": [0.009327230975031853, 0.0031247208826243877], "(1, 5, 4, 3)": [0.016114842146635056, 0.013342220336198807], "(3, 4, 4, 2)": [0.01887843757867813, 0.01979142799973488], "(3, 4, 2, 1)": [0.014305570162832737, 0.01891952194273472], "(1, 4, -1, 1)": [0.011325212195515633, 0.013663399964571], "(2, 4, 5, 4)": [0.004968053661286831, 0.019288308918476105], "(3, 5, 4, 2)": [0.019626270979642868, 0.01932297833263874], "(3, 5, 6, 3)": [0.010507599450647831, 0.013494366779923439], "(2, 5, 1, 3)": [0.0033274537418037653, -0.00011008151341229677], "(1, 4, 4, 2)": [0.015294129960238934, 0.019710201770067215], "(3, 5, 1, 1)": [0.019636625424027443, 0.019342176616191864], "(3, 5, 0, 1)": [0.019499316811561584, 0.019415203481912613], "(1, 4, -1, 0)": [0.0038751245010644197, 0.008357302285730839], "(2, 4, -1, 1)": [0.01614660769701004, 0.017506755888462067], "(3, 5, 5, 4)": [0.00951431319117546, 0.0008755570743232965], "(2, 5, 2, 1)": [0.017238924279808998, 0.019778620451688766], "(1, 5, 5, 3)": [0.01799873635172844, 0.008988607674837112], "(1, 5, 0, 2)": [0.01950935460627079, 0.019400224089622498], "(3, 5, 7, 4)": [-0.0017457040958106518, -0.001834407914429903], "(3, 4, 6, 3)": [0.017807917669415474, 0.004385547246783972], "(3, 4, 1, 2)": [0.01914769597351551, 0.019086243584752083], "(3, 4, 3, 3)": [0.019883129745721817, 0.019047828391194344], "(3, 5, 2, 1)": [0.019358422607183456, 0.019417930394411087], "(3, 4, 5, 2)": [0.019565559923648834, 0.013231458142399788], "(3, 4, 3, 1)": [0.01455052848905325, 0.009098232723772526], "(2, 5, 7, 4)": [-0.0005847862921655178, -0.0032058581709861755], "(1, 5, 3, 2)": [0.01956963911652565, 0.0192306749522686], "(1, 5, 1, 3)": [0.0006282251561060548, 0.008923273533582687], "(3, 5, 0, 2)": [0.019153304398059845, 0.0018516898853704333], "(3, 5, 2, 3)": [0.0076380386017262936, 0.0], "(3, 5, 0, 0)": [0.0, 0.0027861029375344515], "(4, 4, 4, 2)": [0.011730179190635681, 0.016068235039711], "(4, 4, 3, 2)": [0.01611163094639778, 0.018985621631145477], "(4, 4, 2, 1)": [0.014953827485442162, 0.018156232312321663], "(4, 4, 1, 1)": [0.010491635650396347, 0.016182610765099525], "(4, 4, 0, 0)": [-0.0014993618242442608, -0.0006063740001991391], "(1, 4, 0, 0)": [0.013574976474046707, -0.004823384340852499], "(1, 5, 5, 4)": [0.010411672294139862, 0.00017682136967778206], "(1, 5, 6, 4)": [0.004840652458369732, -0.0004907699767500162], "(4, 5, 3, 2)": [0.01822013221681118, 0.01918955333530903], "(4, 5, 2, 2)": [0.01903689093887806, 0.01590876653790474], "(4, 5, 1, 1)": [0.017966290935873985, 0.007006975822150707], "(4, 5, 4, 3)": [0.01973089389503002, 0.016402950510382652], "(4, 5, 5, 3)": [0.019765859469771385, 0.016635915264487267], "(4, 5, 3, 3)": [0.00390575360506773, 0.00645251851528883], "(4, 5, 1, 2)": [0.0016563811805099249, 0.01892189309000969], "(4, 5, 0, 1)": [0.017272209748625755, 0.0019953842274844646], "(3, 5, 5, 2)": [0.0, 0.009702364914119244], "(4, 4, 5, 2)": [0.015910301357507706, 0.012871802784502506], "(4, 4, 5, 3)": [0.01927834562957287, 0.016959935426712036], "(4, 5, 5, 2)": [0.018341509625315666, 0.007351709995418787], "(4, 5, 4, 2)": [0.019568149000406265, 0.016277331858873367], "(4, 5, 3, 1)": [0.007085724268108606, 0.0], "(4, 5, 2, 1)": [0.010127779096364975, 0.018682170659303665], "(2, 5, 0, 0)": [0.018451077863574028, 0.0], "(3, 4, 6, 4)": [0.0, 0.007336446084082127], "(2, 4, 5, 2)": [0.015172624960541725, 0.0], "(1, 5, -1, 1)": [0.01768050529062748, 0.007570056244730949], "(2, 4, 2, 3)": [0.019853612408041954, 0.014092981815338135], "(1, 4, -2, 1)": [0.001614276086911559, 0.012374231591820717], "(0, 4, -2, 0)": [0.0022214511409401894, 0.0036958246491849422], "(1, 4, -2, 0)": [0.009444259107112885, -0.0017984070582315326], "(1, 4, 6, 4)": [0.003996903542429209, 0.0], "(1, 4, 2, 1)": [0.01475880853831768, 0.008846474811434746], "(4, 4, 3, 1)": [0.005422654561698437, 0.0177700687199831], "(2, 5, -2, 1)": [0.005386575125157833, 0.0], "(1, 4, -3, 0)": [-0.0022739912383258343, 0.0022802050225436687],