{"q_values": {"(2, 5, 2, 2)": [0.018786581233143806, 0.019348185509443283, 0.01857500523328781, 0.017819663509726524, 0.01884464919567108], "(2, 5, 3, 2)": [0.01931687258183956, 0.019683700054883957, 0.0189387034624815, 0.019385995343327522, 0.017053687945008278], "(2, 5, 3, 3)": [0.017538566142320633, 0.016147566959261894, 0.016736747696995735, 0.016026154160499573, 0.016881735995411873], "(2, 4, 2, 2)": [0.0158624779433012, 0.016033010557293892, 0.016249293461441994, 0.01892371103167534, 0.01615159586071968], "(2, 4, 3, 2)": [0.016459202393889427, 0.019529828801751137, 0.01949252188205719, 0.019615547731518745, 0.019534418359398842], "(2, 4, 3, 3)": [0.01977723464369774, 0.019736971706151962, 0.01980593241751194, 0.019846931099891663, 0.019790422171354294], "(2, 4, 4, 3)": [0.01971389539539814, 0.01973710022866726, 0.019790861755609512, 0.01979193091392517, 0.019794173538684845], "(2, 4, 1, 1)": [0.018803006038069725, 0.016176549717783928, 0.016188297420740128, 0.015691375359892845, 0.0161129180341959], "(2, 4, 2, 1)": [0.012558210641145706, 0.012101888656616211, 0.011909513734281063, 0.013242088258266449, 0.018552608788013458], "(2, 5, 4, 3)": [0.019592510536313057, 0.019382163882255554, 0.01925903744995594, 0.01938725635409355, 0.019508644938468933], "(2, 4, 1, 2)": [0.01596660166978836, 0.01893821358680725, 0.016096213832497597, 0.019106686115264893, 0.01911405846476555], "(2, 5, 1, 2)": [0.019127771258354187, 0.019714342430233955, 0.019139647483825684, 0.019192034378647804, 0.01918467879295349], "(2, 5, 0, 2)": [0.019390763714909554, 0.01944584958255291, 0.019363755360245705, 0.01945342868566513, 0.01969403401017189], "(2, 5, 2, 3)": [0.011215832084417343, 0.011627184227108955, 0.011429138481616974, 0.011007477529346943, 0.008868787437677383], "(2, 4, 0, 1)": [0.019072946161031723, 0.019081689417362213, 0.016429878771305084, 0.019090082496404648, 0.016210047528147697], "(2, 4, 4, 2)": [0.018945341929793358, 0.019763970747590065, 0.01869404874742031, 0.01919151470065117, 0.01879057101905346], "(2, 4, 5, 3)": [0.019158413633704185, 0.019495287910103798, 0.018948985263705254, 0.01920364983379841, 0.019180266186594963], "(3, 4, 4, 2)": [0.01923806592822075, 0.019319994375109673, 0.019265066832304, 0.01925746537744999, 0.01965208537876606], "(3, 4, 3, 2)": [0.019170021638274193, 0.017918173223733902, 0.01920463889837265, 0.019214190542697906, 0.017334716394543648], "(3, 4, 2, 1)": [0.014367137104272842, 0.013758174143731594, 0.016170084476470947, 0.016141431406140327, 0.013508637435734272], "(3, 4, 2, 2)": [0.01869199611246586, 0.018679050728678703, 0.01845417357981205, 0.017588447779417038, 0.015891587361693382], "(3, 4, 3, 1)": [0.005213962867856026, -0.0029303967021405697, 0.0016834313282743096, 0.0010264803422614932, 0.016627967357635498], "(2, 5, 0, 1)": [0.019663237035274506, 0.019696727395057678, 0.019687555730342865, 0.019703183323144913, 0.01970384269952774], "(2, 5, 5, 3)": [0.018966754898428917, 0.014822270721197128, 0.013808302581310272, 0.01216298621147871, 0.01437414065003395], "(3, 5, 4, 3)": [0.018013231456279755, 0.01626325398683548, 0.014825021848082542, 0.018746070563793182, 0.017820730805397034], "(3, 5, 3, 3)": [0.01925738714635372, 0.016072295606136322, 0.013813577592372894, 0.014105799607932568, 0.010125299915671349], "(3, 5, 2, 2)": [0.019565416499972343, 0.01838558167219162, 0.019339175894856453, 0.019354593008756638, 0.017808929085731506], "(3, 5, 3, 2)": [0.01978962868452072, 0.019491568207740784, 0.019610924646258354, 0.01964089274406433, 0.01963047869503498], "(3, 5, 1, 2)": [0.019295303151011467, 0.019109472632408142, 0.019116386771202087, 0.01971658132970333, 0.01904585026204586], "(2, 5, 5, 4)": [0.0029255691915750504, 0.005315027199685574, -0.0009718924993649125, 0.0021679741330444813, 0.01260579563677311], "(3, 4, 5, 3)": [0.015596382319927216, 0.01732005551457405, 0.01950964890420437, 0.013510799035429955, 0.0159299373626709], "(3, 4, 4, 3)": [0.019681433215737343, 0.019586686044931412, 0.019615205004811287, 0.01934935338795185, 0.0196268018335104], "(3, 5, 4, 2)": [0.019670533016324043, 0.01950029283761978, 0.01952841877937317, 0.019253460690379143, 0.01957116834819317], "(1, 4, 0, 1)": [0.018772726878523827, 0.01911141537129879, 0.019024396315217018, 0.019726457074284554, 0.015436106361448765], "(1, 4, 1, 2)": [0.01875992678105831, 0.0194771159440279, 0.019143372774124146, 0.01986907608807087, 0.018401771783828735], "(1, 4, 2, 2)": [0.01927884668111801, 0.01930599845945835, 0.019117580726742744, 0.01953565701842308, 0.019874833524227142], "(1, 4, 3, 3)": [0.019774802029132843, 0.019807711243629456, 0.01981067843735218, 0.019800519570708275, 0.01980709657073021], "(1, 4, 4, 3)": [0.01737833395600319, 0.01898823119699955, 0.01802987791597843, 0.019850414246320724, 0.018672417849302292], "(1, 5, 1, 2)": [0.019339028745889664, 0.01928705722093582, 0.0196699108928442, 0.019305307418107986, 0.019181685522198677], "(1, 5, 0, 2)": [0.01944713667035103, 0.019405698403716087, 0.019079353660345078, 0.01651786081492901, 0.019328048452734947], "(1, 5, 2, 3)": [0.012424806132912636, 0.01833534985780716, 0.015885721892118454, 0.015478787943720818, 0.01374755147844553], "(1, 5, 3, 3)": [0.016443748027086258, 0.016059983521699905, 0.015964791178703308, 0.016424812376499176, 0.013799220323562622], "(3, 5, 1, 1)": [0.019135793671011925, 0.019247528165578842, 0.019678397104144096, 0.01934536173939705, 0.019378241151571274], "(3, 4, 1, 1)": [0.016728520393371582, 0.014737032353878021, 0.016401929780840874, 0.01599009707570076, 0.0160839706659317], "(3, 4, 1, 2)": [0.019370369613170624, 0.017998838797211647, 0.0185319222509861, 0.01853117160499096, 0.017483791336417198], "(3, 4, 0, 1)": [0.010874384082853794, 0.01221389975398779, 0.010236059315502644, 0.016895031556487083, 0.009664271026849747], "(2, 5, 1, 1)": [0.01974298618733883, 0.019784502685070038, 0.01979394629597664, 0.01973116770386696, 0.01978607289493084], "(2, 5, 4, 2)": [0.019846521317958832, 0.01840733177959919, 0.018786808475852013, 0.0171783659607172, 0.018532613292336464], "(2, 5, 2, 1)": [0.003681791014969349, 0.0016444604843854904, 0.019565556198358536, 0.010138828307390213, 0.004917526617646217], "(2, 4, 5, 2)": [0.010885396972298622, 0.0, 0.0, 0.0012975673889741302, 0.0], "(3, 4, 5, 2)": [0.010142816230654716, 0.008954010903835297, 0.006794033106416464, 0.009606322273612022, 0.019329816102981567], "(1, 5, 2, 2)": [0.01920757070183754, 0.019352151080965996, 0.019270870834589005, 0.019374188035726547, 0.01896248757839203], "(1, 4, 3, 2)": [0.017159707844257355, 0.016582762822508812, 0.01882404088973999, 0.019854212179780006, 0.018936656415462494], "(2, 4, 0, 2)": [0.01675949990749359, 0.018862726166844368, 0.01977439783513546, 0.019160659983754158, 0.018993867561221123], "(1, 4, -1, 1)": [0.009732067584991455, 0.007223903201520443, 0.01441790722310543, 0.006368348374962807, 0.008873436599969864], "(2, 5, 6, 4)": [0.012272316962480545, 0.0031006375793367624, 0.004614220932126045, 0.005033022258430719, 0.006303576752543449], "(3, 5, 6, 3)": [0.004806688986718655, 0.0, 0.0, 0.0, 0.0], "(3, 5, 5, 3)": [0.016721459105610847, 0.012982296757400036, 0.01373634859919548, 0.014036055654287338, 0.0148653294891119], "(2, 4, -1, 0)": [-0.0013047027168795466, 0.0026427768170833588, 0.0021806308068335056, 0.002743000630289316, 0.007397350389510393], "(1, 4, 0, 2)": [0.017714787274599075, 0.01892017014324665, 0.01950419507920742, 0.01704683154821396, 0.019678788259625435], "(1, 4, 2, 3)": [0.012802778743207455, 0.019869152456521988, 0.011248144321143627, 0.012013368308544159, 0.017068209126591682], "(1, 4, 1, 1)": [0.01548081822693348, 0.016072958707809448, 0.015484612435102463, 0.01315708551555872, 0.019686028361320496], "(1, 4, 4, 2)": [0.019048357382416725, 0.001923231640830636, 0.0, 0.004602635744959116, 0.0019462386844679713], "(2, 4, -1, 1)": [0.014692961238324642, 0.005385941825807095, 0.00013573328033089638, 0.0035101105459034443, 0.00140245514921844],