{"q_values": {"(2, 5, 2, 2)": [0.01865399442613125, 0.018309222534298897], "(2, 5, 1, 2)": [0.01915351301431656, 0.019148806110024452], "(2, 5, 1, 1)": [0.0192320067435503, 0.01922105997800827], "(2, 5, 3, 2)": [0.018416838720440865, 0.016029121354222298], "(2, 5, 3, 3)": [0.011553875170648098, 0.016571197658777237], "(2, 5, 4, 3)": [0.014191051945090294, 0.011813151650130749], "(2, 5, 5, 3)": [0.015633374452590942, 0.009527257643640041], "(2, 4, 2, 2)": [0.01765521429479122, 0.018935292959213257], "(2, 4, 3, 2)": [0.01887405849993229, 0.0192894134670496], "(2, 4, 4, 3)": [0.01896662637591362, 0.019159063696861267], "(2, 4, 5, 3)": [0.01739003136754036, 0.017701171338558197], "(2, 4, 6, 4)": [0.005828036926686764, 0.002096149604767561], "(2, 5, 6, 4)": [0.012465872801840305, 0.005432032514363527], "(2, 5, 0, 1)": [0.019371474161744118, 0.019340375438332558], "(2, 4, 0, 1)": [0.01676763966679573, 0.01655511185526848], "(2, 4, 1, 2)": [0.018453365191817284, 0.01841295138001442], "(2, 4, 3, 3)": [0.0191295575350523, 0.01920725777745247], "(2, 4, 1, 1)": [0.014239978976547718, 0.013501303270459175], "(2, 5, 4, 2)": [0.012541936710476875, 0.017193187028169632], "(2, 4, 4, 2)": [0.018943198025226593, 0.01911976747214794], "(2, 4, 2, 1)": [0.009706166572868824, 0.011600492522120476], "(2, 4, 0, 0)": [0.0020610024221241474, 0.004176360089331865], "(3, 5, 3, 2)": [0.013347695581614971, 0.014763363637030125], "(3, 5, 2, 2)": [0.017075300216674805, 0.010748938657343388], "(3, 5, 1, 2)": [0.011847833171486855, 0.014748921617865562], "(2, 5, 0, 2)": [0.018202807754278183, 0.018912190571427345], "(2, 5, 2, 3)": [0.012242457829415798, 0.013595616444945335], "(3, 4, 4, 3)": [0.007094658445566893, 0.010058666579425335], "(3, 4, 5, 3)": [0.007895206101238728, 0.003798180725425482], "(3, 4, 3, 2)": [0.015629127621650696, 0.015490218997001648], "(3, 4, 2, 2)": [0.011332038789987564, 0.014788509346544743], "(3, 4, 1, 1)": [0.012914221733808517, 0.007862845435738564], "(3, 4, 0, 1)": [0.0053572808392345905, 0.011181166395545006], "(3, 4, 0, 0)": [0.0, -9.9779455922544e-05], "(3, 5, 5, 3)": [0.009257444180548191, 0.0050373561680316925], "(3, 5, 6, 4)": [-0.0035566340666264296, 0.00042894016951322556], "(2, 5, 5, 4)": [0.009768064133822918, 0.004079630132764578], "(1, 5, 1, 1)": [0.001798775396309793, 0.0009999157628044486], "(1, 5, 0, 1)": [0.007661907002329826, 0.006395076867192984], "(1, 5, 1, 2)": [0.012039834633469582, 0.014394417405128479], "(1, 5, 2, 2)": [0.011591781862080097, 0.014382441528141499], "(1, 4, 2, 2)": [0.01563607156276703, 0.016414547339081764], "(1, 5, 3, 3)": [0.013365928083658218, 0.00532361026853323], "(1, 5, 2, 3)": [0.006729530170559883, 0.0034361924044787884], "(3, 5, 3, 3)": [0.0052933054976165295, 0.008353015407919884], "(2, 5, 6, 3)": [0.007749217562377453, 0.0062182690016925335], "(2, 5, -1, 1)": [0.007073681335896254, 0.006037659477442503], "(2, 5, -1, 0)": [0.0028421180322766304, 0.0031539760529994965], "(2, 5, -2, 0)": [0.0009902234887704253, 0.0], "(2, 4, -2, 0)": [0.001853274879977107, 0.0017403466627001762], "(2, 4, -1, 0)": [0.0023842526134103537, 0.00583816459402442], "(2, 4, 0, 2)": [0.010163034312427044, 0.01469111442565918], "(1, 4, 0, 1)": [0.009511969983577728, 0.011719568632543087], "(1, 4, 1, 1)": [-0.001584821380674839, 0.010646838694810867], "(1, 4, 1, 2)": [0.01422838680446148, 0.013547123409807682], "(1, 4, 3, 2)": [0.01386327762156725, 0.011589938774704933], "(1, 4, 3, 3)": [0.007214176468551159, 0.010754493065178394], "(2, 4, 6, 3)": [0.011369574815034866, 0.00684005580842495], "(3, 5, 4, 3)": [0.01159962173551321, 0.008207853883504868], "(1, 4, 0, 2)": [0.008435308001935482, 0.007467140909284353], "(1, 4, 2, 3)": [0.0038730045780539513, 0.0025369380600750446], "(2, 5, 4, 4)": [-0.001469966839067638, 0.0], "(1, 4, 4, 3)": [0.0057711536064744, 0.004393840208649635], "(1, 4, 5, 3)": [0.0018866185564547777, 0.0035877826157957315], "(1, 4, 6, 3)": [0.001087680459022522, 0.0], "(1, 5, 4, 3)": [0.0019373712129890919, 0.002824976108968258], "(3, 4, 4, 2)": [0.015285427682101727, 0.01477174274623394], "(3, 4, 2, 1)": [0.007860352285206318, 0.013120758347213268], "(1, 4, -1, 1)": [0.002812421415001154, 0.0], "(2, 4, 5, 4)": [0.0, 0.003455468686297536], "(3, 5, 4, 2)": [0.0112736402079463, 0.005248163361102343], "(3, 5, 6, 3)": [-1.673237420618534e-06, 0.004801435396075249], "(2, 5, 1, 3)": [0.0, 0.0012153398711234331], "(1, 4, 4, 2)": [0.0, 0.0012109475210309029], "(3, 5, 1, 1)": [0.014126644469797611, 0.009282628074288368], "(3, 5, 0, 1)": [0.003814278170466423, 0.009890219196677208], "(1, 4, -1, 0)": [6.353278877213597e-05, -0.0006561266491189599], "(2, 4, -1, 1)": [0.002679007826372981, 0.00919795036315918], "(3, 5, 5, 4)": [0.0009585465304553509, -0.001837679767049849], "(2, 5, 2, 1)": [0.0036451746709644794, 0.0052825408056378365], "(1, 5, 5, 3)": [0.0017988572362810373, 0.0], "(1, 5, 0, 2)": [0.003547283820807934, 0.009870638139545918], "(3, 5, 7, 4)": [0.0, 0.0], "(3, 4, 6, 3)": [0.0024304534308612347, 0.0], "(3, 4, 1, 2)": [0.0028511991258710623, 0.004116153344511986], "(3, 4, 3, 3)": [0.0016898218309506774, 0.0], "(3, 5, 2, 1)": [0.005754537880420685, 0.007170691154897213], "(3, 4, 5, 2)": [0.0011714984430000186, 0.0], "(3, 4, 3, 1)": [0.0007999312365427613, 0.0], "(2, 5, 7, 4)": [-0.0019989218562841415, 0.0012426503235474229], "(1, 5, 3, 2)": [0.0015397847164422274, 0.0], "(1, 5, 1, 3)": [0.0, 0.0012672987068071961]}}