{"q_values": {"(3, 5, 3, 3)": [0.0904608815908432, 0.09151074290275574, 0.08931376039981842, 0.08842173218727112, 0.08974416553974152, 0.09104595333337784, 0.08941996842622757], "(3, 5, 3, 4)": [0.08770715445280075, 0.08757384866476059, 0.08981683105230331, 0.08746182173490524, 0.08652231097221375, 0.08831574767827988, 0.08828974515199661], "(3, 5, 4, 4)": [0.08664878457784653, 0.09041427820920944, 0.08812692016363144, 0.08765041083097458, 0.08628864586353302, 0.08623220026493073, 0.08541158586740494], "(3, 5, 4, 3)": [0.09101776033639908, 0.09007712453603745, 0.09056520462036133, 0.09017368406057358, 0.09044193476438522, 0.09057991951704025, 0.09193143993616104], "(4, 5, 3, 3)": [0.08898650109767914, 0.09008847922086716, 0.08895616233348846, 0.08930591493844986, 0.08778578788042068, 0.09017521142959595, 0.08913901448249817], "(4, 5, 4, 3)": [0.0843261182308197, 0.08395640552043915, 0.08408252894878387, 0.08788017183542252, 0.08559388667345047, 0.08143870532512665, 0.08549809455871582], "(4, 5, 4, 4)": [0.08382083475589752, 0.08836503326892853, 0.08479145169258118, 0.08245445787906647, 0.08472903817892075, 0.08438531309366226, 0.08237820863723755], "(4, 5, 3, 2)": [0.07944425195455551, 0.082126185297966, 0.08432972431182861, 0.07985953241586685, 0.08203859627246857, 0.08358955383300781, 0.07982892543077469], "(4, 5, 2, 2)": [0.056135863065719604, 0.08634346723556519, 0.044744912534952164, 0.0362405925989151, 0.05995802953839302, 0.05863267183303833, 0.0449250154197216], "(3, 5, 3, 2)": [0.08332069218158722, 0.08788065612316132, 0.08594104647636414, 0.08699221163988113, 0.08744832128286362, 0.08517229557037354, 0.08799295127391815], "(3, 5, 2, 2)": [0.08845111727714539, 0.08696267753839493, 0.08889779448509216, 0.08819785714149475, 0.09173424541950226, 0.08871717005968094, 0.08908020704984665], "(3, 5, 2, 1)": [0.041335053741931915, 0.04873458296060562, 0.04481089115142822, 0.05115755274891853, 0.0437745563685894, 0.04399017244577408, 0.06733632832765579], "(2, 5, 2, 2)": [0.06761166453361511, 0.06619390100240707, 0.07072696834802628, 0.07322795689105988, 0.08129224926233292, 0.07668820768594742, 0.07082576304674149], "(2, 5, 3, 2)": [0.06916944682598114, 0.053011469542980194, 0.06547854840755463, 0.05918518453836441, 0.06824920326471329, 0.08856312930583954, 0.07043338567018509], "(2, 5, 3, 3)": [0.08732380717992783, 0.08623021841049194, 0.08636119216680527, 0.08602753281593323, 0.09144569933414459, 0.08794672042131424, 0.08750412613153458], "(3, 5, 4, 5)": [0.03664858266711235, 0.0478297621011734, 0.0579570047557354, 0.07517389208078384, 0.0621185339987278, 0.04949898272752762, 0.06555214524269104], "(3, 5, 2, 3)": [0.08833502978086472, 0.08642652630805969, 0.0886094868183136, 0.08800209313631058, 0.08535171300172806, 0.08864258229732513, 0.09121234714984894], "(2, 5, 2, 3)": [0.036703310906887054, 0.044768739491701126, 0.058411192148923874, 0.08514733612537384, 0.03543150797486305, 0.04309115186333656, 0.0537119060754776], "(2, 5, 3, 4)": [0.08137239515781403, 0.07593494653701782, 0.08713012933731079, 0.06738713383674622, 0.08128978312015533, 0.07432304322719574, 0.07825953513383865], "(4, 5, 2, 1)": [0.0, 0.0044867233373224735, 0.020716462284326553, 0.006540975533425808, 0.0021623121574521065, 0.00565654831007123, 0.022131917998194695], "(4, 5, 4, 5)": [0.01597064919769764, 0.004271938465535641, 0.013106368482112885, 0.004216655623167753, 0.006674238480627537, 0.0037474778946489096, 0.03470081090927124], "(4, 5, 3, 4)": [0.08152159303426743, 0.0822245329618454, 0.08593618124723434, 0.07379298657178879, 0.08284512162208557, 0.08080794662237167, 0.07625531405210495], "(2, 5, 4, 4)": [0.054798051714897156, 0.039813410490751266, 0.049653559923172, 0.04731980711221695, 0.047073084861040115, 0.08647314459085464, 0.03733470290899277], "(2, 5, 2, 1)": [0.0038555734790861607, 0.0040451413951814175, 0.013552739284932613, 0.034573994576931, -3.577175084501505e-05, 0.009618012234568596, 0.007867625914514065], "(3, 5, 3, 1)": [0.0, 0.0, 0.006033782381564379, 0.008727439679205418, 0.0, 0.0, 0.0], "(2, 5, 4, 5)": [0.0, 0.0, 0.00782392080873251, 0.0, 0.004863698035478592, 0.025767480954527855, 0.0018706725677475333], "(3, 5, 5, 5)": [0.0, 0.0, 0.0, 0.0, 0.007528693415224552, 0.0, 0.0], "(4, 5, 2, 3)": [0.004945260472595692, 0.0, 0.0010280146962031722, 0.031039273366332054, 0.008695580996572971, 0.0010397661244496703, 0.0], "(2, 5, 4, 3)": [0.006170641165226698, 0.0, 0.0, 0.0014150114730000496, 0.04326006770133972, 0.002726351609453559, 0.008695605210959911], "(4, 5, 4, 2)": [0.0, 0.0, 0.0, 0.0, 0.007664351258426905, 0.021636806428432465, 0.0], "(4, 5, 3, 1)": [0.0, 0.0, 0.0, 0.0, 0.0, 0.0, 0.0], "(1, 5, 2, 2)": [0.0009414696251042187, 0.0, 0.0033231000415980816, 0.0022079497575759888, 0.0013138194335624576, 0.001634180429391563, 0.008771374821662903], "(1, 5, 3, 2)": [0.0010103615932166576, 0.0, 0.0, 0.0, 0.0008941839332692325, 0.0, 0.0], "(1, 5, 3, 3)": [0.0021769602317363024, 0.011208801530301571, 0.0, 0.0028272857889533043, 0.0, 0.002521413378417492, 0.0], "(1, 5, 2, 3)": [0.015010902658104897, 0.004670136608183384, 0.0028059796895831823, 0.0014225594932213426, 0.005992876831442118, 0.0, 0.0], "(0, 5, 2, 2)": [0.0013473477447405457, 0.004967465065419674, 0.0, 0.0, 0.004057970363646746, 0.0012430846691131592, 0.0013023519422858953], "(0, 5, 2, 3)": [0.00198928639292717, 0.005155900493264198, 0.0, 0.0, 0.0, 0.0, 0.0], "(4, 5, 5, 5)": [0.007830524817109108, 0.0, 0.0, 0.0, 0.0, 0.0, 0.0], "(4, 5, 5, 6)": [0.0, 0.0, 0.0, 0.0, 0.0, 0.0, 0.0], "(5, 5, 3, 3)": [0.0044950516894459724, 0.026499029248952866, 0.0024487816262990236, 0.002772354055196047, 0.0013715267414227128, 0.0067285578697919846, 0.008778945542871952], "(5, 5, 4, 3)": [0.01436465885490179, 0.0028909335378557444, 0.005750654265284538, 0.0018904398893937469, 0.0, 0.001945687923580408, 0.0], "(5, 5, 4, 4)": [0.003194721881300211, 0.0, 0.0, 0.0, 0.0, 0.0, 0.0], "(5, 5, 3, 2)": [0.005222839768975973, 0.008006809279322624, 0.004266251344233751, 0.005903840996325016, 0.006869040429592133, 0.005317096598446369, 0.027090711519122124], "(5, 5, 2, 2)": [0.0, 0.0, 0.002245586831122637, 0.0012319439556449652, 0.0, 0.0, 0.0], "(3, 5, 1, 1)": [-0.0012954345438629389, 0.0009209744748659432, 0.0, 0.0, -0.00214022072032094, 0.0, 0.0], "(2, 5, 1, 1)": [-0.0012882354203611612, 0.0, 0.0, 0.0, 0.0, 0.0033113781828433275, 0.0], "(5, 5, 4, 2)": [0.0029882811941206455, 0.0011016663629561663, 0.002608752343803644, 0.0, 0.0, -0.000415712216636166, 0.0], "(5, 5, 3, 1)": [0.0, 0.0, 0.0, 0.0, 0.002759472234174609, 0.002946430118754506, 0.0], "(4, 5, 5, 4)": [0.00786888413131237, 0.0, 0.0, 0.0, 0.0, 0.0, 0.0]}}