{"q_values": {"(2, 5, 2, 2)": [0.019156739115715027, 0.01629721000790596], "(2, 5, 1, 2)": [0.019374342635273933, 0.019319351762533188], "(2, 5, 1, 1)": [0.019542284309864044, 0.019481271505355835], "(2, 5, 3, 2)": [0.019436687231063843, 0.016255900263786316], "(2, 5, 3, 3)": [0.016234956681728363, 0.018820151686668396], "(2, 5, 4, 3)": [0.01922396570444107, 0.016257962211966515], "(2, 5, 5, 3)": [0.019653351977467537, 0.018060695379972458], "(2, 4, 2, 2)": [0.014390974305570126, 0.018419910222291946], "(2, 4, 3, 2)": [0.018743274733424187, 0.01628039963543415], "(2, 4, 4, 3)": [0.019791577011346817, 0.019718948751688004], "(2, 4, 5, 3)": [0.019763445481657982, 0.01971505954861641], "(2, 4, 6, 4)": [0.017888765782117844, 0.007961434312164783], "(2, 5, 6, 4)": [0.014806224033236504, 0.010033874772489071], "(2, 5, 0, 1)": [0.0193035826086998, 0.01918880268931389], "(2, 4, 0, 1)": [0.013062795624136925, 0.017347289249300957], "(2, 4, 1, 2)": [0.012201965786516666, 0.017593028023838997], "(2, 4, 3, 3)": [0.01960335113108158, 0.019651582464575768], "(2, 4, 1, 1)": [0.013083471916615963, 0.01699177175760269], "(2, 5, 4, 2)": [0.019901450723409653, 0.019235553219914436], "(2, 4, 4, 2)": [0.018913429230451584, 0.019770707935094833], "(2, 4, 2, 1)": [0.013852182775735855, 0.01509301271289587], "(2, 4, 0, 0)": [0.01492369081825018, 0.016903860494494438], "(3, 5, 3, 2)": [0.01843590848147869, 0.016432544216513634], "(3, 5, 2, 2)": [0.019626371562480927, 0.01936357468366623], "(3, 5, 1, 2)": [0.019670242443680763, 0.018213825300335884], "(2, 5, 0, 2)": [0.01938304677605629, 0.018910782411694527], "(2, 5, 2, 3)": [0.012150442227721214, 0.014198912307620049], "(3, 4, 4, 3)": [0.019734038040041924, 0.019672144204378128], "(3, 4, 5, 3)": [0.019686538726091385, 0.019483057782053947], "(3, 4, 3, 2)": [0.01685989648103714, 0.019717339426279068], "(3, 4, 2, 2)": [0.015852177515625954, 0.01957843266427517], "(3, 4, 1, 1)": [0.01642523519694805, 0.01895088702440262], "(3, 4, 0, 1)": [0.018165163695812225, 0.015886371955275536], "(3, 4, 0, 0)": [0.006522561423480511, 0.002563867485150695], "(3, 5, 5, 3)": [0.019310176372528076, 0.018453052267432213], "(3, 5, 6, 4)": [0.011782337911427021, 0.0008605525363236666], "(2, 5, 5, 4)": [0.019040094688534737, 0.013990960083901882], "(1, 5, 1, 1)": [0.01979741081595421, 0.008632039651274681], "(1, 5, 0, 1)": [0.01930917240679264, 0.01953146979212761], "(1, 5, 1, 2)": [0.01947396993637085, 0.015708765015006065], "(1, 5, 2, 2)": [0.019040053710341454, 0.015938110649585724], "(1, 4, 2, 2)": [0.015042472630739212, 0.01533981878310442], "(1, 5, 3, 3)": [0.019182750955224037, 0.01691269502043724], "(1, 5, 2, 3)": [0.017365923151373863, 0.015972839668393135], "(3, 5, 3, 3)": [0.016073210164904594, 0.018221933394670486], "(2, 5, 6, 3)": [0.018772488459944725, 0.014778905548155308], "(2, 5, -1, 1)": [0.018176473677158356, 0.016521058976650238], "(2, 5, -1, 0)": [0.013561440631747246, 0.01784755103290081], "(2, 5, -2, 0)": [0.006175211630761623, 0.0], "(2, 4, -2, 0)": [0.01666489988565445, 0.007290169596672058], "(2, 4, -1, 0)": [0.010369745083153248, 0.016023289412260056], "(2, 4, 0, 2)": [0.019275231286883354, 0.019338484853506088], "(1, 4, 0, 1)": [0.010156656615436077, 0.017553221434354782], "(1, 4, 1, 1)": [0.010046035051345825, 0.01454895082861185], "(1, 4, 1, 2)": [0.014849004335701466, 0.017231760546565056], "(1, 4, 3, 2)": [0.018781961873173714, 0.0188740286976099], "(1, 4, 3, 3)": [0.01968277059495449, 0.019650306552648544], "(2, 4, 6, 3)": [0.019333327189087868, 0.016619078814983368], "(3, 5, 4, 3)": [0.01905345730483532, 0.01909417100250721], "(1, 4, 0, 2)": [0.018983319401741028, 0.018852151930332184], "(1, 4, 2, 3)": [0.019873857498168945, 0.019028423354029655], "(2, 5, 4, 4)": [-0.001469966839067638, 0.005103772971779108], "(1, 4, 4, 3)": [0.019350821152329445, 0.01936439238488674], "(1, 4, 5, 3)": [0.003423707326874137, 0.01798584870994091], "(1, 4, 6, 3)": [0.009327230975031853, 0.0031247208826243877], "(1, 5, 4, 3)": [0.01943904533982277, 0.015741288661956787], "(3, 4, 4, 2)": [0.019360870122909546, 0.019763432443141937], "(3, 4, 2, 1)": [0.014923885464668274, 0.018119702115654945], "(1, 4, -1, 1)": [0.010772982612252235, 0.011857070960104465], "(2, 4, 5, 4)": [0.004968053661286831, 0.019099993631243706], "(3, 5, 4, 2)": [0.01981477253139019, 0.01956791616976261], "(3, 5, 6, 3)": [0.010507599450647831, 0.012821684591472149], "(2, 5, 1, 3)": [0.0033274537418037653, -0.00011008151341229677], "(1, 4, 4, 2)": [0.014267128892242908, 0.019464904442429543], "(3, 5, 1, 1)": [0.019540302455425262, 0.019711695611476898], "(3, 5, 0, 1)": [0.019375160336494446, 0.019446520134806633], "(1, 4, -1, 0)": [0.0038751245010644197, 0.009974001906812191], "(2, 4, -1, 1)": [0.015845635905861855, 0.017996734008193016], "(3, 5, 5, 4)": [0.011085178703069687, 0.0008755570743232965], "(2, 5, 2, 1)": [0.015879157930612564, 0.019723735749721527], "(1, 5, 5, 3)": [0.017703205347061157, 0.008988607674837112], "(1, 5, 0, 2)": [0.019301999360322952, 0.01932632550597191], "(3, 5, 7, 4)": [-0.0017457040958106518, -0.001834407914429903], "(3, 4, 6, 3)": [0.017384259030222893, 0.004385547246783972], "(3, 4, 1, 2)": [0.019318224862217903, 0.01933603733778], "(3, 4, 3, 3)": [0.01983475126326084, 0.018459685146808624], "(3, 5, 2, 1)": [0.01973681151866913, 0.019822876900434494], "(3, 4, 5, 2)": [0.019213572144508362, 0.009802177548408508], "(3, 4, 3, 1)": [0.016321901232004166, 0.009098232723772526], "(2, 5, 7, 4)": [-0.0005847862921655178, -0.0032058581709861755], "(1, 5, 3, 2)": [0.019525690004229546, 0.019416529685258865], "(1, 5, 1, 3)": [0.0006282251561060548, 0.008249418810009956], "(3, 5, 0, 2)": [0.019153304398059845, 0.0018516898853704333], "(3, 5, 2, 3)": [0.0076380386017262936, 0.0], "(3, 5, 0, 0)": [0.0, 0.0027861029375344515], "(4, 4, 4, 2)": [0.01664983667433262, 0.019268861040472984], "(4, 4, 3, 2)": [0.01814468950033188, 0.016359999775886536], "(4, 4, 2, 1)": [0.015516298823058605, 0.013078759424388409], "(4, 4, 1, 1)": [0.017253881320357323, 0.015125715173780918], "(4, 4, 0, 0)": [0.00690940348431468, 0.00020575441885739565], "(1, 4, 0, 0)": [0.006426602136343718, -0.004823384340852499], "(1, 5, 5, 4)": [0.013519025407731533, 0.00017682136967778206], "(1, 5, 6, 4)": [0.003228250425308943, -0.0004907699767500162], "(4, 5, 3, 2)": [0.01949954777956009, 0.017951741814613342], "(4, 5, 2, 2)": [0.019470782950520515, 0.01456341054290533], "(4, 5, 1, 1)": [0.018879789859056473, 0.00580844609066844], "(4, 5, 4, 3)": [0.019621631130576134, 0.016402950510382652], "(4, 5, 5, 3)": [0.01959969662129879, 0.016635915264487267], "(4, 5, 3, 3)": [0.00390575360506773, 0.00645251851528883], "(4, 5, 1, 2)": [0.0016563811805099249, 0.01892189309000969], "(4, 5, 0, 1)": [0.01727190986275673, 0.0019953842274844646], "(3, 5, 5, 2)": [0.0, 0.008576706051826477], "(4, 4, 5, 2)": [0.018362293019890785, 0.012337427586317062], "(4, 4, 5, 3)": [0.01945280097424984, 0.01513063907623291], "(4, 5, 5, 2)": [0.017549827694892883, 0.007351709995418787], "(4, 5, 4, 2)": [0.019445884972810745, 0.01547982543706894], "(4, 5, 3, 1)": [0.0028994791209697723, 0.0], "(4, 5, 2, 1)": [0.010127779096364975, 0.019445080310106277], "(2, 5, 0, 0)": [0.01811917871236801, 0.0], "(3, 4, 6, 4)": [0.0, 0.007336446084082127], "(2, 4, 5, 2)": [0.015172624960541725, 0.0], "(1, 5, -1, 1)": [0.01766607165336609, 0.007570056244730949], "(2, 4, 2, 3)": [0.019756589084863663, 0.013447067700326443], "(1, 4, -2, 1)": [0.001614276086911559, 0.011868302710354328], "(0, 4, -2, 0)": [0.0022214511409401894, 0.004736762959510088], "(1, 4, -2, 0)": [0.008020708337426186, -0.0017984070582315326], "(1, 4, 6, 4)": [0.003996903542429209, 0.0], "(1, 4, 2, 1)": [0.0152381407096982, 0.006496576592326164], "(4, 4, 3, 1)": [0.0038994650822132826, 0.013831394724547863], "(2, 5, -2, 1)": [0.004465620033442974, 0.0], "(1, 4, -3, 0)": [-0.00011052715126425028, 0.0008743677753955126],