{"q_values": {"(2, 5, 2, 2)": [0.01967371255159378, 0.014682619832456112], "(2, 5, 1, 2)": [0.019704338163137436, 0.019069544970989227], "(2, 5, 1, 1)": [0.019758203998208046, 0.019536558538675308], "(2, 5, 3, 2)": [0.019564272835850716, 0.016574518755078316], "(2, 5, 3, 3)": [0.019425043836236, 0.016220107674598694], "(2, 5, 4, 3)": [0.01950288750231266, 0.015955418348312378], "(2, 5, 5, 3)": [0.019494323059916496, 0.01816358044743538], "(2, 4, 2, 2)": [0.01891716569662094, 0.01914413459599018], "(2, 4, 3, 2)": [0.018636643886566162, 0.019729815423488617], "(2, 4, 4, 3)": [0.019352825358510017, 0.019782433286309242], "(2, 4, 5, 3)": [0.019400961697101593, 0.019725624471902847], "(2, 4, 6, 4)": [0.019685514271259308, 0.009121652692556381], "(2, 5, 6, 4)": [0.01935664378106594, 0.014384948648512363], "(2, 5, 0, 1)": [0.019521143287420273, 0.0196479894220829], "(2, 4, 0, 1)": [0.018823012709617615, 0.019364021718502045], "(2, 4, 1, 2)": [0.019087649881839752, 0.019037138670682907], "(2, 4, 3, 3)": [0.019437626004219055, 0.01981959491968155], "(2, 4, 1, 1)": [0.015391907654702663, 0.015274181962013245], "(2, 5, 4, 2)": [0.019271526485681534, 0.019480198621749878], "(2, 4, 4, 2)": [0.01892005279660225, 0.019556846469640732], "(2, 4, 2, 1)": [0.013531459495425224, 0.0172403696924448], "(2, 4, 0, 0)": [0.014633133076131344, 0.01931890845298767], "(3, 5, 3, 2)": [0.01949472166597843, 0.015677744522690773], "(3, 5, 2, 2)": [0.019593439996242523, 0.017830874770879745], "(3, 5, 1, 2)": [0.01960284262895584, 0.01921343244612217], "(2, 5, 0, 2)": [0.01966014690697193, 0.018689140677452087], "(2, 5, 2, 3)": [0.011893960647284985, 0.01470419391989708], "(3, 4, 4, 3)": [0.019572846591472626, 0.01972971297800541], "(3, 4, 5, 3)": [0.019462263211607933, 0.01938009075820446], "(3, 4, 3, 2)": [0.017056340351700783, 0.015747206285595894], "(3, 4, 2, 2)": [0.018582670018076897, 0.014908653683960438], "(3, 4, 1, 1)": [0.014927783980965614, 0.016643574461340904], "(3, 4, 0, 1)": [0.012778013944625854, 0.018764913082122803], "(3, 4, 0, 0)": [-0.0003498716978356242, 0.017172427847981453], "(3, 5, 5, 3)": [0.01945820450782776, 0.01629033498466015], "(3, 5, 6, 4)": [0.015542352572083473, -0.0007747827330604196], "(2, 5, 5, 4)": [0.01913110911846161, 0.013802191242575645], "(1, 5, 1, 1)": [0.019826550036668777, 0.016975337639451027], "(1, 5, 0, 1)": [0.019787611439824104, 0.019955232739448547], "(1, 5, 1, 2)": [0.019933803007006645, 0.019144555553793907], "(1, 5, 2, 2)": [0.01989903673529625, 0.018356619402766228], "(1, 4, 2, 2)": [0.01834702491760254, 0.019941480830311775], "(1, 5, 3, 3)": [0.019851194694638252, 0.01923862285912037], "(1, 5, 2, 3)": [0.01974407397210598, 0.01745627447962761], "(3, 5, 3, 3)": [0.019155370071530342, 0.01393224485218525], "(2, 5, 6, 3)": [0.01942218840122223, 0.015629751607775688], "(2, 5, -1, 1)": [0.01945962756872177, 0.017301125451922417], "(2, 5, -1, 0)": [0.014149094931781292, 0.019242754206061363], "(2, 5, -2, 0)": [0.01224746834486723, 0.0], "(2, 4, -2, 0)": [0.015219619497656822, 0.009502071887254715], "(2, 4, -1, 0)": [0.010690541006624699, 0.019401241093873978], "(2, 4, 0, 2)": [0.01974722556769848, 0.019867612048983574], "(1, 4, 0, 1)": [0.016655676066875458, 0.01987181417644024], "(1, 4, 1, 1)": [0.014327183365821838, 0.01924825645983219], "(1, 4, 1, 2)": [0.01953876204788685, 0.019929848611354828], "(1, 4, 3, 2)": [0.01937444694340229, 0.01993708498775959], "(1, 4, 3, 3)": [0.019936006516218185, 0.019754603505134583], "(2, 4, 6, 3)": [0.01947084628045559, 0.017409872263669968], "(3, 5, 4, 3)": [0.01943739876151085, 0.017930777743458748], "(1, 4, 0, 2)": [0.019913949072360992, 0.016659189015626907], "(1, 4, 2, 3)": [0.01942736841738224, 0.019749348983168602], "(2, 5, 4, 4)": [-0.001469966839067638, 0.006076914258301258], "(1, 4, 4, 3)": [0.018606942147016525, 0.01988818868994713], "(1, 4, 5, 3)": [0.005056996829807758, 0.018796412274241447], "(1, 4, 6, 3)": [0.016510332003235817, 0.0031247208826243877], "(1, 5, 4, 3)": [0.019836433231830597, 0.019312357529997826], "(3, 4, 4, 2)": [0.01917325146496296, 0.019435586407780647], "(3, 4, 2, 1)": [0.012466847896575928, 0.017720598727464676], "(1, 4, -1, 1)": [0.01402902603149414, 0.018885497003793716], "(2, 4, 5, 4)": [0.006449338048696518, 0.019487326964735985], "(3, 5, 4, 2)": [0.019627751782536507, 0.01935715228319168], "(3, 5, 6, 3)": [0.01811513677239418, 0.008272059261798859], "(2, 5, 1, 3)": [0.0033274537418037653, -0.00011008151341229677], "(1, 4, 4, 2)": [0.016352999955415726, 0.01974881999194622], "(3, 5, 1, 1)": [0.019555404782295227, 0.019267821684479713], "(3, 5, 0, 1)": [0.01863926649093628, 0.019581187516450882], "(1, 4, -1, 0)": [0.007963159121572971, 0.01848084293305874], "(2, 4, -1, 1)": [0.01614660769701004, 0.019350288435816765], "(3, 5, 5, 4)": [0.00836904440075159, 0.0008755570743232965], "(2, 5, 2, 1)": [0.017949381843209267, 0.019818322733044624], "(1, 5, 5, 3)": [0.019442779943346977, 0.011793296784162521], "(1, 5, 0, 2)": [0.019954778254032135, 0.019529633224010468], "(3, 5, 7, 4)": [-0.0038375495932996273, -0.003287926781922579], "(3, 4, 6, 3)": [0.019029902294278145, 0.004385547246783972], "(3, 4, 1, 2)": [0.018995143473148346, 0.01960016041994095], "(3, 4, 3, 3)": [0.019533671438694, 0.01982964389026165], "(3, 5, 2, 1)": [0.01949472911655903, 0.0194757841527462], "(3, 4, 5, 2)": [0.019551677629351616, 0.015450079925358295], "(3, 4, 3, 1)": [0.015237877145409584, 0.012408236972987652], "(2, 5, 7, 4)": [-0.0005847862921655178, -0.0032058581709861755], "(1, 5, 3, 2)": [0.019886229187250137, 0.01959715038537979], "(1, 5, 1, 3)": [0.0006282251561060548, 0.010912608355283737], "(3, 5, 0, 2)": [0.01921623945236206, 0.0018516898853704333], "(3, 5, 2, 3)": [0.00865166075527668, 0.0], "(3, 5, 0, 0)": [0.0, 0.0027861029375344515], "(4, 4, 4, 2)": [0.015363091602921486, 0.016143448650836945], "(4, 4, 3, 2)": [0.01551611628383398, 0.017937621101737022], "(4, 4, 2, 1)": [0.013741612434387207, 0.018238559365272522], "(4, 4, 1, 1)": [0.013456445187330246, 0.0163241196423769], "(4, 4, 0, 0)": [0.0024417885579168797, 0.018783370032906532], "(1, 4, 0, 0)": [0.016378575935959816, -0.002407575026154518], "(1, 5, 5, 4)": [0.018513068556785583, 0.00017682136967778206], "(1, 5, 6, 4)": [0.01744343899190426, -0.0004907699767500162], "(4, 5, 3, 2)": [0.019462233409285545, 0.018503282219171524], "(4, 5, 2, 2)": [0.019426751881837845, 0.01748363859951496], "(4, 5, 1, 1)": [0.019413264468312263, 0.014659823849797249], "(4, 5, 4, 3)": [0.01983167603611946, 0.014840726740658283], "(4, 5, 5, 3)": [0.01976456120610237, 0.015144678764045238], "(4, 5, 3, 3)": [0.006648445967584848, 0.012715541757643223], "(4, 5, 1, 2)": [0.003433345817029476, 0.01940130814909935], "(4, 5, 0, 1)": [0.019203148782253265, 0.0019953842274844646], "(3, 5, 5, 2)": [0.0, 0.013153254985809326], "(4, 4, 5, 2)": [0.019436735659837723, 0.01509199757128954], "(4, 4, 5, 3)": [0.019423941150307655, 0.014542972669005394], "(4, 5, 5, 2)": [0.019298624247312546, 0.007351709995418787], "(4, 5, 4, 2)": [0.019810525700449944, 0.016014182940125465], "(4, 5, 3, 1)": [0.01635853759944439, 0.0], "(4, 5, 2, 1)": [0.01633339561522007, 0.01904411055147648], "(2, 5, 0, 0)": [0.01944548822939396, 0.0019692580681294203], "(3, 4, 6, 4)": [0.0, 0.008582165464758873], "(2, 4, 5, 2)": [0.01776551827788353, 0.0], "(1, 5, -1, 1)": [0.018779421225190163, 0.009754758328199387], "(2, 4, 2, 3)": [0.019689219072461128, 0.01604960486292839], "(1, 4, -2, 1)": [0.001614276086911559, 0.017168451100587845], "(0, 4, -2, 0)": [0.0022214511409401894, 0.01771003194153309], "(1, 4, -2, 0)": [0.011878062039613724, -0.0017984070582315326], "(1, 4, 6, 4)": [0.014944355003535748, 0.0], "(1, 4, 2, 1)": [0.013817673549056053, 0.0108480928465724], "(4, 4, 3, 1)": [0.007779048755764961, 0.014210253953933716], "(2, 5, -2, 1)": [0.00655027199536562, 0.0], "(1, 4, -3, 0)": [-0.0022739912383258343, 0.004143301863223314],