{"q_values": {"(2, 5, 2, 2)": [0.01556446310132742, 0.017595505341887474], "(2, 5, 1, 2)": [0.01967025175690651, 0.019238334149122238], "(2, 5, 1, 1)": [0.019587496295571327, 0.01927250251173973], "(2, 5, 3, 2)": [0.018826259300112724, 0.017341498285531998], "(2, 5, 3, 3)": [0.014623215422034264, 0.015039315447211266], "(2, 5, 4, 3)": [0.016320103779435158, 0.013042759150266647], "(2, 5, 5, 3)": [0.017005586996674538, 0.01333203911781311], "(2, 4, 2, 2)": [0.01904696598649025, 0.01969965547323227], "(2, 4, 3, 2)": [0.019189512357115746, 0.01950290985405445], "(2, 4, 4, 3)": [0.01887456886470318, 0.01927960105240345], "(2, 4, 5, 3)": [0.018519841134548187, 0.01869475655257702], "(2, 4, 6, 4)": [0.01731174811720848, 0.006746700964868069], "(2, 5, 6, 4)": [0.017979605123400688, 0.015373977832496166], "(2, 5, 0, 1)": [0.01901547983288765, 0.019716281443834305], "(2, 4, 0, 1)": [0.013744276016950607, 0.019535154104232788], "(2, 4, 1, 2)": [0.01734178327023983, 0.01972092315554619], "(2, 4, 3, 3)": [0.019295861944556236, 0.018845517188310623], "(2, 4, 1, 1)": [0.013660572469234467, 0.019220035523176193], "(2, 5, 4, 2)": [0.019294073805212975, 0.01933794468641281], "(2, 4, 4, 2)": [0.019007526338100433, 0.019403215497732162], "(2, 4, 2, 1)": [0.012640193104743958, 0.015445588156580925], "(2, 4, 0, 0)": [0.008078597486019135, 0.007477796636521816], "(3, 5, 3, 2)": [0.019136855378746986, 0.018274040892720222], "(3, 5, 2, 2)": [0.019444061443209648, 0.018914775922894478], "(3, 5, 1, 2)": [0.019362162798643112, 0.018310533836483955], "(2, 5, 0, 2)": [0.019239641726017, 0.01944958046078682], "(2, 5, 2, 3)": [0.016073761507868767, 0.01499731931835413], "(3, 4, 4, 3)": [0.019252629950642586, 0.019343268126249313], "(3, 4, 5, 3)": [0.019248127937316895, 0.01922611892223358], "(3, 4, 3, 2)": [0.01826477237045765, 0.019234804436564445], "(3, 4, 2, 2)": [0.018791604787111282, 0.019453391432762146], "(3, 4, 1, 1)": [0.014533262699842453, 0.018830489367246628], "(3, 4, 0, 1)": [0.011573879979550838, 0.018729737028479576], "(3, 4, 0, 0)": [0.0023259276058524847, 0.013883494772017002], "(3, 5, 5, 3)": [0.015452559106051922, 0.01745343953371048], "(3, 5, 6, 4)": [0.009453528560698032, 0.00015137926675379276], "(2, 5, 5, 4)": [0.01585080847144127, 0.010610050521790981], "(1, 5, 1, 1)": [0.01912081241607666, 0.0028348544146865606], "(1, 5, 0, 1)": [0.019600320607423782, 0.019632646813988686], "(1, 5, 1, 2)": [0.019763533025979996, 0.019714824855327606], "(1, 5, 2, 2)": [0.019904227927327156, 0.019745884463191032], "(1, 4, 2, 2)": [0.019331134855747223, 0.016837045550346375], "(1, 5, 3, 3)": [0.019779017195105553, 0.01856975443661213], "(1, 5, 2, 3)": [0.019765986129641533, 0.01772674173116684], "(3, 5, 3, 3)": [0.016997432336211205, 0.013914483599364758], "(2, 5, 6, 3)": [0.017740029841661453, 0.01373739168047905], "(2, 5, -1, 1)": [0.018199574202299118, 0.014175334945321083], "(2, 5, -1, 0)": [0.009072546847164631, 0.016179604455828667], "(2, 5, -2, 0)": [0.0035693924874067307, 0.0], "(2, 4, -2, 0)": [0.008538924157619476, -0.0006869471399113536], "(2, 4, -1, 0)": [0.0030890030320733786, 0.01072916854172945], "(2, 4, 0, 2)": [0.01918778568506241, 0.019496330991387367], "(1, 4, 0, 1)": [0.014725971966981888, 0.015106548555195332], "(1, 4, 1, 1)": [0.016568783670663834, 0.013892761431634426], "(1, 4, 1, 2)": [0.017184393480420113, 0.01910327933728695], "(1, 4, 3, 2)": [0.01959877647459507, 0.019382687285542488], "(1, 4, 3, 3)": [0.0196151752024889, 0.019459042698144913], "(2, 4, 6, 3)": [0.019154606387019157, 0.015548151917755604], "(3, 5, 4, 3)": [0.017876045778393745, 0.015249831601977348], "(1, 4, 0, 2)": [0.01891862042248249, 0.01969327963888645], "(1, 4, 2, 3)": [0.01980494149029255, 0.016547638922929764], "(2, 5, 4, 4)": [-0.001469966839067638, 0.000370386173017323], "(1, 4, 4, 3)": [0.01935436762869358, 0.019004561007022858], "(1, 4, 5, 3)": [0.003423707326874137, 0.015426008962094784], "(1, 4, 6, 3)": [0.004148447886109352, 0.0], "(1, 5, 4, 3)": [0.019224444404244423, 0.013661456294357777], "(3, 4, 4, 2)": [0.019560713320970535, 0.017906855791807175], "(3, 4, 2, 1)": [0.01232557650655508, 0.018113570287823677], "(1, 4, -1, 1)": [0.012183023616671562, 0.01512085646390915], "(2, 4, 5, 4)": [0.004968053661286831, 0.016411617398262024], "(3, 5, 4, 2)": [0.019424598664045334, 0.019294077530503273], "(3, 5, 6, 3)": [0.003836207091808319, 0.015735121443867683], "(2, 5, 1, 3)": [0.0, -0.00011008151341229677], "(1, 4, 4, 2)": [0.005959691014140844, 0.01651589199900627], "(3, 5, 1, 1)": [0.019239729270339012, 0.019439835101366043], "(3, 5, 0, 1)": [0.019017279148101807, 0.01939973793923855], "(1, 4, -1, 0)": [0.0032484184484928846, 0.011118060909211636], "(2, 4, -1, 1)": [0.012943665497004986, 0.012284763157367706], "(3, 5, 5, 4)": [0.0010850545950233936, -0.00044638686813414097], "(2, 5, 2, 1)": [0.01384969986975193, 0.019411494955420494], "(1, 5, 5, 3)": [0.012041406705975533, 0.0068095712922513485], "(1, 5, 0, 2)": [0.01971958577632904, 0.019674494862556458], "(3, 5, 7, 4)": [0.0012177523458376527, -0.0013796805869787931], "(3, 4, 6, 3)": [0.012488123960793018, 0.004385547246783972], "(3, 4, 1, 2)": [0.01948799379169941, 0.01856199838221073], "(3, 4, 3, 3)": [0.017506537958979607, 0.0037553568836301565], "(3, 5, 2, 1)": [0.01865926757454872, 0.019413255155086517], "(3, 4, 5, 2)": [0.019063713029026985, 0.009802177548408508], "(3, 4, 3, 1)": [0.014803221449255943, 0.005617083981633186], "(2, 5, 7, 4)": [0.000881526037119329, -0.004514941480010748], "(1, 5, 3, 2)": [0.01975320652127266, 0.017683876678347588], "(1, 5, 1, 3)": [-0.0013699288247153163, 0.001833347138017416], "(3, 5, 0, 2)": [0.009675908833742142, 0.0018516898853704333], "(3, 5, 2, 3)": [0.0018066391348838806, 0.0], "(3, 5, 0, 0)": [0.0, 0.0011343936203047633], "(4, 4, 4, 2)": [0.013479739427566528, 0.017017627134919167], "(4, 4, 3, 2)": [0.008345874026417732, 0.0160271767526865], "(4, 4, 2, 1)": [0.010207758285105228, 0.002379410434514284], "(4, 4, 1, 1)": [0.0003088820958510041, 0.006871373858302832], "(4, 4, 0, 0)": [0.0018109346274286509, -0.002210459904745221], "(1, 4, 0, 0)": [-0.0034294803626835346, -0.003080200869590044], "(1, 5, 5, 4)": [0.007302126381546259, 0.00017682136967778206], "(1, 5, 6, 4)": [-0.0021899265702813864, -0.002713165245950222], "(4, 5, 3, 2)": [0.011707005091011524, 0.01597674749791622], "(4, 5, 2, 2)": [0.012618377804756165, 0.003156765829771757], "(4, 5, 1, 1)": [0.004334376659244299, 0.0020530940964818], "(4, 5, 4, 3)": [0.014347448945045471, 0.006074769888073206], "(4, 5, 5, 3)": [0.013256656937301159, 0.014759579673409462], "(4, 5, 3, 3)": [0.0008805154939182103, 0.0], "(4, 5, 1, 2)": [0.0016563811805099249, 0.0018858974799513817], "(4, 5, 0, 1)": [0.00438116118311882, 0.0008956278907135129], "(3, 5, 5, 2)": [0.0, 0.0060372184962034225], "(4, 4, 5, 2)": [0.0174203272908926, 0.009828859940171242], "(4, 4, 5, 3)": [0.01703178696334362, 0.0018788528395816684], "(4, 5, 5, 2)": [0.012899225577712059, 0.0030974452383816242], "(4, 5, 4, 2)": [0.014864974655210972, 0.01691346801817417], "(4, 5, 3, 1)": [0.0010846322402358055, 0.0], "(4, 5, 2, 1)": [0.0, 0.0037431521341204643], "(2, 5, 0, 0)": [0.01474035531282425, 0.0], "(3, 4, 6, 4)": [0.0, 0.004507188685238361], "(2, 4, 5, 2)": [0.00785517692565918, 0.0], "(1, 5, -1, 1)": [0.015603248029947281, 0.0025632386095821857], "(2, 4, 2, 3)": [0.01863214746117592, 0.007897652685642242], "(1, 4, -2, 1)": [0.00039717729669064283, 0.0090381670743227], "(0, 4, -2, 0)": [0.0013715424574911594, 0.007778427097946405], "(1, 4, -2, 0)": [0.012559724040329456, -0.0034444681368768215], "(1, 4, 6, 4)": [0.001930094207637012, 0.0], "(1, 4, 2, 1)": [0.0, 0.0], "(4, 4, 3, 1)": [0.0033317147754132748, 0.009199841879308224], "(2, 5, -2, 1)": [0.0019459896720945835, 0.0], "(1, 4, -3, 0)": [-0.0012671704171225429, 0.0020566375460475683], "(0, 4, 0, 1)": [0.015588684007525444, 0.015129784122109413], "(1, 5, -1, 0)": [0.0032459688372910023, 0.0015749018639326096],