{"q_values": {"(2, 5, 2, 2)": [0.0199454203248024, 0.018883295357227325], "(2, 5, 1, 2)": [0.01992950215935707, 0.019233819097280502], "(2, 5, 1, 1)": [0.019731536507606506, 0.01990128867328167], "(2, 5, 3, 2)": [0.01994839683175087, 0.019631756469607353], "(2, 5, 3, 3)": [0.019914865493774414, 0.01858215406537056], "(2, 5, 4, 3)": [0.01991858333349228, 0.016467612236738205], "(2, 5, 5, 3)": [0.018973778933286667, 0.012867137789726257], "(2, 4, 2, 2)": [0.01925591751933098, 0.019913434982299805], "(2, 4, 3, 2)": [0.018230635672807693, 0.0199577696621418], "(2, 4, 4, 3)": [0.019959112629294395, 0.01950971968472004], "(2, 4, 5, 3)": [0.019419649615883827, 0.01967659406363964], "(2, 4, 6, 4)": [0.019461899995803833, 0.009121652692556381], "(2, 5, 6, 4)": [0.018150892108678818, 0.010539500042796135], "(2, 5, 0, 1)": [0.0198989138007164, 0.019538816064596176], "(2, 4, 0, 1)": [0.018617453053593636, 0.019817866384983063], "(2, 4, 1, 2)": [0.01891239732503891, 0.019835807383060455], "(2, 4, 3, 3)": [0.01963750272989273, 0.019955066964030266], "(2, 4, 1, 1)": [0.01707630231976509, 0.0198598001152277], "(2, 5, 4, 2)": [0.019572710618376732, 0.019933849573135376], "(2, 4, 4, 2)": [0.019176559522747993, 0.01993311010301113], "(2, 4, 2, 1)": [0.013129081577062607, 0.019090615212917328], "(2, 4, 0, 0)": [0.01582108624279499, 0.019498545676469803], "(3, 5, 3, 2)": [0.019953317940235138, 0.01946570724248886], "(3, 5, 2, 2)": [0.01996627077460289, 0.01925741694867611], "(3, 5, 1, 2)": [0.019964542239904404, 0.017949143424630165], "(2, 5, 0, 2)": [0.01965256594121456, 0.019175473600625992], "(2, 5, 2, 3)": [0.016820352524518967, 0.013346237130463123], "(3, 4, 4, 3)": [0.01994565688073635, 0.019760243594646454], "(3, 4, 5, 3)": [0.019967524334788322, 0.019700288772583008], "(3, 4, 3, 2)": [0.01970556378364563, 0.019970683380961418], "(3, 4, 2, 2)": [0.019706469029188156, 0.01995098404586315], "(3, 4, 1, 1)": [0.019662387669086456, 0.019920431077480316], "(3, 4, 0, 1)": [0.01942482590675354, 0.019878307357430458], "(3, 4, 0, 0)": [-0.0003498716978356242, 0.017885155975818634], "(3, 5, 5, 3)": [0.019904660061001778, 0.019075842574238777], "(3, 5, 6, 4)": [0.016364198178052902, -0.0007747827330604196], "(2, 5, 5, 4)": [0.017898591235280037, 0.01489267311990261], "(1, 5, 1, 1)": [0.019741622731089592, 0.01835016719996929], "(1, 5, 0, 1)": [0.01948261819779873, 0.019923295825719833], "(1, 5, 1, 2)": [0.01988833025097847, 0.019108794629573822], "(1, 5, 2, 2)": [0.019826451316475868, 0.018463609740138054], "(1, 4, 2, 2)": [0.015668775886297226, 0.01981973834335804], "(1, 5, 3, 3)": [0.019797036424279213, 0.016258222982287407], "(1, 5, 2, 3)": [0.019829170778393745, 0.015369554981589317], "(3, 5, 3, 3)": [0.0198814794421196, 0.015826208516955376], "(2, 5, 6, 3)": [0.01923315040767193, 0.016024524345993996], "(2, 5, -1, 1)": [0.019290074706077576, 0.017751717939972878], "(2, 5, -1, 0)": [0.014149094931781292, 0.019501928240060806], "(2, 5, -2, 0)": [0.016866225749254227, 0.0], "(2, 4, -2, 0)": [0.006965115666389465, 0.017948847264051437], "(2, 4, -1, 0)": [0.011041161604225636, 0.019431544467806816], "(2, 4, 0, 2)": [0.019029801711440086, 0.019758053123950958], "(1, 4, 0, 1)": [0.012974705547094345, 0.01961679197847843], "(1, 4, 1, 1)": [0.013084134086966515, 0.019090592861175537], "(1, 4, 1, 2)": [0.015288770198822021, 0.019854526966810226], "(1, 4, 3, 2)": [0.015323158353567123, 0.01969710923731327], "(1, 4, 3, 3)": [0.019597403705120087, 0.01981496438384056], "(2, 4, 6, 3)": [0.01961231231689453, 0.017409872263669968], "(3, 5, 4, 3)": [0.019930480048060417, 0.01839538663625717], "(1, 4, 0, 2)": [0.01930895261466503, 0.0198934618383646], "(1, 4, 2, 3)": [0.019881345331668854, 0.019536452367901802], "(2, 5, 4, 4)": [-0.001469966839067638, 0.005458362400531769], "(1, 4, 4, 3)": [0.019372904673218727, 0.01966703124344349], "(1, 4, 5, 3)": [0.01155144814401865, 0.01958770863711834], "(1, 4, 6, 3)": [0.019639261066913605, 0.0031247208826243877], "(1, 5, 4, 3)": [0.019712740555405617, 0.01612033136188984], "(3, 4, 4, 2)": [0.019605889916419983, 0.019963856786489487], "(3, 4, 2, 1)": [0.01582532934844494, 0.01986653357744217], "(1, 4, -1, 1)": [0.01402902603149414, 0.01813131384551525], "(2, 4, 5, 4)": [0.006449338048696518, 0.01951819658279419], "(3, 5, 4, 2)": [0.019458826631307602, 0.019929567351937294], "(3, 5, 6, 3)": [0.019529184326529503, 0.010416452772915363], "(2, 5, 1, 3)": [0.0033274537418037653, -0.00011008151341229677], "(1, 4, 4, 2)": [0.016680078580975533, 0.01951095275580883], "(3, 5, 1, 1)": [0.019761765375733376, 0.019942669197916985], "(3, 5, 0, 1)": [0.019191337749361992, 0.01995099149644375], "(1, 4, -1, 0)": [0.007885797880589962, 0.017260510474443436], "(2, 4, -1, 1)": [0.014638833701610565, 0.019548341631889343], "(3, 5, 5, 4)": [0.01179862953722477, 0.0008755570743232965], "(2, 5, 2, 1)": [0.018129317089915276, 0.01981940306723118], "(1, 5, 5, 3)": [0.01933521218597889, 0.013250710442662239], "(1, 5, 0, 2)": [0.019916299730539322, 0.01914546638727188], "(3, 5, 7, 4)": [-0.0038375495932996273, -0.003287926781922579], "(3, 4, 6, 3)": [0.019453763961791992, 0.005927841644734144], "(3, 4, 1, 2)": [0.019378820434212685, 0.0199398472905159], "(3, 4, 3, 3)": [0.01996547542512417, 0.019659414887428284], "(3, 5, 2, 1)": [0.01992109790444374, 0.019722411409020424], "(3, 4, 5, 2)": [0.019785260781645775, 0.01588551141321659], "(3, 4, 3, 1)": [0.01377945113927126, 0.012408236972987652], "(2, 5, 7, 4)": [-0.0005847862921655178, -0.0032058581709861755], "(1, 5, 3, 2)": [0.019782528281211853, 0.016293086111545563], "(1, 5, 1, 3)": [0.0006282251561060548, 0.013822886161506176], "(3, 5, 0, 2)": [0.019548289477825165, 0.0018516898853704333], "(3, 5, 2, 3)": [0.014824935235083103, 0.0], "(3, 5, 0, 0)": [0.0, 0.007388710044324398], "(4, 4, 4, 2)": [0.019705869257450104, 0.015709636732935905], "(4, 4, 3, 2)": [0.015612296760082245, 0.01663716323673725], "(4, 4, 2, 1)": [0.01296281535178423, 0.019443877041339874], "(4, 4, 1, 1)": [0.015750834718346596, 0.01966014876961708], "(4, 4, 0, 0)": [0.005420270375907421, 0.018759647384285927], "(1, 4, 0, 0)": [0.01714363694190979, -0.002407575026154518], "(1, 5, 5, 4)": [0.019194237887859344, 0.00017682136967778206], "(1, 5, 6, 4)": [0.019513608887791634, 0.0014984088484197855], "(4, 5, 3, 2)": [0.019922049716114998, 0.015959613025188446], "(4, 5, 2, 2)": [0.01984754018485546, 0.01613461971282959], "(4, 5, 1, 1)": [0.019782142713665962, 0.015864260494709015], "(4, 5, 4, 3)": [0.019932452589273453, 0.01392715610563755], "(4, 5, 5, 3)": [0.019624672830104828, 0.009760191664099693], "(4, 5, 3, 3)": [0.006648445967584848, 0.015047024935483932], "(4, 5, 1, 2)": [0.0050834184512495995, 0.019765706732869148], "(4, 5, 0, 1)": [0.01956779882311821, 0.0067515904083848], "(3, 5, 5, 2)": [0.0, 0.01929675042629242], "(4, 4, 5, 2)": [0.010196248069405556, 0.008008470758795738], "(4, 4, 5, 3)": [0.019259333610534668, 0.016254916787147522], "(4, 5, 5, 2)": [0.018104035407304764, 0.008603803813457489], "(4, 5, 4, 2)": [0.019937006756663322, 0.014594851061701775], "(4, 5, 3, 1)": [0.019499219954013824, 0.0], "(4, 5, 2, 1)": [0.019747549667954445, 0.01738896407186985], "(2, 5, 0, 0)": [0.019067881628870964, 0.0019692580681294203], "(3, 4, 6, 4)": [0.0, 0.01163534913212061], "(2, 4, 5, 2)": [0.018553072586655617, 0.0], "(1, 5, -1, 1)": [0.018698466941714287, 0.009754758328199387], "(2, 4, 2, 3)": [0.019888535141944885, 0.01604960486292839], "(1, 4, -2, 1)": [0.001614276086911559, 0.0155756501480937], "(0, 4, -2, 0)": [0.0022214511409401894, 0.018709596246480942], "(1, 4, -2, 0)": [0.007572744973003864, -0.0017984070582315326], "(1, 4, 6, 4)": [0.019658105447888374, 0.0], "(1, 4, 2, 1)": [0.01325160637497902, 0.0108480928465724], "(4, 4, 3, 1)": [0.005173056852072477, 0.017250586301088333], "(2, 5, -2, 1)": [0.011561701074242592, 0.0], "(1, 4, -3, 0)": [-0.004083281848579645, 0.0034054582938551903],