{"q_values": {"(2, 5, 2, 2)": [0.018167030066251755, 0.01808892749249935], "(2, 5, 1, 2)": [0.01801639422774315, 0.017632581293582916], "(2, 5, 1, 1)": [0.018899327144026756, 0.018511466681957245], "(2, 5, 3, 2)": [0.018050167709589005, 0.01627787947654724], "(2, 5, 3, 3)": [0.012766686268150806, 0.013512562029063702], "(2, 5, 4, 3)": [0.012766730971634388, 0.016812162473797798], "(2, 5, 5, 3)": [0.008480416610836983, 0.002677947748452425], "(2, 4, 2, 2)": [0.01789458654820919, 0.017827529460191727], "(2, 4, 3, 2)": [0.018436923623085022, 0.01866324618458748], "(2, 4, 4, 3)": [0.018109356984496117, 0.01826847344636917], "(2, 4, 5, 3)": [0.013126133941113949, 0.013493919745087624], "(2, 4, 6, 4)": [0.0030686426907777786, 0.0009997572051361203], "(2, 5, 6, 4)": [0.002295091515406966, -0.0009291227906942368], "(2, 5, 0, 1)": [0.018625665456056595, 0.01840253174304962], "(2, 4, 0, 1)": [0.007538175676018, 0.017209850251674652], "(2, 4, 1, 2)": [0.01537412777543068, 0.01810500957071781], "(2, 4, 3, 3)": [0.018405191600322723, 0.018723931163549423], "(2, 4, 1, 1)": [0.015460766851902008, 0.01787775382399559], "(2, 5, 4, 2)": [0.0027871644124388695, 0.010356769897043705], "(2, 4, 4, 2)": [0.016903402283787727, 0.014704692177474499], "(2, 4, 2, 1)": [0.00835955236107111, 0.0040083215571939945], "(2, 4, 0, 0)": [0.0, 0.002722153440117836], "(3, 5, 3, 2)": [0.007941457442939281, 0.006670736707746983], "(3, 5, 2, 2)": [0.007985665462911129, 0.008934924378991127], "(3, 5, 1, 2)": [0.0, 0.0027299385983496904], "(2, 5, 0, 2)": [0.015489794313907623, 0.014813651330769062], "(2, 5, 2, 3)": [0.006376788020133972, 0.007201608270406723], "(3, 4, 4, 3)": [0.0018954919651150703, 0.0], "(3, 4, 5, 3)": [0.0018908234778791666, 0.0], "(3, 4, 3, 2)": [0.003534886986017227, 0.0], "(3, 4, 2, 2)": [0.0027916491962969303, 0.0038547352887690067], "(3, 4, 1, 1)": [0.0026763733476400375, 0.0017728029051795602], "(3, 4, 0, 1)": [0.0008951229392550886, 0.0008543021976947784], "(3, 4, 0, 0)": [0.0, -0.0016786579508334398], "(3, 5, 5, 3)": [0.0020701061002910137, 0.003812893759459257], "(3, 5, 6, 4)": [-0.0012773831840604544, 0.00211850693449378], "(2, 5, 5, 4)": [6.222282536327839e-05, 0.004189816303551197], "(1, 5, 1, 1)": [0.0, 0.0009999157628044486], "(1, 5, 0, 1)": [0.001996422652155161, 0.0019446539226919413], "(1, 5, 1, 2)": [0.003087888937443495, 0.004733653739094734], "(1, 5, 2, 2)": [0.004268604796379805, 0.007810929790139198], "(1, 4, 2, 2)": [0.012043098919093609, 0.010309181176126003], "(1, 5, 3, 3)": [0.006975335534662008, 0.0038312531542032957], "(1, 5, 2, 3)": [0.0023696974385529757, 0.0009726823773235083], "(3, 5, 3, 3)": [0.0007125576958060265, 0.0], "(2, 5, 6, 3)": [0.0012715583434328437, 0.0], "(2, 5, -1, 1)": [0.0018876579124480486, 0.0018676676554605365], "(2, 5, -1, 0)": [0.0009993783896788955, 0.0], "(2, 5, -2, 0)": [0.0009902234887704253, 0.0], "(2, 4, -2, 0)": [0.001853274879977107, 0.0017403466627001762], "(2, 4, -1, 0)": [0.0018256257753819227, 0.0], "(2, 4, 0, 2)": [0.007402394898235798, 0.005763655994087458], "(1, 4, 0, 1)": [0.0042496854439377785, 0.008698509074747562], "(1, 4, 1, 1)": [0.000992389628663659, 0.0038910876028239727], "(1, 4, 1, 2)": [0.008593505248427391, 0.011621853336691856], "(1, 4, 3, 2)": [0.007318348623812199, 0.005678005516529083], "(1, 4, 3, 3)": [0.0019077826291322708, 0.003994904924184084], "(2, 4, 6, 3)": [0.0029575314838439226, 0.0], "(3, 5, 4, 3)": [-0.004338562022894621, 0.005262004677206278], "(1, 4, 0, 2)": [0.004942517261952162, 0.004255879204720259], "(1, 4, 2, 3)": [0.00238426448777318, 0.001209594658575952], "(2, 5, 4, 4)": [-0.001469966839067638, 0.0], "(1, 4, 4, 3)": [0.0011381543008610606, 0.00357345724478364], "(1, 4, 5, 3)": [0.0018866185564547777, 0.002776337554678321], "(1, 4, 6, 3)": [0.001087680459022522, 0.0], "(1, 5, 4, 3)": [0.0018224992090836167, 0.0], "(3, 4, 4, 2)": [0.001888953149318695, 0.0008864744449965656], "(3, 4, 2, 1)": [0.0010130482260137796, -0.0019882044289261103], "(1, 4, -1, 1)": [0.0, 0.0], "(2, 4, 5, 4)": [0.0, 0.0019046306842938066], "(3, 5, 4, 2)": [0.0011980844428762794, 0.0], "(3, 5, 6, 3)": [-0.0013000303879380226, 0.0], "(2, 5, 1, 3)": [0.0, 0.0012153398711234331], "(1, 4, 4, 2)": [0.0, 0.0012109475210309029]}}