{"q_values": {"(2, 5, 2, 2)": [0.019560882821679115, 0.01803181879222393, 0.01906968280673027, 0.01819721609354019, 0.0183055829256773], "(2, 5, 3, 2)": [0.017353836447000504, 0.018753761425614357, 0.015889978036284447, 0.019840985536575317, 0.017273537814617157], "(2, 5, 3, 3)": [0.019693523645401, 0.016273045912384987, 0.015814537182450294, 0.015527834184467793, 0.015567335300147533], "(2, 4, 2, 2)": [0.01910855621099472, 0.017465656623244286, 0.016843287274241447, 0.017439324408769608, 0.019598666578531265], "(2, 4, 3, 2)": [0.01931772753596306, 0.01973811909556389, 0.01924179121851921, 0.019299494102597237, 0.019282590597867966], "(2, 4, 3, 3)": [0.019675642251968384, 0.019626356661319733, 0.01967301219701767, 0.019673099741339684, 0.01987292803823948], "(2, 4, 4, 3)": [0.019524365663528442, 0.019806290045380592, 0.01942530833184719, 0.01953248679637909, 0.019514339044690132], "(2, 4, 1, 1)": [0.016698645427823067, 0.017367444932460785, 0.018326733261346817, 0.017687063664197922, 0.019754070788621902], "(2, 4, 2, 1)": [0.011754843406379223, 0.011362179182469845, 0.011909513734281063, 0.012688039802014828, 0.016364358365535736], "(2, 5, 4, 3)": [0.01969844102859497, 0.016710223630070686, 0.01663287729024887, 0.016905058175325394, 0.016832849010825157], "(2, 4, 1, 2)": [0.019207699224352837, 0.019340375438332558, 0.01921917125582695, 0.019703472033143044, 0.01921655796468258], "(2, 5, 1, 2)": [0.019495435059070587, 0.018049297854304314, 0.019023386761546135, 0.017380543053150177, 0.01911819912493229], "(2, 5, 0, 2)": [0.019408291205763817, 0.019495585933327675, 0.01937210001051426, 0.019465632736682892, 0.019373418763279915], "(2, 5, 2, 3)": [0.011215832084417343, 0.010745703242719173, 0.010524380020797253, 0.01415980327874422, 0.008868787437677383], "(2, 4, 0, 1)": [0.016878727823495865, 0.019328327849507332, 0.019478555768728256, 0.018443472683429718, 0.019769776612520218], "(2, 4, 4, 2)": [0.01865159533917904, 0.018955770879983902, 0.018564347177743912, 0.018604697659611702, 0.018034255132079124], "(2, 4, 5, 3)": [0.019158413633704185, 0.019325174391269684, 0.018948985263705254, 0.01920364983379841, 0.019180266186594963], "(3, 4, 4, 2)": [0.019465025514364243, 0.019458679482340813, 0.01943393424153328, 0.019753379747271538, 0.019377468153834343], "(3, 4, 3, 2)": [0.016913549974560738, 0.01932813972234726, 0.019426342099905014, 0.01824481226503849, 0.019645869731903076], "(3, 4, 2, 1)": [0.016446946188807487, 0.016045110300183296, 0.016170084476470947, 0.019291052594780922, 0.01598985120654106], "(3, 4, 2, 2)": [0.019107144325971603, 0.01890602894127369, 0.018343573436141014, 0.01971205323934555, 0.019325921311974525], "(3, 4, 3, 1)": [0.005213962867856026, -0.0029303967021405697, 0.0016834313282743096, 0.0010264803422614932, 0.014046466909348965], "(2, 5, 0, 1)": [0.019595999270677567, 0.019624195992946625, 0.019608981907367706, 0.019616208970546722, 0.019647683948278427], "(2, 5, 5, 3)": [0.017640911042690277, 0.014822270721197128, 0.013140293769538403, 0.01216298621147871, 0.01437414065003395], "(3, 5, 4, 3)": [0.016571547836065292, 0.019569527357816696, 0.016827154904603958, 0.01830483414232731, 0.017062406986951828], "(3, 5, 3, 3)": [0.01886190101504326, 0.016072295606136322, 0.013813577592372894, 0.014105799607932568, 0.010125299915671349], "(3, 5, 2, 2)": [0.019724294543266296, 0.017380880191922188, 0.019272612407803535, 0.019012682139873505, 0.017585746943950653], "(3, 5, 3, 2)": [0.019816745072603226, 0.019401315599679947, 0.019438982009887695, 0.01944572478532791, 0.019424069672822952], "(3, 5, 1, 2)": [0.01915707252919674, 0.019035961478948593, 0.019116386771202087, 0.019326526671648026, 0.01904585026204586], "(2, 5, 5, 4)": [0.0029255691915750504, 0.005315027199685574, -0.0009718924993649125, 0.0021679741330444813, 0.01260579563677311], "(3, 4, 5, 3)": [0.015129711478948593, 0.017031021416187286, 0.019189808517694473, 0.012102598324418068, 0.013318028301000595], "(3, 4, 4, 3)": [0.019694466143846512, 0.019560078158974648, 0.019634004682302475, 0.01962467096745968, 0.01957123354077339], "(3, 5, 4, 2)": [0.019520102068781853, 0.019651204347610474, 0.019457755610346794, 0.01911650039255619, 0.019514111801981926], "(1, 4, 0, 1)": [0.01689394935965538, 0.018248125910758972, 0.015942417085170746, 0.01932835765182972, 0.015988411381840706], "(1, 4, 1, 2)": [0.016342563554644585, 0.018650949001312256, 0.01781260222196579, 0.019140489399433136, 0.015889354050159454], "(1, 4, 2, 2)": [0.016621585935354233, 0.01542721502482891, 0.01637883484363556, 0.016345355659723282, 0.01944761723279953], "(1, 4, 3, 3)": [0.019636886194348335, 0.019692322239279747, 0.019788548350334167, 0.01961061730980873, 0.019642865285277367], "(1, 4, 4, 3)": [0.016791904345154762, 0.018550816923379898, 0.01802987791597843, 0.01967272162437439, 0.01802119053900242], "(1, 5, 1, 2)": [0.01970394141972065, 0.019685905426740646, 0.019534427672624588, 0.0194941945374012, 0.01944834366440773], "(1, 5, 0, 2)": [0.01974477805197239, 0.019590234383940697, 0.018514182418584824, 0.019508905708789825, 0.01953364536166191], "(1, 5, 2, 3)": [0.012424806132912636, 0.0198648851364851, 0.015885721892118454, 0.014714480377733707, 0.01374755147844553], "(1, 5, 3, 3)": [0.019732093438506126, 0.01889181137084961, 0.019323213025927544, 0.019174441695213318, 0.019381459802389145], "(3, 5, 1, 1)": [0.019059276208281517, 0.019122635945677757, 0.019791625440120697, 0.019247813150286674, 0.019268298521637917], "(3, 4, 1, 1)": [0.013634291477501392, 0.016070591285824776, 0.016992025077342987, 0.017151374369859695, 0.01967390812933445], "(3, 4, 1, 2)": [0.01948617398738861, 0.017914779484272003, 0.01840433105826378, 0.018388496711850166, 0.017074424773454666], "(3, 4, 0, 1)": [0.010097608901560307, 0.01221389975398779, 0.010236059315502644, 0.017466645687818527, 0.009664271026849747], "(2, 5, 1, 1)": [0.019734792411327362, 0.01976713538169861, 0.019772380590438843, 0.01982239820063114, 0.01975545845925808], "(2, 5, 4, 2)": [0.019686155021190643, 0.01824788749217987, 0.018663473427295685, 0.016173359006643295, 0.018532613292336464], "(2, 5, 2, 1)": [0.003681791014969349, 0.0016444604843854904, 0.019480012357234955, 0.010138828307390213, 0.004917526617646217], "(2, 4, 5, 2)": [0.010885396972298622, 0.0, 0.0, 0.0012975673889741302, 0.0], "(3, 4, 5, 2)": [0.009097113274037838, 0.007772780489176512, 0.005522068124264479, 0.008496139198541641, 0.019277939572930336], "(1, 5, 2, 2)": [0.01973770372569561, 0.01888376474380493, 0.01864861696958542, 0.01890639401972294, 0.018339935690164566], "(1, 4, 3, 2)": [0.019176438450813293, 0.019247906282544136, 0.019872495904564857, 0.019278498366475105, 0.019284149631857872], "(2, 4, 0, 2)": [0.01640757918357849, 0.018862726166844368, 0.01953286863863468, 0.019160659983754158, 0.018777310848236084], "(1, 4, -1, 1)": [0.009732067584991455, 0.007223903201520443, 0.01644282042980194, 0.006368348374962807, 0.007995317690074444], "(2, 5, 6, 4)": [0.012272316962480545, 0.0031006375793367624, 0.004614220932126045, 0.005033022258430719, 0.006303576752543449], "(3, 5, 6, 3)": [0.0051344954408705235, 0.0, 0.0, 0.0, 0.0], "(3, 5, 5, 3)": [0.014911874197423458, 0.015001105144619942, 0.015261431224644184, 0.017204755917191505, 0.013842600397765636], "(2, 4, -1, 0)": [-0.0013047027168795466, 0.0026427768170833588, 0.0021806308068335056, 0.002743000630289316, 0.006882159970700741], "(1, 4, 0, 2)": [0.017508311197161674, 0.018745362758636475, 0.019495386630296707, 0.016473451629281044, 0.019500702619552612], "(1, 4, 2, 3)": [0.011129013262689114, 0.01988481543958187, 0.011248144321143627, 0.011134720407426357, 0.017068209126591682], "(1, 4, 1, 1)": [0.01399009209126234, 0.01217612624168396, 0.013985028490424156, 0.01315708551555872, 0.017214955762028694], "(1, 4, 4, 2)": [0.013840550556778908, 0.0, 0.0, 0.001043972559273243, 0.0], "(2, 4, -1, 1)": [0.013715194538235664, 0.005385941825807095, 0.00013573328033089638, 0.0035101105459034443, 0.00140245514921844],