{"q_values": {"(3, 5, 3, 3)": [0.08712747693061829, 0.0873134583234787, 0.08866364508867264, 0.08943067491054535, 0.08829376101493835, 0.08701413869857788, 0.08644483983516693], "(3, 5, 3, 4)": [0.08963154256343842, 0.08797919005155563, 0.08746405690908432, 0.0876997709274292, 0.08571010082960129, 0.08629409968852997, 0.08785509318113327], "(3, 5, 4, 4)": [0.08818893134593964, 0.08531861752271652, 0.08954210579395294, 0.08722613751888275, 0.08753226697444916, 0.08723991364240646, 0.08556368947029114], "(3, 5, 4, 3)": [0.09119736403226852, 0.09032320231199265, 0.0906892791390419, 0.09031863510608673, 0.09016174077987671, 0.09028598666191101, 0.09043325483798981], "(4, 5, 3, 3)": [0.08833920210599899, 0.08606188744306564, 0.08765432983636856, 0.08734694123268127, 0.08364944905042648, 0.08548064529895782, 0.0870165079832077], "(4, 5, 4, 3)": [0.08817075937986374, 0.08454440534114838, 0.08594416081905365, 0.08479958772659302, 0.0836578756570816, 0.08533327281475067, 0.08593276888132095], "(4, 5, 4, 4)": [0.08780635893344879, 0.077179916203022, 0.07959898561239243, 0.07941582053899765, 0.07737907022237778, 0.07821054011583328, 0.07886780053377151], "(4, 5, 3, 2)": [0.08200603723526001, 0.08316999673843384, 0.07659384608268738, 0.08281994611024857, 0.08335618674755096, 0.08398205041885376, 0.07929869741201401], "(4, 5, 2, 2)": [0.0617164671421051, 0.08569170534610748, 0.05681328475475311, 0.04028260335326195, 0.06460899859666824, 0.06454785168170929, 0.051133155822753906], "(3, 5, 3, 2)": [0.08329840004444122, 0.08296245336532593, 0.08370049297809601, 0.08377756178379059, 0.08505440503358841, 0.08511524647474289, 0.08435562998056412], "(3, 5, 2, 2)": [0.08353181928396225, 0.08444319665431976, 0.08623725920915604, 0.08474481105804443, 0.08571897447109222, 0.08924606442451477, 0.08472195267677307], "(3, 5, 2, 1)": [0.041335053741931915, 0.04873458296060562, 0.04772123694419861, 0.05115755274891853, 0.05370280146598816, 0.04530685022473335, 0.07391440123319626], "(2, 5, 2, 2)": [0.07680439949035645, 0.08183011412620544, 0.08037026971578598, 0.08822613209486008, 0.08336026966571808, 0.08363719284534454, 0.07675691694021225], "(2, 5, 3, 2)": [0.0794602483510971, 0.07444416731595993, 0.072859987616539, 0.07386043667793274, 0.07859936356544495, 0.07982928305864334, 0.07352085411548615], "(2, 5, 3, 3)": [0.08909851312637329, 0.08469672501087189, 0.08660425990819931, 0.08646760880947113, 0.08521442860364914, 0.08807707577943802, 0.0858597531914711], "(3, 5, 4, 5)": [0.03664858266711235, 0.050737164914608, 0.06622824817895889, 0.06690430641174316, 0.06949464231729507, 0.0519157275557518, 0.06739850342273712], "(3, 5, 2, 3)": [0.09007663279771805, 0.08829197287559509, 0.08735544979572296, 0.0887356773018837, 0.0876227468252182, 0.08835048228502274, 0.08840315788984299], "(2, 5, 2, 3)": [0.06707648187875748, 0.04990861192345619, 0.06912171095609665, 0.08980148285627365, 0.049737073481082916, 0.061629410833120346, 0.07231394201517105], "(2, 5, 3, 4)": [0.07707826048135757, 0.07664757966995239, 0.08627895265817642, 0.06896889954805374, 0.08150703459978104, 0.07844176143407822, 0.07973641902208328], "(4, 5, 2, 1)": [0.0, 0.004462909419089556, 0.03413493186235428, 0.006540975533425808, 0.0052553690038621426, 0.00565654831007123, 0.019707798957824707], "(4, 5, 4, 5)": [0.022290147840976715, 0.004271938465535641, 0.013106368482112885, 0.012827510014176369, 0.00997139047831297, 0.0037474778946489096, 0.050456736236810684], "(4, 5, 3, 4)": [0.08254402130842209, 0.08898763358592987, 0.08278458565473557, 0.0798671692609787, 0.08344603329896927, 0.07945488393306732, 0.08069626986980438], "(2, 5, 4, 4)": [0.06103774532675743, 0.0444846972823143, 0.049653559923172, 0.0552862286567688, 0.051157500594854355, 0.08601848781108856, 0.04235687851905823], "(2, 5, 2, 1)": [0.0038555734790861607, 0.008341715671122074, 0.013552739284932613, 0.046576350927352905, -3.577175084501505e-05, 0.009618012234568596, 0.01112418994307518], "(3, 5, 3, 1)": [0.0, 0.0, 0.006033782381564379, 0.008727439679205418, 0.0, 0.0, 0.0], "(2, 5, 4, 5)": [0.0, 0.0, 0.00782392080873251, 0.0, 0.004863698035478592, 0.026759419590234756, 0.0018706725677475333], "(3, 5, 5, 5)": [0.0, 0.0, 0.0, 0.004520888905972242, 0.017847701907157898, 0.0, 0.0], "(4, 5, 2, 3)": [0.011944067664444447, 0.0, 0.0010280146962031722, 0.04590164124965668, 0.008695580996572971, 0.0010397661244496703, 0.008915870450437069], "(2, 5, 4, 3)": [0.006170641165226698, 0.005546446889638901, 0.0, 0.0014150114730000496, 0.05560542270541191, 0.002726351609453559, 0.008695605210959911], "(4, 5, 4, 2)": [0.0, 0.0, 0.0, 0.0, 0.007664351258426905, 0.021636806428432465, 0.0], "(4, 5, 3, 1)": [0.0, 0.0, 0.0, 0.0, 0.0, 0.0, 0.0], "(1, 5, 2, 2)": [0.0009414696251042187, 0.0, 0.0033231000415980816, 0.0022079497575759888, 0.0037184059619903564, 0.001634180429391563, 0.012502065859735012], "(1, 5, 3, 2)": [0.0010103615932166576, 0.0, 0.0, 0.0, 0.0008941839332692325, 0.0, 0.0], "(1, 5, 3, 3)": [0.004248663317412138, 0.012708587571978569, 0.0, 0.0028272857889533043, 0.0, 0.0011484683491289616, 0.0], "(1, 5, 2, 3)": [0.02393304370343685, 0.004670136608183384, 0.004888574592769146, 0.0014225594932213426, 0.009679370559751987, 0.007194029167294502, 0.0019655877258628607], "(0, 5, 2, 2)": [0.0013473477447405457, 0.005465207155793905, 0.0, 0.0, 0.004057970363646746, 0.0012430846691131592, 0.0013023519422858953], "(0, 5, 2, 3)": [0.00198928639292717, 0.005155900493264198, 0.0, 0.0, 0.0, 0.0, 0.0], "(4, 5, 5, 5)": [0.026955045759677887, 0.0, 0.0, 0.0, 0.0, 0.0, 0.0], "(4, 5, 5, 6)": [0.0, 0.0, 0.0, 0.0, 0.0, 0.0, 0.0], "(5, 5, 3, 3)": [0.0044950516894459724, 0.02819990925490856, 0.0024487816262990236, 0.002772354055196047, 0.005142024718225002, 0.0067285578697919846, 0.008778945542871952], "(5, 5, 4, 3)": [0.030357956886291504, 0.0028909335378557444, 0.005750654265284538, 0.008195911534130573, -0.0016294531524181366, 0.0060350033454597, 0.0], "(5, 5, 4, 4)": [0.003194721881300211, 0.0, 0.0, 0.0, 0.0, 0.0, 0.0], "(5, 5, 3, 2)": [0.005222839768975973, 0.008006809279322624, 0.004266251344233751, 0.011437389999628067, 0.00963594764471054, 0.008211201056838036, 0.035480085760354996], "(5, 5, 2, 2)": [0.0, 0.0, 0.002245586831122637, 0.0012319439556449652, 0.0, 0.0, 0.0], "(3, 5, 1, 1)": [-0.0012954345438629389, 0.0009209744748659432, 0.00889467541128397, 0.0, -0.00214022072032094, 0.0, 0.0], "(2, 5, 1, 1)": [-0.0012882354203611612, 0.0, 0.0, 0.0, 0.0, 0.0033113781828433275, 0.0], "(5, 5, 4, 2)": [0.0062471432611346245, 0.0011016663629561663, 0.002608752343803644, 0.0, 0.0, -0.000415712216636166, 0.0], "(5, 5, 3, 1)": [0.0, 0.0, 0.0, 0.0, 0.002759472234174609, 0.002946430118754506, 0.0], "(4, 5, 5, 4)": [0.00786888413131237, 0.0, 0.0, 0.0, 0.0, 0.0, 0.0], "(1, 5, 3, 4)": [0.004655506927520037, 0.0, 0.0, 0.0, 0.002671891124919057, 0.0, 0.0], "(0, 5, 1, 2)": [0.0044988710433244705, 0.0, 0.0, 0.0011776587925851345, 0.0, 0.0, 0.0], "(0, 5, 1, 1)": [0.00047785392962396145, 0.0, 0.001080350368283689, 0.0, 0.0, 0.0, 0.0]}}