{"q_values": {"(3, 5, 3, 3)": [0.004794913809746504, 0.0034780558198690414, 0.0023167103063315153, 0.007624619174748659, 0.0039225476793944836, 0.0038321842439472675, 0.004356794990599155], "(3, 5, 3, 4)": [0.0010210647014901042, 0.0, 0.0, 0.0019203787669539452, 0.0015198512701317668, 0.0019996247719973326, 0.0010454250732436776], "(3, 5, 4, 4)": [0.0019204876152798533, 0.0019858567975461483, 0.001337021472863853, 0.0, 0.0010668121976777911, 0.0, 0.0]}}