{"q_values": {"(2, 5, 2, 2)": [0.018848491832613945, 0.0187787227332592], "(2, 5, 1, 2)": [0.019038647413253784, 0.01904487982392311], "(2, 5, 1, 1)": [0.0196963082998991, 0.01962103508412838], "(2, 5, 3, 2)": [0.018168218433856964, 0.015872374176979065], "(2, 5, 3, 3)": [0.019189413636922836, 0.01513091940432787], "(2, 5, 4, 3)": [0.01879747025668621, 0.014162947423756123], "(2, 5, 5, 3)": [0.01713113859295845, 0.014998423866927624], "(2, 4, 2, 2)": [0.019379105418920517, 0.019715091213583946], "(2, 4, 3, 2)": [0.01923435740172863, 0.0197452325373888], "(2, 4, 4, 3)": [0.019632438197731972, 0.019444476813077927], "(2, 4, 5, 3)": [0.01942213997244835, 0.01929716393351555], "(2, 4, 6, 4)": [0.017874473705887794, 0.007961434312164783], "(2, 5, 6, 4)": [0.010331354103982449, 0.015052716247737408], "(2, 5, 0, 1)": [0.0195972491055727, 0.019607603549957275], "(2, 4, 0, 1)": [0.019349249079823494, 0.019856806844472885], "(2, 4, 1, 2)": [0.019195131957530975, 0.019818874076008797], "(2, 4, 3, 3)": [0.019345173612236977, 0.01957441121339798], "(2, 4, 1, 1)": [0.013540605083107948, 0.019753916189074516], "(2, 5, 4, 2)": [0.019831515848636627, 0.018845997750759125], "(2, 4, 4, 2)": [0.019753964617848396, 0.01943655125796795], "(2, 4, 2, 1)": [0.013606864959001541, 0.014799123629927635], "(2, 4, 0, 0)": [0.0109146973118186, 0.019101304933428764], "(3, 5, 3, 2)": [0.019745033234357834, 0.019669150933623314], "(3, 5, 2, 2)": [0.019663291051983833, 0.01933204010128975], "(3, 5, 1, 2)": [0.019890708848834038, 0.018167544156312943], "(2, 5, 0, 2)": [0.01927577331662178, 0.019304199144244194], "(2, 5, 2, 3)": [0.016190681606531143, 0.01584251970052719], "(3, 4, 4, 3)": [0.01973581127822399, 0.019843723624944687], "(3, 4, 5, 3)": [0.01957276649773121, 0.01952228881418705], "(3, 4, 3, 2)": [0.018608059734106064, 0.019903210923075676], "(3, 4, 2, 2)": [0.01897570863366127, 0.01993192359805107], "(3, 4, 1, 1)": [0.015648700296878815, 0.019834497943520546], "(3, 4, 0, 1)": [0.017274213954806328, 0.019814426079392433], "(3, 4, 0, 0)": [0.012964817695319653, 0.013920300640165806], "(3, 5, 5, 3)": [0.019397979602217674, 0.017325900495052338], "(3, 5, 6, 4)": [0.011706073768436909, -0.001206292537972331], "(2, 5, 5, 4)": [0.011395901441574097, 0.012648399919271469], "(1, 5, 1, 1)": [0.01940436288714409, 0.008632039651274681], "(1, 5, 0, 1)": [0.018932269886136055, 0.019609777256846428], "(1, 5, 1, 2)": [0.01952328160405159, 0.016257882118225098], "(1, 5, 2, 2)": [0.017431890591979027, 0.019361797720193863], "(1, 4, 2, 2)": [0.018858272582292557, 0.01919061690568924], "(1, 5, 3, 3)": [0.01747855171561241, 0.011804756708443165], "(1, 5, 2, 3)": [0.018694540485739708, 0.013683481141924858], "(3, 5, 3, 3)": [0.019838567823171616, 0.018486015498638153], "(2, 5, 6, 3)": [0.01812382973730564, 0.014778905548155308], "(2, 5, -1, 1)": [0.01818656176328659, 0.015870308503508568], "(2, 5, -1, 0)": [0.013121074996888638, 0.017777830362319946], "(2, 5, -2, 0)": [0.0047318595461547375, 0.0], "(2, 4, -2, 0)": [0.014660459011793137, 0.004139554221183062], "(2, 4, -1, 0)": [0.010043899528682232, 0.018801657482981682], "(2, 4, 0, 2)": [0.01958015188574791, 0.01986168697476387], "(1, 4, 0, 1)": [0.013385885395109653, 0.018832674250006676], "(1, 4, 1, 1)": [0.018651386722922325, 0.01703517697751522], "(1, 4, 1, 2)": [0.019169289618730545, 0.019175101071596146], "(1, 4, 3, 2)": [0.01948685199022293, 0.019453469663858414], "(1, 4, 3, 3)": [0.019272204488515854, 0.019334765151143074], "(2, 4, 6, 3)": [0.018626347184181213, 0.01628262922167778], "(3, 5, 4, 3)": [0.01979895308613777, 0.018903054296970367], "(1, 4, 0, 2)": [0.018477676436305046, 0.019582213833928108], "(1, 4, 2, 3)": [0.01907920278608799, 0.018091626465320587], "(2, 5, 4, 4)": [-0.001469966839067638, 0.0021009210031479597], "(1, 4, 4, 3)": [0.019193770363926888, 0.019299419596791267], "(1, 4, 5, 3)": [0.003423707326874137, 0.017354970797896385], "(1, 4, 6, 3)": [0.006297608837485313, 0.0031247208826243877], "(1, 5, 4, 3)": [0.016269369050860405, 0.011553851887583733], "(3, 4, 4, 2)": [0.019318558275699615, 0.019286997616291046], "(3, 4, 2, 1)": [0.014538276940584183, 0.01368492841720581], "(1, 4, -1, 1)": [0.015359763987362385, 0.014162714593112469], "(2, 4, 5, 4)": [0.004968053661286831, 0.018117640167474747], "(3, 5, 4, 2)": [0.019000809639692307, 0.019825082272291183], "(3, 5, 6, 3)": [0.009952382184565067, 0.012158263474702835], "(2, 5, 1, 3)": [0.0017490675672888756, -0.00011008151341229677], "(1, 4, 4, 2)": [0.011517800390720367, 0.019195586442947388], "(3, 5, 1, 1)": [0.019663335755467415, 0.019877390936017036], "(3, 5, 0, 1)": [0.01921830326318741, 0.01991063915193081], "(1, 4, -1, 0)": [0.0015143512282520533, 0.010079743340611458], "(2, 4, -1, 1)": [0.014392255805432796, 0.01680741272866726], "(3, 5, 5, 4)": [0.007952976040542126, 0.0008755570743232965], "(2, 5, 2, 1)": [0.014987565577030182, 0.01975814253091812], "(1, 5, 5, 3)": [0.016321249306201935, 0.007858475670218468], "(1, 5, 0, 2)": [0.019565964117646217, 0.01898798905313015], "(3, 5, 7, 4)": [-0.0017457040958106518, -0.0013796805869787931], "(3, 4, 6, 3)": [0.016850847750902176, 0.004385547246783972], "(3, 4, 1, 2)": [0.01947428658604622, 0.019931789487600327], "(3, 4, 3, 3)": [0.019890692085027695, 0.014788707718253136], "(3, 5, 2, 1)": [0.0189990047365427, 0.01971183530986309], "(3, 4, 5, 2)": [0.01938529498875141, 0.009802177548408508], "(3, 4, 3, 1)": [0.012552960775792599, 0.006864048540592194], "(2, 5, 7, 4)": [0.000881526037119329, -0.0032058581709861755], "(1, 5, 3, 2)": [0.019162945449352264, 0.01900416798889637], "(1, 5, 1, 3)": [0.0006282251561060548, 0.011550990864634514], "(3, 5, 0, 2)": [0.017280805855989456, 0.0018516898853704333], "(3, 5, 2, 3)": [0.005037919618189335, 0.0], "(3, 5, 0, 0)": [0.0, 0.0027861029375344515], "(4, 4, 4, 2)": [0.018710799515247345, 0.015866078436374664], "(4, 4, 3, 2)": [0.013710455037653446, 0.017823435366153717], "(4, 4, 2, 1)": [0.012488897889852524, 0.009054428897798061], "(4, 4, 1, 1)": [0.0034805038012564182, 0.010370072908699512], "(4, 4, 0, 0)": [0.008602268993854523, -0.0013019924517720938], "(1, 4, 0, 0)": [0.004087200853973627, -0.004823384340852499], "(1, 5, 5, 4)": [0.01162085309624672, 0.00017682136967778206], "(1, 5, 6, 4)": [-0.00018194899894297123, -0.002713165245950222], "(4, 5, 3, 2)": [0.01920371688902378, 0.017084253951907158], "(4, 5, 2, 2)": [0.01803445816040039, 0.008144654333591461], "(4, 5, 1, 1)": [0.017057884484529495, 0.004624797031283379], "(4, 5, 4, 3)": [0.014894427731633186, 0.008468789979815483], "(4, 5, 5, 3)": [0.018559638410806656, 0.014565679244697094], "(4, 5, 3, 3)": [0.00390575360506773, 0.00645251851528883], "(4, 5, 1, 2)": [0.0016563811805099249, 0.011981025338172913], "(4, 5, 0, 1)": [0.011568285524845123, 0.0019953842274844646], "(3, 5, 5, 2)": [0.0, 0.007381740026175976], "(4, 4, 5, 2)": [0.018832804635167122, 0.01158589031547308], "(4, 4, 5, 3)": [0.019070491194725037, 0.0034823273308575153], "(4, 5, 5, 2)": [0.016177404671907425, 0.006006388925015926], "(4, 5, 4, 2)": [0.016985811293125153, 0.01925589330494404], "(4, 5, 3, 1)": [0.0010846322402358055, 0.0], "(4, 5, 2, 1)": [0.0, 0.01765603944659233], "(2, 5, 0, 0)": [0.016068849712610245, 0.0], "(3, 4, 6, 4)": [0.0, 0.007336446084082127], "(2, 4, 5, 2)": [0.012568231672048569, 0.0], "(1, 5, -1, 1)": [0.01754281111061573, 0.006309535354375839], "(2, 4, 2, 3)": [0.01961776241660118, 0.011056683026254177], "(1, 4, -2, 1)": [0.001614276086911559, 0.011868302710354328], "(0, 4, -2, 0)": [0.0022214511409401894, 0.003929989878088236], "(1, 4, -2, 0)": [0.004960586316883564, -0.0017984070582315326], "(1, 4, 6, 4)": [0.002618674421682954, 0.0], "(1, 4, 2, 1)": [0.005833534989506006, 0.0036311019212007523], "(4, 4, 3, 1)": [0.0033317147754132748, 0.009310864843428135], "(2, 5, -2, 1)": [0.0029256856068968773, 0.0], "(1, 4, -3, 0)": [-0.00011052715126425028, 0.0037337590474635363],