{"q_values": {"(2, 5, 2, 2)": [0.01837324909865856, 0.01704682596027851, 0.01840922050178051, 0.01836783066391945, 0.018469445407390594], "(2, 5, 3, 3)": [0.011371271684765816, 0.014873475767672062, 0.01681302860379219, 0.015532024204730988, 0.0174713097512722], "(2, 5, 3, 2)": [0.018776817247271538, 0.017873434349894524, 0.016379840672016144, 0.018345234915614128, 0.018036453053355217], "(2, 5, 2, 1)": [0.009397703222930431, 0.00782464537769556, 0.012294447049498558, 0.012076333165168762, 0.014456856064498425], "(2, 5, 1, 1)": [0.012392665259540081, 0.014675524085760117, 0.013815472833812237, 0.012542081996798515, 0.011692481115460396], "(2, 5, 1, 2)": [0.018394285812973976, 0.01832018420100212, 0.0181469414383173, 0.015314840711653233, 0.018330710008740425], "(2, 5, 2, 3)": [0.012287364341318607, 0.013417797163128853, 0.005621810909360647, 0.014947282150387764, 0.010718187317252159], "(2, 5, 4, 3)": [0.0102482745423913, 0.012944348156452179, 0.011687281541526318, 0.007013088092207909, 0.007591478526592255], "(3, 5, 3, 2)": [0.01747129112482071, 0.017686709761619568, 0.01784689910709858, 0.017752010375261307, 0.017273569479584694], "(3, 5, 2, 2)": [0.016050079837441444, 0.01723611354827881, 0.01692431978881359, 0.016479982063174248, 0.017466077581048012], "(3, 5, 2, 1)": [0.005438701249659061, 0.005600494332611561, 0.006982813589274883, 0.006118134595453739, 0.011359332129359245], "(1, 5, 2, 2)": [0.009864086285233498, 0.009115049615502357, 0.011509942822158337, 0.008701327256858349, 0.014661408960819244], "(1, 5, 2, 3)": [0.0076559968292713165, 0.0056114764884114265, 0.005910784006118774, 0.0015120550524443388, -0.0019988801795989275], "(1, 5, 3, 3)": [0.004597732797265053, 0.003147776471450925, 0.006419711746275425, 0.004527553915977478, 0.0035922338720411062], "(2, 5, 0, 1)": [0.01082650013267994, 0.008439448662102222, 0.014076041989028454, 0.012576330453157425, 0.011934233829379082], "(1, 5, 1, 1)": [0.0005699213361367583, 0.005222271662205458, 0.0047305878251791, 0.006101459730416536, 0.002773909829556942], "(2, 5, 0, 0)": [-0.002038830192759633, 0.0, 0.0, 0.002877651248127222, 0.0], "(3, 5, 3, 3)": [0.010469471104443073, 0.009196733124554157, 0.010362822562456131, 0.010606871917843819, 0.014455747790634632], "(3, 5, 1, 1)": [0.002365495776757598, 0.0024008520413190126, 0.0034479284659028053, 0.001159978797659278, 0.004438888747245073], "(1, 5, 1, 2)": [0.005400629714131355, 0.008289028890430927, 0.0038187317550182343, 0.0043127527460455894, 0.011071008630096912], "(3, 5, 4, 3)": [0.00510928500443697, 0.0031034755520522594, 0.0015066568739712238, 0.004253895953297615, 0.006138195749372244], "(2, 5, 4, 4)": [0.0, -0.0010309299686923623, 0.004782336298376322, 0.0, 0.001109124394133687], "(3, 5, 1, 2)": [0.0014863256365060806, 0.0, 0.0032680542208254337, 0.0012063770554959774, 0.0036892308853566647], "(3, 5, 2, 3)": [0.0, 0.0, 0.0, 0.0012611843412742019, 0.0], "(1, 5, 3, 2)": [0.0, 0.0, 0.0010966213885694742, 0.0022746208123862743, 0.0], "(1, 5, 0, 1)": [0.0011849034344777465, 0.0, 0.0, 0.003051237901672721, 0.002075621159747243], "(3, 5, 4, 4)": [0.0, 0.0, -0.0019562309607863426, 0.0, 0.0]}}