{"q_values": {"(3, 5, 3, 3)": [0.09084424376487732, 0.09137242287397385, 0.09142650663852692, 0.09069812297821045, 0.09130499511957169, 0.09139911830425262, 0.09074340015649796], "(3, 5, 3, 4)": [0.0891929566860199, 0.08620257675647736, 0.08240065723657608, 0.08665886521339417, 0.08414162695407867, 0.08550144731998444, 0.08643262833356857], "(3, 5, 4, 4)": [0.08926872909069061, 0.08608364313840866, 0.08783998340368271, 0.08384008705615997, 0.0855129137635231, 0.08744814246892929, 0.08410347253084183], "(3, 5, 4, 3)": [0.08622726798057556, 0.08837531507015228, 0.08438124507665634, 0.08945085108280182, 0.08634521812200546, 0.09103389084339142, 0.08853241801261902], "(4, 5, 3, 3)": [0.08144241571426392, 0.0806666761636734, 0.07958701252937317, 0.07928092032670975, 0.0810350850224495, 0.07776753604412079, 0.07864023745059967], "(4, 5, 4, 3)": [0.06418226659297943, 0.06850007176399231, 0.06887909770011902, 0.07047592103481293, 0.06100637465715408, 0.08169424533843994, 0.0576448068022728], "(4, 5, 4, 4)": [0.07097465544939041, 0.0785088837146759, 0.06743913888931274, 0.07081036269664764, 0.061051830649375916, 0.06385413557291031, 0.05938577279448509], "(4, 5, 3, 2)": [0.062147967517375946, 0.06298211216926575, 0.0694662407040596, 0.07337372750043869, 0.07978247106075287, 0.06997369974851608, 0.07018309086561203], "(4, 5, 2, 2)": [0.03940925374627113, 0.06322775781154633, 0.03969835489988327, 0.026370037347078323, 0.042943429201841354, 0.04149791598320007, 0.03655208647251129], "(3, 5, 3, 2)": [0.08718068897724152, 0.08424597233533859, 0.08629822731018066, 0.08211631327867508, 0.08458144217729568, 0.08511596918106079, 0.08405967801809311], "(3, 5, 2, 2)": [0.08281854540109634, 0.07825304567813873, 0.08267573267221451, 0.08012757450342178, 0.08294874429702759, 0.08265949785709381, 0.0836913213133812], "(3, 5, 2, 1)": [0.027116907760500908, 0.06337927281856537, 0.04255694895982742, 0.034195676445961, 0.029315227642655373, 0.04229461029171944, 0.0389450304210186], "(2, 5, 2, 2)": [0.04133755713701248, 0.04882454127073288, 0.04605366662144661, 0.045812781900167465, 0.05903085693717003, 0.048217568546533585, 0.04835197329521179], "(2, 5, 3, 2)": [0.04232312738895416, 0.037847235798835754, 0.03608531504869461, 0.0407683327794075, 0.04591613635420799, 0.06695303320884705, 0.044222574681043625], "(2, 5, 3, 3)": [0.06346955895423889, 0.06930845230817795, 0.06847237050533295, 0.06631806492805481, 0.068447545170784, 0.07062088698148727, 0.07052313536405563], "(3, 5, 4, 5)": [0.028132693842053413, 0.045505717396736145, 0.041516635566949844, 0.06736139208078384, 0.0409785620868206, 0.03551231324672699, 0.04690419137477875], "(3, 5, 2, 3)": [0.08378265053033829, 0.08083025366067886, 0.0843290463089943, 0.08440601825714111, 0.0806422010064125, 0.09000692516565323, 0.08615965396165848], "(2, 5, 2, 3)": [0.018075156956911087, 0.02128380350768566, 0.02642105147242546, 0.04868697375059128, 0.019201798364520073, 0.016794942319393158, 0.02316039241850376], "(2, 5, 3, 4)": [0.07325416803359985, 0.03932705894112587, 0.04803904891014099, 0.04172390326857567, 0.05281481146812439, 0.02548721432685852, 0.04841259494423866], "(4, 5, 2, 1)": [0.0, 0.0044867233373224735, 0.006958029232919216, 0.006540975533425808, 0.0021623121574521065, 0.00565654831007123, 0.021389327943325043], "(4, 5, 4, 5)": [0.00837027095258236, 0.004271938465535641, 0.006267424672842026, 0.003662017174065113, 0.006674238480627537, 0.0037474778946489096, 0.03010386787354946], "(4, 5, 3, 4)": [0.06589428335428238, 0.06253192573785782, 0.07284441590309143, 0.0630052238702774, 0.06397605687379837, 0.06608807295560837, 0.056692399084568024], "(2, 5, 4, 4)": [0.016446663066744804, 0.024173136800527573, 0.018719397485256195, 0.012982111424207687, 0.019549885764718056, 0.04923815280199051, 0.022565040737390518], "(2, 5, 2, 1)": [0.00472842063754797, 0.0040451413951814175, 0.005805515684187412, 0.017688725143671036, -3.577175084501505e-05, 0.009618012234568596, 0.0017610695213079453], "(3, 5, 3, 1)": [0.0, 0.0, 0.006033782381564379, 0.008727439679205418, 0.0, 0.0, 0.0], "(2, 5, 4, 5)": [0.0, 0.0, 0.0, 0.0, 0.004863698035478592, 0.0, 0.0018706725677475333], "(3, 5, 5, 5)": [0.0, 0.0, 0.0, 0.0, 0.007528693415224552, 0.0, 0.0], "(4, 5, 2, 3)": [0.004945260472595692, 0.0, 0.0010280146962031722, 0.009808697737753391, 0.0, 0.0010397661244496703, 0.0], "(2, 5, 4, 3)": [0.006170641165226698, 0.0, 0.0, 0.0014150114730000496, 0.012591644190251827, 0.0, 0.0], "(4, 5, 4, 2)": [0.0, 0.0, 0.0, 0.0, 0.007664351258426905, 0.0071087004616856575, 0.0], "(4, 5, 3, 1)": [0.0, 0.0, 0.0, 0.0, 0.0, 0.0, 0.0], "(1, 5, 2, 2)": [0.0009414696251042187, 0.0, 0.0017198196146637201, 0.0, 0.0013138194335624576, 0.0, 0.006591958925127983], "(1, 5, 3, 2)": [0.0010103615932166576, 0.0, 0.0, 0.0, 0.0008941839332692325, 0.0, 0.0], "(1, 5, 3, 3)": [0.0021769602317363024, 0.004080248065292835, 0.0, 0.0028272857889533043, 0.0, 0.002521413378417492, 0.0], "(1, 5, 2, 3)": [0.012923850677907467, 0.003193656448274851, 0.0028059796895831823, 0.0014225594932213426, 0.004758973140269518, 0.0, 0.0], "(0, 5, 2, 2)": [0.0013473477447405457, 0.004967465065419674, 0.0, 0.0, 0.004057970363646746, 0.0012430846691131592, 0.0013023519422858953], "(0, 5, 2, 3)": [0.00198928639292717, 0.005155900493264198, 0.0, 0.0, 0.0, 0.0, 0.0], "(4, 5, 5, 5)": [0.007830524817109108, 0.0, 0.0, 0.0, 0.0, 0.0, 0.0], "(4, 5, 5, 6)": [0.0, 0.0, 0.0, 0.0, 0.0, 0.0, 0.0], "(5, 5, 3, 3)": [0.002990312874317169, 0.01392532791942358, 0.0024487816262990236, 0.002772354055196047, 0.0, 0.00272520724684, 0.004537101369351149], "(5, 5, 4, 3)": [0.00421232171356678, 0.0, 0.0, 0.0, 0.0, 0.0, 0.0], "(5, 5, 4, 4)": [0.0010468090185895562, 0.0, 0.0, 0.0, 0.0, 0.0, 0.0], "(5, 5, 3, 2)": [0.0, 0.0035819481126964092, 0.00207757530733943, 0.000980090582743287, 0.002200603485107422, 0.0, 0.008938471786677837], "(5, 5, 2, 2)": [0.0, 0.0, 0.002245586831122637, 0.0012319439556449652, 0.0, 0.0, 0.0]}}