{"q_values": {"(2, 5, 2, 2)": [0.019542822614312172, 0.016819067299365997], "(2, 5, 1, 2)": [0.01897571235895157, 0.018924983218312263], "(2, 5, 1, 1)": [0.019668279215693474, 0.0195235013961792], "(2, 5, 3, 2)": [0.019717076793313026, 0.019322644919157028], "(2, 5, 3, 3)": [0.01916162669658661, 0.018051978200674057], "(2, 5, 4, 3)": [0.01959339715540409, 0.019219430163502693], "(2, 5, 5, 3)": [0.01922551915049553, 0.016064438968896866], "(2, 4, 2, 2)": [0.016472823917865753, 0.019524632021784782], "(2, 4, 3, 2)": [0.01892535760998726, 0.019503287971019745], "(2, 4, 4, 3)": [0.01966295950114727, 0.019732696935534477], "(2, 4, 5, 3)": [0.019248299300670624, 0.01945551298558712], "(2, 4, 6, 4)": [0.013570331037044525, 0.003737100400030613], "(2, 5, 6, 4)": [0.011860296130180359, 0.013926921412348747], "(2, 5, 0, 1)": [0.019305620342493057, 0.01960701122879982], "(2, 4, 0, 1)": [0.017780330032110214, 0.016151882708072662], "(2, 4, 1, 2)": [0.017886096611618996, 0.019464241340756416], "(2, 4, 3, 3)": [0.019598061218857765, 0.019710633903741837], "(2, 4, 1, 1)": [0.01762901060283184, 0.019045470282435417], "(2, 5, 4, 2)": [0.01853698305785656, 0.019330203533172607], "(2, 4, 4, 2)": [0.019313586875796318, 0.01942148432135582], "(2, 4, 2, 1)": [0.014996038749814034, 0.015995245426893234], "(2, 4, 0, 0)": [0.005767597816884518, 0.008618757128715515], "(3, 5, 3, 2)": [0.019521182402968407, 0.018167518079280853], "(3, 5, 2, 2)": [0.019428543746471405, 0.017936931923031807], "(3, 5, 1, 2)": [0.018988214433193207, 0.01843586564064026], "(2, 5, 0, 2)": [0.019382614642381668, 0.01898864284157753], "(2, 5, 2, 3)": [0.00961790606379509, 0.009225370362401009], "(3, 4, 4, 3)": [0.018174458295106888, 0.019343681633472443], "(3, 4, 5, 3)": [0.018986649811267853, 0.017827652394771576], "(3, 4, 3, 2)": [0.017755942419171333, 0.019153717905282974], "(3, 4, 2, 2)": [0.017491348087787628, 0.018812572583556175], "(3, 4, 1, 1)": [0.015641462057828903, 0.014576690271496773], "(3, 4, 0, 1)": [0.016606107354164124, 0.012543663382530212], "(3, 4, 0, 0)": [0.0030499824788421392, 0.009264882653951645], "(3, 5, 5, 3)": [0.01887406036257744, 0.016248000785708427], "(3, 5, 6, 4)": [-0.0005832990864291787, 0.0036766906268894672], "(2, 5, 5, 4)": [0.017651351168751717, 0.010161335580050945], "(1, 5, 1, 1)": [0.013750358484685421, 0.0028348544146865606], "(1, 5, 0, 1)": [0.018665453419089317, 0.01910470239818096], "(1, 5, 1, 2)": [0.019204391166567802, 0.01849820464849472], "(1, 5, 2, 2)": [0.019471382722258568, 0.017596980556845665], "(1, 4, 2, 2)": [0.01710430532693863, 0.01920507289469242], "(1, 5, 3, 3)": [0.014995471574366093, 0.016070609912276268], "(1, 5, 2, 3)": [0.015629451721906662, 0.007542836479842663], "(3, 5, 3, 3)": [0.012597550638020039, 0.014510052278637886], "(2, 5, 6, 3)": [0.015458282083272934, 0.01200805138796568], "(2, 5, -1, 1)": [0.017461782321333885, 0.011867505498230457], "(2, 5, -1, 0)": [0.007965344935655594, 0.014231095090508461], "(2, 5, -2, 0)": [0.0035693924874067307, 0.0], "(2, 4, -2, 0)": [0.007963811047375202, 0.0010906483512371778], "(2, 4, -1, 0)": [0.003575837705284357, 0.008190260268747807], "(2, 4, 0, 2)": [0.01703108847141266, 0.019091345369815826], "(1, 4, 0, 1)": [0.01600446179509163, 0.01845460571348667], "(1, 4, 1, 1)": [0.01441671047359705, 0.016142182052135468], "(1, 4, 1, 2)": [0.018150508403778076, 0.01930059678852558], "(1, 4, 3, 2)": [0.018502721562981606, 0.019053669646382332], "(1, 4, 3, 3)": [0.018874408677220345, 0.0191373098641634], "(2, 4, 6, 3)": [0.018850263208150864, 0.012334958650171757], "(3, 5, 4, 3)": [0.019085794687271118, 0.015880266204476357], "(1, 4, 0, 2)": [0.018914422020316124, 0.01662684604525566], "(1, 4, 2, 3)": [0.012350649572908878, 0.004249563440680504], "(2, 5, 4, 4)": [-0.001469966839067638, -0.0013219488319009542], "(1, 4, 4, 3)": [0.01888764649629593, 0.018213115632534027], "(1, 4, 5, 3)": [0.0018866185564547777, 0.012669464573264122], "(1, 4, 6, 3)": [0.004148447886109352, 0.0], "(1, 5, 4, 3)": [0.015538503415882587, 0.016850367188453674], "(3, 4, 4, 2)": [0.01767248474061489, 0.01891784556210041], "(3, 4, 2, 1)": [0.016663042828440666, 0.01407385803759098], "(1, 4, -1, 1)": [0.013998785056173801, 0.01659371145069599], "(2, 4, 5, 4)": [0.0034435458946973085, 0.011081582866609097], "(3, 5, 4, 2)": [0.019232964143157005, 0.017096970230340958], "(3, 5, 6, 3)": [0.003227668348699808, 0.011875164695084095], "(2, 5, 1, 3)": [0.0, 0.0012153398711234331], "(1, 4, 4, 2)": [0.0012481559533625841, 0.009225184097886086], "(3, 5, 1, 1)": [0.018922654911875725, 0.01852566935122013], "(3, 5, 0, 1)": [0.017386915162205696, 0.018600473180413246], "(1, 4, -1, 0)": [0.002228147815912962, 0.01427481509745121], "(2, 4, -1, 1)": [0.01120127271860838, 0.015915926545858383], "(3, 5, 5, 4)": [0.0026025627739727497, -0.001837679767049849], "(2, 5, 2, 1)": [0.007632132153958082, 0.013995761051774025], "(1, 5, 5, 3)": [0.007349254563450813, 0.005514098331332207], "(1, 5, 0, 2)": [0.019173093140125275, 0.017611859366297722], "(3, 5, 7, 4)": [0.0012177523458376527, -0.0013796805869787931], "(3, 4, 6, 3)": [0.007965389639139175, 0.0012745421845465899], "(3, 4, 1, 2)": [0.01766059547662735, 0.010545196942985058], "(3, 4, 3, 3)": [0.004968056455254555, 0.0], "(3, 5, 2, 1)": [0.014277847483754158, 0.01846957392990589], "(3, 4, 5, 2)": [0.015288693830370903, 0.00619002478197217], "(3, 4, 3, 1)": [0.006488863378763199, 0.0009454884566366673], "(2, 5, 7, 4)": [-0.00039579940494149923, -0.0025085273664444685], "(1, 5, 3, 2)": [0.018575111404061317, 0.013017476536333561], "(1, 5, 1, 3)": [0.0, -0.0005206961650401354], "(3, 5, 0, 2)": [0.004825285170227289, 0.0], "(3, 5, 2, 3)": [0.0, 0.0], "(3, 5, 0, 0)": [0.0, 0.0011343936203047633], "(4, 4, 4, 2)": [0.00895717553794384, 0.013885660097002983], "(4, 4, 3, 2)": [0.0035218303091824055, 0.012946893461048603], "(4, 4, 2, 1)": [0.004602281842380762, 0.00145986198913306], "(4, 4, 1, 1)": [0.0032062053214758635, 0.0], "(4, 4, 0, 0)": [0.0, -0.002210459904745221], "(1, 4, 0, 0)": [-0.0034294803626835346, 0.0010646360460668802], "(1, 5, 5, 4)": [0.0034045358188450336, 0.0023418283089995384], "(1, 5, 6, 4)": [-0.0021899265702813864, -0.002713165245950222], "(4, 5, 3, 2)": [0.004822989460080862, 0.010331668891012669], "(4, 5, 2, 2)": [0.003395061008632183, 0.0016249638283625245], "(4, 5, 1, 1)": [0.001783419051207602, 0.0], "(4, 5, 4, 3)": [0.0034088382963091135, 0.0], "(4, 5, 5, 3)": [0.003136297222226858, 0.0040815528482198715], "(4, 5, 3, 3)": [0.0008805154939182103, 0.0], "(4, 5, 1, 2)": [0.0016563811805099249, 0.0018858974799513817], "(4, 5, 0, 1)": [0.0019028789829462767, 0.0008956278907135129], "(3, 5, 5, 2)": [0.0, 0.003353160573169589], "(4, 4, 5, 2)": [0.007622429169714451, -7.478450424969196e-05], "(4, 4, 5, 3)": [0.006799019407480955, 0.0], "(4, 5, 5, 2)": [0.0023894452024251223, 0.0], "(4, 5, 4, 2)": [0.0037462799809873104, 0.009483416564762592], "(4, 5, 3, 1)": [0.0010846322402358055, 0.0], "(4, 5, 2, 1)": [0.0, 0.00221547344699502], "(2, 5, 0, 0)": [0.009912404231727123, 0.0], "(3, 4, 6, 4)": [0.0, 0.0010045584058389068], "(2, 4, 5, 2)": [0.0036328707356005907, 0.0], "(1, 5, -1, 1)": [0.014175957068800926, 0.0], "(2, 4, 2, 3)": [0.0067084855400025845, 0.0037512369453907013], "(1, 4, -2, 1)": [0.00039717729669064283, 0.005088420584797859], "(0, 4, -2, 0)": [0.0, 0.0], "(1, 4, -2, 0)": [0.009151725098490715, -0.0020328557584434748], "(1, 4, 6, 4)": [0.001930094207637012, 0.0], "(1, 4, 2, 1)": [0.0, 0.0], "(4, 4, 3, 1)": [0.0, 0.00157238042447716], "(2, 5, -2, 1)": [0.0019459896720945835, 0.0], "(1, 4, -3, 0)": [-0.0012671704171225429, 0.0], "(0, 4, 0, 1)": [-0.001396119361743331, 0.0], "(1, 5, -1, 0)": [0.0, 0.0015749018639326096], "(4, 5, 6, 3)": [0.003103829687461257, 0.0], "(1, 5, 4, 4)": [0.0030637411400675774, 0.001140834647230804], "(2, 4, -2, 1)": [0.0017537620151415467, 0.0], "(3, 4, -1, 0)": [0.001258333446457982, 0.0]}}