{"q_values": {"(2, 5, 2, 2)": [0.01777314953505993, 0.017292464151978493], "(2, 5, 1, 2)": [0.01866697520017624, 0.01833747699856758], "(2, 5, 1, 1)": [0.01879631169140339, 0.01910071261227131], "(2, 5, 3, 2)": [0.017841877415776253, 0.013616026379168034], "(2, 5, 3, 3)": [0.015950437635183334, 0.014299617148935795], "(2, 5, 4, 3)": [0.01707027480006218, 0.011692277155816555], "(2, 5, 5, 3)": [0.015090356580913067, 0.010836100205779076], "(2, 4, 2, 2)": [0.01802152954041958, 0.01618722453713417], "(2, 4, 3, 2)": [0.01867027021944523, 0.018809964880347252], "(2, 4, 4, 3)": [0.018293360248208046, 0.01915900781750679], "(2, 4, 5, 3)": [0.01756473258137703, 0.01750304363667965], "(2, 4, 6, 4)": [0.0030686426907777786, 0.0009997572051361203], "(2, 5, 6, 4)": [0.0030490104109048843, 0.0007352052489295602], "(2, 5, 0, 1)": [0.018798673525452614, 0.018622692674398422], "(2, 4, 0, 1)": [0.015167600475251675, 0.012308871373534203], "(2, 4, 1, 2)": [0.013751786202192307, 0.01681516319513321], "(2, 4, 3, 3)": [0.019074756652116776, 0.018969636410474777], "(2, 4, 1, 1)": [0.010179673321545124, 0.015094170346856117], "(2, 5, 4, 2)": [0.005883420817553997, 0.012597834691405296], "(2, 4, 4, 2)": [0.018023859709501266, 0.01726650819182396], "(2, 4, 2, 1)": [0.007460451684892178, 0.0022479682229459286], "(2, 4, 0, 0)": [0.0, 0.005406402982771397], "(3, 5, 3, 2)": [0.016797158867120743, 0.014815331436693668], "(3, 5, 2, 2)": [0.01651143468916416, 0.01612132042646408], "(3, 5, 1, 2)": [0.008683010004460812, 0.01021979283541441], "(2, 5, 0, 2)": [0.018064526841044426, 0.017674220725893974], "(2, 5, 2, 3)": [0.010183603502810001, 0.009238947182893753], "(3, 4, 4, 3)": [0.005614081863313913, 0.008192707784473896], "(3, 4, 5, 3)": [0.004671289119869471, 0.0], "(3, 4, 3, 2)": [0.013683220371603966, 0.014514228329062462], "(3, 4, 2, 2)": [0.011491827666759491, 0.013970272615551949], "(3, 4, 1, 1)": [0.006628485396504402, 0.007492531090974808], "(3, 4, 0, 1)": [0.0030903066508471966, 0.008012095466256142], "(3, 4, 0, 0)": [0.0, -0.0016786579508334398], "(3, 5, 5, 3)": [0.006413780618458986, 0.007230401039123535], "(3, 5, 6, 4)": [-0.0030152136459946632, 0.0010207155719399452], "(2, 5, 5, 4)": [0.002735359128564596, 0.0019293820951133966], "(1, 5, 1, 1)": [0.0, 0.0009999157628044486], "(1, 5, 0, 1)": [0.0033614030107855797, 0.002976454794406891], "(1, 5, 1, 2)": [0.00622479896992445, 0.009204303845763206], "(1, 5, 2, 2)": [0.005091207567602396, 0.009076988324522972], "(1, 4, 2, 2)": [0.013850895687937737, 0.015504997223615646], "(1, 5, 3, 3)": [0.00725893396884203, 0.005996568128466606], "(1, 5, 2, 3)": [0.0035922874230891466, 0.002144667785614729], "(3, 5, 3, 3)": [0.0033938142005354166, 0.005504867993295193], "(2, 5, 6, 3)": [0.0037694594357162714, 0.0011318118777126074], "(2, 5, -1, 1)": [0.005741903558373451, 0.0051985811442136765], "(2, 5, -1, 0)": [0.0028421180322766304, 0.0], "(2, 5, -2, 0)": [0.0009902234887704253, 0.0], "(2, 4, -2, 0)": [0.001853274879977107, 0.0017403466627001762], "(2, 4, -1, 0)": [0.003275089431554079, 0.0052518658339977264], "(2, 4, 0, 2)": [0.009375838562846184, 0.008909042924642563], "(1, 4, 0, 1)": [0.0072382851503789425, 0.013476214371621609], "(1, 4, 1, 1)": [-0.000989912892691791, 0.008732985705137253], "(1, 4, 1, 2)": [0.010974920354783535, 0.013439342379570007], "(1, 4, 3, 2)": [0.012890014797449112, 0.01044631190598011], "(1, 4, 3, 3)": [0.0032932052854448557, 0.00808384083211422], "(2, 4, 6, 3)": [0.0029575314838439226, 0.0017328246030956507], "(3, 5, 4, 3)": [0.012147005647420883, 0.008092766627669334], "(1, 4, 0, 2)": [0.00606128852814436, 0.006861451547592878], "(1, 4, 2, 3)": [0.00238426448777318, 0.001209594658575952], "(2, 5, 4, 4)": [-0.001469966839067638, 0.0], "(1, 4, 4, 3)": [0.00403258390724659, 0.004393840208649635], "(1, 4, 5, 3)": [0.0018866185564547777, 0.0035877826157957315], "(1, 4, 6, 3)": [0.001087680459022522, 0.0], "(1, 5, 4, 3)": [0.001045161159709096, 0.001082778093405068], "(3, 4, 4, 2)": [0.010670449584722519, 0.0038241283036768436], "(3, 4, 2, 1)": [0.004268478602170944, 0.0016546454280614853], "(1, 4, -1, 1)": [0.0, 0.0], "(2, 4, 5, 4)": [0.0, 0.0019046306842938066], "(3, 5, 4, 2)": [0.003917232155799866, 0.003186561167240143], "(3, 5, 6, 3)": [-1.673237420618534e-06, 0.0010427163215354085], "(2, 5, 1, 3)": [0.0, 0.0012153398711234331], "(1, 4, 4, 2)": [0.0, 0.0012109475210309029], "(3, 5, 1, 1)": [0.011853069067001343, 0.00860372930765152], "(3, 5, 0, 1)": [0.0013061132049188018, 0.005002729129046202], "(1, 4, -1, 0)": [-0.0009587243548594415, 0.0022088869009166956], "(2, 4, -1, 1)": [0.0033516930416226387, 0.007210830692201853], "(3, 5, 5, 4)": [0.0009585465304553509, -0.001837679767049849], "(2, 5, 2, 1)": [0.0036451746709644794, 0.0], "(1, 5, 5, 3)": [0.0017988572362810373, 0.0], "(1, 5, 0, 2)": [0.0012721045641228557, 0.0013889039400964975], "(3, 5, 7, 4)": [0.0, 0.0], "(3, 4, 6, 3)": [0.0011898797238245606, 0.0], "(3, 4, 1, 2)": [0.0028511991258710623, 0.004116153344511986], "(3, 4, 3, 3)": [0.0016898218309506774, 0.0]}}