{"q_values": {"(2, 5, 2, 2)": [0.019696153700351715, 0.018295256420969963, 0.019058547914028168, 0.019121985882520676, 0.019039107486605644], "(2, 5, 3, 2)": [0.019101878628134727, 0.019624952226877213, 0.017531318590044975, 0.01757354475557804, 0.019044267013669014], "(2, 5, 3, 3)": [0.019409693777561188, 0.012375976890325546, 0.01677006669342518, 0.016152895987033844, 0.01466208416968584], "(2, 4, 2, 2)": [0.019097652286291122, 0.017887258902192116, 0.019071761518716812, 0.01952989771962166, 0.01912870444357395], "(2, 4, 3, 2)": [0.01774905063211918, 0.017827315255999565, 0.016960570588707924, 0.017406582832336426, 0.019725970923900604], "(2, 4, 3, 3)": [0.019800763577222824, 0.019520768895745277, 0.019653331488370895, 0.01960877887904644, 0.01960284449160099], "(2, 4, 4, 3)": [0.019605429843068123, 0.019476504996418953, 0.01949039287865162, 0.01952390745282173, 0.019839081913232803], "(2, 4, 1, 1)": [0.016608187928795815, 0.015298973768949509, 0.01623866707086563, 0.01622825488448143, 0.019288575276732445], "(2, 4, 2, 1)": [0.012558210641145706, 0.014043180271983147, 0.012663500383496284, 0.013242088258266449, 0.01859079860150814], "(2, 5, 4, 3)": [0.016471315175294876, 0.016537319868803024, 0.01951807551085949, 0.014650719240307808, 0.014388162642717361], "(2, 4, 1, 2)": [0.018981505185365677, 0.019023412838578224, 0.019151734188199043, 0.019402386620640755, 0.019124843180179596], "(2, 5, 1, 2)": [0.019737906754016876, 0.017453107982873917, 0.01925041154026985, 0.019153200089931488, 0.01921697147190571], "(2, 5, 0, 2)": [0.01946479082107544, 0.019437406212091446, 0.01963740587234497, 0.019266700372099876, 0.019390499219298363], "(2, 5, 2, 3)": [0.011215832084417343, 0.01526316162198782, 0.012171873822808266, 0.011657046154141426, 0.008868787437677383], "(2, 4, 0, 1)": [0.01851876638829708, 0.01625775545835495, 0.017139948904514313, 0.016078254207968712, 0.018801704049110413], "(2, 4, 4, 2)": [0.01867525465786457, 0.01805787906050682, 0.018756218254566193, 0.019515477120876312, 0.018650151789188385], "(2, 4, 5, 3)": [0.01918327808380127, 0.019768010824918747, 0.01900208741426468, 0.019083432853221893, 0.019323647022247314], "(3, 4, 4, 2)": [0.019179871305823326, 0.01917209103703499, 0.01924518495798111, 0.0196763314306736, 0.01653030514717102], "(3, 4, 3, 2)": [0.015609233640134335, 0.0151614248752594, 0.015323277562856674, 0.014626115560531616, 0.019542191177606583], "(3, 4, 2, 1)": [0.012894898653030396, 0.009805992245674133, 0.017772851511836052, 0.012881518341600895, 0.01286997552961111], "(3, 4, 2, 2)": [0.01596837304532528, 0.015553256496787071, 0.015750844031572342, 0.01835523173213005, 0.014101746492087841], "(3, 4, 3, 1)": [0.005213962867856026, -0.0029303967021405697, 0.0016834313282743096, 0.0010264803422614932, 0.015793384984135628], "(2, 5, 0, 1)": [0.019546467810869217, 0.019750729203224182, 0.01963292434811592, 0.019599996507167816, 0.019648047164082527], "(2, 5, 5, 3)": [0.01956493966281414, 0.015642523765563965, 0.014388254843652248, 0.015156692825257778, 0.01483257208019495], "(3, 5, 4, 3)": [0.01949295960366726, 0.01657092198729515, 0.01679166965186596, 0.0167084913700819, 0.017820730805397034], "(3, 5, 3, 3)": [0.01661527156829834, 0.015426453202962875, 0.013813577592372894, 0.014105799607932568, 0.010125299915671349], "(3, 5, 2, 2)": [0.01952548883855343, 0.01878408156335354, 0.016377253457903862, 0.018916204571723938, 0.01858110912144184], "(3, 5, 3, 2)": [0.0194553155452013, 0.01950920559465885, 0.01944974809885025, 0.018799424171447754, 0.019483841955661774], "(3, 5, 1, 2)": [0.019130341708660126, 0.019260914996266365, 0.019116386771202087, 0.01952872984111309, 0.019106104969978333], "(2, 5, 5, 4)": [0.0029255691915750504, 0.005315027199685574, -0.0009718924993649125, 0.0021679741330444813, 0.01644599437713623], "(3, 4, 5, 3)": [0.016014939174056053, 0.017570827156305313, 0.019635021686553955, 0.014087498188018799, 0.0159299373626709], "(3, 4, 4, 3)": [0.01954735442996025, 0.019521813839673996, 0.019785169512033463, 0.01938357949256897, 0.019495554268360138], "(3, 5, 4, 2)": [0.019720785319805145, 0.0195306409150362, 0.01952841877937317, 0.019253460690379143, 0.019570443779230118], "(1, 4, 0, 1)": [0.014012000523507595, 0.014457125216722488, 0.014794745482504368, 0.013525892980396748, 0.017669104039669037], "(1, 4, 1, 2)": [0.01571408286690712, 0.01599138043820858, 0.018987439572811127, 0.018929973244667053, 0.01890493929386139], "(1, 4, 2, 2)": [0.018420569598674774, 0.01888582669198513, 0.01873437687754631, 0.017531592398881912, 0.015818489715456963], "(1, 4, 3, 3)": [0.019756736233830452, 0.01974276453256607, 0.019749348983168602, 0.019727161154150963, 0.01980092190206051], "(1, 4, 4, 3)": [0.01763268932700157, 0.019045256078243256, 0.01802987791597843, 0.01959538273513317, 0.018787773326039314], "(1, 5, 1, 2)": [0.01861344836652279, 0.018921244889497757, 0.018595688045024872, 0.017657795920968056, 0.018681855872273445], "(1, 5, 0, 2)": [0.019327595829963684, 0.019353700801730156, 0.019236205145716667, 0.018428590148687363, 0.019379083067178726], "(1, 5, 2, 3)": [0.010641254484653473, 0.01782955974340439, 0.01553387101739645, 0.015159393660724163, 0.015347997657954693], "(1, 5, 3, 3)": [0.019728029146790504, 0.018351159989833832, 0.017274711281061172, 0.018449310213327408, 0.016525261104106903], "(3, 5, 1, 1)": [0.01910577528178692, 0.019166281446814537, 0.01917785033583641, 0.019063694402575493, 0.019174793735146523], "(3, 4, 1, 1)": [0.015277567319571972, 0.012737063691020012, 0.014059971086680889, 0.01310991495847702, 0.012540169060230255], "(3, 4, 1, 2)": [0.018960872665047646, 0.017998838797211647, 0.0185319222509861, 0.01863272488117218, 0.017618633806705475], "(3, 4, 0, 1)": [0.012404905632138252, 0.012872511520981789, 0.011131714098155499, 0.017346560955047607, 0.011203866451978683], "(2, 5, 1, 1)": [0.019630860537290573, 0.019807426258921623, 0.019652705639600754, 0.019622191786766052, 0.019619746133685112], "(2, 5, 4, 2)": [0.019658485427498817, 0.01850273087620735, 0.0188607107847929, 0.017682241275906563, 0.018532613292336464], "(2, 5, 2, 1)": [0.003681791014969349, 0.0016444604843854904, 0.01960510015487671, 0.010138828307390213, 0.004917526617646217], "(2, 4, 5, 2)": [0.012788113206624985, 0.0, 0.0, 0.0012975673889741302, 0.0], "(3, 4, 5, 2)": [0.010142816230654716, 0.009964368306100368, 0.006794033106416464, 0.009606322273612022, 0.019467618316411972], "(1, 5, 2, 2)": [0.0197471771389246, 0.019243206828832626, 0.01624564453959465, 0.019371485337615013, 0.016384772956371307], "(1, 4, 3, 2)": [0.017435932531952858, 0.01763070374727249, 0.019271008670330048, 0.01942034810781479, 0.019221607595682144], "(2, 4, 0, 2)": [0.01675949990749359, 0.018956437706947327, 0.019731828942894936, 0.019160659983754158, 0.019084520637989044], "(1, 4, -1, 1)": [0.009732067584991455, 0.007223903201520443, 0.012945335358381271, 0.006368348374962807, 0.008873436599969864], "(2, 5, 6, 4)": [0.011689860373735428, 0.0031006375793367624, 0.004614220932126045, 0.005033022258430719, 0.006303576752543449], "(3, 5, 6, 3)": [0.006886748597025871, 0.0, 0.0, 0.0, 0.0], "(3, 5, 5, 3)": [0.019444359466433525, 0.013666643761098385, 0.01373634859919548, 0.014036055654287338, 0.015343929640948772], "(2, 4, -1, 0)": [0.00014107092283666134, 0.0026427768170833588, 0.005516371224075556, 0.002743000630289316, 0.0029304237104952335], "(1, 4, 0, 2)": [0.018320567905902863, 0.01892017014324665, 0.019425326958298683, 0.017813922837376595, 0.019448745995759964], "(1, 4, 2, 3)": [0.012802778743207455, 0.019837521016597748, 0.01210917066782713, 0.012013368308544159, 0.017341362312436104], "(1, 4, 1, 1)": [0.01590290106832981, 0.017981363460421562, 0.015132631175220013, 0.01315708551555872, 0.015162368305027485], "(1, 4, 4, 2)": [0.019521847367286682, 0.001923231640830636, 0.0, 0.004602635744959116, 0.0019462386844679713], "(2, 4, -1, 1)": [0.012138179503381252, 0.006484975107014179, 0.00013573328033089638, 0.0035101105459034443, 0.00140245514921844],