{"q_values": {"(2, 5, 2, 2)": [0.019437313079833984, 0.01946990191936493, 0.01931588351726532, 0.018988173454999924, 0.0190535057336092], "(2, 5, 3, 2)": [0.019769666716456413, 0.019420139491558075, 0.019496643915772438, 0.01940738968551159, 0.019451409578323364], "(2, 5, 3, 3)": [0.018473075702786446, 0.01623573899269104, 0.01842951402068138, 0.01807386428117752, 0.017681986093521118], "(2, 4, 2, 2)": [0.019043779000639915, 0.017359035089612007, 0.017985433340072632, 0.01944134011864662, 0.01828187331557274], "(2, 4, 3, 2)": [0.018718505278229713, 0.019135743379592896, 0.017701435834169388, 0.01897391676902771, 0.019623588770627975], "(2, 4, 3, 3)": [0.019818546250462532, 0.019627057015895844, 0.019614744931459427, 0.019695835188031197, 0.01971190981566906], "(2, 4, 4, 3)": [0.019624721258878708, 0.019593331962823868, 0.019532127305865288, 0.019602062180638313, 0.019722560420632362], "(2, 4, 1, 1)": [0.016112467274069786, 0.015257067047059536, 0.01658685877919197, 0.015874158591032028, 0.01573621854186058], "(2, 4, 2, 1)": [0.011754843406379223, 0.011034118011593819, 0.011909513734281063, 0.01115226186811924, 0.01506740227341652], "(2, 5, 4, 3)": [0.019561173394322395, 0.018440719693899155, 0.017285263165831566, 0.018249882385134697, 0.017070284113287926], "(2, 4, 1, 2)": [0.01787007786333561, 0.019057756289839745, 0.018992505967617035, 0.019791336730122566, 0.018742922693490982], "(2, 5, 1, 2)": [0.01941538043320179, 0.019448040053248405, 0.01946275122463703, 0.019454577937722206, 0.019188828766345978], "(2, 5, 0, 2)": [0.019694851711392403, 0.01931743696331978, 0.01926708035171032, 0.01923847384750843, 0.019141430035233498], "(2, 5, 2, 3)": [0.010255563072860241, 0.009915926493704319, 0.010524380020797253, 0.015258868224918842, 0.010333523154258728], "(2, 4, 0, 1)": [0.016145488247275352, 0.014628363773226738, 0.016284659504890442, 0.01591513305902481, 0.01883867010474205], "(2, 4, 4, 2)": [0.018343741074204445, 0.01900005340576172, 0.018270833417773247, 0.01963898353278637, 0.01908412203192711], "(2, 4, 5, 3)": [0.019770169630646706, 0.018599670380353928, 0.018747510388493538, 0.018451044335961342, 0.0190412737429142], "(3, 4, 4, 2)": [0.018668483942747116, 0.01930178701877594, 0.019098833203315735, 0.01940109208226204, 0.01927598938345909], "(3, 4, 3, 2)": [0.019013255834579468, 0.01916336640715599, 0.01821698248386383, 0.01909208483994007, 0.019113583490252495], "(3, 4, 2, 1)": [0.014988002367317677, 0.014385093003511429, 0.013507768511772156, 0.017310382798314095, 0.01419050246477127], "(3, 4, 2, 2)": [0.01617523469030857, 0.019170403480529785, 0.019279150292277336, 0.019168967381119728, 0.019184941425919533], "(3, 4, 3, 1)": [0.0036257219035178423, -0.0029303967021405697, 0.0016834313282743096, 0.0010264803422614932, 0.011970916762948036], "(2, 5, 0, 1)": [0.019170718267560005, 0.019616246223449707, 0.019491782411932945, 0.01951642893254757, 0.019462481141090393], "(2, 5, 5, 3)": [0.019341960549354553, 0.015812881290912628, 0.010769268497824669, 0.012397406622767448, 0.013871909119188786], "(3, 5, 4, 3)": [0.01970655284821987, 0.01869724690914154, 0.018666068091988564, 0.01761672832071781, 0.01899269036948681], "(3, 5, 3, 3)": [0.01837078668177128, 0.014424966648221016, 0.015802325680851936, 0.015527067705988884, 0.010125299915671349], "(3, 5, 2, 2)": [0.019790027290582657, 0.01966206356883049, 0.019528647884726524, 0.01966758631169796, 0.019643377512693405], "(3, 5, 3, 2)": [0.019228603690862656, 0.01980436220765114, 0.019659526646137238, 0.019648294895887375, 0.01967647671699524], "(3, 5, 1, 2)": [0.019575579091906548, 0.01944960094988346, 0.01959858648478985, 0.019635021686553955, 0.019407136365771294], "(2, 5, 5, 4)": [0.0029255691915750504, 0.003793623996898532, -0.0009718924993649125, 0.0021679741330444813, 0.014710497111082077], "(3, 4, 5, 3)": [0.013358745723962784, 0.014283041469752789, 0.018831193447113037, 0.01031140424311161, 0.012589063495397568], "(3, 4, 4, 3)": [0.019567297771573067, 0.01961883157491684, 0.019145898520946503, 0.019177241250872612, 0.01930779591202736], "(3, 5, 4, 2)": [0.01939474791288376, 0.019854111596941948, 0.019253849983215332, 0.01893443614244461, 0.019390208646655083], "(1, 4, 0, 1)": [0.015277578495442867, 0.014190485700964928, 0.015921644866466522, 0.014787142165005207, 0.017084449529647827], "(1, 4, 1, 2)": [0.015995264053344727, 0.01704682782292366, 0.015490738674998283, 0.017339682206511497, 0.01948831044137478], "(1, 4, 2, 2)": [0.01674886792898178, 0.015849415212869644, 0.016978031024336815, 0.019407223910093307, 0.017932293936610222], "(1, 4, 3, 3)": [0.019217710942029953, 0.019315306097269058, 0.019313404336571693, 0.019231438636779785, 0.019359759986400604], "(1, 4, 4, 3)": [0.016791904345154762, 0.01826312392950058, 0.017609290778636932, 0.019564755260944366, 0.017833177000284195], "(1, 5, 1, 2)": [0.016336340457201004, 0.018899759277701378, 0.01649479940533638, 0.016124451532959938, 0.019095685333013535], "(1, 5, 0, 2)": [0.019310899078845978, 0.019284747540950775, 0.019388871267437935, 0.019129790365695953, 0.018390530720353127], "(1, 5, 2, 3)": [0.015006369911134243, 0.014825820922851562, 0.01588556170463562, 0.014309770427644253, 0.014709573239088058], "(1, 5, 3, 3)": [0.017269238829612732, 0.015196227468550205, 0.014285717159509659, 0.014518223702907562, 0.01520539354532957], "(3, 5, 1, 1)": [0.018919017165899277, 0.019089365378022194, 0.019434787333011627, 0.019237443804740906, 0.019323112443089485], "(3, 4, 1, 1)": [0.0146534638479352, 0.017764512449502945, 0.015665361657738686, 0.016401244327425957, 0.0168171264231205], "(3, 4, 1, 2)": [0.01853800378739834, 0.017914779484272003, 0.019619300961494446, 0.018388496711850166, 0.016858527436852455], "(3, 4, 0, 1)": [0.012437584809958935, 0.011834830977022648, 0.010260213166475296, 0.014677809551358223, 0.008931615389883518], "(2, 5, 1, 1)": [0.01951516419649124, 0.019650813192129135, 0.019574882462620735, 0.019482992589473724, 0.019519340246915817], "(2, 5, 4, 2)": [0.01940782181918621, 0.018073437735438347, 0.018406549468636513, 0.015424213372170925, 0.018076835200190544], "(2, 5, 2, 1)": [0.003681791014969349, 0.0016444604843854904, 0.019136670976877213, 0.009054634720087051, 0.004917526617646217], "(2, 4, 5, 2)": [0.004851509816944599, 0.0, 0.0, 0.0012975673889741302, 0.0], "(3, 4, 5, 2)": [0.009097113274037838, 0.00361731112934649, 0.004861937835812569, 0.007325959391891956, 0.019346321001648903], "(1, 5, 2, 2)": [0.01856551505625248, 0.018539724871516228, 0.017497604712843895, 0.015368055552244186, 0.01848268136382103], "(1, 4, 3, 2)": [0.01818796433508396, 0.01900961436331272, 0.019240571185946465, 0.018987655639648438, 0.018655981868505478], "(2, 4, 0, 2)": [0.019370952621102333, 0.018572518602013588, 0.018906891345977783, 0.01881711557507515, 0.01865539886057377], "(1, 4, -1, 1)": [0.009732067584991455, 0.006131337955594063, 0.012807599268853664, 0.006368348374962807, 0.007995317690074444], "(2, 5, 6, 4)": [0.010809221304953098, 0.0031006375793367624, 0.004614220932126045, 0.005033022258430719, 0.006303576752543449], "(3, 5, 6, 3)": [0.0051344954408705235, 0.0, 0.0, 0.0, 0.0], "(3, 5, 5, 3)": [0.01374679896980524, 0.019335517659783363, 0.013557061553001404, 0.014980336651206017, 0.013175565749406815], "(2, 4, -1, 0)": [-0.0013047027168795466, 0.0026427768170833588, 0.0021806308068335056, 0.002743000630289316, 0.004229255951941013], "(1, 4, 0, 2)": [0.018998246639966965, 0.016319265589118004, 0.01960885524749756, 0.018170882016420364, 0.018802333623170853], "(1, 4, 2, 3)": [0.011129013262689114, 0.019393891096115112, 0.008031134493649006, 0.010163775645196438, 0.014556217938661575], "(1, 4, 1, 1)": [0.010118766687810421, 0.008579077199101448, 0.011369518004357815, 0.010121703147888184, 0.01743278279900551], "(1, 4, 4, 2)": [0.009550412185490131, 0.0, 0.0, 0.001043972559273243, 0.0], "(2, 4, -1, 1)": [0.013715194538235664, 0.005385941825807095, 0.00013573328033089638, 0.0035101105459034443, 0.00140245514921844],