{"q_values": {"(2, 5, 2, 2)": [0.018428927287459373, 0.01800796575844288], "(2, 5, 1, 2)": [0.018511731177568436, 0.015374607406556606], "(2, 5, 1, 1)": [0.018840961158275604, 0.019284619018435478], "(2, 5, 3, 2)": [0.017221519723534584, 0.015136441215872765], "(2, 5, 3, 3)": [0.015509783290326595, 0.013227932155132294], "(2, 5, 4, 3)": [0.016254892572760582, 0.014135357923805714], "(2, 5, 5, 3)": [0.014909163117408752, 0.009601342491805553], "(2, 4, 2, 2)": [0.015809975564479828, 0.018552619963884354], "(2, 4, 3, 2)": [0.018810488283634186, 0.019091542810201645], "(2, 4, 4, 3)": [0.0191351268440485, 0.0189523808658123], "(2, 4, 5, 3)": [0.0190370362251997, 0.018261311575770378], "(2, 4, 6, 4)": [0.007031844463199377, 0.002096149604767561], "(2, 5, 6, 4)": [0.011380529031157494, 0.005432032514363527], "(2, 5, 0, 1)": [0.018968984484672546, 0.019087299704551697], "(2, 4, 0, 1)": [0.012190467678010464, 0.012351893819868565], "(2, 4, 1, 2)": [0.018068889155983925, 0.016360189765691757], "(2, 4, 3, 3)": [0.019140087068080902, 0.01918799802660942], "(2, 4, 1, 1)": [0.015564294531941414, 0.012029153294861317], "(2, 5, 4, 2)": [0.014186474494636059, 0.017857911065220833], "(2, 4, 4, 2)": [0.016920004040002823, 0.018973922356963158], "(2, 4, 2, 1)": [0.009983645752072334, 0.014148382470011711], "(2, 4, 0, 0)": [0.0066772825084626675, -0.000768736470490694], "(3, 5, 3, 2)": [0.017133338376879692, 0.01693999022245407], "(3, 5, 2, 2)": [0.017905600368976593, 0.016498269513249397], "(3, 5, 1, 2)": [0.01415503304451704, 0.01596766896545887], "(2, 5, 0, 2)": [0.01867426373064518, 0.018979890272021294], "(2, 5, 2, 3)": [0.016077760607004166, 0.01320898812264204], "(3, 4, 4, 3)": [0.010692223906517029, 0.014342463575303555], "(3, 4, 5, 3)": [0.014605988748371601, 0.011941305361688137], "(3, 4, 3, 2)": [0.016178464516997337, 0.017988914623856544], "(3, 4, 2, 2)": [0.016804266721010208, 0.017201241105794907], "(3, 4, 1, 1)": [0.014727180823683739, 0.013223209418356419], "(3, 4, 0, 1)": [0.008316213265061378, 0.01275847852230072], "(3, 4, 0, 0)": [0.0014085493749007583, 0.004244536627084017], "(3, 5, 5, 3)": [0.013873658142983913, 0.008330386132001877], "(3, 5, 6, 4)": [-0.0035566340666264296, 0.00042894016951322556], "(2, 5, 5, 4)": [0.00872624758630991, 0.003684040391817689], "(1, 5, 1, 1)": [0.001798775396309793, 0.0009999157628044486], "(1, 5, 0, 1)": [0.008544952608644962, 0.007488049101084471], "(1, 5, 1, 2)": [0.014970382675528526, 0.013406544923782349], "(1, 5, 2, 2)": [0.013010003603994846, 0.015580408275127411], "(1, 4, 2, 2)": [0.0141293341293931, 0.01754019781947136], "(1, 5, 3, 3)": [0.015255045145750046, 0.007896059192717075], "(1, 5, 2, 3)": [0.011171618476510048, 0.00446518836542964], "(3, 5, 3, 3)": [0.009396471083164215, 0.009879023768007755], "(2, 5, 6, 3)": [0.008769922889769077, 0.0080979373306036], "(2, 5, -1, 1)": [0.008847679011523724, 0.00884898193180561], "(2, 5, -1, 0)": [0.0028421180322766304, 0.0031539760529994965], "(2, 5, -2, 0)": [0.0009902234887704253, 0.0], "(2, 4, -2, 0)": [0.001853274879977107, 0.0017403466627001762], "(2, 4, -1, 0)": [0.004231736995279789, 0.007087106350809336], "(2, 4, 0, 2)": [0.012383940629661083, 0.016859427094459534], "(1, 4, 0, 1)": [0.013440419919788837, 0.01589265838265419], "(1, 4, 1, 1)": [0.000253886915743351, 0.01475802343338728], "(1, 4, 1, 2)": [0.016126854345202446, 0.016993897035717964], "(1, 4, 3, 2)": [0.01617037132382393, 0.016587764024734497], "(1, 4, 3, 3)": [0.011028009466826916, 0.014819256961345673], "(2, 4, 6, 3)": [0.014146075583994389, 0.007772842422127724], "(3, 5, 4, 3)": [0.010447007603943348, 0.005974657833576202], "(1, 4, 0, 2)": [0.012280307710170746, 0.008431168273091316], "(1, 4, 2, 3)": [0.006219410803169012, 0.0025369380600750446], "(2, 5, 4, 4)": [-0.001469966839067638, 0.0], "(1, 4, 4, 3)": [0.013200854882597923, 0.00889614038169384], "(1, 4, 5, 3)": [0.0018866185564547777, 0.0035877826157957315], "(1, 4, 6, 3)": [0.001087680459022522, 0.0], "(1, 5, 4, 3)": [0.0019373712129890919, 0.004328439012169838], "(3, 4, 4, 2)": [0.01580236293375492, 0.017165502533316612], "(3, 4, 2, 1)": [0.0115737933665514, 0.01619657315313816], "(1, 4, -1, 1)": [0.002812421415001154, 0.0], "(2, 4, 5, 4)": [0.0, 0.003455468686297536], "(3, 5, 4, 2)": [0.015563136897981167, 0.01122280489653349], "(3, 5, 6, 3)": [-1.673237420618534e-06, 0.006756999995559454], "(2, 5, 1, 3)": [0.0, 0.0012153398711234331], "(1, 4, 4, 2)": [0.0, 0.0026985141448676586], "(3, 5, 1, 1)": [0.016572818160057068, 0.013058213517069817], "(3, 5, 0, 1)": [0.005464302841573954, 0.01253687683492899], "(1, 4, -1, 0)": [6.353278877213597e-05, -0.0006561266491189599], "(2, 4, -1, 1)": [0.003989432938396931, 0.012093452736735344], "(3, 5, 5, 4)": [0.0009585465304553509, -0.001837679767049849], "(2, 5, 2, 1)": [0.0036451746709644794, 0.0052825408056378365], "(1, 5, 5, 3)": [0.0017988572362810373, 0.0009102097828872502], "(1, 5, 0, 2)": [0.005896474234759808, 0.012984851375222206], "(3, 5, 7, 4)": [0.0, 0.0], "(3, 4, 6, 3)": [0.007081861607730389, 0.0], "(3, 4, 1, 2)": [0.0028511991258710623, 0.005321793723851442], "(3, 4, 3, 3)": [0.0016898218309506774, 0.0], "(3, 5, 2, 1)": [0.00997910276055336, 0.008254384621977806], "(3, 4, 5, 2)": [0.002642557490617037, 0.0], "(3, 4, 3, 1)": [0.002464938908815384, 0.0], "(2, 5, 7, 4)": [-0.0019989218562841415, 0.0012426503235474229], "(1, 5, 3, 2)": [0.0015397847164422274, 0.0], "(1, 5, 1, 3)": [0.0, -0.0005206961650401354], "(3, 5, 0, 2)": [0.0016067264368757606, 0.0], "(3, 5, 2, 3)": [0.0, 0.0], "(3, 5, 0, 0)": [0.0, 0.0011343936203047633], "(4, 4, 4, 2)": [0.0, 0.0009866127511486411], "(4, 4, 3, 2)": [0.0027228910475969315, 0.0009715404594317079], "(4, 4, 2, 1)": [0.0018769670277833939, 0.0], "(4, 4, 1, 1)": [0.0016433795681223273, 0.0], "(4, 4, 0, 0)": [0.0, -0.002210459904745221], "(1, 4, 0, 0)": [-0.001526061911135912, 0.0], "(1, 5, 5, 4)": [-0.002201191848143935, 0.0008578997221775353], "(1, 5, 6, 4)": [0.0, 0.0]}}