{"q_values": {"(2, 5, 2, 2)": [0.01942768320441246, 0.019453372806310654], "(2, 5, 1, 2)": [0.019383765757083893, 0.016996635124087334], "(2, 5, 1, 1)": [0.019405314698815346, 0.01956143043935299], "(2, 5, 3, 2)": [0.01966382935643196, 0.018410826101899147], "(2, 5, 3, 3)": [0.019513551145792007, 0.017408957704901695], "(2, 5, 4, 3)": [0.019546590745449066, 0.017421064898371696], "(2, 5, 5, 3)": [0.0189388208091259, 0.014883782714605331], "(2, 4, 2, 2)": [0.015716779977083206, 0.018804743885993958], "(2, 4, 3, 2)": [0.015300240367650986, 0.01912175491452217], "(2, 4, 4, 3)": [0.019413674250245094, 0.019558312371373177], "(2, 4, 5, 3)": [0.01944636180996895, 0.019204771146178246], "(2, 4, 6, 4)": [0.017874473705887794, 0.007961434312164783], "(2, 5, 6, 4)": [0.019007712602615356, 0.01638558879494667], "(2, 5, 0, 1)": [0.019476134330034256, 0.019597049802541733], "(2, 4, 0, 1)": [0.011395484209060669, 0.017504245042800903], "(2, 4, 1, 2)": [0.01844826340675354, 0.019192183390259743], "(2, 4, 3, 3)": [0.019573500379920006, 0.019615665078163147], "(2, 4, 1, 1)": [0.016249388456344604, 0.01842280849814415], "(2, 5, 4, 2)": [0.019305750727653503, 0.019676297903060913], "(2, 4, 4, 2)": [0.019082803279161453, 0.019256222993135452], "(2, 4, 2, 1)": [0.013959714211523533, 0.017873618751764297], "(2, 4, 0, 0)": [0.004979806020855904, 0.012828216888010502], "(3, 5, 3, 2)": [0.019716506823897362, 0.019276464357972145], "(3, 5, 2, 2)": [0.01980011910200119, 0.01956002786755562], "(3, 5, 1, 2)": [0.01976935938000679, 0.018743259832262993], "(2, 5, 0, 2)": [0.019531043246388435, 0.01926954835653305], "(2, 5, 2, 3)": [0.01567382737994194, 0.01849561743438244], "(3, 4, 4, 3)": [0.019403178244829178, 0.019431374967098236], "(3, 4, 5, 3)": [0.019267043098807335, 0.01897386834025383], "(3, 4, 3, 2)": [0.018611116334795952, 0.0171882975846529], "(3, 4, 2, 2)": [0.018784083425998688, 0.01884709857404232], "(3, 4, 1, 1)": [0.014751921407878399, 0.017465732991695404], "(3, 4, 0, 1)": [0.014249665662646294, 0.01624581217765808], "(3, 4, 0, 0)": [0.0023259276058524847, 0.013883494772017002], "(3, 5, 5, 3)": [0.015462315641343594, 0.018177781254053116], "(3, 5, 6, 4)": [0.006980014964938164, -0.001206292537972331], "(2, 5, 5, 4)": [0.018048666417598724, 0.012257385067641735], "(1, 5, 1, 1)": [0.01942473277449608, 0.0028348544146865606], "(1, 5, 0, 1)": [0.01918041706085205, 0.01940162293612957], "(1, 5, 1, 2)": [0.0187317356467247, 0.015883630141615868], "(1, 5, 2, 2)": [0.019383542239665985, 0.019283099099993706], "(1, 4, 2, 2)": [0.019000651314854622, 0.019536683335900307], "(1, 5, 3, 3)": [0.01912478357553482, 0.018953118473291397], "(1, 5, 2, 3)": [0.018629467114806175, 0.018905581906437874], "(3, 5, 3, 3)": [0.015707606449723244, 0.013914483599364758], "(2, 5, 6, 3)": [0.018633274361491203, 0.014266659505665302], "(2, 5, -1, 1)": [0.018311142921447754, 0.014663903042674065], "(2, 5, -1, 0)": [0.009072546847164631, 0.015583686530590057], "(2, 5, -2, 0)": [0.0035693924874067307, 0.0], "(2, 4, -2, 0)": [0.008538924157619476, -0.0006869471399113536], "(2, 4, -1, 0)": [0.0030890030320733786, 0.009988246485590935], "(2, 4, 0, 2)": [0.019417619332671165, 0.019876625388860703], "(1, 4, 0, 1)": [0.015807997435331345, 0.018006928265094757], "(1, 4, 1, 1)": [0.01301928423345089, 0.015136335045099258], "(1, 4, 1, 2)": [0.01886145770549774, 0.019442936405539513], "(1, 4, 3, 2)": [0.01963324286043644, 0.019323628395795822], "(1, 4, 3, 3)": [0.019516151398420334, 0.019621742889285088], "(2, 4, 6, 3)": [0.019111718982458115, 0.015895498916506767], "(3, 5, 4, 3)": [0.018985629081726074, 0.016374416649341583], "(1, 4, 0, 2)": [0.019474338740110397, 0.0195658840239048], "(1, 4, 2, 3)": [0.01985584758222103, 0.01739979162812233], "(2, 5, 4, 4)": [-0.001469966839067638, 0.0021009210031479597], "(1, 4, 4, 3)": [0.01945878565311432, 0.018919307738542557], "(1, 4, 5, 3)": [0.003423707326874137, 0.01658148504793644], "(1, 4, 6, 3)": [0.004148447886109352, 0.0], "(1, 5, 4, 3)": [0.015871243551373482, 0.013604242354631424], "(3, 4, 4, 2)": [0.019095703959465027, 0.019037915393710136], "(3, 4, 2, 1)": [0.012493448331952095, 0.015224570408463478], "(1, 4, -1, 1)": [0.014040058478713036, 0.012736822478473186], "(2, 4, 5, 4)": [0.004968053661286831, 0.016897771507501602], "(3, 5, 4, 2)": [0.019185004755854607, 0.019530171528458595], "(3, 5, 6, 3)": [0.005574266891926527, 0.012963998131453991], "(2, 5, 1, 3)": [0.0, -0.00011008151341229677], "(1, 4, 4, 2)": [0.00729877594858408, 0.01802479848265648], "(3, 5, 1, 1)": [0.019557218998670578, 0.01945294253528118], "(3, 5, 0, 1)": [0.019493162631988525, 0.01974094659090042], "(1, 4, -1, 0)": [0.0015143512282520533, 0.008615152910351753], "(2, 4, -1, 1)": [0.013768690638244152, 0.012284763157367706], "(3, 5, 5, 4)": [0.0022964016534388065, 0.0008755570743232965], "(2, 5, 2, 1)": [0.01384969986975193, 0.01955227553844452], "(1, 5, 5, 3)": [0.014309469610452652, 0.0068095712922513485], "(1, 5, 0, 2)": [0.01948932558298111, 0.01910104975104332], "(3, 5, 7, 4)": [-0.001065369346179068, -0.0013796805869787931], "(3, 4, 6, 3)": [0.013175790198147297, 0.004385547246783972], "(3, 4, 1, 2)": [0.019389290362596512, 0.018752744421362877], "(3, 4, 3, 3)": [0.0184222012758255, 0.005329475272446871], "(3, 5, 2, 1)": [0.018739372491836548, 0.019534016028046608], "(3, 4, 5, 2)": [0.019070688635110855, 0.009802177548408508], "(3, 4, 3, 1)": [0.00963893998414278, 0.005617083981633186], "(2, 5, 7, 4)": [0.000881526037119329, -0.004514941480010748], "(1, 5, 3, 2)": [0.019632946699857712, 0.018279002979397774], "(1, 5, 1, 3)": [-0.0013699288247153163, 0.005242189392447472], "(3, 5, 0, 2)": [0.01066496130079031, 0.0018516898853704333], "(3, 5, 2, 3)": [0.0018066391348838806, 0.0], "(3, 5, 0, 0)": [0.0, 0.0011343936203047633], "(4, 4, 4, 2)": [0.015181435272097588, 0.018763376399874687], "(4, 4, 3, 2)": [0.010280945338308811, 0.01676354929804802], "(4, 4, 2, 1)": [0.01198261696845293, 0.002379410434514284], "(4, 4, 1, 1)": [0.0003088820958510041, 0.008134188130497932], "(4, 4, 0, 0)": [0.003303396049886942, -0.002210459904745221], "(1, 4, 0, 0)": [-0.0013259218540042639, -0.004823384340852499], "(1, 5, 5, 4)": [0.008429450914263725, 0.00017682136967778206], "(1, 5, 6, 4)": [-0.0021899265702813864, -0.002713165245950222], "(4, 5, 3, 2)": [0.012720602564513683, 0.015282480977475643], "(4, 5, 2, 2)": [0.0158584825694561, 0.005801839288324118], "(4, 5, 1, 1)": [0.0071482271887362, 0.0031004217453300953], "(4, 5, 4, 3)": [0.016522634774446487, 0.0067039974965155125], "(4, 5, 5, 3)": [0.015220806933939457, 0.011445503681898117], "(4, 5, 3, 3)": [0.0008396588964387774, 0.0], "(4, 5, 1, 2)": [0.0016563811805099249, 0.0018858974799513817], "(4, 5, 0, 1)": [0.007194628939032555, 0.0019953842274844646], "(3, 5, 5, 2)": [0.0, 0.0060372184962034225], "(4, 4, 5, 2)": [0.018700871616601944, 0.010721193626523018], "(4, 4, 5, 3)": [0.018102673813700676, 0.0034823273308575153], "(4, 5, 5, 2)": [0.012899225577712059, 0.0030974452383816242], "(4, 5, 4, 2)": [0.015140504576265812, 0.017285849899053574], "(4, 5, 3, 1)": [0.0010846322402358055, 0.0], "(4, 5, 2, 1)": [0.0, 0.0037431521341204643], "(2, 5, 0, 0)": [0.015015087090432644, 0.0], "(3, 4, 6, 4)": [0.0, 0.007336446084082127], "(2, 4, 5, 2)": [0.011011866852641106, 0.0], "(1, 5, -1, 1)": [0.016322661191225052, 0.0025632386095821857], "(2, 4, 2, 3)": [0.019498925656080246, 0.007897652685642242], "(1, 4, -2, 1)": [0.00039717729669064283, 0.0090381670743227], "(0, 4, -2, 0)": [0.0013715424574911594, 0.009450837969779968], "(1, 4, -2, 0)": [0.013407555408775806, -0.0034444681368768215], "(1, 4, 6, 4)": [0.001930094207637012, 0.0], "(1, 4, 2, 1)": [0.0018156599253416061, 0.0], "(4, 4, 3, 1)": [0.0033317147754132748, 0.008778993971645832], "(2, 5, -2, 1)": [0.0019459896720945835, 0.0], "(1, 4, -3, 0)": [-0.0012671704171225429, 0.0020566375460475683], "(0, 4, 0, 1)": [0.013709439896047115, 0.019428810104727745],