{"q_values": {"(2, 5, 2, 2)": [0.018977666273713112, 0.015922727063298225, 0.017550665885210037, 0.017347540706396103, 0.01530621200799942], "(2, 5, 3, 2)": [0.019187908619642258, 0.019302086904644966, 0.019280442968010902, 0.01936623454093933, 0.019268546253442764], "(2, 5, 3, 3)": [0.018982740119099617, 0.01746872067451477, 0.015744825825095177, 0.018854325637221336, 0.01867123320698738], "(2, 4, 2, 2)": [0.01727733574807644, 0.015199625864624977, 0.015529582276940346, 0.014657235704362392, 0.017122503370046616], "(2, 4, 3, 2)": [0.019107546657323837, 0.019230542704463005, 0.019162457436323166, 0.018265796825289726, 0.019168371334671974], "(2, 4, 3, 3)": [0.019765811040997505, 0.019695516675710678, 0.019765835255384445, 0.019754987210035324, 0.01973099820315838], "(2, 4, 4, 3)": [0.019699156284332275, 0.01969868689775467, 0.019639749079942703, 0.019673261791467667, 0.019691281020641327], "(2, 4, 1, 1)": [0.013955474831163883, 0.015563057735562325, 0.014802943915128708, 0.014556624926626682, 0.017103031277656555], "(2, 4, 2, 1)": [0.011754843406379223, 0.0086265429854393, 0.011909513734281063, 0.012688039802014828, 0.017621971666812897], "(2, 5, 4, 3)": [0.016340089961886406, 0.019076768308877945, 0.019082777202129364, 0.0191456601023674, 0.01893051154911518], "(2, 4, 1, 2)": [0.016103550791740417, 0.016464339569211006, 0.018864065408706665, 0.0187545008957386, 0.016894372180104256], "(2, 5, 1, 2)": [0.019196975976228714, 0.019484221935272217, 0.019203633069992065, 0.018821213394403458, 0.019310982897877693], "(2, 5, 0, 2)": [0.019477838650345802, 0.019368760287761688, 0.01926708035171032, 0.019295886158943176, 0.019141430035233498], "(2, 5, 2, 3)": [0.010255563072860241, 0.010745703242719173, 0.010524380020797253, 0.014946049079298973, 0.010333523154258728], "(2, 4, 0, 1)": [0.015564759261906147, 0.01506426464766264, 0.016620222479104996, 0.018478568643331528, 0.016964487731456757], "(2, 4, 4, 2)": [0.018986359238624573, 0.019070418551564217, 0.018701180815696716, 0.019413717091083527, 0.01830301247537136], "(2, 4, 5, 3)": [0.019689789041876793, 0.019069919362664223, 0.018858620896935463, 0.018591590225696564, 0.01921663247048855], "(3, 4, 4, 2)": [0.019203508272767067, 0.01940661109983921, 0.019802691414952278, 0.01953284442424774, 0.019516365602612495], "(3, 4, 3, 2)": [0.019479380920529366, 0.019189909100532532, 0.01928034797310829, 0.01983664371073246, 0.019471824169158936], "(3, 4, 2, 1)": [0.016446946188807487, 0.01571805588901043, 0.015860190615057945, 0.01755601353943348, 0.01598985120654106], "(3, 4, 2, 2)": [0.018969131633639336, 0.018453236669301987, 0.017860278487205505, 0.019646301865577698, 0.019362950697541237], "(3, 4, 3, 1)": [0.005213962867856026, -0.0029303967021405697, 0.0016834313282743096, 0.0010264803422614932, 0.013415137305855751], "(2, 5, 0, 1)": [0.01927909627556801, 0.019605278968811035, 0.019680460914969444, 0.01958553120493889, 0.0196053646504879], "(2, 5, 5, 3)": [0.019631462171673775, 0.017428012564778328, 0.010769268497824669, 0.013141803443431854, 0.015384899452328682], "(3, 5, 4, 3)": [0.019898487254977226, 0.01882108859717846, 0.01890132576227188, 0.018045945093035698, 0.01944514736533165], "(3, 5, 3, 3)": [0.015414196997880936, 0.014885549433529377, 0.016204701736569405, 0.01588572934269905, 0.010125299915671349], "(3, 5, 2, 2)": [0.019686458632349968, 0.019652463495731354, 0.019690200686454773, 0.01964935101568699, 0.019715284928679466], "(3, 5, 3, 2)": [0.01957978494465351, 0.019891945645213127, 0.01972312666475773, 0.01975199580192566, 0.019763333722949028], "(3, 5, 1, 2)": [0.019266968593001366, 0.01910199224948883, 0.019280415028333664, 0.019390011206269264, 0.019298667088150978], "(2, 5, 5, 4)": [0.0029255691915750504, 0.003793623996898532, -0.0009718924993649125, 0.0021679741330444813, 0.014710497111082077], "(3, 4, 5, 3)": [0.015129711478948593, 0.016081131994724274, 0.01937222108244896, 0.012102598324418068, 0.013318028301000595], "(3, 4, 4, 3)": [0.01985148712992668, 0.01971522718667984, 0.019570577889680862, 0.019465316087007523, 0.01953735575079918], "(3, 5, 4, 2)": [0.01944660022854805, 0.01992027275264263, 0.019432973116636276, 0.01911650039255619, 0.019591541960835457], "(1, 4, 0, 1)": [0.01710696704685688, 0.01713193766772747, 0.017780065536499023, 0.016509123146533966, 0.01963018625974655], "(1, 4, 1, 2)": [0.017042964696884155, 0.018962141126394272, 0.017979294061660767, 0.01879933476448059, 0.01969742774963379], "(1, 4, 2, 2)": [0.018875116482377052, 0.018542148172855377, 0.01903660036623478, 0.019774582237005234, 0.019260605797171593], "(1, 4, 3, 3)": [0.01926947385072708, 0.019556311890482903, 0.019502779468894005, 0.019396651536226273, 0.01979704014956951], "(1, 4, 4, 3)": [0.016791904345154762, 0.01826312392950058, 0.017831766977906227, 0.019700542092323303, 0.01802119053900242], "(1, 5, 1, 2)": [0.01842692866921425, 0.019733713939785957, 0.01914340630173683, 0.018630322068929672, 0.019560188055038452], "(1, 5, 0, 2)": [0.019516922533512115, 0.019509727135300636, 0.01957426592707634, 0.019482331350445747, 0.019398732110857964], "(1, 5, 2, 3)": [0.019366618245840073, 0.014825820922851562, 0.014126408845186234, 0.011436520144343376, 0.015162782743573189], "(1, 5, 3, 3)": [0.019540004432201385, 0.016727909445762634, 0.017299633473157883, 0.01759401150047779, 0.018054813146591187], "(3, 5, 1, 1)": [0.019059276208281517, 0.019122635945677757, 0.01933634839951992, 0.019237443804740906, 0.019377389922738075], "(3, 4, 1, 1)": [0.01589413918554783, 0.01789839006960392, 0.014256332069635391, 0.01595086231827736, 0.01669071801006794], "(3, 4, 1, 2)": [0.01853800378739834, 0.017914779484272003, 0.01953309029340744, 0.018388496711850166, 0.016858527436852455], "(3, 4, 0, 1)": [0.01141747459769249, 0.010093929246068, 0.00919802114367485, 0.010330067947506905, 0.009664271026849747], "(2, 5, 1, 1)": [0.019683027639985085, 0.0196534413844347, 0.019698234274983406, 0.01965697482228279, 0.01964867301285267], "(2, 5, 4, 2)": [0.01987762749195099, 0.018073437735438347, 0.018663473427295685, 0.015424213372170925, 0.018076835200190544], "(2, 5, 2, 1)": [0.003681791014969349, 0.0016444604843854904, 0.019385499879717827, 0.010138828307390213, 0.004917526617646217], "(2, 4, 5, 2)": [0.006720332428812981, 0.0, 0.0, 0.0012975673889741302, 0.0], "(3, 4, 5, 2)": [0.009097113274037838, 0.0065613603219389915, 0.005522068124264479, 0.007325959391891956, 0.018952971324324608], "(1, 5, 2, 2)": [0.019611625000834465, 0.01911773905158043, 0.01836429536342621, 0.017336590215563774, 0.019229166209697723], "(1, 4, 3, 2)": [0.019060246646404266, 0.019457288086414337, 0.01944362372159958, 0.01975252293050289, 0.019432084634900093], "(2, 4, 0, 2)": [0.01958504319190979, 0.018572518602013588, 0.018997840583324432, 0.018916575238108635, 0.01865539886057377], "(1, 4, -1, 1)": [0.009732067584991455, 0.006131337955594063, 0.01435096561908722, 0.006368348374962807, 0.007995317690074444], "(2, 5, 6, 4)": [0.011657779105007648, 0.0031006375793367624, 0.004614220932126045, 0.005033022258430719, 0.006303576752543449], "(3, 5, 6, 3)": [0.0051344954408705235, 0.0, 0.0, 0.0, 0.0], "(3, 5, 5, 3)": [0.014911874197423458, 0.019810916855931282, 0.015261431224644184, 0.015471057035028934, 0.013842600397765636], "(2, 4, -1, 0)": [-0.0013047027168795466, 0.0026427768170833588, 0.0021806308068335056, 0.002743000630289316, 0.0055680000223219395], "(1, 4, 0, 2)": [0.01935889944434166, 0.01727290078997612, 0.01981448195874691, 0.018639154732227325, 0.01901024393737316], "(1, 4, 2, 3)": [0.011129013262689114, 0.019745618104934692, 0.009218822233378887, 0.010163775645196438, 0.01600291021168232], "(1, 4, 1, 1)": [0.012675873935222626, 0.010693864896893501, 0.011369518004357815, 0.010121703147888184, 0.01790526509284973], "(1, 4, 4, 2)": [0.009550412185490131, 0.0, 0.0, 0.001043972559273243, 0.0], "(2, 4, -1, 1)": [0.013715194538235664, 0.005385941825807095, 0.00013573328033089638, 0.0035101105459034443, 0.00140245514921844],