{"q_values": {"(2, 5, 2, 2)": [0.018727203831076622, 0.018681952729821205, 0.018608752638101578, 0.018780555576086044, 0.018869413062930107], "(2, 5, 3, 2)": [0.018506735563278198, 0.01861829124391079, 0.018985724076628685, 0.01843118853867054, 0.01862982288002968], "(2, 5, 3, 3)": [0.017121674492955208, 0.014538588002324104, 0.016169358044862747, 0.01510368101298809, 0.01295648142695427], "(2, 4, 2, 2)": [0.018821729347109795, 0.01717042364180088, 0.018095895648002625, 0.018774323165416718, 0.016348950564861298], "(2, 4, 3, 2)": [0.019257953390479088, 0.018959742039442062, 0.01910734921693802, 0.01953253149986267, 0.019198236986994743], "(2, 4, 3, 3)": [0.01935514248907566, 0.01926746778190136, 0.019396251067519188, 0.019551504403352737, 0.019311334937810898], "(2, 4, 4, 3)": [0.019276253879070282, 0.01949899271130562, 0.019373305141925812, 0.019319333136081696, 0.019281692802906036], "(2, 4, 1, 1)": [0.01240479201078415, 0.014812223613262177, 0.016714176163077354, 0.015108098275959492, 0.018296854570508003], "(2, 4, 2, 1)": [0.008241275325417519, 0.009884998202323914, 0.0113251693546772, 0.011725139804184437, 0.013608040288090706], "(2, 5, 4, 3)": [0.018017953261733055, 0.016069423407316208, 0.010946615599095821, 0.01634318009018898, 0.013776072300970554], "(2, 4, 1, 2)": [0.018620947375893593, 0.01723533123731613, 0.018420709297060966, 0.017865395173430443, 0.019120970740914345], "(2, 5, 1, 2)": [0.01888270117342472, 0.01767147332429886, 0.0183755774050951, 0.018780607730150223, 0.018781274557113647], "(2, 5, 0, 2)": [0.016849320381879807, 0.0184161476790905, 0.017945297062397003, 0.015796635299921036, 0.018072277307510376], "(2, 5, 2, 3)": [0.007244735024869442, 0.012648748233914375, 0.012587731704115868, 0.006671980023384094, 0.006521203555166721], "(2, 4, 0, 1)": [0.01437977235764265, 0.012366853654384613, 0.017400506883859634, 0.01464476902037859, 0.015742888674139977], "(2, 4, 4, 2)": [0.019098594784736633, 0.019005872309207916, 0.01888391748070717, 0.01937500759959221, 0.018829843029379845], "(2, 4, 5, 3)": [0.011443037539720535, 0.007973864674568176, 0.01147205289453268, 0.012960432097315788, 0.0173859391361475], "(3, 4, 4, 2)": [0.014885121025145054, 0.01694006659090519, 0.015399584546685219, 0.01345827616751194, 0.014648126438260078], "(3, 4, 3, 2)": [0.01715385913848877, 0.01770997978746891, 0.017183789983391762, 0.016721803694963455, 0.018926240503787994], "(3, 4, 2, 1)": [0.007013328373432159, 0.01059425063431263, 0.010255305096507072, 0.0028626788407564163, 0.013779871165752411], "(3, 4, 2, 2)": [0.01280986424535513, 0.015572231262922287, 0.017676156014204025, 0.015141390264034271, 0.010471667163074017], "(3, 4, 3, 1)": [0.0011840705992653966, -0.0013858253369107842, 0.0016834313282743096, 0.0, 0.002732174936681986], "(2, 5, 0, 1)": [0.018611591309309006, 0.019295239821076393, 0.018674932420253754, 0.019218679517507553, 0.019379552453756332], "(2, 5, 5, 3)": [0.013058342970907688, 0.017588410526514053, 0.009201377630233765, 0.009820465929806232, 0.01010040007531643], "(3, 5, 4, 3)": [0.016620561480522156, 0.013927241787314415, 0.013721819967031479, 0.00789852999150753, 0.010084111243486404], "(3, 5, 3, 3)": [0.005370724014937878, 0.012523259036242962, 0.005388352088630199, 0.006485071033239365, 0.008209485560655594], "(3, 5, 2, 2)": [0.017009025439620018, 0.014520909637212753, 0.015883592888712883, 0.0181670393794775, 0.016710810363292694], "(3, 5, 3, 2)": [0.018002619966864586, 0.017885182052850723, 0.0184166319668293, 0.013625397346913815, 0.018021533265709877], "(3, 5, 1, 2)": [0.0033185547217726707, 0.0067773424088954926, 0.006652385927736759, 0.015579244121909142, 0.007090910337865353], "(2, 5, 5, 4)": [0.0, -0.0022086126264184713, 0.00282262172549963, 0.0, 0.0], "(3, 4, 5, 3)": [0.003190575633198023, 0.0, 0.005555935204029083, 0.0013363113394007087, 0.0010954042663797736], "(3, 4, 4, 3)": [0.006627602037042379, 0.012525983154773712, 0.004862533416599035, 0.006109096575528383, 0.007255262229591608], "(3, 5, 4, 2)": [0.008936865255236626, 0.012266281992197037, 0.010323620401322842, 0.017881350591778755, 0.010787766426801682], "(1, 4, 0, 1)": [0.008022569119930267, 0.009973261505365372, 0.006195138208568096, 0.009499581530690193, 0.007534522097557783], "(1, 4, 1, 2)": [0.010019265115261078, 0.012067130766808987, 0.008633756078779697, 0.01689424365758896, 0.010741419158875942], "(1, 4, 2, 2)": [0.014404121786355972, 0.014061305671930313, 0.013170264661312103, 0.013848219998180866, 0.017809107899665833], "(1, 4, 3, 3)": [0.00315754022449255, 0.004210242070257664, 0.006534126121550798, 0.009281820617616177, 0.0038990939501672983], "(1, 4, 4, 3)": [0.003119902452453971, 0.005416400730609894, 0.004260562360286713, 0.00998084619641304, 0.003318971022963524], "(1, 5, 1, 2)": [0.007356635294854641, 0.006636727135628462, 0.006821613758802414, 0.00830380991101265, 0.01457204669713974], "(1, 5, 0, 2)": [0.0015358501113951206, 0.0012731861788779497, 0.0010991207091137767, 0.007449132855981588, 0.0026592740323394537], "(1, 5, 2, 3)": [7.084512617439032e-05, 0.0036625454667955637, 0.0032881484366953373, 0.009414821863174438, 0.0059505184181034565], "(1, 5, 3, 3)": [0.0038028587587177753, 0.00534948892891407, 0.006724189035594463, 0.005743162706494331, 0.005888837389647961], "(3, 5, 1, 1)": [0.003474122378975153, 0.0032373308204114437, 0.003992864862084389, 0.0013870549155399203, 0.008602689951658249], "(3, 4, 1, 1)": [0.009920589625835419, 0.005755946040153503, 0.013213595375418663, 0.005710845813155174, 0.009806045331060886], "(3, 4, 1, 2)": [0.003425934351980686, 0.001608409220352769, 0.0023923665285110474, 0.004343556705862284, 0.0010436646407470107], "(3, 4, 0, 1)": [0.0017411090666428208, 0.0, 0.0, 0.0, 0.0], "(2, 5, 1, 1)": [0.019276436418294907, 0.019322577863931656, 0.019367361441254616, 0.01917373202741146, 0.019448794424533844], "(2, 5, 4, 2)": [0.018529271706938744, 0.00993824377655983, 0.011698149144649506, 0.006651041563600302, 0.01329982839524746], "(2, 5, 2, 1)": [0.003681791014969349, 0.0, 0.006067658308893442, 0.001970486482605338, 0.0016284305602312088], "(2, 4, 5, 2)": [0.0, 0.0, 0.0, 0.0012975673889741302, 0.0], "(3, 4, 5, 2)": [0.0036535318940877914, 0.0, 0.0, 0.002832001307979226, 0.006497442256659269], "(1, 5, 2, 2)": [0.009664994664490223, 0.008800186216831207, 0.013995706103742123, 0.011814520694315434, 0.009753024205565453], "(1, 4, 3, 2)": [0.011080318130552769, 0.011907537467777729, 0.011398359201848507, 0.008231192827224731, 0.01587018370628357], "(2, 4, 0, 2)": [0.014290040358901024, 0.010502919554710388, 0.0058864108286798, 0.0017842358211055398, 0.006260004360228777], "(1, 4, -1, 1)": [0.0, 0.0010540657676756382, 0.004613022319972515, 0.0010366052156314254, 0.00123882875777781], "(2, 5, 6, 4)": [0.005286810919642448, 0.0, 0.0, 0.0, 0.0], "(3, 5, 6, 3)": [0.0009847285691648722, 0.0, 0.0, 0.0, 0.0], "(3, 5, 5, 3)": [0.0036474978551268578, 0.001135290483944118, 0.004581437446177006, 0.006393123418092728, 0.002660382306203246], "(2, 4, -1, 0)": [0.0, 0.0026604700833559036, 0.0, 0.006582150235772133, -0.0004968024441041052], "(1, 4, 0, 2)": [0.005344229284673929, 0.0, 0.0023133275099098682, 0.0030381474643945694, 0.0012575226137414575], "(1, 4, 2, 3)": [0.0, 0.0012480734148994088, 0.0, 0.0, 0.0], "(1, 4, 1, 1)": [0.0015883718151599169, 0.006310475058853626, 0.011914364993572235, 0.0028768889605998993, 0.001564554637297988], "(1, 4, 4, 2)": [0.0018673330778256059, 0.0, 0.0, 0.0, 0.0], "(2, 4, -1, 1)": [0.004826800432056189, 0.0, 0.00115023588296026, 0.0, 0.0], "(1, 4, -1, 0)": [-0.002154011745005846, 0.0, -0.0014162720181047916, 0.0, 0.0], "(3, 4, 3, 3)": [0.0, 0.0017516360385343432, 0.0, 0.0, 0.0], "(1, 5, 0, 1)": [0.005131447687745094, 0.0011391900479793549, 0.0011388574494048953, 0.0024058911949396133, 0.0029894907493144274], "(1, 5, -1, 1)": [0.001084618386812508, 0.0, 0.0, 0.0, 0.0], "(1, 5, 4, 3)": [0.001027650199830532, 0.0027337996289134026, 0.0010282996809110045, 0.0011793015291914344, 0.001277817995287478],