{"q_values": {"(2, 5, 2, 2)": [0.01974659599363804, 0.017591720446944237], "(2, 5, 1, 2)": [0.019850293174386024, 0.019451972097158432], "(2, 5, 1, 1)": [0.019833385944366455, 0.01945282518863678], "(2, 5, 3, 2)": [0.01942138373851776, 0.018954362720251083], "(2, 5, 3, 3)": [0.018713753670454025, 0.015608439221978188], "(2, 5, 4, 3)": [0.019140388816595078, 0.01850234344601631], "(2, 5, 5, 3)": [0.01930549554526806, 0.0169416181743145], "(2, 4, 2, 2)": [0.019593747332692146, 0.019771747291088104], "(2, 4, 3, 2)": [0.01955270580947399, 0.019658613950014114], "(2, 4, 4, 3)": [0.019599417224526405, 0.01947200670838356], "(2, 4, 5, 3)": [0.019054627045989037, 0.019472746178507805], "(2, 4, 6, 4)": [0.01792328432202339, 0.007961434312164783], "(2, 5, 6, 4)": [0.018857233226299286, 0.015758316963911057], "(2, 5, 0, 1)": [0.019675660878419876, 0.019850559532642365], "(2, 4, 0, 1)": [0.019337385892868042, 0.019668925553560257], "(2, 4, 1, 2)": [0.019336413592100143, 0.019779063761234283], "(2, 4, 3, 3)": [0.019678054377436638, 0.019734442234039307], "(2, 4, 1, 1)": [0.017460403963923454, 0.01975007727742195], "(2, 5, 4, 2)": [0.019294073805212975, 0.01935436762869358], "(2, 4, 4, 2)": [0.019656553864479065, 0.01853914186358452], "(2, 4, 2, 1)": [0.013214276172220707, 0.01532107312232256], "(2, 4, 0, 0)": [0.004979806020855904, 0.00740903802216053], "(3, 5, 3, 2)": [0.019423967227339745, 0.018437443301081657], "(3, 5, 2, 2)": [0.01965232752263546, 0.019254783168435097], "(3, 5, 1, 2)": [0.019369088113307953, 0.018404025584459305], "(2, 5, 0, 2)": [0.01965045928955078, 0.019308004528284073], "(2, 5, 2, 3)": [0.018148567527532578, 0.015467310324311256], "(3, 4, 4, 3)": [0.019252629950642586, 0.01944071426987648], "(3, 4, 5, 3)": [0.019107501953840256, 0.018881957978010178], "(3, 4, 3, 2)": [0.01634487882256508, 0.019342653453350067], "(3, 4, 2, 2)": [0.018944254145026207, 0.01955263502895832], "(3, 4, 1, 1)": [0.0159126129001379, 0.01949361525475979], "(3, 4, 0, 1)": [0.01222093403339386, 0.01916397362947464], "(3, 4, 0, 0)": [0.0023259276058524847, 0.013883494772017002], "(3, 5, 5, 3)": [0.017968736588954926, 0.014732479117810726], "(3, 5, 6, 4)": [0.011147238314151764, -0.001206292537972331], "(2, 5, 5, 4)": [0.017443867400288582, 0.010610050521790981], "(1, 5, 1, 1)": [0.01912081241607666, 0.0028348544146865606], "(1, 5, 0, 1)": [0.0193149633705616, 0.0197571013122797], "(1, 5, 1, 2)": [0.01952768675982952, 0.018585847690701485], "(1, 5, 2, 2)": [0.019794544205069542, 0.01969054341316223], "(1, 4, 2, 2)": [0.01811032183468342, 0.01980794593691826], "(1, 5, 3, 3)": [0.019808325916528702, 0.018897725269198418], "(1, 5, 2, 3)": [0.019549768418073654, 0.01772674173116684], "(3, 5, 3, 3)": [0.0180817898362875, 0.013914483599364758], "(2, 5, 6, 3)": [0.018349193036556244, 0.014266659505665302], "(2, 5, -1, 1)": [0.017988206818699837, 0.014175334945321083], "(2, 5, -1, 0)": [0.009072546847164631, 0.015878887847065926], "(2, 5, -2, 0)": [0.0035693924874067307, 0.0], "(2, 4, -2, 0)": [0.008538924157619476, -0.0006869471399113536], "(2, 4, -1, 0)": [0.0030890030320733786, 0.012082410044968128], "(2, 4, 0, 2)": [0.019256042316555977, 0.019569693133234978], "(1, 4, 0, 1)": [0.017790067940950394, 0.01668209582567215], "(1, 4, 1, 1)": [0.012392002157866955, 0.016898326575756073], "(1, 4, 1, 2)": [0.01865636557340622, 0.01981549896299839], "(1, 4, 3, 2)": [0.019379975274205208, 0.019134521484375], "(1, 4, 3, 3)": [0.019824929535388947, 0.019593365490436554], "(2, 4, 6, 3)": [0.018983542919158936, 0.015548151917755604], "(3, 5, 4, 3)": [0.018624816089868546, 0.015531949698925018], "(1, 4, 0, 2)": [0.01907280460000038, 0.019734179601073265], "(1, 4, 2, 3)": [0.019802961498498917, 0.016822921112179756], "(2, 5, 4, 4)": [-0.001469966839067638, 0.000370386173017323], "(1, 4, 4, 3)": [0.01950443536043167, 0.019004561007022858], "(1, 4, 5, 3)": [0.003423707326874137, 0.015426008962094784], "(1, 4, 6, 3)": [0.004148447886109352, 0.0], "(1, 5, 4, 3)": [0.019499363377690315, 0.013661456294357777], "(3, 4, 4, 2)": [0.01882784627377987, 0.01807527430355549], "(3, 4, 2, 1)": [0.01232557650655508, 0.016824517399072647], "(1, 4, -1, 1)": [0.01281895861029625, 0.012624846771359444], "(2, 4, 5, 4)": [0.004968053661286831, 0.016411617398262024], "(3, 5, 4, 2)": [0.01913505606353283, 0.019183073192834854], "(3, 5, 6, 3)": [0.004848032258450985, 0.015421138145029545], "(2, 5, 1, 3)": [0.0, -0.00011008151341229677], "(1, 4, 4, 2)": [0.005959691014140844, 0.01696929708123207], "(3, 5, 1, 1)": [0.01937953010201454, 0.01970582827925682], "(3, 5, 0, 1)": [0.01913951337337494, 0.019569510594010353], "(1, 4, -1, 0)": [0.0032484184484928846, 0.009307130239903927], "(2, 4, -1, 1)": [0.013142717070877552, 0.012284763157367706], "(3, 5, 5, 4)": [0.0022964016534388065, -0.00044638686813414097], "(2, 5, 2, 1)": [0.01384969986975193, 0.019411494955420494], "(1, 5, 5, 3)": [0.012041406705975533, 0.0068095712922513485], "(1, 5, 0, 2)": [0.019508065655827522, 0.019523609429597855], "(3, 5, 7, 4)": [0.0012177523458376527, -0.0013796805869787931], "(3, 4, 6, 3)": [0.013198901899158955, 0.004385547246783972], "(3, 4, 1, 2)": [0.01961938664317131, 0.018752744421362877], "(3, 4, 3, 3)": [0.017918575555086136, 0.005329475272446871], "(3, 5, 2, 1)": [0.018739372491836548, 0.019413255155086517], "(3, 4, 5, 2)": [0.019104164093732834, 0.009802177548408508], "(3, 4, 3, 1)": [0.013683310709893703, 0.005617083981633186], "(2, 5, 7, 4)": [0.000881526037119329, -0.004514941480010748], "(1, 5, 3, 2)": [0.019813762977719307, 0.017683876678347588], "(1, 5, 1, 3)": [-0.0013699288247153163, 0.00044412456918507814], "(3, 5, 0, 2)": [0.01066496130079031, 0.0018516898853704333], "(3, 5, 2, 3)": [0.0018066391348838806, 0.0], "(3, 5, 0, 0)": [0.0, 0.0011343936203047633], "(4, 4, 4, 2)": [0.013479739427566528, 0.017017627134919167], "(4, 4, 3, 2)": [0.008345874026417732, 0.0160271767526865], "(4, 4, 2, 1)": [0.010207758285105228, 0.002379410434514284], "(4, 4, 1, 1)": [0.0003088820958510041, 0.006871373858302832], "(4, 4, 0, 0)": [0.0018109346274286509, -0.002210459904745221], "(1, 4, 0, 0)": [-0.0034294803626835346, -0.003080200869590044], "(1, 5, 5, 4)": [0.007302126381546259, 0.00017682136967778206], "(1, 5, 6, 4)": [-0.0021899265702813864, -0.002713165245950222], "(4, 5, 3, 2)": [0.011707005091011524, 0.01597674749791622], "(4, 5, 2, 2)": [0.012618377804756165, 0.003156765829771757], "(4, 5, 1, 1)": [0.004334376659244299, 0.0020530940964818], "(4, 5, 4, 3)": [0.01486301887780428, 0.009084055200219154], "(4, 5, 5, 3)": [0.013256656937301159, 0.011987084522843361], "(4, 5, 3, 3)": [0.0008805154939182103, 0.0], "(4, 5, 1, 2)": [0.0016563811805099249, 0.0018858974799513817], "(4, 5, 0, 1)": [0.00438116118311882, 0.0008956278907135129], "(3, 5, 5, 2)": [0.0, 0.0060372184962034225], "(4, 4, 5, 2)": [0.0174203272908926, 0.009828859940171242], "(4, 4, 5, 3)": [0.0170625951141119, 0.0018788528395816684], "(4, 5, 5, 2)": [0.012899225577712059, 0.0030974452383816242], "(4, 5, 4, 2)": [0.014864974655210972, 0.016894305124878883], "(4, 5, 3, 1)": [0.0010846322402358055, 0.0], "(4, 5, 2, 1)": [0.0, 0.0037431521341204643], "(2, 5, 0, 0)": [0.015015087090432644, 0.0], "(3, 4, 6, 4)": [0.0, 0.004507188685238361], "(2, 4, 5, 2)": [0.011011866852641106, 0.0], "(1, 5, -1, 1)": [0.016322661191225052, 0.0025632386095821857], "(2, 4, 2, 3)": [0.018723469227552414, 0.007897652685642242], "(1, 4, -2, 1)": [0.00039717729669064283, 0.0090381670743227], "(0, 4, -2, 0)": [0.0013715424574911594, 0.008307565934956074], "(1, 4, -2, 0)": [0.013407555408775806, -0.0034444681368768215], "(1, 4, 6, 4)": [0.001930094207637012, 0.0], "(1, 4, 2, 1)": [0.0, 0.0], "(4, 4, 3, 1)": [0.0033317147754132748, 0.009199841879308224], "(2, 5, -2, 1)": [0.0019459896720945835, 0.0], "(1, 4, -3, 0)": [-0.0012671704171225429, 0.0020566375460475683], "(0, 4, 0, 1)": [0.01597888395190239, 0.015129784122109413], "(1, 5, -1, 0)": [0.0032459688372910023, 0.0015749018639326096],