{"q_values": {"(2, 5, 2, 2)": [0.019281411543488503, 0.01567043550312519], "(2, 5, 1, 2)": [0.019533226266503334, 0.015876973047852516], "(2, 5, 1, 1)": [0.019750751554965973, 0.019711529836058617], "(2, 5, 3, 2)": [0.018703753128647804, 0.017261218279600143], "(2, 5, 3, 3)": [0.016270199790596962, 0.015748880803585052], "(2, 5, 4, 3)": [0.016293389722704887, 0.014896460808813572], "(2, 5, 5, 3)": [0.01894386112689972, 0.016960857436060905], "(2, 4, 2, 2)": [0.019154133275151253, 0.019370757043361664], "(2, 4, 3, 2)": [0.019398311153054237, 0.019625602290034294], "(2, 4, 4, 3)": [0.01962118409574032, 0.01967170089483261], "(2, 4, 5, 3)": [0.019795844331383705, 0.01955447904765606], "(2, 4, 6, 4)": [0.019616583362221718, 0.009121652692556381], "(2, 5, 6, 4)": [0.01896483264863491, 0.015735337510704994], "(2, 5, 0, 1)": [0.01954122819006443, 0.01961793191730976], "(2, 4, 0, 1)": [0.019142858684062958, 0.019304925575852394], "(2, 4, 1, 2)": [0.018456298857927322, 0.019542790949344635], "(2, 4, 3, 3)": [0.019731655716896057, 0.019731605425477028], "(2, 4, 1, 1)": [0.01807020790874958, 0.019547298550605774], "(2, 5, 4, 2)": [0.01952967420220375, 0.019577860832214355], "(2, 4, 4, 2)": [0.019046379253268242, 0.01982136256992817], "(2, 4, 2, 1)": [0.013129081577062607, 0.019390102475881577], "(2, 4, 0, 0)": [0.015078479424118996, 0.019490590319037437], "(3, 5, 3, 2)": [0.01979028433561325, 0.019216986373066902], "(3, 5, 2, 2)": [0.01966668665409088, 0.01887209713459015], "(3, 5, 1, 2)": [0.01974114589393139, 0.019355284050107002], "(2, 5, 0, 2)": [0.019536232575774193, 0.019121894612908363], "(2, 5, 2, 3)": [0.017313556745648384, 0.012627561576664448], "(3, 4, 4, 3)": [0.019725672900676727, 0.01977325789630413], "(3, 4, 5, 3)": [0.019750652834773064, 0.019625362008810043], "(3, 4, 3, 2)": [0.01948120817542076, 0.01983506977558136], "(3, 4, 2, 2)": [0.019131846725940704, 0.019787227734923363], "(3, 4, 1, 1)": [0.01899554394185543, 0.01971750520169735], "(3, 4, 0, 1)": [0.018185662105679512, 0.01941310055553913], "(3, 4, 0, 0)": [-0.0003498716978356242, 0.01928809843957424], "(3, 5, 5, 3)": [0.01974697969853878, 0.019000377506017685], "(3, 5, 6, 4)": [0.018369950354099274, -0.0007747827330604196], "(2, 5, 5, 4)": [0.01941615529358387, 0.014364510774612427], "(1, 5, 1, 1)": [0.01992349699139595, 0.01835016719996929], "(1, 5, 0, 1)": [0.01965545304119587, 0.019961247220635414], "(1, 5, 1, 2)": [0.019783522933721542, 0.017216715961694717], "(1, 5, 2, 2)": [0.019859328866004944, 0.019628029316663742], "(1, 4, 2, 2)": [0.019394526258111, 0.019771961495280266], "(1, 5, 3, 3)": [0.019839290529489517, 0.019228680059313774], "(1, 5, 2, 3)": [0.01978222280740738, 0.013972511515021324], "(3, 5, 3, 3)": [0.019517427310347557, 0.015848735347390175], "(2, 5, 6, 3)": [0.019425107166171074, 0.016024524345993996], "(2, 5, -1, 1)": [0.019142020493745804, 0.017751717939972878], "(2, 5, -1, 0)": [0.014149094931781292, 0.01960466429591179], "(2, 5, -2, 0)": [0.016685418784618378, 0.0], "(2, 4, -2, 0)": [0.016156677156686783, 0.010246198624372482], "(2, 4, -1, 0)": [0.014173499308526516, 0.01936374418437481], "(2, 4, 0, 2)": [0.01927408017218113, 0.019881347194314003], "(1, 4, 0, 1)": [0.018857024610042572, 0.019679907709360123], "(1, 4, 1, 1)": [0.015903394669294357, 0.01982465200126171], "(1, 4, 1, 2)": [0.01940830424427986, 0.019858350977301598], "(1, 4, 3, 2)": [0.018899105489253998, 0.01984257437288761], "(1, 4, 3, 3)": [0.019858581945300102, 0.019784435629844666], "(2, 4, 6, 3)": [0.019566770642995834, 0.017409872263669968], "(3, 5, 4, 3)": [0.019717449322342873, 0.017987098544836044], "(1, 4, 0, 2)": [0.018225349485874176, 0.019952034577727318], "(1, 4, 2, 3)": [0.019567860290408134, 0.019911842420697212], "(2, 5, 4, 4)": [-0.001469966839067638, 0.006076914258301258], "(1, 4, 4, 3)": [0.01924908347427845, 0.01984374225139618], "(1, 4, 5, 3)": [0.007740027271211147, 0.01957918517291546], "(1, 4, 6, 3)": [0.019467327743768692, 0.0031247208826243877], "(1, 5, 4, 3)": [0.019865263253450394, 0.018643153831362724], "(3, 4, 4, 2)": [0.01900441013276577, 0.01982656680047512], "(3, 4, 2, 1)": [0.014938614331185818, 0.019857335835695267], "(1, 4, -1, 1)": [0.01402902603149414, 0.019043926149606705], "(2, 4, 5, 4)": [0.006449338048696518, 0.019681120291352272], "(3, 5, 4, 2)": [0.019806381314992905, 0.01978212594985962], "(3, 5, 6, 3)": [0.01966884173452854, 0.010416452772915363], "(2, 5, 1, 3)": [0.0033274537418037653, -0.00011008151341229677], "(1, 4, 4, 2)": [0.016352999955415726, 0.019561998546123505], "(3, 5, 1, 1)": [0.019226767122745514, 0.019879139959812164], "(3, 5, 0, 1)": [0.018966978415846825, 0.019860194995999336], "(1, 4, -1, 0)": [0.007963159121572971, 0.019132018089294434], "(2, 4, -1, 1)": [0.017041748389601707, 0.01606958545744419], "(3, 5, 5, 4)": [0.010014650411903858, 0.0008755570743232965], "(2, 5, 2, 1)": [0.018129317089915276, 0.01977773755788803], "(1, 5, 5, 3)": [0.019599393010139465, 0.013250710442662239], "(1, 5, 0, 2)": [0.01994222216308117, 0.019340258091688156], "(3, 5, 7, 4)": [-0.0038375495932996273, -0.003287926781922579], "(3, 4, 6, 3)": [0.019852153956890106, 0.004385547246783972], "(3, 4, 1, 2)": [0.019046051427721977, 0.01972990296781063], "(3, 4, 3, 3)": [0.019533671438694, 0.01986285299062729], "(3, 5, 2, 1)": [0.019918957725167274, 0.01969889923930168], "(3, 4, 5, 2)": [0.01968354545533657, 0.01588551141321659], "(3, 4, 3, 1)": [0.01848629117012024, 0.012408236972987652], "(2, 5, 7, 4)": [-0.0005847862921655178, -0.0032058581709861755], "(1, 5, 3, 2)": [0.01991225965321064, 0.019301053136587143], "(1, 5, 1, 3)": [0.0006282251561060548, 0.012491988018155098], "(3, 5, 0, 2)": [0.019755924120545387, 0.0018516898853704333], "(3, 5, 2, 3)": [0.009772940538823605, 0.0], "(3, 5, 0, 0)": [0.0, 0.005995573941618204], "(4, 4, 4, 2)": [0.014301382005214691, 0.01760847680270672], "(4, 4, 3, 2)": [0.014159505255520344, 0.01836141012609005], "(4, 4, 2, 1)": [0.012491671368479729, 0.019106386229395866], "(4, 4, 1, 1)": [0.013016500510275364, 0.018930941820144653], "(4, 4, 0, 0)": [0.005420270375907421, 0.016746999695897102], "(1, 4, 0, 0)": [0.01521576102823019, -0.002407575026154518], "(1, 5, 5, 4)": [0.019356997683644295, 0.00017682136967778206], "(1, 5, 6, 4)": [0.019505133852362633, 0.0014984088484197855], "(4, 5, 3, 2)": [0.0193868950009346, 0.01815132237970829], "(4, 5, 2, 2)": [0.019510086625814438, 0.018035532906651497], "(4, 5, 1, 1)": [0.01944096013903618, 0.015864260494709015], "(4, 5, 4, 3)": [0.012738114222884178, 0.01532346848398447], "(4, 5, 5, 3)": [0.015697937458753586, 0.01825074665248394], "(4, 5, 3, 3)": [0.006648445967584848, 0.01396860834211111], "(4, 5, 1, 2)": [0.003433345817029476, 0.019297294318675995], "(4, 5, 0, 1)": [0.01947958767414093, 0.0067515904083848], "(3, 5, 5, 2)": [0.0, 0.01858515478670597], "(4, 4, 5, 2)": [0.01683415286242962, 0.010045797564089298], "(4, 4, 5, 3)": [0.019441096112132072, 0.013499973341822624], "(4, 5, 5, 2)": [0.017483392730355263, 0.008603803813457489], "(4, 5, 4, 2)": [0.016599388793110847, 0.01860305853188038], "(4, 5, 3, 1)": [0.01948048546910286, 0.0], "(4, 5, 2, 1)": [0.019771428778767586, 0.018396247178316116], "(2, 5, 0, 0)": [0.019509566947817802, 0.0019692580681294203], "(3, 4, 6, 4)": [0.0, 0.01163534913212061], "(2, 4, 5, 2)": [0.018417390063405037, 0.0], "(1, 5, -1, 1)": [0.018223490566015244, 0.009754758328199387], "(2, 4, 2, 3)": [0.01985357329249382, 0.01604960486292839], "(1, 4, -2, 1)": [0.001614276086911559, 0.01432051882147789], "(0, 4, -2, 0)": [0.0022214511409401894, 0.016673147678375244], "(1, 4, -2, 0)": [0.009057873860001564, -0.0017984070582315326], "(1, 4, 6, 4)": [0.019332991912961006, 0.0], "(1, 4, 2, 1)": [0.014409391209483147, 0.0108480928465724], "(4, 4, 3, 1)": [0.005173056852072477, 0.016913821920752525], "(2, 5, -2, 1)": [0.0090420451015234, 0.0], "(1, 4, -3, 0)": [-0.0022739912383258343, -0.000459801871329546],