{"q_values": {"(2, 5, 2, 2)": [0.019283853471279144, 0.017908329144120216, 0.01588721200823784, 0.01728992909193039, 0.01795683056116104], "(2, 5, 3, 2)": [0.018607772886753082, 0.01689496636390686, 0.018985457718372345, 0.01869441568851471, 0.015873292461037636], "(2, 5, 3, 3)": [0.016783328726887703, 0.015821091830730438, 0.01543660368770361, 0.018497437238693237, 0.014539356343448162], "(2, 4, 2, 2)": [0.019404500722885132, 0.018650434911251068, 0.01942349039018154, 0.01941961608827114, 0.019464939832687378], "(2, 4, 3, 2)": [0.019091611728072166, 0.018905820325016975, 0.019240643829107285, 0.019108114764094353, 0.019382556900382042], "(2, 4, 3, 3)": [0.01952129602432251, 0.01963866502046585, 0.019574079662561417, 0.019563889130949974, 0.01955108903348446], "(2, 4, 4, 3)": [0.01948181726038456, 0.01944797858595848, 0.019412757828831673, 0.01958518847823143, 0.019475460052490234], "(2, 4, 1, 1)": [0.017199961468577385, 0.015218887478113174, 0.015603972598910332, 0.016359971836209297, 0.01949111372232437], "(2, 4, 2, 1)": [0.010749053210020065, 0.010832096450030804, 0.010706596076488495, 0.008860261179506779, 0.015979835763573647], "(2, 5, 4, 3)": [0.01563911698758602, 0.016839852556586266, 0.017635565251111984, 0.017626438289880753, 0.018256913870573044], "(2, 4, 1, 2)": [0.018977444618940353, 0.01925867609679699, 0.019124746322631836, 0.01934424601495266, 0.019557680934667587], "(2, 5, 1, 2)": [0.019732240587472916, 0.01952364481985569, 0.018337123095989227, 0.019549785181879997, 0.019498715177178383], "(2, 5, 0, 2)": [0.019482171162962914, 0.01944400928914547, 0.01950068771839142, 0.019703080877661705, 0.019310632720589638], "(2, 5, 2, 3)": [0.011329751461744308, 0.010615224950015545, 0.012449778616428375, 0.013053692877292633, 0.016666708514094353], "(2, 4, 0, 1)": [0.014848056249320507, 0.016523653641343117, 0.01639499142765999, 0.019168609753251076, 0.017206188291311264], "(2, 4, 4, 2)": [0.01908601075410843, 0.019298236817121506, 0.019252391532063484, 0.018928397446870804, 0.019476447254419327], "(2, 4, 5, 3)": [0.018461646512150764, 0.016489380970597267, 0.018534522503614426, 0.018708551302552223, 0.018899820744991302], "(3, 4, 4, 2)": [0.01845085620880127, 0.01863166317343712, 0.017984634265303612, 0.017178479582071304, 0.018698468804359436], "(3, 4, 3, 2)": [0.01838899403810501, 0.016854178160429, 0.01571684144437313, 0.01927628368139267, 0.01884465664625168], "(3, 4, 2, 1)": [0.0127028189599514, 0.013005702756345272, 0.013578495010733604, 0.01401231624186039, 0.018384896218776703], "(3, 4, 2, 2)": [0.01875000074505806, 0.018917210400104523, 0.017065072432160378, 0.018895437940955162, 0.019345656037330627], "(3, 4, 3, 1)": [0.0020705482456833124, -0.0013858253369107842, 0.0016834313282743096, 0.0010264803422614932, 0.010291400365531445], "(2, 5, 0, 1)": [0.019465908408164978, 0.019556792452931404, 0.019492924213409424, 0.019567932933568954, 0.019788462668657303], "(2, 5, 5, 3)": [0.016039330512285233, 0.01456618681550026, 0.014653659425675869, 0.01490699127316475, 0.01134989969432354], "(3, 5, 4, 3)": [0.015937812626361847, 0.015195782296359539, 0.015948183834552765, 0.01512858085334301, 0.016234172508120537], "(3, 5, 3, 3)": [0.014196527190506458, 0.012531420215964317, 0.010875057429075241, 0.01304944884032011, 0.005204572342336178], "(3, 5, 2, 2)": [0.018931321799755096, 0.01834595389664173, 0.015591672621667385, 0.017672710120677948, 0.01882857084274292], "(3, 5, 3, 2)": [0.019012706354260445, 0.01857774890959263, 0.018689077347517014, 0.015243771485984325, 0.01586083322763443], "(3, 5, 1, 2)": [0.01917272061109543, 0.01685451902449131, 0.01755349524319172, 0.016832124441862106, 0.01612459495663643], "(2, 5, 5, 4)": [0.0014828498242422938, 0.003793623996898532, 0.0004001541528850794, 0.0003239484503865242, 0.01213325746357441], "(3, 4, 5, 3)": [0.006078775972127914, 0.008174199610948563, 0.0164799802005291, 0.004207489546388388, 0.004560626111924648], "(3, 4, 4, 3)": [0.014861177653074265, 0.01920945569872856, 0.014981486834585667, 0.01627073809504509, 0.01213343720883131], "(3, 5, 4, 2)": [0.015544953756034374, 0.017073124647140503, 0.017209267243742943, 0.016343051567673683, 0.017951909452676773], "(1, 4, 0, 1)": [0.014315512962639332, 0.014259242452681065, 0.015119170770049095, 0.018293539062142372, 0.015379739925265312], "(1, 4, 1, 2)": [0.01662443019449711, 0.015658095479011536, 0.016646962612867355, 0.015881186351180077, 0.01936226710677147], "(1, 4, 2, 2)": [0.019068406894803047, 0.01877692900598049, 0.018673038110136986, 0.019074883311986923, 0.01932167075574398], "(1, 4, 3, 3)": [0.017110461369156837, 0.015264909714460373, 0.01657377928495407, 0.01932305283844471, 0.014113097451627254], "(1, 4, 4, 3)": [0.010376487858593464, 0.015030335634946823, 0.012350084260106087, 0.018747931346297264, 0.015516101382672787], "(1, 5, 1, 2)": [0.019216999411582947, 0.018566932529211044, 0.01862165704369545, 0.018436774611473083, 0.017908219248056412], "(1, 5, 0, 2)": [0.016306709498167038, 0.017649440094828606, 0.019274799153208733, 0.015822291374206543, 0.016649721190333366], "(1, 5, 2, 3)": [0.01093936339020729, 0.017385544255375862, 0.0055036386474967, 0.012827069498598576, 0.009040042757987976], "(1, 5, 3, 3)": [0.012094499543309212, 0.018961096182465553, 0.014173128642141819, 0.012343299575150013, 0.013749084435403347], "(3, 5, 1, 1)": [0.014478233642876148, 0.015857255086302757, 0.016025494784116745, 0.013032110407948494, 0.018736302852630615], "(3, 4, 1, 1)": [0.014195757918059826, 0.01503843255341053, 0.01247096061706543, 0.014776291325688362, 0.017587125301361084], "(3, 4, 1, 2)": [0.012491302564740181, 0.011212163604795933, 0.01934557966887951, 0.013058742508292198, 0.008267159573733807], "(3, 4, 0, 1)": [0.017027948051691055, 0.0020741913467645645, 0.006297928746789694, 0.008667872287333012, 0.004667183849960566], "(2, 5, 1, 1)": [0.019480304792523384, 0.01971030980348587, 0.019566886126995087, 0.01956109330058098, 0.019608134403824806], "(2, 5, 4, 2)": [0.019465487450361252, 0.016189415007829666, 0.017727389931678772, 0.013904751278460026, 0.01693143881857395], "(2, 5, 2, 1)": [0.003681791014969349, 0.0016444604843854904, 0.01732504926621914, 0.005210477393120527, 0.0034213545732200146], "(2, 4, 5, 2)": [0.0016562900273129344, 0.0, 0.0, 0.0012975673889741302, 0.0], "(3, 4, 5, 2)": [0.0036535318940877914, 0.0, 0.0018558645388111472, 0.002832001307979226, 0.010911676101386547], "(1, 5, 2, 2)": [0.019139088690280914, 0.01795060560107231, 0.017715441063046455, 0.018574994057416916, 0.018607474863529205], "(1, 4, 3, 2)": [0.015838587656617165, 0.015764323994517326, 0.015244062058627605, 0.01333185750991106, 0.019419237971305847], "(2, 4, 0, 2)": [0.019354891031980515, 0.017472324892878532, 0.017725877463817596, 0.014293341897428036, 0.016493067145347595], "(1, 4, -1, 1)": [0.009082704782485962, 0.004124371334910393, 0.010447087697684765, 0.0034832190722227097, 0.004591812379658222], "(2, 5, 6, 4)": [0.011415516957640648, 0.0031006375793367624, 0.0016124837566167116, 0.005033022258430719, 0.00490616587921977], "(3, 5, 6, 3)": [8.813943713903427e-05, 0.0, 0.0, 0.0, 0.0], "(3, 5, 5, 3)": [0.007333067245781422, 0.008603143505752087, 0.011587057262659073, 0.014165318571031094, 0.008140460588037968], "(2, 4, -1, 0)": [-0.0013047027168795466, 0.004200747702270746, -6.503518670797348e-05, 0.0068117366172373295, 0.0022069269325584173], "(1, 4, 0, 2)": [0.015439766459167004, 0.015323461964726448, 0.01627330482006073, 0.011219790205359459, 0.013703327625989914], "(1, 4, 2, 3)": [0.0019017354352399707, 0.01470088679343462, 0.0018691066652536392, 0.001889403909444809, 0.0017249061493203044], "(1, 4, 1, 1)": [0.005935706198215485, 0.01009911298751831, 0.01696031726896763, 0.008101418614387512, 0.007183297071605921], "(1, 4, 4, 2)": [0.003472936572507024, 0.0, 0.0, 0.0, 0.0], "(2, 4, -1, 1)": [0.012336768209934235, 0.005385941825807095, 0.00013573328033089638, 0.0035101105459034443, 0.00140245514921844],