{"q_values": {"(2, 5, 2, 2)": [0.0188288576900959, 0.01762806996703148], "(2, 5, 1, 2)": [0.019160747528076172, 0.018482865765690804], "(2, 5, 1, 1)": [0.019064374268054962, 0.019319118931889534], "(2, 5, 3, 2)": [0.01769143156707287, 0.017122697085142136], "(2, 5, 3, 3)": [0.015752742066979408, 0.012272926978766918], "(2, 5, 4, 3)": [0.01371974777430296, 0.010876570828258991], "(2, 5, 5, 3)": [0.013961246237158775, 0.012203226797282696], "(2, 4, 2, 2)": [0.0178790632635355, 0.018471796065568924], "(2, 4, 3, 2)": [0.016382917761802673, 0.018505532294511795], "(2, 4, 4, 3)": [0.018326066434383392, 0.018659381195902824], "(2, 4, 5, 3)": [0.017493171617388725, 0.01797952875494957], "(2, 4, 6, 4)": [0.009603862650692463, 0.002096149604767561], "(2, 5, 6, 4)": [0.010596579872071743, 0.005858282092958689], "(2, 5, 0, 1)": [0.01868230104446411, 0.018990516662597656], "(2, 4, 0, 1)": [0.013901940546929836, 0.013664284721016884], "(2, 4, 1, 2)": [0.016788313165307045, 0.014932764694094658], "(2, 4, 3, 3)": [0.019036056473851204, 0.019220631569623947], "(2, 4, 1, 1)": [0.016858531162142754, 0.014859961345791817], "(2, 5, 4, 2)": [0.016379885375499725, 0.018306542187929153], "(2, 4, 4, 2)": [0.01863553561270237, 0.019089851528406143], "(2, 4, 2, 1)": [0.01159257534891367, 0.013836396858096123], "(2, 4, 0, 0)": [0.009469165466725826, -0.0006497872527688742], "(3, 5, 3, 2)": [0.018388904631137848, 0.01793798990547657], "(3, 5, 2, 2)": [0.018609562888741493, 0.017682965844869614], "(3, 5, 1, 2)": [0.015987221151590347, 0.01442735455930233], "(2, 5, 0, 2)": [0.018516086041927338, 0.01839114911854267], "(2, 5, 2, 3)": [0.01484629511833191, 0.010134019888937473], "(3, 4, 4, 3)": [0.013937217183411121, 0.017605533823370934], "(3, 4, 5, 3)": [0.016754429787397385, 0.014220832847058773], "(3, 4, 3, 2)": [0.014743478037416935, 0.015868503600358963], "(3, 4, 2, 2)": [0.016981404274702072, 0.0174078568816185], "(3, 4, 1, 1)": [0.014199442230165005, 0.01599320024251938], "(3, 4, 0, 1)": [0.009185816161334515, 0.016657782718539238], "(3, 4, 0, 0)": [0.0014085493749007583, 0.004244536627084017], "(3, 5, 5, 3)": [0.01452550571411848, 0.007399740628898144], "(3, 5, 6, 4)": [-0.002290611620992422, 0.004318790044635534], "(2, 5, 5, 4)": [0.009817725047469139, 0.004493853077292442], "(1, 5, 1, 1)": [0.001798775396309793, 0.0009999157628044486], "(1, 5, 0, 1)": [0.011968452483415604, 0.009174305014312267], "(1, 5, 1, 2)": [0.015942635014653206, 0.015243269503116608], "(1, 5, 2, 2)": [0.014745819382369518, 0.016722071915864944], "(1, 4, 2, 2)": [0.018414855003356934, 0.018812838941812515], "(1, 5, 3, 3)": [0.012427521869540215, 0.009529811330139637], "(1, 5, 2, 3)": [0.009864559397101402, 0.0034654662013053894], "(3, 5, 3, 3)": [0.012971027754247189, 0.012358204461634159], "(2, 5, 6, 3)": [0.012359334155917168, 0.009752932004630566], "(2, 5, -1, 1)": [0.011947643011808395, 0.00884898193180561], "(2, 5, -1, 0)": [0.0028421180322766304, 0.005531948059797287], "(2, 5, -2, 0)": [0.0009902234887704253, 0.0], "(2, 4, -2, 0)": [0.001853274879977107, 0.0017403466627001762], "(2, 4, -1, 0)": [0.006475432775914669, 0.012624748051166534], "(2, 4, 0, 2)": [0.013069193810224533, 0.017100194469094276], "(1, 4, 0, 1)": [0.009420167654752731, 0.015306258574128151], "(1, 4, 1, 1)": [0.006121127866208553, 0.016936667263507843], "(1, 4, 1, 2)": [0.01722847670316696, 0.018753863871097565], "(1, 4, 3, 2)": [0.017565840855240822, 0.01803150214254856], "(1, 4, 3, 3)": [0.015112513676285744, 0.017550919204950333], "(2, 4, 6, 3)": [0.016549088060855865, 0.010148182511329651], "(3, 5, 4, 3)": [0.016418807208538055, 0.013265831395983696], "(1, 4, 0, 2)": [0.013499840162694454, 0.009473852813243866], "(1, 4, 2, 3)": [0.006219410803169012, 0.0025369380600750446], "(2, 5, 4, 4)": [-0.001469966839067638, 0.0], "(1, 4, 4, 3)": [0.017508376389741898, 0.011819020844995975], "(1, 4, 5, 3)": [0.0018866185564547777, 0.0035877826157957315], "(1, 4, 6, 3)": [0.001087680459022522, 0.0], "(1, 5, 4, 3)": [0.0019373712129890919, 0.011363357305526733], "(3, 4, 4, 2)": [0.018186263740062714, 0.017534304410219193], "(3, 4, 2, 1)": [0.01132944505661726, 0.012657824903726578], "(1, 4, -1, 1)": [0.004873046185821295, 0.0016386633506044745], "(2, 4, 5, 4)": [0.0018558682641014457, 0.006718861870467663], "(3, 5, 4, 2)": [0.017546460032463074, 0.013832710683345795], "(3, 5, 6, 3)": [0.0020127117168158293, 0.00853235088288784], "(2, 5, 1, 3)": [0.0, 0.0012153398711234331], "(1, 4, 4, 2)": [0.0, 0.0026985141448676586], "(3, 5, 1, 1)": [0.01821817457675934, 0.016356680542230606], "(3, 5, 0, 1)": [0.011885546147823334, 0.017199823632836342], "(1, 4, -1, 0)": [6.353278877213597e-05, 0.003636397887021303], "(2, 4, -1, 1)": [0.007220323663204908, 0.012103913351893425], "(3, 5, 5, 4)": [0.0009585465304553509, -0.001837679767049849], "(2, 5, 2, 1)": [0.0036451746709644794, 0.01018294133245945], "(1, 5, 5, 3)": [0.003626468125730753, 0.0018343988340348005], "(1, 5, 0, 2)": [0.008867681957781315, 0.01566477119922638], "(3, 5, 7, 4)": [0.0012177523458376527, -0.0013796805869787931], "(3, 4, 6, 3)": [0.007081861607730389, 0.0], "(3, 4, 1, 2)": [0.008220003917813301, 0.006650208495557308], "(3, 4, 3, 3)": [0.0016898218309506774, 0.0], "(3, 5, 2, 1)": [0.010848352685570717, 0.011743465438485146], "(3, 4, 5, 2)": [0.005607130005955696, 0.0017491544131189585], "(3, 4, 3, 1)": [0.0037330524064600468, 0.0], "(2, 5, 7, 4)": [-0.00039579940494149923, 0.0012426503235474229], "(1, 5, 3, 2)": [0.0033553005196154118, 0.0], "(1, 5, 1, 3)": [0.0, -0.0005206961650401354], "(3, 5, 0, 2)": [0.0032114083878695965, 0.0], "(3, 5, 2, 3)": [0.0, 0.0], "(3, 5, 0, 0)": [0.0, 0.0011343936203047633], "(4, 4, 4, 2)": [0.004144799895584583, 0.009711011312901974], "(4, 4, 3, 2)": [0.0027228910475969315, 0.005785681772977114], "(4, 4, 2, 1)": [0.0018769670277833939, 0.0], "(4, 4, 1, 1)": [0.0016433795681223273, 0.0], "(4, 4, 0, 0)": [0.0, -0.002210459904745221], "(1, 4, 0, 0)": [-0.0034294803626835346, 0.0023945120628923178], "(1, 5, 5, 4)": [-0.0005636533023789525, 0.0008578997221775353], "(1, 5, 6, 4)": [0.0, 0.0], "(4, 5, 3, 2)": [0.0017009058501571417, 0.003971328493207693], "(4, 5, 2, 2)": [0.00236771022900939, 0.0], "(4, 5, 1, 1)": [0.001783419051207602, 0.0], "(4, 5, 4, 3)": [0.0016331735532730818, 0.0], "(4, 5, 5, 3)": [0.0009006528998725116, 0.0019937630277127028], "(4, 5, 3, 3)": [0.0008805154939182103, 0.0], "(4, 5, 1, 2)": [0.0016563811805099249, 0.0018858974799513817], "(4, 5, 0, 1)": [0.0019028789829462767, 0.0008956278907135129], "(3, 5, 5, 2)": [0.0, 0.0017815538449212909], "(4, 4, 5, 2)": [0.0030263513326644897, 0.0009988653473556042], "(4, 4, 5, 3)": [0.0013530321884900331, 0.0], "(4, 5, 5, 2)": [0.0014139292761683464, 0.0], "(4, 5, 4, 2)": [0.002958156866952777, 0.00313991098664701], "(4, 5, 3, 1)": [0.0010846322402358055, 0.0], "(4, 5, 2, 1)": [0.0, 0.0010948673589155078], "(2, 5, 0, 0)": [0.00340223778039217, 0.0], "(3, 4, 6, 4)": [0.0, 0.0010045584058389068], "(2, 4, 5, 2)": [0.0019020766485482454, 0.0], "(1, 5, -1, 1)": [0.001080433721654117, 0.0]}}