{"q_values": {"(2, 6, 1, 1)": [1.9901103973388672, 1.9522424936294556, 1.9889253377914429, 1.9859391450881958, 1.9540910720825195, 1.9871137142181396, 1.9824548959732056], "(2, 6, 2, 1)": [1.9547311067581177, 1.9792581796646118, 1.9785456657409668, 1.9283932447433472, 1.9292504787445068, 1.9707460403442383, 1.9726828336715698], "(2, 7, 1, 1)": [1.9431133270263672, 1.942070484161377, 1.9477579593658447, 1.942537784576416, 1.9543308019638062, 1.9436063766479492, 1.8978382349014282], "(2, 6, 0, 1)": [1.9968066215515137, 1.9876595735549927, 1.9928539991378784, 1.9984163045883179, 1.9952361583709717, 1.9951791763305664, 1.983003854751587], "(2, 7, 2, 1)": [1.9355577230453491, 1.8925907611846924, 1.9397748708724976, 1.9247348308563232, 1.8868203163146973, 1.8813714981079102, 1.9329895973205566], "(2, 8, 2, 2)": [0.9704339504241943, 1.8472874164581299, 1.6391148567199707, 1.8610440492630005, 1.7565810680389404, 1.0723130702972412, 1.8284406661987305], "(2, 9, 2, 1)": [1.6290862560272217, 1.6826179027557373, 1.7930835485458374, 1.6922138929367065, 1.59136962890625, 0.3562434911727905, 0.35282623767852783], "(2, 10, 2, 1)": [1.3037927150726318, -1.0665286779403687, 1.649748682975769, -1.154784917831421, -1.3396642208099365, -1.0682780742645264, 1.3346037864685059], "(2, 10, 1, 1)": [-1.023942232131958, -1.0391875505447388, -1.075216293334961, -1.3454843759536743, -1.0450787544250488, -1.0278030633926392, 1.3447332382202148], "(2, 0, 1, 1)": [1.7197372913360596, -1.2752710580825806, -1.040398120880127, 1.7343213558197021, 1.4557583332061768, 1.7771961688995361, 1.694840669631958], "(2, 0, 2, 1)": [1.7642719745635986, 1.7478410005569458, 1.7621983289718628, 1.8274110555648804, -0.9605796337127686, 1.7449367046356201, 1.7282311916351318], "(2, 1, 2, 1)": [1.8359928131103516, 1.8181968927383423, 1.8188046216964722, 1.8384969234466553, 1.8099812269210815, 1.8456226587295532, 1.0366957187652588], "(2, 2, 2, 1)": [1.9038116931915283, 1.936671495437622, 1.9178016185760498, 1.9658262729644775, 1.9227739572525024, 1.9435664415359497, 1.9384281635284424], "(2, 3, 2, 1)": [1.9721832275390625, 1.9847697019577026, 1.9887795448303223, 1.9776384830474854, 1.9740732908248901, 1.974623203277588, 1.97871994972229], "(2, 4, 2, 1)": [1.9954993724822998, 1.99124014377594, 1.9949166774749756, 1.9944607019424438, 1.994214653968811, 1.9982216358184814, 1.996107816696167], "(2, 5, 2, 1)": [1.9966808557510376, 1.9785969257354736, 1.9957963228225708, 1.9929003715515137, 1.9943550825119019, 1.9959516525268555, 1.9834315776824951], "(2, 5, 1, 1)": [1.998610258102417, 1.9978017807006836, 1.9969396591186523, 1.9976367950439453, 1.9987536668777466, 1.9992930889129639, 1.9981833696365356], "(3, 6, 2, 1)": [1.484940767288208, 1.43501877784729, 0.0, 0.0, 1.8954352140426636, 0.0, 0.898170530796051], "(3, 6, 1, 1)": [1.8347558975219727, 1.9242780208587646, 0.0, 1.4798136949539185, 1.9019668102264404, 1.5536128282546997, 1.7554594278335571], "(3, 5, 1, 1)": [1.8994014263153076, 1.887500524520874, 1.7950949668884277, 1.3048982620239258, 0.0, 0.8946357369422913, 1.650884747505188], "(3, 4, 0, 0)": [0.0, 0.0, 1.8754448890686035, 0.8742677569389343, 0.890937864780426, 0.0, 0.0], "(3, 4, 1, 1)": [1.6166315078735352, 1.9639863967895508, 1.945772409439087, 1.949225664138794, 1.9759716987609863, 1.4798219203948975, 1.8108582496643066], "(3, 3, 1, 1)": [1.8363244533538818, 1.7900102138519287, 1.9763978719711304, 1.8632490634918213, 0.0, 1.8585178852081299, 1.8743020296096802], "(3, 2, 1, 1)": [1.8351387977600098, 1.8736388683319092, 1.8547192811965942, 1.8871630430221558, 1.8095802068710327, 1.858940839767456, 1.869054913520813], "(3, 2, 2, 1)": [1.6041510105133057, 1.896798849105835, 1.5725891590118408, 1.6533180475234985, 1.903584599494934, 1.893064260482788, 1.6415138244628906], "(3, 1, 1, 1)": [1.750117540359497, 0.0, 1.6278419494628906, 1.417820930480957, 1.7707619667053223, 1.6205698251724243, 0.0], "(3, 1, 2, 1)": [1.748786211013794, 0.0, 0.8213892579078674, 1.3524497747421265, 1.2908856868743896, 0.0, 0.0], "(3, 0, 1, 1)": [-1.261303424835205, -1.2759337425231934, -1.4252382516860962, 1.5271461009979248, -1.808796763420105, -1.966871738433838, 0.0], "(2, 8, 1, 1)": [1.8959065675735474, 1.9129047393798828, 1.906247615814209, 1.8907959461212158, 1.872253656387329, 1.8718782663345337, 1.9464893341064453], "(2, 8, 2, 1)": [1.7735697031021118, 1.8034855127334595, 1.7199158668518066, 1.8546805381774902, 1.7717492580413818, 1.853914499282837, 1.857327938079834], "(2, 2, 1, 1)": [1.8710689544677734, 1.8478809595108032, 1.8890920877456665, 1.8892542123794556, 1.936663269996643, 1.8935348987579346, 1.8446687459945679], "(2, 3, 1, 1)": [1.942995548248291, 1.9250458478927612, 1.931800365447998, 1.9490861892700195, 1.9859390258789062, 1.9482942819595337, 1.9262046813964844], "(2, 1, 1, 1)": [1.8008379936218262, 1.7307217121124268, 1.7833706140518188, 1.7571452856063843, 1.8095078468322754, 1.8118362426757812, 1.8143309354782104], "(2, 1, 0, 1)": [0.47716987133026123, 0.01983928680419922, 1.58443284034729, 1.646998643875122, 1.5831570625305176, 0.8862610459327698, 1.560575008392334], "(2, 0, 0, 1)": [-1.1928796768188477, -1.0384352207183838, -1.0428717136383057, -1.8868613243103027, -1.4461660385131836, -2.7527973651885986, -1.2961437702178955], "(2, 9, 1, 1)": [1.7782315015792847, 1.7894996404647827, 1.712620496749878, 1.6936520338058472, 1.7857756614685059, 1.8056813478469849, 1.7963095903396606], "(2, 4, 1, 1)": [1.9935104846954346, 1.9954912662506104, 1.9950478076934814, 1.9923900365829468, 1.9913387298583984, 1.9974051713943481, 1.995978832244873], "(2, 5, 0, 1)": [1.9968465566635132, 1.98344886302948, 1.9938421249389648, 1.9900602102279663, 1.9920878410339355, 1.9964656829833984, 1.9945317506790161], "(2, 10, 2, 2)": [-2.722784996032715, -2.677824020385742, -2.771317958831787, -2.7127771377563477, -1.5180597305297852, -2.678433418273926, -2.8294167518615723], "(2, 4, 0, 1)": [1.9470380544662476, 1.9392246007919312, 1.9173520803451538, 1.9453201293945312, 1.9577879905700684, 1.9874886274337769, 1.9909745454788208], "(2, 3, 0, 1)": [1.8871725797653198, 1.872097134590149, 1.9177277088165283, 1.9433709383010864, 1.9461060762405396, 1.8779288530349731, 1.8984256982803345], "(2, 2, 0, 1)": [1.734992265701294, 1.7092925310134888, 1.812832236289978, 1.8157684803009033, 1.805430293083191, 1.820387840270996, 1.8492155075073242], "(2, 2, 0, 0)": [1.751786231994629, 1.7929143905639648, 1.8270658254623413, 1.8572463989257812, 1.7560772895812988, 1.7639154195785522, 1.8527339696884155], "(2, 7, 0, 1)": [1.9712411165237427, 1.975038766860962, 1.970139503479004, 1.9728977680206299, 1.9673750400543213, 1.9669700860977173, 1.9475386142730713], "(2, 1, 0, 0)": [-0.40216684341430664, 1.1431753635406494, 0.7509822845458984, 1.566171407699585, 0.312904953956604, 0.31957387924194336, 0.3202235698699951], "(2, 0, 0, 0)": [-2.690915107727051, -2.7890632152557373, -2.198808193206787, -3.1695497035980225, -2.566861152648926, -2.7483432292938232, -3.0888006687164307], "(2, 8, 0, 1)": [1.9642847776412964, 1.8959535360336304, 1.8949956893920898, 1.9249645471572876, 1.903193712234497, 1.899503469467163, 1.905876874923706], "(2, 5, 0, 0)": [1.8825805187225342, 1.7799831628799438, 1.9691871404647827, 1.9838337898254395, 1.9827417135238647, 1.9803314208984375, 1.6979875564575195], "(2, 9, 0, 1)": [1.823813557624817, 1.8377350568771362, 1.888848900794983, 1.8346318006515503, 1.8500972986221313, 1.8347059488296509, 1.8353177309036255], "(2, 9, 2, 2)": [1.6602452993392944, 0.3251030445098877, 1.5022411346435547, 0.7298198938369751, 0.8457090854644775, 0.9278353452682495, 1.3936164379119873], "(2, 10, 0, 1)": [1.7740086317062378, 1.800786018371582, 1.7245464324951172, 1.7342233657836914, 1.8210694789886475, 1.7312326431274414, 1.5050010681152344], "(2, 6, 2, 2)": [1.9182618856430054, 1.936564564704895, 1.9717243909835815, 1.9398223161697388, 1.9460551738739014, 1.9662017822265625, 1.9248852729797363],