{"q_values": {"(2, 6, 1, 1)": [1.9903491735458374, 1.999068021774292, 1.9930905103683472, 1.992398738861084, 1.9825780391693115, 1.9883317947387695, 1.9835121631622314], "(2, 6, 2, 1)": [1.9488977193832397, 1.9638382196426392, 1.9428162574768066, 1.953886866569519, 1.6750433444976807, 1.9236111640930176, 1.9670066833496094], "(2, 7, 1, 1)": [1.9178916215896606, 1.930711030960083, 1.946126937866211, 1.8708528280258179, 1.9457999467849731, 1.938720464706421, 1.9406018257141113], "(2, 6, 0, 1)": [1.997481346130371, 1.9966059923171997, 1.9928539991378784, 1.9927862882614136, 1.9851118326187134, 1.993443250656128, 1.9974498748779297], "(2, 7, 2, 1)": [1.938934326171875, 1.9398258924484253, 1.8852075338363647, 1.8884962797164917, 1.9367597103118896, 1.8861688375473022, 1.9372323751449585], "(2, 8, 2, 2)": [0.9704339504241943, 1.4058213233947754, 1.8518520593643188, 1.732291340827942, 1.832021713256836, 1.7938953638076782, 1.6939005851745605], "(2, 9, 2, 1)": [1.031227707862854, 1.6855266094207764, 1.5999788045883179, 1.6999680995941162, 0.4923962354660034, 1.6022566556930542, 1.730036973953247], "(2, 10, 2, 1)": [-1.9819715023040771, 1.456342339515686, -2.7577972412109375, -1.2909972667694092, -1.4701478481292725, 1.2718068361282349, 1.428463339805603], "(2, 10, 1, 1)": [1.6891034841537476, 1.7157135009765625, -1.0161020755767822, -2.2558138370513916, 1.7126247882843018, 1.6989507675170898, 1.4309002161026], "(2, 0, 1, 1)": [1.4085197448730469, -0.9868201017379761, -1.0039279460906982, 1.7329761981964111, 1.7158417701721191, -0.9933719635009766, 1.7728556394577026], "(2, 0, 2, 1)": [-0.9677156209945679, 1.7476812601089478, 1.7677724361419678, 1.7837927341461182, 1.8144590854644775, 1.7449367046356201, 1.8250943422317505], "(2, 1, 2, 1)": [1.841052532196045, 1.8181968927383423, 1.9094330072402954, 1.8549189567565918, 1.850063443183899, 1.8586872816085815, 1.0366957187652588], "(2, 2, 2, 1)": [1.9038116931915283, 1.934935212135315, 1.9246649742126465, 1.920132040977478, 1.9178497791290283, 1.9187623262405396, 1.9091482162475586], "(2, 3, 2, 1)": [1.9514930248260498, 1.9743441343307495, 1.9724342823028564, 1.9878336191177368, 1.9706394672393799, 1.9690486192703247, 1.9776805639266968], "(2, 4, 2, 1)": [1.9937572479248047, 1.9915060997009277, 1.9861398935317993, 1.9987690448760986, 1.9984017610549927, 1.997803807258606, 1.9941186904907227], "(2, 5, 2, 1)": [1.99785315990448, 1.997105360031128, 1.9919365644454956, 1.9882434606552124, 1.9955756664276123, 1.9859583377838135, 1.9977277517318726], "(2, 5, 1, 1)": [1.9988468885421753, 1.999574065208435, 1.9963542222976685, 1.997220516204834, 1.999333143234253, 1.9997342824935913, 1.999057412147522], "(3, 6, 2, 1)": [1.484940767288208, 1.6490758657455444, 0.0, 0.0, 0.0, 0.0, 0.898170530796051], "(3, 6, 1, 1)": [1.3022652864456177, 0.0, 0.0, 1.4798136949539185, 1.5585942268371582, 1.5536128282546997, 1.6814281940460205], "(3, 5, 1, 1)": [1.9903573989868164, 0.8997867703437805, 1.7950949668884277, 1.3048982620239258, 0.0, 0.8946357369422913, 1.650884747505188], "(3, 4, 0, 0)": [0.0, 0.0, 1.7476381063461304, 0.8742677569389343, 0.890937864780426, 0.0, 0.0], "(3, 4, 1, 1)": [1.9859994649887085, 1.0677106380462646, 1.945772409439087, 1.949225664138794, 1.9759716987609863, 1.4798219203948975, 1.8108582496643066], "(3, 3, 1, 1)": [1.8363244533538818, 1.7900102138519287, 1.912777066230774, 1.8632490634918213, 0.0, 1.8585178852081299, 1.7740635871887207], "(3, 2, 1, 1)": [1.8351387977600098, 1.567582368850708, 1.6855852603912354, 1.5838016271591187, 1.8630332946777344, 1.8634440898895264, 1.7528021335601807], "(3, 2, 2, 1)": [1.6041510105133057, 1.8125672340393066, 1.5725891590118408, 1.6533180475234985, 1.6499563455581665, 1.7841181755065918, 1.6415138244628906], "(3, 1, 1, 1)": [1.709914207458496, 0.0, 1.7534360885620117, 1.417820930480957, 1.7664833068847656, 1.6205698251724243, 0.0], "(3, 1, 2, 1)": [1.4194543361663818, 0.0, 0.8213892579078674, 1.3524497747421265, 1.2908856868743896, 0.0, 0.0], "(3, 0, 1, 1)": [-1.261303424835205, -1.2759337425231934, -1.4252382516860962, 1.5271461009979248, 1.56657874584198, -1.966871738433838, 0.0], "(2, 8, 1, 1)": [1.8871992826461792, 1.8821635246276855, 1.8915125131607056, 1.892479419708252, 1.8627493381500244, 1.8636088371276855, 1.92082679271698], "(2, 8, 2, 1)": [1.7501153945922852, 1.8898731470108032, 1.8143292665481567, 1.8396589756011963, 1.8569890260696411, 1.8133273124694824, 1.8523696660995483], "(2, 2, 1, 1)": [1.8191866874694824, 1.8729891777038574, 1.8829011917114258, 1.870375633239746, 1.9001208543777466, 1.9034743309020996, 1.8930784463882446], "(2, 3, 1, 1)": [1.951814889907837, 1.9406952857971191, 1.9410251379013062, 1.9312399625778198, 1.9429073333740234, 1.9468200206756592, 1.9464366436004639], "(2, 1, 1, 1)": [1.825703740119934, 1.7770575284957886, 1.5779547691345215, 1.8317517042160034, 1.7693952322006226, 1.7962149381637573, 1.8185398578643799], "(2, 1, 0, 1)": [1.6901259422302246, 1.8085132837295532, 1.7783149480819702, 1.7506208419799805, 1.815178632736206, 1.7728724479675293, 1.7429524660110474], "(2, 0, 0, 1)": [-1.1928796768188477, -1.050694227218628, -1.0427204370498657, -1.2001781463623047, -1.3139348030090332, -1.2886403799057007, -1.2961437702178955], "(2, 9, 1, 1)": [1.8456463813781738, 1.8498578071594238, 1.878164291381836, 1.7516051530838013, 1.8441531658172607, 1.8461503982543945, 1.836247444152832], "(2, 4, 1, 1)": [1.9741038084030151, 1.9550684690475464, 1.97891104221344, 1.9975152015686035, 1.980003833770752, 1.9781348705291748, 1.959585189819336], "(2, 5, 0, 1)": [1.9908500909805298, 1.9804179668426514, 1.98794424533844, 1.9900602102279663, 1.9866080284118652, 1.9910610914230347, 1.9753921031951904], "(2, 10, 2, 2)": [-2.722784996032715, -2.677824020385742, -1.4522958993911743, -2.06520414352417, -2.100243091583252, -2.288745641708374, -1.563417673110962], "(2, 4, 0, 1)": [1.9415382146835327, 1.9792290925979614, 1.981034755706787, 1.9722657203674316, 1.9777666330337524, 1.9796195030212402, 1.9741075038909912], "(2, 3, 0, 1)": [1.8896936178207397, 1.9151771068572998, 1.937198281288147, 1.890392780303955, 1.938042163848877, 1.9265578985214233, 1.9319874048233032], "(2, 2, 0, 1)": [1.81499183177948, 1.8615514039993286, 1.8588839769363403, 1.8782672882080078, 1.8804584741592407, 1.8980265855789185, 1.8204504251480103], "(2, 2, 0, 0)": [1.754607915878296, 1.766255259513855, 1.7271190881729126, 1.7735835313796997, 1.7560772895812988, 1.845127820968628, 1.8517134189605713], "(2, 7, 0, 1)": [1.9886267185211182, 1.9587883949279785, 1.957351565361023, 1.9689620733261108, 1.955897569656372, 1.9669700860977173, 1.9810110330581665], "(2, 1, 0, 0)": [1.3850172758102417, 1.1431753635406494, 0.34635818004608154, 0.4343299865722656, 1.756986141204834, 0.31957387924194336, 1.6808639764785767], "(2, 0, 0, 0)": [-2.690915107727051, -2.7890632152557373, -2.198808193206787, -1.3794589042663574, -2.566861152648926, 1.1166507005691528, -2.244072675704956], "(2, 8, 0, 1)": [1.9512856006622314, 1.8829275369644165, 1.913472056388855, 1.9202848672866821, 1.8980388641357422, 1.9052048921585083, 1.921240210533142], "(2, 5, 0, 0)": [1.8825805187225342, 1.7799831628799438, 1.9691871404647827, 1.9905009269714355, 1.9748979806900024, 1.974628210067749, 1.6979875564575195], "(2, 9, 0, 1)": [1.889996886253357, 1.0474449396133423, 1.811378002166748, 1.9050801992416382, 1.8575143814086914, 1.791556715965271, 1.843219518661499], "(2, 9, 2, 2)": [1.6054909229278564, 1.415035605430603, 1.7185616493225098, 0.7298198938369751, 0.8457090854644775, 1.3517751693725586, -1.8721773624420166], "(2, 10, 0, 1)": [1.7688268423080444, 1.7309582233428955, -0.9956557750701904, 1.7624233961105347, 1.716294288635254, 1.835118293762207, 1.7162322998046875], "(2, 6, 2, 2)": [1.9182618856430054, 1.936564564704895, 1.9600207805633545, 1.9088250398635864, 1.9120769500732422, 1.9180018901824951, 1.9760164022445679],