{"q_values": {"(2, 6, 1, 1)": [1.9873783588409424, 1.9928715229034424, 1.9957475662231445, 1.9902472496032715, 1.986849308013916, 1.9616363048553467, 1.9550104141235352], "(2, 6, 2, 1)": [1.9733343124389648, 1.946732997894287, 1.985859990119934, 1.9817185401916504, 1.957000732421875, 1.9516870975494385, 1.972303032875061], "(2, 7, 1, 1)": [1.967034935951233, 1.973739504814148, 1.9689743518829346, 1.9709193706512451, 1.9701038599014282, 1.9486433267593384, 1.916540265083313], "(2, 6, 0, 1)": [1.9932715892791748, 1.9980086088180542, 1.9879430532455444, 1.997703194618225, 1.9978439807891846, 1.9934839010238647, 1.9872957468032837], "(2, 7, 2, 1)": [1.928829550743103, 1.837599515914917, 1.9434552192687988, 1.9025936126708984, 1.9123764038085938, 1.9018341302871704, 1.936261773109436], "(2, 8, 2, 2)": [1.8745594024658203, 0.0, 1.7321457862854004, 1.7371492385864258, 1.7584562301635742, 1.7528278827667236, 1.751879334449768], "(2, 9, 2, 1)": [1.6932710409164429, 1.8186852931976318, 1.7828372716903687, 1.789830207824707, 0.9102281332015991, 1.81160569190979, 1.7204889059066772], "(2, 10, 2, 1)": [-1.0908334255218506, 1.3677918910980225, -1.8261895179748535, 1.654798984527588, 1.3759994506835938, 1.6589913368225098, 1.4093763828277588], "(2, 10, 1, 1)": [1.7629011869430542, -0.9913297891616821, 1.7490755319595337, 1.4500254392623901, 1.7000142335891724, -1.2727398872375488, 1.6705774068832397], "(2, 0, 1, 1)": [1.8159769773483276, 1.346863865852356, 1.767354130744934, 1.7743257284164429, 1.780315637588501, 1.7371760606765747, 1.763450026512146], "(2, 0, 2, 1)": [0.7707558274269104, 1.7056939601898193, 1.7947149276733398, 1.736152172088623, 1.7876237630844116, 1.828072428703308, 1.8342554569244385], "(2, 1, 2, 1)": [1.8472490310668945, 1.9008677005767822, 1.8454627990722656, 1.8084381818771362, 1.914374589920044, 1.8434040546417236, 1.8545459508895874], "(2, 2, 2, 1)": [1.920606017112732, 1.927612066268921, 1.908682107925415, 1.9224021434783936, 1.9167834520339966, 1.9299662113189697, 1.929715871810913], "(2, 3, 2, 1)": [1.9613192081451416, 1.974987268447876, 1.9618895053863525, 1.9656624794006348, 1.9670499563217163, 1.9685949087142944, 1.9718074798583984], "(2, 4, 2, 1)": [1.996538758277893, 1.9942400455474854, 1.9993442296981812, 1.9965524673461914, 1.9962791204452515, 1.9947012662887573, 1.9981250762939453], "(2, 5, 2, 1)": [1.9990702867507935, 1.9989112615585327, 1.9989044666290283, 1.9855276346206665, 1.997879981994629, 1.9994237422943115, 1.9994887113571167], "(2, 5, 1, 1)": [1.9959259033203125, 1.9980459213256836, 1.997936487197876, 1.9972516298294067, 1.9979782104492188, 1.9981279373168945, 1.9864017963409424], "(3, 6, 2, 1)": [1.484940767288208, 0.0, 0.0, 0.0, 0.0, 0.0, 0.898170530796051], "(3, 6, 1, 1)": [1.3022652864456177, 0.0, 0.0, 0.0, 0.0, 0.0, 0.8994478583335876], "(3, 5, 1, 1)": [1.71579909324646, 0.8997867703437805, 0.0, 1.3048982620239258, 0.0, 0.8946357369422913, 0.0], "(3, 4, 0, 0)": [0.0, 0.0, 1.7476381063461304, 0.8742677569389343, 0.890937864780426, 0.0, 0.0], "(3, 4, 1, 1)": [1.9691272974014282, 1.7825151681900024, 1.6854112148284912, 1.9229555130004883, 1.9534218311309814, 1.4798219203948975, 1.8108582496643066], "(3, 3, 1, 1)": [0.860880434513092, 1.0332698822021484, 1.7343783378601074, 1.8632490634918213, 0.0, 1.941458821296692, 1.7740635871887207], "(3, 2, 1, 1)": [1.7460098266601562, 1.567582368850708, 1.7998991012573242, 1.5838016271591187, 1.5090445280075073, 1.7635669708251953, 1.7528021335601807], "(3, 2, 2, 1)": [1.6041510105133057, 1.8125672340393066, 1.5725891590118408, 1.6533180475234985, 1.6499563455581665, 1.8388248682022095, 1.6415138244628906], "(3, 1, 1, 1)": [1.181549072265625, 0.0, 1.3105298280715942, 1.417820930480957, 1.4985096454620361, 0.8223940134048462, 0.0], "(3, 1, 2, 1)": [1.4194543361663818, 0.0, 0.8213892579078674, 1.3524497747421265, 1.2908856868743896, 0.0, 0.0], "(3, 0, 1, 1)": [0.0, -1.2759337425231934, -1.4567058086395264, 1.5271461009979248, -1.6170566082000732, -1.966871738433838, 0.0], "(2, 8, 1, 1)": [1.9468023777008057, 1.8267165422439575, 1.9173190593719482, 1.8921059370040894, 1.9340920448303223, 1.889398217201233, 1.8103084564208984], "(2, 8, 2, 1)": [1.8161338567733765, 1.8825271129608154, 1.8791687488555908, 1.8816115856170654, 1.8920575380325317, 1.8568553924560547, 1.8670297861099243], "(2, 2, 1, 1)": [1.8996127843856812, 1.9017698764801025, 1.8965929746627808, 1.8975433111190796, 1.861010193824768, 1.8855886459350586, 1.9104437828063965], "(2, 3, 1, 1)": [1.9307456016540527, 1.954162836074829, 1.9538607597351074, 1.9585028886795044, 1.9512368440628052, 1.9473735094070435, 1.926413893699646], "(2, 1, 1, 1)": [1.7868560552597046, 1.843282699584961, 1.8457828760147095, 1.780827522277832, 1.831238865852356, 1.884352207183838, 1.8476839065551758], "(2, 1, 0, 1)": [1.7862193584442139, 1.7697744369506836, 1.7434431314468384, 1.7923601865768433, 1.8052903413772583, 1.5840704441070557, 1.7875648736953735], "(2, 0, 0, 1)": [-1.0625371932983398, 1.5644993782043457, -1.5357506275177002, -1.116811752319336, 1.3386740684509277, 1.4480758905410767, 1.4020581245422363], "(2, 9, 1, 1)": [1.8187694549560547, 1.8040032386779785, 1.7993556261062622, 1.8182435035705566, 1.8245922327041626, 1.7473293542861938, 1.791348934173584], "(2, 4, 1, 1)": [1.9884767532348633, 1.9970718622207642, 1.9759124517440796, 1.9919257164001465, 1.990772008895874, 1.9963226318359375, 1.9928070306777954], "(2, 5, 0, 1)": [1.0960215330123901, 1.9989478588104248, 1.9982922077178955, 1.9916093349456787, 1.9878102540969849, 1.9957674741744995, 1.9963152408599854], "(2, 10, 2, 2)": [-1.346968412399292, -1.9839164018630981, -1.9638649225234985, 0.0, -1.2743860483169556, 0.0, -2.20296573638916], "(2, 4, 0, 1)": [1.9822616577148438, 1.9853190183639526, 1.9536727666854858, 1.9787015914916992, 1.982319712638855, 1.9502202272415161, 1.9756922721862793], "(2, 3, 0, 1)": [1.911072850227356, 1.901258111000061, 1.9367382526397705, 1.9396772384643555, 1.9076515436172485, 1.9344416856765747, 1.892956018447876], "(2, 2, 0, 1)": [1.8659929037094116, 1.8590080738067627, 1.858464241027832, 1.8857659101486206, 1.903225302696228, 1.8846817016601562, 1.8257907629013062], "(2, 2, 0, 0)": [1.5574356317520142, 1.8056135177612305, 0.9530389904975891, 1.781740427017212, 1.7803497314453125, 1.5962791442871094, 1.7806813716888428], "(2, 7, 0, 1)": [1.9614934921264648, 1.9726377725601196, 1.9754656553268433, 1.967721939086914, 1.9591039419174194, 1.9865015745162964, 1.976285457611084], "(2, 1, 0, 0)": [1.5193510055541992, 0.4425417184829712, 1.7324557304382324, 1.6133818626403809, 1.6606558561325073, 1.6409354209899902, 1.7304199934005737], "(2, 0, 0, 0)": [-1.0847913026809692, -1.981907606124878, -2.198808193206787, -1.9860416650772095, -1.3478771448135376, -1.428328514099121, -2.559664011001587], "(2, 8, 0, 1)": [1.8631126880645752, 1.9289439916610718, 1.965575933456421, 1.937830924987793, 1.923878788948059, 1.9264158010482788, 1.909806251525879], "(2, 5, 0, 0)": [1.6993372440338135, 0.0, 1.9862871170043945, 1.985076665878296, 1.9631268978118896, 0.0, 1.6979875564575195], "(2, 9, 0, 1)": [1.8203165531158447, 1.826150894165039, 1.8240797519683838, 1.848443627357483, 1.8309986591339111, 1.8288822174072266, 1.8238004446029663], "(2, 9, 2, 2)": [1.6727018356323242, 1.611889362335205, 0.9024909734725952, 1.6687743663787842, -1.786920189857483, 0.9160297513008118, 1.3023325204849243], "(2, 10, 0, 1)": [1.7683250904083252, 1.7488564252853394, 1.7565842866897583, 1.7577402591705322, 1.77129065990448, 1.7819770574569702, 1.7210417985916138], "(2, 6, 2, 2)": [1.6612025499343872, 1.6870907545089722, 1.777691125869751, 1.885303258895874, 1.932702898979187, 1.753007173538208, 0.0], "(2, 3, 0, 0)": [1.6420819759368896, 1.8793619871139526, 1.9007428884506226, 1.9279528856277466, 1.613540768623352, 1.9369206428527832, 0.0], "(2, 2, 3, 2)": [0.0, 0.0, 0.0, 0.0, 0.0, 1.7229855060577393, 0.0], "(2, 2, 3, 1)": [0.0, 0.8812732100486755, 0.0, 0.0, 0.0, 0.0, 0.0],