{"q_values": {"(2, 6, 1, 1)": [0.1951080858707428, 0.19353851675987244, 0.19348075985908508, 0.41514649987220764, 0.34761691093444824, 0.10243768990039825, 0.35370030999183655], "(2, 6, 2, 1)": [0.0986088290810585, 0.0, 0.09839922189712524, 0.0, 0.0, 0.0, 0.0], "(2, 7, 1, 1)": [0.1880699098110199, 0.10064666718244553, 0.0, 0.2679286301136017, 0.0, 0.18988707661628723, 0.2659177780151367], "(2, 6, 0, 1)": [0.0, 0.0, 0.0, 0.10239465534687042, 0.0, 0.0, 0.0], "(2, 7, 2, 1)": [0.0, 0.0, 0.0, 0.0, 0.0, 0.18232399225234985, 0.0], "(2, 8, 2, 2)": [0.09126762300729752, 0.0, 0.0, 0.0, 0.08939682692289352, 0.0, 0.0], "(2, 9, 2, 1)": [0.0, 0.16503310203552246, 0.0, 0.0, 0.0, 0.0, 0.0], "(2, 10, 2, 1)": [0.0, 0.0, 0.0, 0.08496751636266708, 0.0, 0.0, 0.0], "(2, 10, 1, 1)": [0.0841098353266716, 0.0, 0.0, 0.0, 0.08420465886592865, 0.0, -0.21722249686717987]}}