{"q_values": {"(2, 6, 1, 1)": [1.0983366966247559, 1.1052128076553345, 1.101493239402771, 1.1018155813217163, 1.1014996767044067, 1.100594162940979, 1.1020013093948364], "(2, 6, 2, 1)": [1.041831612586975, 1.0929381847381592, 1.0189812183380127, 0.986437201499939, 0.9743822813034058, 1.0396872758865356, 0.9930222630500793], "(2, 7, 1, 1)": [1.0864337682724, 1.0906956195831299, 1.083588719367981, 1.0857226848602295, 1.085411787033081, 1.0787572860717773, 1.0785719156265259], "(2, 6, 0, 1)": [1.028386116027832, 0.9466578960418701, 1.1013734340667725, 1.044899582862854, 1.0106531381607056, 1.0240222215652466, 0.9588096141815186], "(2, 7, 2, 1)": [1.0756921768188477, 0.8844107389450073, 0.896178662776947, 0.9604052305221558, 0.9011744856834412, 0.8856680393218994, 0.9021853804588318], "(2, 8, 2, 2)": [0.603365957736969, 0.1826075166463852, 0.3317161500453949, 0.337007075548172, 0.3261486887931824, 0.32989296317100525, 0.38235241174697876], "(2, 9, 2, 1)": [0.9318337440490723, 0.8210071325302124, 0.6166722178459167, 0.7672826647758484, 0.5955308675765991, 0.7974632382392883, 0.7468368411064148], "(2, 10, 2, 1)": [-0.3828575015068054, -0.14796492457389832, -0.16672399640083313, -0.3525090217590332, -0.5393574833869934, -0.29418665170669556, -0.30244290828704834], "(2, 10, 1, 1)": [0.6217095851898193, 0.4953663945198059, 0.5728453397750854, 0.5304061770439148, 0.5371487140655518, 0.22459274530410767, 0.07229054719209671], "(2, 0, 1, 1)": [0.6112074851989746, 0.33727115392684937, 0.3920769989490509, -0.251981645822525, 0.9123662114143372, 0.5153384804725647, 0.4665071666240692], "(2, 0, 2, 1)": [0.5675173401832581, 0.9171329736709595, 0.5763732194900513, 0.4948405623435974, 0.38843655586242676, 0.7153640389442444, 0.6659919619560242], "(2, 1, 2, 1)": [0.8947820067405701, 0.9219638109207153, 0.8691710233688354, 0.9487370848655701, 0.9304383993148804, 0.8375657796859741, 1.0242024660110474], "(2, 2, 2, 1)": [0.9358962774276733, 0.908549427986145, 0.9500346779823303, 0.9458224773406982, 0.9953579902648926, 1.0069631338119507, 1.0567595958709717], "(2, 3, 2, 1)": [0.9827678203582764, 0.9917542934417725, 0.8828754425048828, 1.0901540517807007, 0.9170199632644653, 0.8800507187843323, 1.02816641330719], "(2, 4, 2, 1)": [0.9932056665420532, 0.9776027798652649, 0.9658553004264832, 1.0370228290557861, 1.103803277015686, 0.9639832973480225, 1.0375384092330933], "(2, 5, 2, 1)": [0.9856956005096436, 1.03749418258667, 1.099643349647522, 1.055059552192688, 0.9402737617492676, 1.0182255506515503, 1.0712754726409912], "(2, 5, 1, 1)": [1.1092466115951538, 1.1094298362731934, 1.1086056232452393, 1.1096446514129639, 1.1097757816314697, 1.1092149019241333, 1.1085090637207031], "(3, 6, 2, 1)": [0.273228257894516, 0.19200527667999268, 0.0, 0.10258462280035019, 0.0, 0.10233815014362335, 0.2738426923751831], "(3, 6, 1, 1)": [0.27518001198768616, 0.19336320459842682, 0.0, 0.10268141329288483, 0.0, 0.1979285478591919, 0.09993865340948105], "(3, 5, 1, 1)": [0.4181343913078308, 0.3522591292858124, 0.3492518365383148, 0.27573487162590027, 0.0, 0.09940396994352341, 0.1018465906381607], "(3, 4, 0, 0)": [0.0, 0.098333939909935, 0.0, 0.0, 0.18788018822669983, 0.0, 0.0], "(3, 4, 1, 1)": [0.19206386804580688, 0.5256147980690002, 0.27172669768333435, 0.3443858325481415, 0.19036462903022766, 0.10030093044042587, 0.18885046243667603], "(3, 3, 1, 1)": [0.3391418755054474, 0.09944505244493484, 0.337554931640625, 0.4650176465511322, 0.0, 0.26884740591049194, 0.09988096356391907], "(3, 2, 1, 1)": [0.3259865939617157, 0.0, 0.39402663707733154, 0.09598322957754135, 0.33312714099884033, 0.3875272274017334, 0.1777982860803604], "(3, 2, 2, 1)": [0.09736720472574234, 0.0970185250043869, 0.33161625266075134, 0.18506944179534912, 0.18527495861053467, 0.0, 0.0], "(3, 1, 1, 1)": [0.17085647583007812, 0.2396460771560669, 0.24705186486244202, 0.25051164627075195, 0.5194606781005859, 0.3164651095867157, 0.3075889050960541], "(3, 1, 2, 1)": [0.32106390595436096, 0.4393918216228485, 0.490089476108551, 0.31495848298072815, 0.31856977939605713, 0.1789192259311676, 0.3245916962623596], "(3, 0, 1, 1)": [0.0, 0.08473055064678192, -0.06949833035469055, 0.4030822813510895, -0.16836562752723694, -0.13641181588172913, -0.011239014565944672], "(2, 8, 1, 1)": [1.0435811281204224, 1.0410836935043335, 1.0417307615280151, 1.047059178352356, 1.0383225679397583, 1.0435166358947754, 1.037294864654541], "(2, 8, 2, 1)": [0.8901351094245911, 0.8545774221420288, 0.7613387703895569, 0.9964296817779541, 0.7295678853988647, 0.7774543762207031, 0.8220915198326111], "(2, 2, 1, 1)": [1.0419660806655884, 1.0416232347488403, 1.0491384267807007, 1.0488420724868774, 1.0492905378341675, 1.048672080039978, 1.0489686727523804], "(2, 3, 1, 1)": [1.0788624286651611, 1.081476092338562, 1.0815199613571167, 1.079770565032959, 1.0750346183776855, 1.0798043012619019, 1.0820319652557373], "(2, 1, 1, 1)": [0.9783084392547607, 0.9895458221435547, 0.9892415404319763, 0.988248348236084, 0.9900305867195129, 0.992871880531311, 0.9793850183486938], "(2, 1, 0, 1)": [0.9206425547599792, 0.7832063436508179, 0.7795975804328918, 0.8898105621337891, 0.8093395233154297, 0.8621602058410645, 0.7624338865280151], "(2, 0, 0, 1)": [-1.3629957437515259, -0.4585273265838623, -0.6482229828834534, -0.7169338464736938, -0.48421770334243774, -0.5056732892990112, -0.06619268655776978], "(2, 9, 1, 1)": [0.9969533681869507, 0.9942119121551514, 0.9867646098136902, 0.9972410798072815, 0.9899963736534119, 0.9773514866828918, 0.9915107488632202], "(2, 4, 1, 1)": [1.1022136211395264, 1.1040488481521606, 1.1016054153442383, 1.1003378629684448, 1.103592872619629, 1.1017489433288574, 1.1033692359924316], "(2, 5, 0, 1)": [1.030011534690857, 1.0688354969024658, 1.0470026731491089, 0.9650580286979675, 0.9718114733695984, 1.0215237140655518, 1.10080087184906], "(2, 10, 2, 2)": [-0.2184395045042038, -0.41737431287765503, -0.41992008686065674, -0.3409886658191681, -0.41658008098602295, -0.11403684318065643, -0.4205726683139801], "(2, 4, 0, 1)": [1.033431887626648, 1.022051215171814, 0.9870226979255676, 1.0904972553253174, 1.0165715217590332, 1.0358190536499023, 1.0552361011505127], "(2, 3, 0, 1)": [1.0113340616226196, 0.960453987121582, 0.9533711671829224, 0.968169629573822, 0.9904848337173462, 1.0684534311294556, 0.858385443687439], "(2, 2, 0, 1)": [0.9280011653900146, 0.9205226302146912, 0.8738812208175659, 0.894661009311676, 1.0215237140655518, 0.8594819903373718, 0.9476175904273987], "(2, 2, 0, 0)": [0.2611114978790283, 0.832783579826355, 0.17256787419319153, 0.26588210463523865, 0.1805606633424759, 0.39187559485435486, 0.3260401785373688], "(2, 7, 0, 1)": [0.9390618205070496, 0.9131057262420654, 0.9545185565948486, 1.0720559358596802, 0.8916011452674866, 0.8771148324012756, 0.9489938020706177], "(2, 1, 0, 0)": [0.26744550466537476, 0.13015514612197876, -0.003465317189693451, 0.15720874071121216, 0.33851802349090576, 0.13618752360343933, 0.30924034118652344], "(2, 0, 0, 0)": [-0.19402828812599182, -0.22073614597320557, -0.32030990719795227, -0.22067129611968994, -0.4124569296836853, -0.8981600403785706, -0.8892810940742493], "(2, 8, 0, 1)": [0.9138111472129822, 0.8723469376564026, 1.0281070470809937, 0.8905496001243591, 0.7427252531051636, 0.8066800832748413, 0.7070425748825073], "(2, 5, 0, 0)": [0.0, 0.20576782524585724, 0.430517315864563, 0.10100485384464264, 0.7620700597763062, 0.3809012174606323, 0.20303994417190552], "(2, 9, 0, 1)": [0.8633888959884644, 0.8544164299964905, 0.8304883241653442, 0.798903226852417, 0.988401472568512, 0.8249905109405518, 0.9515988826751709], "(2, 7, 0, 0)": [0.10156432539224625, 0.0, 0.10212278366088867, 0.0986911877989769, 0.10928801447153091, 0.0, 0.0], "(2, 6, 0, 0)": [0.1059848815202713, 0.10637561231851578, 0.11099670082330704, 0.1964256763458252, 0.49164795875549316, 0.0, 0.10472144931554794], "(1, 4, 0, 1)": [0.0, 0.0, 0.0, 0.4788174629211426, 0.10069779306650162, 0.269885778427124, 0.0],