{"q_values": {"(2, 5, 2, 2)": [0.018994338810443878, 0.01923443377017975, 0.019194476306438446, 0.019152218475937843, 0.01916981302201748], "(2, 5, 3, 3)": [0.019173836335539818, 0.019044850021600723, 0.018647408112883568, 0.018558982759714127, 0.018808672204613686], "(2, 5, 3, 4)": [0.018316561356186867, 0.01678149588406086, 0.011729092337191105, 0.017337312921881676, 0.01772112026810646], "(2, 5, 2, 3)": [0.018202537670731544, 0.017932096496224403, 0.01800152100622654, 0.01713579148054123, 0.0173154566437006], "(2, 5, 3, 5)": [0.01162662822753191, 0.012891995720565319, 0.010629313997924328, 0.006194958463311195, 0.007010015193372965], "(2, 4, 2, 2)": [0.0189964696764946, 0.019160332158207893, 0.019011076539754868, 0.018741343170404434, 0.018645107746124268], "(2, 4, 3, 3)": [0.018993936479091644, 0.019048549234867096, 0.01905491016805172, 0.019114673137664795, 0.019035499542951584], "(2, 4, 3, 4)": [0.018712718039751053, 0.01916654035449028, 0.019261881709098816, 0.0191063042730093, 0.01910294033586979], "(2, 4, 4, 4)": [0.01909266598522663, 0.01906661130487919, 0.019012529402971268, 0.019093237817287445, 0.01888350583612919], "(2, 4, 3, 2)": [0.018410472199320793, 0.01864665374159813, 0.01672082021832466, 0.016357945278286934, 0.018515830859541893], "(2, 4, 2, 1)": [0.016699764877557755, 0.016422268003225327, 0.018299514427781105, 0.018251067027449608, 0.016213228926062584], "(2, 4, 1, 0)": [0.017654448747634888, 0.01673957332968712, 0.016394639387726784, 0.011177060194313526, 0.01621561497449875], "(2, 4, 2, 0)": [0.00950649194419384, 0.013543998822569847, 0.012277019210159779, 0.011299967765808105, 0.011240370571613312], "(2, 5, 4, 5)": [0.01711573451757431, 0.010690690949559212, 0.012133021838963032, 0.015797661617398262, 0.009897594340145588], "(2, 5, 4, 6)": [0.007870200090110302, 0.012020261958241463, 0.008207201957702637, 0.008353574201464653, 0.011313989758491516], "(2, 4, 1, 1)": [0.018679168075323105, 0.01902656815946102, 0.018995655700564384, 0.018344510346651077, 0.019051479175686836], "(2, 5, 1, 2)": [0.016278188675642014, 0.018180521205067635, 0.013692241162061691, 0.01810753159224987, 0.018481992185115814], "(2, 5, 1, 1)": [0.019230099394917488, 0.01925080642104149, 0.019110051915049553, 0.019159739837050438, 0.019174110144376755], "(2, 5, 0, 1)": [0.018297821283340454, 0.018779614940285683, 0.01763598434627056, 0.01797696389257908, 0.018271587789058685], "(2, 5, 2, 4)": [0.008565721102058887, 0.013721792958676815, 0.010912345722317696, 0.009029252454638481, 0.00988246500492096], "(2, 4, 2, 3)": [0.019427601248025894, 0.019324254244565964, 0.019424768164753914, 0.019415730610489845, 0.019460678100585938], "(2, 4, 0, 0)": [0.017763186246156693, 0.017899326980113983, 0.017872948199510574, 0.015116920694708824, 0.015516192652285099], "(2, 4, 3, 1)": [0.011510415002703667, 0.013331139460206032, 0.012679082341492176, 0.0157907884567976, 0.010565071366727352], "(2, 4, 4, 3)": [0.018005680292844772, 0.017355965450406075, 0.018082519993185997, 0.017038540914654732, 0.018486957997083664], "(2, 4, 5, 4)": [0.004796723369508982, 0.0022386768832802773, 0.006549758370965719, 0.0030090203508734703, 0.005895863752812147], "(3, 4, 4, 3)": [0.003974499646574259, 0.009776652790606022, 0.005280111450701952, 0.0041265906766057014, 0.005280437879264355], "(3, 4, 3, 2)": [0.012908311560750008, 0.010727260261774063, 0.014058356173336506, 0.011019102297723293, 0.009976235218346119], "(3, 4, 3, 1)": [0.0051141902804374695, 0.005999709013849497, 0.007821666076779366, 0.00583398062735796, 0.007722597569227219], "(3, 4, 4, 2)": [0.005116958171129227, 0.0028432123363018036, 0.0012077351566404104, 0.00604723347350955, 0.002507320139557123], "(3, 4, 2, 0)": [0.003805722575634718, 0.00859252642840147, 0.007110451348125935, 0.005320759490132332, 0.010370716452598572], "(3, 4, 3, 0)": [0.0, 0.0, 0.002405444160103798, -0.0020559136755764484, 0.0011802474036812782], "(2, 5, 2, 1)": [0.019111091271042824, 0.019447775557637215, 0.01917385682463646, 0.01938164420425892, 0.01926296390593052], "(2, 5, 1, 0)": [0.01942669227719307, 0.01928074285387993, 0.019419897347688675, 0.019508522003889084, 0.019467772915959358], "(2, 4, 0, -1)": [0.007553086616098881, 0.009740188717842102, 0.004695477895438671, 0.014591692946851254, 0.01021653413772583], "(2, 4, 4, 5)": [0.01799197867512703, 0.017223022878170013, 0.018159110099077225, 0.01739306002855301, 0.01736324094235897], "(2, 5, 4, 4)": [0.017352020367980003, 0.0163124967366457, 0.01828484795987606, 0.017673969268798828, 0.016226941719651222], "(2, 5, 3, 2)": [0.018244881182909012, 0.01799408718943596, 0.016342002898454666, 0.01851467974483967, 0.018934620544314384], "(3, 5, 3, 3)": [0.009782454930245876, 0.01385022047907114, 0.012043292634189129, 0.00960840005427599, 0.011579928919672966], "(3, 5, 3, 2)": [0.006090797949582338, 0.009796605445444584, 0.006457172334194183, 0.006079788785427809, 0.01130784023553133], "(3, 5, 2, 2)": [0.011958533897995949, 0.014986293390393257, 0.012578578665852547, 0.012152268551290035, 0.012026054784655571], "(3, 5, 2, 1)": [0.006747228093445301, 0.006022978574037552, 0.005946775898337364, 0.013834785670042038, 0.005074597895145416], "(3, 5, 4, 4)": [0.006307229865342379, 0.012885810807347298, 0.008019352331757545, 0.010410345159471035, 0.006379201076924801], "(3, 5, 3, 4)": [0.0030261273495852947, 0.0027074578683823347, 0.003006187966093421, 0.001507788198068738, 0.0080442288890481], "(3, 5, 2, 3)": [0.01083713211119175, 0.005203253589570522, 0.0034931059926748276, 0.003813931718468666, 0.004941895604133606], "(3, 5, 1, 1)": [0.008533039130270481, 0.012283749878406525, 0.010450844652950764, 0.009336557239294052, 0.008718221448361874], "(3, 5, 1, 2)": [0.004002854693681002, 0.0018929250072687864, 0.00417057191953063, 0.0021836156956851482, 0.0029878802597522736], "(3, 5, 2, 4)": [0.0, 0.0, 0.0, 0.001003857352770865, 0.0], "(3, 5, 0, 1)": [0.0008785214158706367, 0.0, 0.0008917867089621723, 0.0, 0.0], "(2, 5, 0, 0)": [0.018451059237122536, 0.019021499902009964, 0.01832396350800991, 0.019239051267504692, 0.019071221351623535], "(2, 5, 1, 3)": [0.013257390819489956, 0.011622355319559574, 0.013560394756495953, 0.011139929294586182, 0.012245955877006054], "(2, 5, 0, 2)": [0.00712973065674305, 0.004488586448132992, 0.007400266360491514, 0.006513663101941347, 0.006420999765396118], "(2, 5, 2, 5)": [0.0, 0.0008827727288007736, 0.00023016438353806734, 0.0, 0.0009372513741254807], "(2, 4, 0, -2)": [-0.0021389001049101353, -0.0005311467684805393, -0.0010397355072200298, -0.0005466483999043703, 0.001555176917463541], "(2, 4, -1, -2)": [-0.00020711671095341444, 0.0008491654880344868, 0.0, 0.0, -0.0012600021436810493], "(2, 4, 1, 2)": [0.01847759075462818, 0.01784091256558895, 0.017767632380127907, 0.01795286126434803, 0.01762600615620613], "(1, 4, 0, -2)": [0.0, -0.0021883829031139612, 0.0, 0.0, 0.0], "(1, 4, 0, -1)": [0.003451043739914894, -0.0009259701473638415, 0.0, 0.0004552325699478388, -0.0016929995035752654], "(1, 5, 0, 0)": [0.0013576046330854297, 0.003160124411806464, 0.005003429017961025, 0.004448357038199902, 0.0059957909397780895], "(1, 5, 1, 1)": [0.004649652633816004, 0.0033259945921599865, 0.0020592682994902134, 0.005785933695733547, 0.006412270944565535], "(1, 5, 0, 1)": [0.009211010299623013, 0.004816380795091391, 0.0032149101607501507, 0.0, 0.004866060335189104], "(1, 5, 1, 2)": [0.006299998611211777, 0.004049596842378378, 0.004958303179591894, 0.010856167413294315, 0.00585832167416811], "(1, 5, 2, 3)": [0.00693143904209137, 0.004004601389169693, 0.004521552938967943, 0.0075326720252633095, 0.006798700429499149], "(1, 5, 2, 4)": [0.003570264670997858, 0.001643071067519486, 0.006351517979055643, 0.00908525288105011, 0.002071910770609975], "(1, 5, 3, 5)": [0.003888265462592244, 0.007726240437477827, 0.0038585765287280083, 0.00026987865567207336, 0.004026664886623621],