{"q_values": {"(2, 5, 2, 2)": [0.019898464903235435, 0.019903630018234253, 0.01961948163807392, 0.01990332640707493, 0.019935255870223045], "(2, 5, 3, 3)": [0.019211003556847572, 0.017012691125273705, 0.019646352156996727, 0.01641886495053768, 0.018646512180566788], "(2, 5, 3, 4)": [0.01637451723217964, 0.016125690191984177, 0.016821550205349922, 0.015758708119392395, 0.014902820810675621], "(2, 5, 2, 3)": [0.017083194106817245, 0.016519419848918915, 0.017618395388126373, 0.019336173310875893, 0.019595462828874588], "(2, 5, 3, 5)": [0.006400248035788536, 0.013240323401987553, 0.016568128019571304, 0.0056509170681238174, 0.010735152289271355], "(2, 4, 2, 2)": [0.019944429397583008, 0.019647564738988876, 0.019970133900642395, 0.019977139309048653, 0.019955046474933624], "(2, 4, 3, 3)": [0.019930783659219742, 0.019928116351366043, 0.019931849092245102, 0.019946474581956863, 0.019834216684103012], "(2, 4, 3, 4)": [0.01924980990588665, 0.01948811486363411, 0.019782889634370804, 0.019705932587385178, 0.01945299282670021], "(2, 4, 4, 4)": [0.019307710230350494, 0.019813699647784233, 0.01934274099767208, 0.019702963531017303, 0.019712433218955994], "(2, 4, 3, 2)": [0.01973467320203781, 0.01983468234539032, 0.019937235862016678, 0.019922053441405296, 0.019855881109833717], "(2, 4, 2, 1)": [0.019056618213653564, 0.019756445661187172, 0.01964300125837326, 0.01842159777879715, 0.01979251205921173], "(2, 4, 1, 0)": [0.014844794757664204, 0.019710637629032135, 0.016519315540790558, 0.01809803582727909, 0.018202684819698334], "(2, 4, 2, 0)": [0.00993095338344574, 0.017146088182926178, 0.009865895844995975, 0.01601426489651203, 0.015104878693819046], "(2, 5, 4, 5)": [0.018647944554686546, 0.017283504828810692, 0.01746727153658867, 0.011667361482977867, 0.01649550162255764], "(2, 5, 4, 6)": [0.011745668947696686, 0.014190685003995895, 0.010131320916116238, 0.01294923946261406, 0.011234172619879246], "(2, 4, 1, 1)": [0.019092760980129242, 0.01769772358238697, 0.0193803571164608, 0.01945941522717476, 0.01968519017100334], "(2, 5, 1, 2)": [0.01948380097746849, 0.01964157074689865, 0.019191225990653038, 0.019747477024793625, 0.019729357212781906], "(2, 5, 1, 1)": [0.019945837557315826, 0.019937623292207718, 0.019898399710655212, 0.01983661763370037, 0.019945530220866203], "(2, 5, 0, 1)": [0.019556712359189987, 0.019742608070373535, 0.019122879952192307, 0.019386066123843193, 0.019374215975403786], "(2, 5, 2, 4)": [0.01512342132627964, 0.01364815328270197, 0.011221973225474358, 0.011192208155989647, 0.016585417091846466], "(2, 4, 2, 3)": [0.019936662167310715, 0.019869087263941765, 0.019894586876034737, 0.019927365705370903, 0.019949398934841156], "(2, 4, 0, 0)": [0.01637379638850689, 0.018390236422419548, 0.01605992205440998, 0.017896492034196854, 0.01897069253027439], "(2, 4, 3, 1)": [0.012312749400734901, 0.014961172826588154, 0.01550922729074955, 0.016603073105216026, 0.017813842743635178], "(2, 4, 4, 3)": [0.019170524552464485, 0.018975533545017242, 0.01953156664967537, 0.019407691434025764, 0.019148841500282288], "(2, 4, 5, 4)": [0.0067924633622169495, 0.005910017527639866, 0.012301023118197918, 0.0037259727250784636, 0.007811113726347685], "(3, 4, 4, 3)": [0.008410623297095299, 0.01355035975575447, 0.005733128171414137, 0.005055384244769812, 0.005075802560895681], "(3, 4, 3, 2)": [0.010378219187259674, 0.015584936365485191, 0.017230018973350525, 0.013008755631744862, 0.012346582487225533], "(3, 4, 3, 1)": [0.009818709455430508, 0.011421114206314087, 0.0117538683116436, 0.014516035094857216, 0.013009496033191681], "(3, 4, 4, 2)": [0.00807490386068821, 0.011459301225841045, 0.007748372852802277, 0.01463630422949791, 0.002763201016932726], "(3, 4, 2, 0)": [0.010612200945615768, 0.007255671080201864, 0.011261087842285633, 0.011141659691929817, 0.012485602870583534], "(3, 4, 3, 0)": [0.0010732683585956693, 0.003211931325495243, 0.0026647287886589766, 0.0011605964973568916, 0.002763328142464161], "(2, 5, 2, 1)": [0.019964993000030518, 0.019900986924767494, 0.019945554435253143, 0.019950607791543007, 0.01984366774559021], "(2, 5, 1, 0)": [0.01986299268901348, 0.019931264221668243, 0.019881639629602432, 0.019865170121192932, 0.019900303333997726], "(2, 4, 0, -1)": [0.012683570384979248, 0.011171945370733738, 0.01032984908670187, 0.013225922361016273, 0.012820516712963581], "(2, 4, 4, 5)": [0.019325360655784607, 0.018208300694823265, 0.018735403195023537, 0.018754320219159126, 0.018587879836559296], "(2, 5, 4, 4)": [0.019406165927648544, 0.019169112667441368, 0.018661774694919586, 0.018843024969100952, 0.019333017989993095], "(2, 5, 3, 2)": [0.01954364962875843, 0.018912136554718018, 0.016772791743278503, 0.0196696687489748, 0.018936747685074806], "(3, 5, 3, 3)": [0.014952965080738068, 0.014378239400684834, 0.017455682158470154, 0.014156567864120007, 0.013177351094782352], "(3, 5, 3, 2)": [0.012823676690459251, 0.01230244617909193, 0.007839711382985115, 0.010327751748263836, 0.014364206232130527], "(3, 5, 2, 2)": [0.016453498974442482, 0.014696614816784859, 0.013931292109191418, 0.011991584673523903, 0.0144971814006567], "(3, 5, 2, 1)": [0.010968518443405628, 0.008153497241437435, 0.014609187841415405, 0.008103889413177967, 0.00975459348410368], "(3, 5, 4, 4)": [0.009598019532859325, 0.011470871977508068, 0.016526956111192703, 0.013031313195824623, 0.012939217500388622], "(3, 5, 3, 4)": [0.009664462879300117, 0.007277084048837423, 0.008869949728250504, 0.005172864533960819, 0.011123554781079292], "(3, 5, 2, 3)": [0.011547047644853592, 0.003830720204859972, 0.007752547971904278, 0.005820645950734615, 0.0016485261730849743], "(3, 5, 1, 1)": [0.007939050905406475, 0.007587118539959192, 0.009801218286156654, 0.006942469626665115, 0.013396736234426498], "(3, 5, 1, 2)": [0.005035425536334515, 0.004359017126262188, 0.007048026192933321, 0.0041988384909927845, 0.00611523725092411], "(3, 5, 2, 4)": [0.0, 0.0, 0.0, 0.0011530317133292556, 0.0], "(3, 5, 0, 1)": [0.0021805081050843, 0.001280508004128933, 0.0010000000474974513, 0.0, 0.0012426400789991021], "(2, 5, 0, 0)": [0.019542837515473366, 0.01931423880159855, 0.01990867406129837, 0.0197218619287014, 0.019019724801182747], "(2, 5, 1, 3)": [0.016404060646891594, 0.014532702974975109, 0.01588832400739193, 0.011950756423175335, 0.013465946540236473], "(2, 5, 0, 2)": [0.009205159731209278, 0.009638967923820019, 0.012270824983716011, 0.01614932157099247, 0.007116890978068113], "(2, 5, 2, 5)": [0.0012196319876238704, 0.004066572058945894, 0.0013778333086520433, 0.0012864527525380254, 0.0017572831129655242], "(2, 4, 0, -2)": [-0.0032502361573278904, 0.003865795908495784, -0.0031957244500517845, 0.0009019160643219948, 0.001270411303266883], "(2, 4, -1, -2)": [-0.0005908976309001446, -0.0017463956028223038, 0.002650965703651309, 0.0, 0.0032343557104468346], "(2, 4, 1, 2)": [0.019902631640434265, 0.018811389803886414, 0.018797272816300392, 0.01876995712518692, 0.016692910343408585], "(1, 4, 0, -2)": [0.0, -0.0020000000949949026, 0.0, 0.0, 0.0], "(1, 4, 0, -1)": [0.002799887442961335, -0.001505679334513843, 0.001308985287323594, -0.0010473750298842788, 0.0010499999625608325], "(1, 5, 0, 0)": [0.006154181435704231, 0.003953632898628712, 0.003866526298224926, 0.009596954099833965, 0.00156756944488734], "(1, 5, 1, 1)": [0.004162314813584089, 0.005767513532191515, 0.0028255917131900787, 0.002065202221274376, 0.009593194350600243], "(1, 5, 0, 1)": [0.008575341664254665, 0.009863803163170815, 0.0052201454527676105, 0.01406141184270382, 0.005032039247453213], "(1, 5, 1, 2)": [0.013386351987719536, 0.015055563300848007, 0.017729993909597397, 0.015543392859399319, 0.014364450238645077], "(1, 5, 2, 3)": [0.01325925812125206, 0.013025290332734585, 0.012010352686047554, 0.01569126918911934, 0.013221598230302334], "(1, 5, 2, 4)": [0.014390877448022366, 0.007089759688824415, 0.010251305997371674, 0.006950379814952612, 0.0042375363409519196], "(1, 5, 3, 5)": [0.004154291935265064, 0.004311325028538704, 0.010023043490946293, 0.0, -0.002922431565821171],