{"q_values": {"(2, 5, 2, 2)": [0.01913188211619854, 0.019186655059456825, 0.019336000084877014, 0.019240999594330788, 0.0182991661131382], "(2, 5, 3, 2)": [0.019798604771494865, 0.018140606582164764, 0.019128909334540367, 0.01824437826871872, 0.01944126933813095], "(2, 5, 3, 3)": [0.016085049137473106, 0.01908823661506176, 0.017254691570997238, 0.017763130366802216, 0.017444368451833725], "(2, 4, 2, 2)": [0.01915096864104271, 0.01888038031756878, 0.019116923213005066, 0.018749242648482323, 0.015901347622275352], "(2, 4, 3, 2)": [0.01936221867799759, 0.019495714455842972, 0.018252462148666382, 0.01941855438053608, 0.019099699333310127], "(2, 4, 3, 3)": [0.019580502063035965, 0.01958431676030159, 0.01946171745657921, 0.017895042896270752, 0.018923889845609665], "(2, 4, 4, 3)": [0.019586840644478798, 0.019163576886057854, 0.019161773845553398, 0.01910392940044403, 0.01898047886788845], "(2, 4, 1, 1)": [0.017665525898337364, 0.015943795442581177, 0.018182530999183655, 0.01959197409451008, 0.017083439975976944], "(2, 4, 2, 1)": [0.004893395584076643, 0.006383582949638367, 0.004116250202059746, 0.0036312027368694544, 0.01448224950581789], "(2, 5, 4, 3)": [0.019665878266096115, 0.017949948087334633, 0.01608859933912754, 0.01848825253546238, 0.018446719273924828], "(2, 4, 1, 2)": [0.019512515515089035, 0.01951313018798828, 0.019774410873651505, 0.01733030565083027, 0.01912020333111286], "(2, 5, 1, 2)": [0.01940193772315979, 0.019676242023706436, 0.01927272602915764, 0.01937469094991684, 0.0192948617041111], "(2, 5, 0, 2)": [0.01975206658244133, 0.01827823556959629, 0.016838857904076576, 0.017197001725435257, 0.0165045578032732], "(2, 5, 1, 1)": [0.018846608698368073, 0.018626300618052483, 0.01857181265950203, 0.01874859258532524, 0.019706211984157562], "(2, 5, 0, 1)": [0.01963452436029911, 0.01952427625656128, 0.019672924652695656, 0.019718380644917488, 0.019670695066452026], "(2, 4, 0, 1)": [0.018818382173776627, 0.016196100041270256, 0.015992114320397377, 0.015718529000878334, 0.019423913210630417], "(2, 4, 4, 2)": [0.013256575912237167, 0.019347963854670525, 0.013975013047456741, 0.016393430531024933, 0.01246591005474329], "(2, 5, 4, 2)": [0.004131461959332228, 0.00439299363642931, 0.008597075939178467, 0.01867806538939476, 0.003230026224628091], "(1, 4, 0, 1)": [0.01606694981455803, 0.012072538025677204, 0.017040690407156944, 0.015739159658551216, 0.014813447371125221], "(1, 4, 1, 1)": [0.008289342746138573, 0.008230761624872684, 0.009357109665870667, 0.0030876691453158855, 0.008307314477860928], "(2, 5, 5, 3)": [0.006629907060414553, 0.01152847707271576, 0.008899761363863945, 0.0013578961370512843, 0.0044327047653496265], "(3, 5, 3, 3)": [0.0018860314739868045, 0.001750511466525495, 0.016319645568728447, 0.0, 0.0008993904339149594], "(3, 5, 4, 3)": [0.01699777878820896, 0.00830020196735859, 0.00624360516667366, 0.004679883364588022, 0.0105444872751832], "(2, 5, 2, 3)": [0.01683744415640831, 0.004339581821113825, 0.007396579720079899, 0.004091860260814428, 0.004884746856987476], "(2, 4, 0, 2)": [0.019762013107538223, 0.007279978599399328, 0.010160821489989758, 0.007514329627156258, 0.008340379223227501], "(3, 4, 3, 2)": [0.017635904252529144, 0.01786445826292038, 0.013655180111527443, 0.014323068782687187, 0.018528295680880547], "(3, 4, 2, 2)": [0.017066607251763344, 0.015321478247642517, 0.01748448796570301, 0.014370659366250038, 0.018698839470744133], "(3, 4, 2, 1)": [0.003302834928035736, 0.002615429926663637, 0.0021989087108522654, 0.014466619119048119, 0.007627340033650398], "(1, 4, 0, 2)": [0.011947025544941425, 0.009800068102777004, 0.0144013911485672, 0.011200115084648132, 0.019147571176290512], "(1, 4, -1, 1)": [0.003235778072848916, 0.0, 0.0, 0.0, 0.0], "(3, 4, 4, 2)": [0.01834164373576641, 0.010093031451106071, 0.0018768120789900422, 0.006919144187122583, 0.008044230751693249], "(1, 4, 1, 2)": [0.01612761616706848, 0.019141841679811478, 0.016286887228488922, 0.017652470618486404, 0.015929751098155975], "(1, 4, 2, 2)": [0.014630790799856186, 0.019310105592012405, 0.01827380247414112, 0.01676729880273342, 0.018794121220707893], "(2, 4, 5, 3)": [0.00904388539493084, 0.0018078571883961558, 0.0, 0.0017995331436395645, 0.0], "(1, 4, 3, 3)": [0.010433491319417953, 0.01889069750905037, 0.014028104022145271, 0.008495111018419266, 0.012634959071874619], "(3, 4, 4, 3)": [0.001890739076770842, 0.005984351970255375, 0.00583115266636014, 0.0009945026831701398, 0.01689504086971283], "(3, 4, 5, 3)": [0.0009993694256991148, 0.00997144728899002, 0.0, 0.0, 0.0], "(3, 5, 4, 2)": [0.001790992566384375, 0.0026676366105675697, 0.0, 0.014390219002962112, 0.0018188458634540439], "(3, 5, 5, 3)": [0.003729840274900198, 0.0052330223843455315, 0.015692882239818573, 0.005175966769456863, 0.0031907539814710617], "(3, 5, 3, 2)": [0.019059522077441216, 0.011409356258809566, 0.010879580862820148, 0.003462104592472315, 0.012243218719959259], "(3, 5, 2, 2)": [0.01920788735151291, 0.014211745001375675, 0.012694776058197021, 0.009789485484361649, 0.01401030458509922], "(3, 5, 1, 2)": [0.008326606824994087, 0.0025995313189923763, 0.006114753894507885, 0.01898643560707569, 0.006676142569631338], "(3, 5, 1, 1)": [0.0033644498325884342, 0.005662388168275356, 0.01911446824669838, 0.00497799227014184, 0.0010543729877099395], "(3, 5, 0, 1)": [0.0, 0.0, 0.007269822992384434, 0.0011998075060546398, 0.002916858997195959], "(3, 4, 0, 1)": [0.012553548440337181, 0.002582603832706809, 0.002351260045543313, 0.0010100490180775523, 0.004925004206597805], "(3, 4, 1, 1)": [-0.00013278773985803127, 0.006006132811307907, 0.0031841066665947437, 0.0063024177215993404, 0.018274832516908646], "(2, 4, 2, 3)": [0.007829558104276657, 0.0, 0.0, 0.0, 0.0], "(1, 5, 0, 2)": [0.01716628670692444, 0.019717557355761528, 0.018520208075642586, 0.01711001619696617, 0.0176702830940485], "(1, 5, 0, 1)": [0.013416889123618603, 0.016498452052474022, 0.015312847681343555, 0.019274024292826653, 0.016015851870179176], "(1, 4, 2, 3)": [0.0, 0.0016972689190879464, 0.0029138028621673584, 0.011764641851186752, 0.001940095447935164], "(1, 5, 3, 3)": [0.013239155523478985, 0.01935388147830963, 0.007547327317297459, 0.015133125707507133, 0.00855536200106144], "(1, 5, 2, 3)": [0.003029016312211752, 0.019276315346360207, 0.007533350959420204, 0.009273613803088665, 0.007869351655244827], "(1, 5, 2, 2)": [0.019740331918001175, 0.019148744642734528, 0.018181610852479935, 0.017778947949409485, 0.017399415373802185], "(1, 5, 1, 2)": [0.01927196979522705, 0.01852288842201233, 0.018751829862594604, 0.0186079740524292, 0.018756117671728134], "(3, 4, 1, 2)": [0.018721355125308037, 0.0036682216450572014, 0.005242014303803444, 0.0019332993542775512, 0.0048358384519815445], "(1, 4, 3, 2)": [0.010940233245491982, 0.018399782478809357, 0.009103246033191681, 0.008942283689975739, 0.009182027541100979], "(0, 4, 0, 2)": [0.012782575562596321, 0.004449540749192238, 0.0011797890765592456, 0.006324285641312599, 0.006887477356940508], "(0, 4, 0, 1)": [0.006294530816376209, 0.0070259650237858295, 0.002204043557867408, 0.010706893168389797, 0.01575726456940174], "(1, 4, -2, 0)": [0.0, 0.0, 0.0, -0.0022025471553206444, 0.0], "(3, 5, 5, 4)": [0.0012680196668952703, 0.0, 0.0, 0.0, 0.0], "(1, 5, -1, 1)": [0.0, 0.0, 0.0, 0.0, 0.001878376118838787], "(1, 5, 1, 3)": [0.008983398787677288, 0.0, 0.0, 0.0, 0.0], "(0, 4, -1, 1)": [0.0038559609092772007, 0.0, 0.0, 0.0009630249696783721, 0.0], "(0, 4, -2, 1)": [-0.0013223474379628897, 0.0, 0.00371372583322227, 0.0, 0.0], "(1, 5, 3, 2)": [0.005369445309042931, 0.008094057440757751, 0.01976950652897358, 0.0019728783518075943, 0.005136553198099136], "(1, 5, 4, 3)": [0.0, 0.002154337475076318, 0.008884083479642868, 0.0017466283170506358, 0.0017962101846933365], "(3, 5, 6, 4)": [0.0, 0.0, 0.0, 0.0, 0.0], "(0, 5, 0, 2)": [0.005288849119096994, 0.003934517502784729, 0.014836235903203487, 0.004166225902736187, 0.006887660827487707],