{"q_values": {"(2, 5, 2, 2)": [0.01713014394044876, 0.015834389254450798, 0.016892822459340096, 0.015358774922788143, 0.01793513260781765], "(2, 5, 3, 2)": [0.016290638595819473, 0.01473664678633213, 0.015811394900083542, 0.014965390786528587, 0.015945233404636383], "(2, 5, 3, 3)": [0.015854213386774063, 0.014725240878760815, 0.015189604833722115, 0.017352905124425888, 0.01677946373820305], "(2, 4, 2, 2)": [0.018350403755903244, 0.01581554114818573, 0.01792898401618004, 0.018690142780542374, 0.019016366451978683], "(2, 4, 1, 2)": [0.018610863015055656, 0.018538033589720726, 0.017426948994398117, 0.019716333597898483, 0.018963033333420753], "(2, 4, 1, 1)": [0.011538769118487835, 0.014147987589240074, 0.018458686769008636, 0.01458132266998291, 0.014128327369689941], "(2, 5, 1, 2)": [0.019335433840751648, 0.019340816885232925, 0.018676720559597015, 0.01928551495075226, 0.019603170454502106], "(2, 5, 2, 3)": [0.005143015645444393, 0.005223389249294996, 0.005205141846090555, 0.007016250863671303, 0.01580439880490303], "(2, 4, 3, 2)": [0.019091326743364334, 0.019066328182816505, 0.018954606726765633, 0.017567846924066544, 0.01919722370803356], "(2, 4, 2, 1)": [0.008327591232955456, 0.0071761091239750385, 0.0075220889411866665, 0.00867466814815998, 0.013812009245157242], "(2, 4, 0, 1)": [0.016996491700410843, 0.01729978434741497, 0.019534261897206306, 0.018298882991075516, 0.01699766144156456], "(1, 4, 0, 1)": [0.008809132501482964, 0.011894098483026028, 0.010038774460554123, 0.018136892467737198, 0.011547094210982323], "(1, 4, 1, 1)": [0.01061849296092987, 0.005646592937409878, 0.00966252014040947, 0.011098889634013176, 0.013782760128378868], "(1, 4, 1, 2)": [0.016802815720438957, 0.01636931113898754, 0.01723768562078476, 0.01603434979915619, 0.018133584409952164], "(2, 5, 1, 1)": [0.019168006256222725, 0.019439948722720146, 0.019813545048236847, 0.019408008083701134, 0.019146446138620377], "(2, 5, 4, 3)": [0.0194450244307518, 0.017959045246243477, 0.01814914494752884, 0.016583483666181564, 0.017995215952396393], "(2, 4, 3, 3)": [0.019498182460665703, 0.019704243168234825, 0.019546695053577423, 0.01956954225897789, 0.01953687146306038], "(3, 5, 3, 2)": [0.019565707072615623, 0.016540179029107094, 0.017959246411919594, 0.01776888594031334, 0.01843966357409954], "(3, 5, 3, 3)": [0.006235738750547171, 0.007593201007694006, 0.013591817580163479, 0.00205549830570817, 0.0021190359257161617], "(2, 5, 0, 2)": [0.016841383650898933, 0.014959790743887424, 0.01953837461769581, 0.01677587442100048, 0.017920399084687233], "(2, 4, 4, 3)": [0.019050393253564835, 0.019146956503391266, 0.017554335296154022, 0.019744208082556725, 0.019282052293419838], "(3, 4, 3, 2)": [0.019167862832546234, 0.017979269847273827, 0.016919411718845367, 0.01617155596613884, 0.017225518822669983], "(3, 4, 2, 2)": [0.017784591764211655, 0.018018556758761406, 0.01520027220249176, 0.01723896712064743, 0.012742108665406704], "(2, 4, 4, 2)": [0.019321192055940628, 0.017712848260998726, 0.017460625618696213, 0.018291693180799484, 0.01628977432847023], "(2, 5, 0, 1)": [0.010087121278047562, 0.012466499581933022, 0.011772549711167812, 0.019845547154545784, 0.014179698191583157], "(3, 4, 2, 1)": [0.0005292475689202547, 0.014590302482247353, 0.008044368587434292, 0.010961953550577164, 0.00292397104203701], "(2, 5, 4, 2)": [0.009551787748932838, 0.002973401453346014, 0.01215379685163498, 0.01937129721045494, 0.011415102519094944], "(1, 4, 2, 2)": [0.01541666965931654, 0.01570790633559227, 0.018513787537813187, 0.014194981195032597, 0.0183107927441597], "(3, 5, 4, 2)": [0.007105906028300524, 0.006089565344154835, 0.018222497776150703, 0.005311739630997181, 0.007161328103393316], "(3, 5, 2, 2)": [0.019346963614225388, 0.01803700439631939, 0.01849430985748768, 0.018209636211395264, 0.017924845218658447], "(3, 5, 4, 3)": [0.006283383816480637, 0.008384142071008682, 0.01589931547641754, 0.004295597318559885, 0.0014240595046430826], "(3, 4, 4, 2)": [0.015240106731653214, 0.01612677611410618, 0.018917186185717583, 0.016348332166671753, 0.012279735878109932], "(3, 5, 1, 2)": [0.01319069042801857, 0.015444600954651833, 0.018853366374969482, 0.01417290885001421, 0.015378751792013645], "(3, 4, 1, 2)": [0.004164484329521656, 0.00933224055916071, 0.017477884888648987, 0.005068317521363497, 0.002630830742418766], "(2, 4, 0, 2)": [0.019453931599855423, 0.011284933425486088, 0.009501823224127293, 0.012735212221741676, 0.010373907163739204], "(1, 5, 1, 2)": [0.015453295782208443, 0.01842842437326908, 0.015851594507694244, 0.016781585291028023, 0.01718420721590519], "(1, 5, 2, 2)": [0.017315136268734932, 0.016605354845523834, 0.018063534051179886, 0.01879950612783432, 0.016826262697577477], "(1, 5, 2, 3)": [0.014497422613203526, 0.002085354644805193, 0.008245492354035378, 0.007023874670267105, 0.008963189087808132], "(1, 4, 3, 2)": [0.0184103325009346, 0.018134990707039833, 0.019382094964385033, 0.01921689324080944, 0.01918049156665802], "(3, 4, 1, 1)": [0.012129641138017178, 0.011505174450576305, 0.015145436860620975, 0.010465564206242561, 0.009043863043189049], "(1, 5, 0, 2)": [0.012804382480680943, 0.007326868362724781, 0.010378789156675339, 0.019137127324938774, 0.011207960546016693], "(1, 4, 0, 2)": [0.01887086220085621, 0.009825989603996277, 0.008933311328291893, 0.007339936681091785, 0.012176260352134705], "(1, 4, 3, 3)": [0.00756597425788641, 0.007981542497873306, 0.01206759363412857, 0.01892499439418316, 0.010492593981325626], "(1, 5, 3, 2)": [0.015538547188043594, 0.018980475142598152, 0.014545923098921776, 0.012492341920733452, 0.005536509677767754], "(1, 5, 3, 3)": [0.01701476238667965, 0.013701285235583782, 0.013313219882547855, 0.01305463071912527, 0.00857772957533598], "(3, 4, 3, 1)": [0.0, 0.0, 0.0, 0.0, 0.0], "(2, 4, 3, 1)": [0.001499464618973434, 0.0, 0.0, 0.0, 0.0], "(2, 4, 2, 3)": [0.0, 0.0, 0.0019401470199227333, 0.0, 0.0], "(1, 5, 4, 3)": [0.00801103375852108, 0.0019332136726006866, -0.0012161226477473974, 0.0, 0.0], "(1, 4, 2, 3)": [0.0018877823604270816, 0.000999988871626556, 0.0, 0.0, 0.0], "(3, 5, 1, 1)": [0.015736274421215057, 0.0033857994712889194, 0.0, 0.003758540842682123, 0.004684260115027428], "(3, 5, 2, 3)": [0.0031348462216556072, 0.0, 0.0, 0.0, 0.0], "(3, 4, 4, 3)": [0.0014761855127289891, 0.0, 0.0, 0.011413262225687504, 0.0], "(3, 4, 0, 1)": [0.011486079543828964, 0.003922519739717245, 0.004297469276934862, 0.001340172835625708, 0.0], "(3, 5, 2, 1)": [0.0015595536679029465, 0.0, 0.0, 0.0, 0.0], "(1, 5, 0, 1)": [0.003585756290704012, 0.004784855991601944, 0.016029441729187965, 0.0, 0.001646944903768599], "(0, 5, 0, 2)": [0.006686914712190628, 0.0, 0.0012606106465682387, 0.0, 0.0019448741804808378], "(0, 4, 0, 2)": [0.006399072706699371, 0.0, 0.0, 0.0, 0.0], "(0, 4, 1, 2)": [0.005282693076878786, 0.0022114883176982403, 0.0, 0.001099333050660789, 0.0], "(0, 4, 0, 1)": [-0.0011078836396336555, 0.011019420810043812, 0.00559364166110754, 0.0031695771031081676, 0.0], "(1, 5, 1, 1)": [0.013005854561924934, 0.0017646640771999955, 0.0018723852699622512, 0.0, 0.0], "(1, 4, 4, 2)": [0.01007935218513012, 0.0, 0.0, 0.0, 0.001955196261405945], "(1, 4, 4, 3)": [0.007539274636656046, 0.0, 0.0, 0.0, 0.0], "(1, 4, 2, 1)": [0.007590877823531628, 0.0, 0.0, 0.0, 0.0017598599661141634], "(3, 4, 3, 3)": [0.0, 0.0, 0.001984652364626527, 0.0, 0.0], "(4, 5, 3, 2)": [0.0027594000566750765, 0.0, 0.0010949786519631743, 0.0, 0.0], "(4, 4, 3, 2)": [0.005923885386437178, 0.0, 0.0, 0.0, 0.0], "(4, 4, 2, 2)": [0.0029562513809651136, 0.0, 0.0, 0.0, 0.0], "(4, 4, 2, 1)": [0.007534612435847521, 0.0, 0.001265905681066215, 0.0011617325944826007, 0.0], "(4, 4, 1, 1)": [0.004020486492663622, 0.0009995574364438653, 0.0, 0.001158498926088214, 0.0021514995023608208], "(0, 5, 1, 2)": [0.004581889137625694, 0.0, 0.0011489838361740112, 0.002117863390594721, 0.002515478292480111], "(0, 5, 2, 2)": [0.0019311958458274603, 0.0, 0.0010408716043457389, 0.0056898887269198895, 0.0],