{"q_values": {"(2, 5, 2, 2)": [0.019673839211463928, 0.016363464295864105, 0.019306564703583717, 0.01915562152862549, 0.018932517617940903], "(2, 5, 3, 2)": [0.019772503525018692, 0.019454285502433777, 0.019158929586410522, 0.019011951982975006, 0.01947898417711258], "(2, 5, 3, 3)": [0.017591867595911026, 0.019788721576333046, 0.017825249582529068, 0.017065493389964104, 0.018721498548984528], "(2, 4, 2, 2)": [0.01621733419597149, 0.01581406593322754, 0.015285946428775787, 0.015632497146725655, 0.019107786938548088], "(2, 4, 1, 2)": [0.017949726432561874, 0.01912538707256317, 0.018519841134548187, 0.017672520130872726, 0.017904890701174736], "(2, 4, 1, 1)": [0.016272233799099922, 0.016934683546423912, 0.01706140674650669, 0.016530795022845268, 0.019432324916124344], "(2, 5, 1, 2)": [0.01976412907242775, 0.019430849701166153, 0.01875508949160576, 0.019423900172114372, 0.01828417368233204], "(2, 5, 2, 3)": [0.019712649285793304, 0.01063390914350748, 0.012024914845824242, 0.006703990511596203, 0.010491824708878994], "(2, 4, 3, 2)": [0.015655698254704475, 0.01865549013018608, 0.01594301126897335, 0.01870979182422161, 0.019428424537181854], "(2, 4, 2, 1)": [0.010077036917209625, 0.012050559744238853, 0.010409237816929817, 0.011896403506398201, 0.016554594039916992], "(2, 4, 0, 1)": [0.01735646091401577, 0.017146535217761993, 0.018054137006402016, 0.017372526228427887, 0.01984180510044098], "(1, 4, 0, 1)": [0.018260853365063667, 0.01828812249004841, 0.018328964710235596, 0.01839459128677845, 0.01986854150891304], "(1, 4, 1, 1)": [0.015168583951890469, 0.015976974740624428, 0.019805800169706345, 0.01354622095823288, 0.014888660050928593], "(1, 4, 1, 2)": [0.019092075526714325, 0.019026946276426315, 0.01909821480512619, 0.018871037289500237, 0.019782427698373795], "(2, 5, 1, 1)": [0.019711503759026527, 0.019724370911717415, 0.019715694710612297, 0.01979159191250801, 0.019727524369955063], "(2, 5, 4, 3)": [0.014810285530984402, 0.01984539069235325, 0.012469162233173847, 0.01665687933564186, 0.015739968046545982], "(2, 4, 3, 3)": [0.019419874995946884, 0.01952674426138401, 0.019452329725027084, 0.019589334726333618, 0.019866419956088066], "(3, 5, 3, 2)": [0.0199211984872818, 0.01722942851483822, 0.017717717215418816, 0.01789209619164467, 0.01824251003563404], "(3, 5, 3, 3)": [0.019905738532543182, 0.01676684059202671, 0.015780210494995117, 0.015535340644419193, 0.015527084469795227], "(2, 5, 0, 2)": [0.019254446029663086, 0.01916215382516384, 0.016623254865407944, 0.019765188917517662, 0.01919085904955864], "(2, 4, 4, 3)": [0.019484873861074448, 0.01937180384993553, 0.019853582605719566, 0.01957602985203266, 0.0193056371062994], "(3, 4, 3, 2)": [0.01766781136393547, 0.01819043979048729, 0.01897548697888851, 0.018475454300642014, 0.019750060513615608], "(3, 4, 2, 2)": [0.017848040908575058, 0.01722567342221737, 0.017900800332427025, 0.01725686341524124, 0.019867224618792534], "(2, 4, 4, 2)": [0.01810334622859955, 0.01740097440779209, 0.019127890467643738, 0.019150404259562492, 0.01908448338508606], "(2, 5, 0, 1)": [0.019737252965569496, 0.019725192338228226, 0.01986713334918022, 0.019643373787403107, 0.019717857241630554], "(3, 4, 2, 1)": [0.014703563414514065, 0.014295403845608234, 0.014797589741647243, 0.019864246249198914, 0.014365503564476967], "(2, 5, 4, 2)": [0.018478887155652046, 0.0191669724881649, 0.01989937201142311, 0.019431600347161293, 0.018811605870723724], "(1, 4, 2, 2)": [0.01722545735538006, 0.016213959082961082, 0.015691224485635757, 0.016314413398504257, 0.019785922020673752], "(3, 5, 4, 2)": [0.019952846691012383, 0.019434845075011253, 0.019100166857242584, 0.0194407869130373, 0.019504379481077194], "(3, 5, 2, 2)": [0.019424084573984146, 0.01996813341975212, 0.01949034072458744, 0.019694915041327477, 0.019573507830500603], "(3, 5, 4, 3)": [0.019925201311707497, 0.01957368291914463, 0.019120395183563232, 0.016514461487531662, 0.01935640536248684], "(3, 4, 4, 2)": [0.017584476619958878, 0.016379378736019135, 0.018716853111982346, 0.01996762678027153, 0.01579022966325283], "(3, 5, 1, 2)": [0.01993403211236, 0.01960710436105728, 0.01970640756189823, 0.019676746800541878, 0.019651178270578384], "(3, 4, 1, 2)": [0.019390229135751724, 0.019447095692157745, 0.019584663212299347, 0.019576551392674446, 0.019881732761859894], "(2, 4, 0, 2)": [0.018121734261512756, 0.018651101738214493, 0.018945708870887756, 0.018185921013355255, 0.019923850893974304], "(1, 5, 1, 2)": [0.019945621490478516, 0.019070163369178772, 0.019321652129292488, 0.01937730237841606, 0.016310103237628937], "(1, 5, 2, 2)": [0.019862178713083267, 0.019455689936876297, 0.016346583142876625, 0.01928107626736164, 0.01952587626874447], "(1, 5, 2, 3)": [0.0198622215539217, 0.013320757076144218, 0.011113343760371208, 0.011847649700939655, 0.012856845743954182], "(1, 4, 3, 2)": [0.019345702603459358, 0.019284021109342575, 0.019647516310214996, 0.019409483298659325, 0.016613677144050598], "(3, 4, 1, 1)": [0.018800532445311546, 0.0185832716524601, 0.017676010727882385, 0.016532937064766884, 0.01988745480775833], "(1, 5, 0, 2)": [0.019474638625979424, 0.017056001350283623, 0.019270101562142372, 0.019942395389080048, 0.018206413835287094], "(1, 4, 0, 2)": [0.019601568579673767, 0.01968489959836006, 0.019434142857789993, 0.019690198823809624, 0.019742576405405998], "(1, 4, 3, 3)": [0.019945260137319565, 0.019601715728640556, 0.019513597711920738, 0.019551843404769897, 0.019590644165873528], "(1, 5, 3, 2)": [0.01956605352461338, 0.019960975274443626, 0.019719582051038742, 0.01961967907845974, 0.0196571983397007], "(1, 5, 3, 3)": [0.019870193675160408, 0.017461851239204407, 0.017511090263724327, 0.017259173095226288, 0.016905896365642548], "(3, 4, 3, 1)": [-0.0005925564328208566, -0.0009806453017517924, -0.0008269182872027159, -0.0021876252721995115, -0.002191685140132904], "(2, 4, 3, 1)": [0.00041438406333327293, 0.0, 0.0, 0.0, 0.0], "(2, 4, 2, 3)": [0.003543925005942583, 0.0, 0.019833631813526154, 0.0, 0.0], "(1, 5, 4, 3)": [0.019526878371834755, 0.0013566067209467292, 0.0008579026907682419, 0.0037186925765126944, 0.003782736137509346], "(1, 4, 2, 3)": [0.010288004763424397, 0.0028640793170779943, 0.009207747876644135, 0.005887296050786972, 0.01993568427860737], "(3, 5, 1, 1)": [0.019861655309796333, 0.01907297410070896, 0.019631676375865936, 0.019591663032770157, 0.019453782588243484], "(3, 5, 2, 3)": [-0.0002430069725960493, 0.0, 0.007961733266711235, 0.0018395271617919207, 0.0], "(3, 4, 4, 3)": [0.01926913484930992, 0.0190079715102911, 0.0188747588545084, 0.01995735801756382, 0.019447244703769684], "(3, 4, 0, 1)": [0.009174766018986702, 0.01117399800568819, 0.018071303144097328, 0.009779253974556923, 0.010522210039198399], "(3, 5, 2, 1)": [0.01986514963209629, 0.01104689296334982, 0.011184829287230968, 0.005046293139457703, 0.012640894390642643], "(1, 5, 0, 1)": [0.01977045275270939, 0.01980316825211048, 0.019942689687013626, 0.01940556988120079, 0.01973414234817028], "(0, 5, 0, 2)": [0.016172055155038834, 0.015747686848044395, 0.015414688736200333, 0.015385536476969719, 0.01990344561636448], "(0, 4, 0, 2)": [0.015668589621782303, 0.015856118872761726, 0.015439648181200027, 0.015484961681067944, 0.0173669271171093], "(0, 4, 1, 2)": [0.015949532389640808, 0.015065581537783146, 0.016735656186938286, 0.01963159628212452, 0.01679358258843422], "(0, 4, 0, 1)": [0.014133387245237827, 0.012585213407874107, 0.014080393128097057, 0.014256619848310947, 0.013735050335526466], "(1, 5, 1, 1)": [0.01990394853055477, 0.00919487327337265, 0.00917122047394514, 0.008179436437785625, 0.009235043078660965], "(1, 4, 4, 2)": [0.01842750795185566, 0.001786496490240097, 0.0, 0.0, 0.003584909252822399], "(1, 4, 4, 3)": [0.019787240773439407, 0.0019949821289628744, 0.0019111682195216417, 0.00199358188547194, 0.0018081056186929345], "(1, 4, 2, 1)": [0.010688829235732555, 0.0, 0.0017497771186754107, 0.0, 0.0017598599661141634],