{"q_values": {"(2, 5, 2, 2)": [0.019635312259197235, 0.01886117458343506, 0.018914951011538506, 0.01736094057559967, 0.01803046464920044], "(2, 5, 3, 2)": [0.018078306689858437, 0.01986492983996868, 0.01693897694349289, 0.018102949485182762, 0.01822694018483162], "(2, 5, 3, 3)": [0.01988171599805355, 0.011378742754459381, 0.012364499270915985, 0.014276932924985886, 0.012352912686765194], "(2, 4, 2, 2)": [0.017014211043715477, 0.016738012433052063, 0.015472246333956718, 0.019584471359848976, 0.016830675303936005], "(2, 4, 1, 2)": [0.015848146751523018, 0.015737945213913918, 0.016340166330337524, 0.019841710105538368, 0.016027064993977547], "(2, 4, 1, 1)": [0.013605257496237755, 0.013969488441944122, 0.012506832368671894, 0.019675562158226967, 0.014779557473957539], "(2, 5, 1, 2)": [0.019549136981368065, 0.016670066863298416, 0.01607019454240799, 0.018254518508911133, 0.01747448742389679], "(2, 5, 2, 3)": [0.018981989473104477, 0.009612580761313438, 0.012024914845824242, 0.006703990511596203, 0.010491824708878994], "(2, 4, 3, 2)": [0.018832653760910034, 0.019002243876457214, 0.019049109891057014, 0.01917952112853527, 0.01982567459344864], "(2, 4, 2, 1)": [0.010077036917209625, 0.012050559744238853, 0.010409237816929817, 0.011896403506398201, 0.015060901641845703], "(2, 4, 0, 1)": [0.014602292329072952, 0.01526691485196352, 0.019855068996548653, 0.015228008851408958, 0.01644176058471203], "(1, 4, 0, 1)": [0.015652822330594063, 0.015294307842850685, 0.016987498849630356, 0.017199482768774033, 0.019938349723815918], "(1, 4, 1, 1)": [0.016248025000095367, 0.015241160988807678, 0.013914428651332855, 0.019888967275619507, 0.013713469728827477], "(1, 4, 1, 2)": [0.01917358674108982, 0.018112510442733765, 0.018241940066218376, 0.019972454756498337, 0.018739623948931694], "(2, 5, 1, 1)": [0.019582275301218033, 0.019496718421578407, 0.019557155668735504, 0.01958748698234558, 0.01993989571928978], "(2, 5, 4, 3)": [0.01449337787926197, 0.01255857851356268, 0.019865792244672775, 0.014023629948496819, 0.014350276440382004], "(2, 4, 3, 3)": [0.01950610987842083, 0.019467394798994064, 0.01961814984679222, 0.01987176015973091, 0.01952224224805832], "(3, 5, 3, 2)": [0.019693678244948387, 0.019948959350585938, 0.01858612895011902, 0.01963329128921032, 0.019124897196888924], "(3, 5, 3, 3)": [0.019899073988199234, 0.01559591293334961, 0.015318547375500202, 0.015167579986155033, 0.015038197860121727], "(2, 5, 0, 2)": [0.019784677773714066, 0.019261078909039497, 0.0193141158670187, 0.019244635477662086, 0.019208980724215508], "(2, 4, 4, 3)": [0.01959311217069626, 0.019841786473989487, 0.019531497731804848, 0.019597109407186508, 0.0195124763995409], "(3, 4, 3, 2)": [0.017180481925606728, 0.01673058420419693, 0.01630091294646263, 0.017565784975886345, 0.01961933821439743], "(3, 4, 2, 2)": [0.013947226107120514, 0.01607365533709526, 0.016842346638441086, 0.015729300677776337, 0.01966141350567341], "(2, 4, 4, 2)": [0.01741572469472885, 0.016545357182621956, 0.019297610968351364, 0.019341127946972847, 0.019840719178318977], "(2, 5, 0, 1)": [0.019519122317433357, 0.019516266882419586, 0.01947207562625408, 0.019528795033693314, 0.019754692912101746], "(3, 4, 2, 1)": [0.015320375561714172, 0.012266745790839195, 0.01540893130004406, 0.015295623801648617, 0.019744515419006348], "(2, 5, 4, 2)": [0.018478887155652046, 0.019079409539699554, 0.019832711666822433, 0.019431600347161293, 0.018720338121056557], "(1, 4, 2, 2)": [0.018551813438534737, 0.01790921948850155, 0.01921522058546543, 0.01938386633992195, 0.01995478756725788], "(3, 5, 4, 2)": [0.01973237469792366, 0.019952422007918358, 0.018929556012153625, 0.019320320338010788, 0.019795911386609077], "(3, 5, 2, 2)": [0.01992163434624672, 0.01968483440577984, 0.019452206790447235, 0.018851643428206444, 0.019624559208750725], "(3, 5, 4, 3)": [0.01992671936750412, 0.0193269532173872, 0.019411159679293633, 0.019323591142892838, 0.01897032931447029], "(3, 4, 4, 2)": [0.01937393844127655, 0.01932295598089695, 0.017645111307501793, 0.01991174928843975, 0.019254980608820915], "(3, 5, 1, 2)": [0.019917244091629982, 0.01915442757308483, 0.019161157310009003, 0.019028671085834503, 0.018746547400951385], "(3, 4, 1, 2)": [0.01925497129559517, 0.019253375008702278, 0.019065849483013153, 0.019230235368013382, 0.019498201087117195], "(2, 4, 0, 2)": [0.018121734261512756, 0.01819610968232155, 0.018945708870887756, 0.018185921013355255, 0.019594434648752213], "(1, 5, 1, 2)": [0.019900841638445854, 0.01733247935771942, 0.01689096726477146, 0.017381496727466583, 0.018007954582571983], "(1, 5, 2, 2)": [0.01985427923500538, 0.017123248428106308, 0.017137981951236725, 0.017152640968561172, 0.016670629382133484], "(1, 5, 2, 3)": [0.01986827701330185, 0.013109363615512848, 0.013948319479823112, 0.014346668496727943, 0.013873972930014133], "(1, 4, 3, 2)": [0.019282476976513863, 0.01785529963672161, 0.019153881818056107, 0.019953683018684387, 0.01905977353453636], "(3, 4, 1, 1)": [0.018163593485951424, 0.017783693969249725, 0.016234582290053368, 0.019741877913475037, 0.018449971452355385], "(1, 5, 0, 2)": [0.019812440499663353, 0.019103340804576874, 0.019081994891166687, 0.0191400945186615, 0.015903763473033905], "(1, 4, 0, 2)": [0.019521081820130348, 0.019694417715072632, 0.01931246556341648, 0.01995931938290596, 0.019633954390883446], "(1, 4, 3, 3)": [0.01863989233970642, 0.019141530618071556, 0.019534491002559662, 0.019931921735405922, 0.019352620467543602], "(1, 5, 3, 2)": [0.019290167838335037, 0.019456468522548676, 0.0193608608096838, 0.019838377833366394, 0.019369153305888176], "(1, 5, 3, 3)": [0.019868453964591026, 0.01728198677301407, 0.018337834626436234, 0.015987105667591095, 0.018492402508854866], "(3, 4, 3, 1)": [-0.0005925564328208566, -0.0009806453017517924, -0.0008269182872027159, -0.0021876252721995115, -0.002191685140132904], "(2, 4, 3, 1)": [0.00041438406333327293, 0.0, 0.0, 0.0, 0.0], "(2, 4, 2, 3)": [0.003543925005942583, 0.0, 0.019763456657528877, 0.0, 0.0], "(1, 5, 4, 3)": [0.019863829016685486, 0.0013566067209467292, 0.0008579026907682419, 0.0037186925765126944, 0.001988460076972842], "(1, 4, 2, 3)": [0.008048119023442268, 0.0028640793170779943, 0.008019862696528435, 0.005887296050786972, 0.019919712096452713], "(3, 5, 1, 1)": [0.01985323615372181, 0.01907297410070896, 0.019631676375865936, 0.019554177299141884, 0.019453782588243484], "(3, 5, 2, 3)": [-0.0002430069725960493, 0.0, 0.006858363747596741, 0.0018395271617919207, 0.0], "(3, 4, 4, 3)": [0.01920156367123127, 0.0190079715102911, 0.018627267330884933, 0.01996411569416523, 0.019389599561691284], "(3, 4, 0, 1)": [0.009174766018986702, 0.01117399800568819, 0.019693560898303986, 0.009779253974556923, 0.010522210039198399], "(3, 5, 2, 1)": [0.019838877022266388, 0.01104689296334982, 0.011184829287230968, 0.005046293139457703, 0.011843131855130196], "(1, 5, 0, 1)": [0.019396644085645676, 0.019680162891745567, 0.01973072811961174, 0.01781015656888485, 0.019967665895819664], "(0, 5, 0, 2)": [0.015547662042081356, 0.016516316682100296, 0.015357108786702156, 0.01931634731590748, 0.015687575563788414], "(0, 4, 0, 2)": [0.01482828613370657, 0.015973025932908058, 0.019862256944179535, 0.01564825512468815, 0.015976617112755775], "(0, 4, 1, 2)": [0.016795216128230095, 0.01654033735394478, 0.0169315654784441, 0.016631534323096275, 0.019924402236938477], "(0, 4, 0, 1)": [0.013490622863173485, 0.013784674927592278, 0.01347318198531866, 0.01522007305175066, 0.019737526774406433], "(1, 5, 1, 1)": [0.01997489482164383, 0.006677854806184769, 0.00917122047394514, 0.001996780512854457, 0.006738774478435516], "(1, 4, 4, 2)": [0.01817944273352623, 0.001786496490240097, 0.0, 0.0, 0.003584909252822399], "(1, 4, 4, 3)": [0.019787240773439407, 0.0019949821289628744, 0.0019111682195216417, 0.00199358188547194, 0.0018081056186929345], "(1, 4, 2, 1)": [0.011355471797287464, 0.0, 0.0017497771186754107, 0.0, 0.0017598599661141634],