{"q_values": {"(2, 5, 2, 2)": [0.019110580906271935, 0.01733335852622986, 0.018954964354634285, 0.01658877171576023, 0.01857985369861126], "(2, 5, 3, 2)": [0.019851883873343468, 0.017286032438278198, 0.017499925568699837, 0.016084175556898117, 0.018917592242360115], "(2, 5, 3, 3)": [0.016567068174481392, 0.019897904247045517, 0.01647477224469185, 0.017299281433224678, 0.01597709022462368], "(2, 4, 2, 2)": [0.015093759633600712, 0.01546548679471016, 0.01531157549470663, 0.01579911634325981, 0.015542709268629551], "(2, 4, 1, 2)": [0.0156586691737175, 0.016139503568410873, 0.018606102094054222, 0.015597621910274029, 0.018516097217798233], "(2, 4, 1, 1)": [0.016434945166110992, 0.014482994563877583, 0.015481976792216301, 0.0175118800252676, 0.014758375473320484], "(2, 5, 1, 2)": [0.01912383735179901, 0.0186429675668478, 0.01795325241982937, 0.018495555967092514, 0.015864068642258644], "(2, 5, 2, 3)": [0.011272653937339783, 0.009612580761313438, 0.013281028717756271, 0.007159435655921698, 0.008314455859363079], "(2, 4, 3, 2)": [0.01899651437997818, 0.019098376855254173, 0.018651584163308144, 0.019093463197350502, 0.019425710663199425], "(2, 4, 2, 1)": [0.006507008336484432, 0.01120696309953928, 0.010409237816929817, 0.011029650457203388, 0.018810642883181572], "(2, 4, 0, 1)": [0.018118642270565033, 0.018533501774072647, 0.01850312016904354, 0.019672807306051254, 0.01747322641313076], "(1, 4, 0, 1)": [0.018883783370256424, 0.01554688811302185, 0.014451850205659866, 0.01991065964102745, 0.018387990072369576], "(1, 4, 1, 1)": [0.014353597536683083, 0.014728021807968616, 0.013262026011943817, 0.019884280860424042, 0.015712007880210876], "(1, 4, 1, 2)": [0.01971384510397911, 0.01895235851407051, 0.019245203584432602, 0.019773690029978752, 0.019790135324001312], "(2, 5, 1, 1)": [0.019748501479625702, 0.01965612731873989, 0.01973445527255535, 0.019758591428399086, 0.019735336303710938], "(2, 5, 4, 3)": [0.0199030339717865, 0.017436042428016663, 0.017923802137374878, 0.018185105174779892, 0.018210286274552345], "(2, 4, 3, 3)": [0.01982748508453369, 0.01958361454308033, 0.01964985392987728, 0.019701315090060234, 0.019742265343666077], "(3, 5, 3, 2)": [0.01996425725519657, 0.018794763833284378, 0.016591083258390427, 0.016295986250042915, 0.016853084787726402], "(3, 5, 3, 3)": [0.01429977361112833, 0.019907629117369652, 0.014254485256969929, 0.0110475430265069, 0.012555801309645176], "(2, 5, 0, 2)": [0.019899090752005577, 0.019473867490887642, 0.01936257816851139, 0.0193607360124588, 0.019333958625793457], "(2, 4, 4, 3)": [0.019683239981532097, 0.019725246354937553, 0.01973091997206211, 0.01977241225540638, 0.019653795287013054], "(3, 4, 3, 2)": [0.01876608468592167, 0.018612969666719437, 0.01851232908666134, 0.01804804988205433, 0.01969756931066513], "(3, 4, 2, 2)": [0.018696710467338562, 0.019025856629014015, 0.01768028922379017, 0.01714230887591839, 0.019801324233412743], "(2, 4, 4, 2)": [0.019517023116350174, 0.01951286569237709, 0.019531024619936943, 0.01947573572397232, 0.019683092832565308], "(2, 5, 0, 1)": [0.019673379138112068, 0.019799215719103813, 0.019680170342326164, 0.019686482846736908, 0.019653908908367157], "(3, 4, 2, 1)": [0.011408867314457893, 0.008869672194123268, 0.010490154847502708, 0.019829828292131424, 0.011507784016430378], "(2, 5, 4, 2)": [0.017475174739956856, 0.018879907205700874, 0.019882865250110626, 0.019242538139224052, 0.018583279103040695], "(1, 4, 2, 2)": [0.019236581400036812, 0.019419601187109947, 0.01949181780219078, 0.019333012402057648, 0.019771458581089973], "(3, 5, 4, 2)": [0.019275836646556854, 0.019969169050455093, 0.017038686200976372, 0.016604676842689514, 0.01923118531703949], "(3, 5, 2, 2)": [0.019935226067900658, 0.018890485167503357, 0.018164779990911484, 0.018622396513819695, 0.01760903000831604], "(3, 5, 4, 3)": [0.01992916315793991, 0.01768314465880394, 0.017954930663108826, 0.016806213185191154, 0.01657133921980858], "(3, 4, 4, 2)": [0.019503064453601837, 0.018960585817694664, 0.019811514765024185, 0.019168606027960777, 0.019173137843608856], "(3, 5, 1, 2)": [0.018732987344264984, 0.01802780106663704, 0.019491083920001984, 0.019429316744208336, 0.019417256116867065], "(3, 4, 1, 2)": [0.018786227330565453, 0.01952032931149006, 0.019341053441166878, 0.019388554617762566, 0.019973380491137505], "(2, 4, 0, 2)": [0.01794046349823475, 0.0175554808229208, 0.018835734575986862, 0.017990659922361374, 0.0198390930891037], "(1, 5, 1, 2)": [0.0194307342171669, 0.015800895169377327, 0.017714383080601692, 0.018493592739105225, 0.018683435395359993], "(1, 5, 2, 2)": [0.016440201550722122, 0.01943490467965603, 0.016613539308309555, 0.016246812418103218, 0.01827331632375717], "(1, 5, 2, 3)": [0.019458089023828506, 0.01551466342061758, 0.015288125723600388, 0.015230817720293999, 0.01305641233921051], "(1, 4, 3, 2)": [0.019543452188372612, 0.01944800466299057, 0.019479503855109215, 0.019331293180584908, 0.019812751561403275], "(3, 4, 1, 1)": [0.016825499013066292, 0.015546079725027084, 0.016545142978429794, 0.014317680150270462, 0.0198513213545084], "(1, 5, 0, 2)": [0.019763890653848648, 0.019623929634690285, 0.01904565840959549, 0.019654545933008194, 0.01953411102294922], "(1, 4, 0, 2)": [0.019502967596054077, 0.019451238214969635, 0.019641531631350517, 0.019893575459718704, 0.019689146429300308], "(1, 4, 3, 3)": [0.0174992885440588, 0.0189744234085083, 0.019276225939393044, 0.019856654107570648, 0.018953857943415642], "(1, 5, 3, 2)": [0.01902623288333416, 0.01951896771788597, 0.01956605166196823, 0.019463742151856422, 0.019262544810771942], "(1, 5, 3, 3)": [0.017762163653969765, 0.019699111580848694, 0.017567329108715057, 0.017404381185770035, 0.01710650697350502], "(3, 4, 3, 1)": [-0.0005925564328208566, -0.0009806453017517924, -0.0008269182872027159, -0.0021876252721995115, 0.0], "(2, 4, 3, 1)": [0.00041438406333327293, 0.0, 0.0, 0.0, 0.0], "(2, 4, 2, 3)": [0.003543925005942583, 0.0, 0.019591229036450386, 0.0, 0.0], "(1, 5, 4, 3)": [0.017194781452417374, 0.0013566067209467292, 0.0008579026907682419, 0.0037186925765126944, 0.001988460076972842], "(1, 4, 2, 3)": [0.008048119023442268, 0.0028640793170779943, 0.006717275828123093, 0.005887296050786972, 0.019881095737218857], "(3, 5, 1, 1)": [0.01904902420938015, 0.014793594367802143, 0.019935809075832367, 0.019160602241754532, 0.01829608529806137], "(3, 5, 2, 3)": [-0.0002430069725960493, 0.0, 0.005600340198725462, 0.0018395271617919207, 0.0], "(3, 4, 4, 3)": [0.017011601477861404, 0.016698632389307022, 0.015288359485566616, 0.019945824518799782, 0.01701452024281025], "(3, 4, 0, 1)": [0.009174766018986702, 0.01022422406822443, 0.017890388146042824, 0.009779253974556923, 0.00949123129248619], "(3, 5, 2, 1)": [0.01987139880657196, 0.010088537819683552, 0.007979744113981724, 0.005046293139457703, 0.010942582972347736], "(1, 5, 0, 1)": [0.019043434411287308, 0.01931438036262989, 0.019912421703338623, 0.017459247261285782, 0.019283998757600784], "(0, 5, 0, 2)": [0.01676901802420616, 0.01651817187666893, 0.01650650054216385, 0.01651560701429844, 0.018549833446741104], "(0, 4, 0, 2)": [0.014796106144785881, 0.015539346262812614, 0.016398536041378975, 0.016909213736653328, 0.019749265164136887], "(0, 4, 1, 2)": [0.015011672861874104, 0.01675868220627308, 0.016350749880075455, 0.016924679279327393, 0.019752636551856995], "(0, 4, 0, 1)": [0.013490622863173485, 0.01433844305574894, 0.011980215087532997, 0.0142170125618577, 0.01820184290409088], "(1, 5, 1, 1)": [0.01994742825627327, 0.005211103241890669, 0.006645357236266136, 0.001996780512854457, 0.006738774478435516], "(1, 4, 4, 2)": [0.01652173325419426, 0.001786496490240097, 0.0, 0.0, 0.003584909252822399], "(1, 4, 4, 3)": [0.018445219844579697, 0.0019949821289628744, 0.0, 0.0, 0.0018081056186929345], "(1, 4, 2, 1)": [0.006525397300720215, 0.0, 0.0017497771186754107, 0.0, 0.0017598599661141634], "(3, 4, 3, 3)": [0.008088828064501286, 0.0035967696458101273, 0.01962990313768387, 0.0036987443454563618, 0.0037868721410632133],