{"q_values": {"(2, 5, 2, 2)": [0.01996876671910286, 0.018302226439118385, 0.018718771636486053, 0.019227860495448112, 0.01931813918054104], "(2, 5, 3, 2)": [0.01995459385216236, 0.01954258419573307, 0.019522160291671753, 0.019554592669010162, 0.019584598019719124], "(2, 5, 3, 3)": [0.017121579498052597, 0.019912317395210266, 0.016113823279738426, 0.017416037619113922, 0.017094606533646584], "(2, 4, 2, 2)": [0.016017086803913116, 0.01860896497964859, 0.018639201298356056, 0.01982840709388256, 0.01732880063354969], "(2, 4, 1, 2)": [0.01891327276825905, 0.019145281985402107, 0.016042504459619522, 0.019893234595656395, 0.01884971559047699], "(2, 4, 1, 1)": [0.018485933542251587, 0.019044198095798492, 0.018761228770017624, 0.0189544465392828, 0.019890036433935165], "(2, 5, 1, 2)": [0.019956517964601517, 0.01697908714413643, 0.017842262983322144, 0.019049158319830894, 0.01865013875067234], "(2, 5, 2, 3)": [0.01758170872926712, 0.009612580761313438, 0.012024914845824242, 0.006703990511596203, 0.010491824708878994], "(2, 4, 3, 2)": [0.015753481537103653, 0.01687985472381115, 0.018986014649271965, 0.01988477259874344, 0.01884910650551319], "(2, 4, 2, 1)": [0.010077036917209625, 0.012050559744238853, 0.010409237816929817, 0.011896403506398201, 0.019807521253824234], "(2, 4, 0, 1)": [0.01740465685725212, 0.0174246896058321, 0.017225604504346848, 0.017529010772705078, 0.019899897277355194], "(1, 4, 0, 1)": [0.01465497724711895, 0.015294307842850685, 0.016306640580296516, 0.017199482768774033, 0.019925065338611603], "(1, 4, 1, 1)": [0.015384025871753693, 0.015241160988807678, 0.013914428651332855, 0.01990589313209057, 0.013713469728827477], "(1, 4, 1, 2)": [0.01848749630153179, 0.017444070428609848, 0.01762164570391178, 0.019970610737800598, 0.01791551522910595], "(2, 5, 1, 1)": [0.019755231216549873, 0.019769586622714996, 0.01977536268532276, 0.01974990777671337, 0.019923003390431404], "(2, 5, 4, 3)": [0.01656837947666645, 0.019904211163520813, 0.016299329698085785, 0.016176043078303337, 0.015483664348721504], "(2, 4, 3, 3)": [0.01974928006529808, 0.019814765080809593, 0.01975398324429989, 0.019728319719433784, 0.019639194011688232], "(3, 5, 3, 2)": [0.01956827938556671, 0.01995319500565529, 0.017417244613170624, 0.0195536557585001, 0.018247198313474655], "(3, 5, 3, 3)": [0.01990748755633831, 0.01559591293334961, 0.015318547375500202, 0.015167579986155033, 0.015038197860121727], "(2, 5, 0, 2)": [0.019458873197436333, 0.019716650247573853, 0.01949477382004261, 0.019506659358739853, 0.01946224831044674], "(2, 4, 4, 3)": [0.01970900036394596, 0.01978500559926033, 0.01937868446111679, 0.019595444202423096, 0.0195124763995409], "(3, 4, 3, 2)": [0.017553426325321198, 0.017871420830488205, 0.018216945230960846, 0.01797124370932579, 0.019679998978972435], "(3, 4, 2, 2)": [0.015746433287858963, 0.016121840104460716, 0.01578150875866413, 0.014848628081381321, 0.01971484161913395], "(2, 4, 4, 2)": [0.01741572469472885, 0.01931743323802948, 0.01984896883368492, 0.019577249884605408, 0.019501645117998123], "(2, 5, 0, 1)": [0.019672932103276253, 0.01966838538646698, 0.019856562837958336, 0.019662994891405106, 0.019638685509562492], "(3, 4, 2, 1)": [0.013012511655688286, 0.011437932029366493, 0.014416901394724846, 0.014791524037718773, 0.019685909152030945], "(2, 5, 4, 2)": [0.018478887155652046, 0.019079409539699554, 0.01992863416671753, 0.019431600347161293, 0.018720338121056557], "(1, 4, 2, 2)": [0.01769685186445713, 0.016155730932950974, 0.01839236170053482, 0.019099680706858635, 0.01995578221976757], "(3, 5, 4, 2)": [0.019655514508485794, 0.019943488761782646, 0.01854833960533142, 0.01917196623980999, 0.01971699297428131], "(3, 5, 2, 2)": [0.019900711253285408, 0.019489118829369545, 0.019441667944192886, 0.019568776711821556, 0.019459182396531105], "(3, 5, 4, 3)": [0.019924107939004898, 0.019262950867414474, 0.01929425075650215, 0.01909979246556759, 0.018864428624510765], "(3, 4, 4, 2)": [0.019241558387875557, 0.019915977492928505, 0.01925412379205227, 0.01931844837963581, 0.019435711205005646], "(3, 5, 1, 2)": [0.01993759535253048, 0.01915442757308483, 0.019161157310009003, 0.019028671085834503, 0.018746547400951385], "(3, 4, 1, 2)": [0.01925497129559517, 0.019253375008702278, 0.019065849483013153, 0.019230235368013382, 0.019437991082668304], "(2, 4, 0, 2)": [0.018121734261512756, 0.01819610968232155, 0.018945708870887756, 0.017990659922361374, 0.01991303823888302], "(1, 5, 1, 2)": [0.01686164364218712, 0.019770590588450432, 0.016553910449147224, 0.01604701206088066, 0.016581416130065918], "(1, 5, 2, 2)": [0.019877800717949867, 0.015253696590662003, 0.015752390027046204, 0.015318712219595909, 0.015032664872705936], "(1, 5, 2, 3)": [0.019865617156028748, 0.013109363615512848, 0.013948319479823112, 0.014346668496727943, 0.013206366449594498], "(1, 4, 3, 2)": [0.019123263657093048, 0.01707335375249386, 0.01906234584748745, 0.019949715584516525, 0.01905977353453636], "(3, 4, 1, 1)": [0.01738644205033779, 0.01640411838889122, 0.014928854070603848, 0.019615639001131058, 0.01674412190914154], "(1, 5, 0, 2)": [0.01923608034849167, 0.01927144080400467, 0.019957080483436584, 0.019102737307548523, 0.01922985538840294], "(1, 4, 0, 2)": [0.019474098458886147, 0.019664030522108078, 0.01931246556341648, 0.01995720900595188, 0.0195593424141407], "(1, 4, 3, 3)": [0.01849754899740219, 0.019141530618071556, 0.019534491002559662, 0.01992405392229557, 0.019352620467543602], "(1, 5, 3, 2)": [0.019160205498337746, 0.019456468522548676, 0.0193608608096838, 0.019835885614156723, 0.019369153305888176], "(1, 5, 3, 3)": [0.019853949546813965, 0.01632736437022686, 0.01797860488295555, 0.015566466376185417, 0.018342150375247], "(3, 4, 3, 1)": [-0.0005925564328208566, -0.0009806453017517924, -0.0008269182872027159, -0.0021876252721995115, -0.002191685140132904], "(2, 4, 3, 1)": [0.00041438406333327293, 0.0, 0.0, 0.0, 0.0], "(2, 4, 2, 3)": [0.003543925005942583, 0.0, 0.019670026376843452, 0.0, 0.0], "(1, 5, 4, 3)": [0.019863829016685486, 0.0013566067209467292, 0.0008579026907682419, 0.0037186925765126944, 0.001988460076972842], "(1, 4, 2, 3)": [0.008048119023442268, 0.0028640793170779943, 0.008019862696528435, 0.005887296050786972, 0.01989142782986164], "(3, 5, 1, 1)": [0.01984778605401516, 0.018990008160471916, 0.019613154232501984, 0.01951369270682335, 0.0193627942353487], "(3, 5, 2, 3)": [-0.0002430069725960493, 0.0, 0.006858363747596741, 0.0018395271617919207, 0.0], "(3, 4, 4, 3)": [0.018528757616877556, 0.018903344869613647, 0.01847786083817482, 0.01982743851840496, 0.019325507804751396], "(3, 4, 0, 1)": [0.009174766018986702, 0.01022422406822443, 0.01971612684428692, 0.009779253974556923, 0.010522210039198399], "(3, 5, 2, 1)": [0.019823411479592323, 0.01104689296334982, 0.011184829287230968, 0.005046293139457703, 0.011843131855130196], "(1, 5, 0, 1)": [0.019332710653543472, 0.019576895982027054, 0.019607368856668472, 0.01781015656888485, 0.019963381811976433], "(0, 5, 0, 2)": [0.016149483621120453, 0.016319474205374718, 0.014975202269852161, 0.01662037894129753, 0.016124719753861427], "(0, 4, 0, 2)": [0.016488905996084213, 0.015973025932908058, 0.016222430393099785, 0.01615050435066223, 0.019778069108724594], "(0, 4, 1, 2)": [0.016795216128230095, 0.01578686200082302, 0.01581709086894989, 0.016826342791318893, 0.019906340166926384], "(0, 4, 0, 1)": [0.013490622863173485, 0.01316081639379263, 0.01347318198531866, 0.014739484526216984, 0.01940060593187809], "(1, 5, 1, 1)": [0.019958997145295143, 0.006677854806184769, 0.00917122047394514, 0.001996780512854457, 0.006738774478435516], "(1, 4, 4, 2)": [0.01817944273352623, 0.001786496490240097, 0.0, 0.0, 0.003584909252822399], "(1, 4, 4, 3)": [0.019787240773439407, 0.0019949821289628744, 0.0019111682195216417, 0.00199358188547194, 0.0018081056186929345], "(1, 4, 2, 1)": [0.011355471797287464, 0.0, 0.0017497771186754107, 0.0, 0.0017598599661141634],