{"q_values": {"(2, 5, 2, 2)": [0.017537053674459457, 0.019944116473197937, 0.016289129853248596, 0.01607964001595974, 0.017475709319114685], "(2, 5, 3, 2)": [0.01993735134601593, 0.018938839435577393, 0.01859499327838421, 0.019209563732147217, 0.018025517463684082], "(2, 5, 3, 3)": [0.019883960485458374, 0.017147142440080643, 0.015692096203565598, 0.016118064522743225, 0.0160451028496027], "(2, 4, 2, 2)": [0.015682050958275795, 0.015664217993617058, 0.015141591429710388, 0.016024213284254074, 0.019605275243520737], "(2, 4, 1, 2)": [0.015828121453523636, 0.018927641212940216, 0.019715677946805954, 0.017941933125257492, 0.016035644337534904], "(2, 4, 1, 1)": [0.018159404397010803, 0.018725572153925896, 0.017979217693209648, 0.018855314701795578, 0.0196022130548954], "(2, 5, 1, 2)": [0.019852854311466217, 0.019206728786230087, 0.019439831376075745, 0.019203785806894302, 0.019249610602855682], "(2, 5, 2, 3)": [0.01722543314099312, 0.009612580761313438, 0.012024914845824242, 0.006703990511596203, 0.010491824708878994], "(2, 4, 3, 2)": [0.018850496038794518, 0.018905630335211754, 0.01889924891293049, 0.01885415054857731, 0.01973813585937023], "(2, 4, 2, 1)": [0.009006560780107975, 0.012050559744238853, 0.010409237816929817, 0.011896403506398201, 0.01979796588420868], "(2, 4, 0, 1)": [0.017124712467193604, 0.016851138323545456, 0.017225604504346848, 0.017529010772705078, 0.01972726173698902], "(1, 4, 0, 1)": [0.01465497724711895, 0.015294307842850685, 0.016306640580296516, 0.016894888132810593, 0.01990680582821369], "(1, 4, 1, 1)": [0.014880998991429806, 0.015241160988807678, 0.013914428651332855, 0.01981912925839424, 0.013713469728827477], "(1, 4, 1, 2)": [0.017737101763486862, 0.01651940308511257, 0.017075231298804283, 0.01992577500641346, 0.01715971902012825], "(2, 5, 1, 1)": [0.019730741158127785, 0.019660236313939095, 0.01969110034406185, 0.019626988098025322, 0.01983722113072872], "(2, 5, 4, 3)": [0.01656837947666645, 0.019860470667481422, 0.015455257147550583, 0.015765368938446045, 0.014994781464338303], "(2, 4, 3, 3)": [0.019637739285826683, 0.019899660721421242, 0.01966901682317257, 0.019665230065584183, 0.019527114927768707], "(3, 5, 3, 2)": [0.019512690603733063, 0.01984196901321411, 0.01941327191889286, 0.01933450624346733, 0.016321243718266487], "(3, 5, 3, 3)": [0.019701283425092697, 0.014596001245081425, 0.015318547375500202, 0.014646134339272976, 0.013947167433798313], "(2, 5, 0, 2)": [0.019458873197436333, 0.019542193040251732, 0.019763324409723282, 0.019434845075011253, 0.019567642360925674], "(2, 4, 4, 3)": [0.019611569121479988, 0.019898418337106705, 0.01937868446111679, 0.019595444202423096, 0.0195124763995409], "(3, 4, 3, 2)": [0.01601390913128853, 0.015177798457443714, 0.016452770680189133, 0.018126418814063072, 0.016669442877173424], "(3, 4, 2, 2)": [0.01851409114897251, 0.017547860741615295, 0.017292587086558342, 0.017883414402604103, 0.016127759590744972], "(2, 4, 4, 2)": [0.01741572469472885, 0.01931743323802948, 0.01976817101240158, 0.01953365094959736, 0.019501645117998123], "(2, 5, 0, 1)": [0.019709095358848572, 0.01966838538646698, 0.019708020612597466, 0.01981385238468647, 0.019638685509562492], "(3, 4, 2, 1)": [0.013012511655688286, 0.011437932029366493, 0.013832458294928074, 0.014266165904700756, 0.018820330500602722], "(2, 5, 4, 2)": [0.018478887155652046, 0.018984410911798477, 0.01994728110730648, 0.019431600347161293, 0.018720338121056557], "(1, 4, 2, 2)": [0.016171516850590706, 0.016155730932950974, 0.01839236170053482, 0.018903478980064392, 0.01973186805844307], "(3, 5, 4, 2)": [0.019655514508485794, 0.019765881821513176, 0.018231790512800217, 0.01909216120839119, 0.01967131718993187], "(3, 5, 2, 2)": [0.01934812031686306, 0.01987718790769577, 0.01886025443673134, 0.019496770575642586, 0.019396958872675896], "(3, 5, 4, 3)": [0.019344359636306763, 0.019032206386327744, 0.019808173179626465, 0.018576331436634064, 0.018864428624510765], "(3, 4, 4, 2)": [0.01909630186855793, 0.01927848532795906, 0.01925412379205227, 0.01923367753624916, 0.019411029294133186], "(3, 5, 1, 2)": [0.019499316811561584, 0.018864847719669342, 0.018868330866098404, 0.018679756671190262, 0.018610931932926178], "(3, 4, 1, 2)": [0.01932465098798275, 0.019424906000494957, 0.01934250444173813, 0.019327640533447266, 0.01925712265074253], "(2, 4, 0, 2)": [0.018121734261512756, 0.01819610968232155, 0.018945708870887756, 0.017990659922361374, 0.01986023038625717], "(1, 5, 1, 2)": [0.01722913235425949, 0.016348568722605705, 0.018950682133436203, 0.01579740270972252, 0.018764855340123177], "(1, 5, 2, 2)": [0.01915622316300869, 0.0158144049346447, 0.015310289338231087, 0.01433184277266264, 0.01452128030359745], "(1, 5, 2, 3)": [0.019343122839927673, 0.013109363615512848, 0.013948319479823112, 0.014346668496727943, 0.013206366449594498], "(1, 4, 3, 2)": [0.019123263657093048, 0.01675286330282688, 0.01906234584748745, 0.01993560418486595, 0.01905977353453636], "(3, 4, 1, 1)": [0.014845238998532295, 0.014643251895904541, 0.014376732520759106, 0.01486863661557436, 0.015037540346384048], "(1, 5, 0, 2)": [0.0198337621986866, 0.019563335925340652, 0.019577935338020325, 0.0195014551281929, 0.019541099667549133], "(1, 4, 0, 2)": [0.019474098458886147, 0.019664030522108078, 0.01931246556341648, 0.019951356574892998, 0.019515063613653183], "(1, 4, 3, 3)": [0.01849754899740219, 0.019141530618071556, 0.019534491002559662, 0.019899772480130196, 0.01928987354040146], "(1, 5, 3, 2)": [0.019160205498337746, 0.019456468522548676, 0.0193608608096838, 0.019501125440001488, 0.019369153305888176], "(1, 5, 3, 3)": [0.019479813054203987, 0.015519453212618828, 0.01797860488295555, 0.015566466376185417, 0.018342150375247], "(3, 4, 3, 1)": [-0.0005925564328208566, -0.0009806453017517924, -0.0008269182872027159, -0.0021876252721995115, -0.002191685140132904], "(2, 4, 3, 1)": [0.00041438406333327293, 0.0, 0.0, 0.0, 0.0], "(2, 4, 2, 3)": [0.003543925005942583, 0.0, 0.019670026376843452, 0.0, 0.0], "(1, 5, 4, 3)": [0.019863829016685486, 0.0013566067209467292, 0.0008579026907682419, 0.0037186925765126944, 0.001988460076972842], "(1, 4, 2, 3)": [0.008048119023442268, 0.0028640793170779943, 0.008019862696528435, 0.005887296050786972, 0.019860459491610527], "(3, 5, 1, 1)": [0.01940617524087429, 0.01814241148531437, 0.019679196178913116, 0.019420063123106956, 0.0192268043756485], "(3, 5, 2, 3)": [-0.0002430069725960493, 0.0, 0.006858363747596741, 0.0018395271617919207, 0.0], "(3, 4, 4, 3)": [0.018029039725661278, 0.01853371039032936, 0.01794884353876114, 0.01989154703915119, 0.018930697813630104], "(3, 4, 0, 1)": [0.009174766018986702, 0.01022422406822443, 0.01915430836379528, 0.009779253974556923, 0.010522210039198399], "(3, 5, 2, 1)": [0.019912011921405792, 0.01104689296334982, 0.00917065516114235, 0.005046293139457703, 0.011843131855130196], "(1, 5, 0, 1)": [0.019262073561549187, 0.01948636956512928, 0.019571157172322273, 0.01781015656888485, 0.019946370273828506], "(0, 5, 0, 2)": [0.0167650505900383, 0.016781195998191833, 0.014975202269852161, 0.016597475856542587, 0.017093848437070847], "(0, 4, 0, 2)": [0.017165789380669594, 0.015973025932908058, 0.01983526162803173, 0.01653498038649559, 0.016678176820278168], "(0, 4, 1, 2)": [0.016795216128230095, 0.015329137444496155, 0.01581709086894989, 0.016478920355439186, 0.01690850220620632], "(0, 4, 0, 1)": [0.013490622863173485, 0.01316081639379263, 0.01347318198531866, 0.014739484526216984, 0.019390055909752846], "(1, 5, 1, 1)": [0.019905757158994675, 0.006677854806184769, 0.00917122047394514, 0.001996780512854457, 0.006738774478435516], "(1, 4, 4, 2)": [0.01817944273352623, 0.001786496490240097, 0.0, 0.0, 0.003584909252822399], "(1, 4, 4, 3)": [0.019787240773439407, 0.0019949821289628744, 0.0019111682195216417, 0.00199358188547194, 0.0018081056186929345], "(1, 4, 2, 1)": [0.011355471797287464, 0.0, 0.0017497771186754107, 0.0, 0.0017598599661141634],