{"q_values": {"(2, 5, 2, 2)": [0.018380606546998024, 0.018466588109731674, 0.018444277346134186, 0.01589837111532688, 0.016550274565815926], "(2, 5, 3, 2)": [0.019930066540837288, 0.019425051286816597, 0.019421735778450966, 0.019590087234973907, 0.01960420235991478], "(2, 5, 3, 3)": [0.019902562722563744, 0.015928952023386955, 0.016363399103283882, 0.0165911465883255, 0.016690747812390327], "(2, 4, 2, 2)": [0.016765866428613663, 0.015864647924900055, 0.018838031217455864, 0.01908241957426071, 0.018734758719801903], "(2, 4, 1, 2)": [0.019078383222222328, 0.018756935372948647, 0.017889928072690964, 0.019768500700592995, 0.018666399642825127], "(2, 4, 1, 1)": [0.015776420012116432, 0.016645193099975586, 0.01681152731180191, 0.017148014158010483, 0.01946466788649559], "(2, 5, 1, 2)": [0.018631570041179657, 0.01861855946481228, 0.018788818269968033, 0.015587061643600464, 0.01871461234986782], "(2, 5, 2, 3)": [0.0054859379306435585, 0.004007525742053986, 0.007508276496082544, 0.0030370154418051243, 0.006428224965929985], "(2, 4, 3, 2)": [0.01933145523071289, 0.019278112798929214, 0.01924227364361286, 0.01869673654437065, 0.019327519461512566], "(2, 4, 2, 1)": [0.004572334699332714, 0.011862419545650482, 0.009469684213399887, 0.01486339420080185, 0.01236340869218111], "(2, 4, 0, 1)": [0.014394627884030342, 0.014477577991783619, 0.014336793683469296, 0.017566796392202377, 0.015861358493566513], "(1, 4, 0, 1)": [0.014564504846930504, 0.015821781009435654, 0.016188427805900574, 0.01581878960132599, 0.01970333233475685], "(1, 4, 1, 1)": [0.011992336250841618, 0.00693697202950716, 0.013760650530457497, 0.014858931303024292, 0.012657049112021923], "(1, 4, 1, 2)": [0.017831064760684967, 0.018929999321699142, 0.019214767962694168, 0.01934852823615074, 0.019837036728858948], "(2, 5, 1, 1)": [0.01971019059419632, 0.019531527534127235, 0.019591543823480606, 0.019506994634866714, 0.019484657794237137], "(2, 5, 4, 3)": [0.0198881383985281, 0.016594678163528442, 0.01712488755583763, 0.016538802534341812, 0.016874155029654503], "(2, 4, 3, 3)": [0.019555600360035896, 0.019938360899686813, 0.019601749256253242, 0.019567690789699554, 0.019412701949477196], "(3, 5, 3, 2)": [0.01978534832596779, 0.01938922144472599, 0.018932901322841644, 0.018686342984437943, 0.01917140744626522], "(3, 5, 3, 3)": [0.014778749085962772, 0.009710724465548992, 0.010832607746124268, 0.0017901613609865308, 0.007391195744276047], "(2, 5, 0, 2)": [0.019347891211509705, 0.018803590908646584, 0.01932596042752266, 0.019601358100771904, 0.019366636872291565], "(2, 4, 4, 3)": [0.019588377326726913, 0.01993788592517376, 0.019694959744811058, 0.019486941397190094, 0.019692320376634598], "(3, 4, 3, 2)": [0.015591217204928398, 0.017731087282299995, 0.01829376444220543, 0.0187810268253088, 0.015754709020256996], "(3, 4, 2, 2)": [0.015994533896446228, 0.015442906878888607, 0.016501206904649734, 0.014962423592805862, 0.019236579537391663], "(2, 4, 4, 2)": [0.01932443119585514, 0.019426068291068077, 0.019447579979896545, 0.019874515011906624, 0.019457876682281494], "(2, 5, 0, 1)": [0.018896596506237984, 0.018781987950205803, 0.018763307482004166, 0.019645145162940025, 0.019246844574809074], "(3, 4, 2, 1)": [0.01142414566129446, 0.010804756544530392, 0.012495188042521477, 0.0120054567232728, 0.017727933824062347], "(2, 5, 4, 2)": [0.015364584513008595, 0.01690143346786499, 0.017307164147496223, 0.01981237530708313, 0.015240013599395752], "(1, 4, 2, 2)": [0.019097251817584038, 0.01875557005405426, 0.019000792875885963, 0.019872277975082397, 0.018952107056975365], "(3, 5, 4, 2)": [0.014326447620987892, 0.015238198451697826, 0.019813276827335358, 0.013479532673954964, 0.01474929228425026], "(3, 5, 2, 2)": [0.019304290413856506, 0.01610649563372135, 0.017677418887615204, 0.01715889759361744, 0.018108153715729713], "(3, 5, 4, 3)": [0.012023434042930603, 0.014849759638309479, 0.01898595690727234, 0.011785472743213177, 0.009989329613745213], "(3, 4, 4, 2)": [0.01921769604086876, 0.017053352668881416, 0.018480805680155754, 0.01879504695534706, 0.017450520768761635], "(3, 5, 1, 2)": [0.017207689583301544, 0.018313860520720482, 0.017023563385009766, 0.018159253522753716, 0.019208665937185287], "(3, 4, 1, 2)": [0.01043787319213152, 0.01495419628918171, 0.01877223327755928, 0.005068317521363497, 0.006991575006395578], "(2, 4, 0, 2)": [0.0195096917450428, 0.016383616253733635, 0.015268385410308838, 0.015386338345706463, 0.017560670152306557], "(1, 5, 1, 2)": [0.019769728183746338, 0.016114994883537292, 0.0163958091288805, 0.01759200170636177, 0.016303298994898796], "(1, 5, 2, 2)": [0.019837774336338043, 0.018215205520391464, 0.01734303869307041, 0.018002893775701523, 0.017116283997893333], "(1, 5, 2, 3)": [0.008602653630077839, 0.013132834807038307, 0.011348199099302292, 0.010055240243673325, 0.009250703267753124], "(1, 4, 3, 2)": [0.019135039299726486, 0.01685003936290741, 0.019043462350964546, 0.019210495054721832, 0.019709259271621704], "(3, 4, 1, 1)": [0.00865267589688301, 0.01818922720849514, 0.010314013808965683, 0.009176120162010193, 0.0122126005589962], "(1, 5, 0, 2)": [0.018405137583613396, 0.01428096555173397, 0.018785614520311356, 0.01946387253701687, 0.016328852623701096], "(1, 4, 0, 2)": [0.019674716517329216, 0.016122788190841675, 0.015236301347613335, 0.0155587587505579, 0.017758456990122795], "(1, 4, 3, 3)": [0.010820756666362286, 0.012705307453870773, 0.01655079610645771, 0.019130567088723183, 0.012198332697153091], "(1, 5, 3, 2)": [0.01829410344362259, 0.019795827567577362, 0.017942454665899277, 0.01661939173936844, 0.01693338342010975], "(1, 5, 3, 3)": [0.0196622833609581, 0.015170976519584656, 0.013652545399963856, 0.014555631205439568, 0.015247617848217487], "(3, 4, 3, 1)": [-0.0005925564328208566, -0.0021891086362302303, 0.000845078844577074, 0.0, 0.0], "(2, 4, 3, 1)": [0.004448185674846172, 0.0, 0.0, 0.0, 0.0], "(2, 4, 2, 3)": [0.0017342319479212165, 0.0, 0.009580880403518677, 0.0, 0.0], "(1, 5, 4, 3)": [0.012292706407606602, 0.0031593255698680878, -0.0012161226477473974, 0.0, 0.0], "(1, 4, 2, 3)": [0.0018877823604270816, 0.0028640793170779943, 0.0, 0.002895989455282688, 0.006738961208611727], "(3, 5, 1, 1)": [0.019174914807081223, 0.008303821086883545, 0.010247482918202877, 0.014335155487060547, 0.0062020462937653065], "(3, 5, 2, 3)": [-0.0002430069725960493, 0.0, 0.0009826651075854897, 0.0, 0.0], "(3, 4, 4, 3)": [0.009762085042893887, 0.006168741267174482, 0.00523140886798501, 0.019517233595252037, 0.007445894181728363], "(3, 4, 0, 1)": [0.003124525537714362, 0.006260358728468418, 0.005511657800525427, 0.004102610982954502, 0.014083757996559143], "(3, 5, 2, 1)": [0.01575075276196003, 0.001599593902938068, 0.0019324567401781678, 0.0, 0.001880984054878354], "(1, 5, 0, 1)": [0.006660838145762682, 0.0062719122506678104, 0.01950223743915558, 0.0018780181417241693, 0.001646944903768599], "(0, 5, 0, 2)": [0.01802421174943447, 0.007640514522790909, 0.010103564709424973, 0.00680182222276926, 0.0074631753377616405], "(0, 4, 0, 2)": [0.01664082147181034, 0.008674873039126396, 0.00688061723485589, 0.005847604013979435, 0.009120750240981579], "(0, 4, 1, 2)": [0.0172196663916111, 0.007176787126809359, 0.0031678294762969017, 0.00567775359377265, 0.003184296889230609], "(0, 4, 0, 1)": [0.00941791944205761, 0.01113848015666008, 0.010213444009423256, 0.008325975388288498, 0.010139338672161102], "(1, 5, 1, 1)": [0.01763314940035343, 0.0017646640771999955, 0.0018723852699622512, 0.0, 0.001851824694313109], "(1, 4, 4, 2)": [0.012634542770683765, 0.0, 0.0, 0.0, 0.001955196261405945], "(1, 4, 4, 3)": [0.010799698531627655, 0.0, 0.0, 0.0, 0.0], "(1, 4, 2, 1)": [0.007590877823531628, 0.0, 0.0, 0.0, 0.0017598599661141634], "(3, 4, 3, 3)": [0.00190713070333004, 0.001978714019060135, 0.010950835421681404, 0.0, 0.0], "(4, 5, 3, 2)": [0.016230015084147453, 0.004308104049414396, 0.0048555005341768265, 0.0012607000535354018, 0.0017110550543293357],