{"q_values": {"(2, 5, 2, 2)": [0.019367609173059464, 0.01867145672440529, 0.0163827296346426, 0.01572350040078163, 0.015635939314961433], "(2, 5, 3, 2)": [0.01929934322834015, 0.019469380378723145, 0.019416965544223785, 0.01941322349011898, 0.019383134320378304], "(2, 5, 3, 3)": [0.01982949860394001, 0.017482426017522812, 0.01846640557050705, 0.017931772395968437, 0.017750117927789688], "(2, 4, 2, 2)": [0.019113777205348015, 0.015864262357354164, 0.017606385052204132, 0.019382797181606293, 0.017935696989297867], "(2, 4, 1, 2)": [0.01693982630968094, 0.01583477109670639, 0.016680359840393066, 0.01980515383183956, 0.017136849462985992], "(2, 4, 1, 1)": [0.015764979645609856, 0.017264937981963158, 0.015051096677780151, 0.01962060108780861, 0.018231768161058426], "(2, 5, 1, 2)": [0.01962989568710327, 0.017734013497829437, 0.019259033724665642, 0.01728866994380951, 0.019185146316885948], "(2, 5, 2, 3)": [0.01802949421107769, 0.009612580761313438, 0.012024914845824242, 0.006703990511596203, 0.010491824708878994], "(2, 4, 3, 2)": [0.019050659611821175, 0.0185535941272974, 0.015988102182745934, 0.018236331641674042, 0.019610630348324776], "(2, 4, 2, 1)": [0.010077036917209625, 0.012050559744238853, 0.010409237816929817, 0.011896403506398201, 0.014786125160753727], "(2, 4, 0, 1)": [0.01512839924544096, 0.01613006554543972, 0.016121409833431244, 0.016051387414336205, 0.019854996353387833], "(1, 4, 0, 1)": [0.016466304659843445, 0.016153525561094284, 0.01751917600631714, 0.017350569367408752, 0.01992425136268139], "(1, 4, 1, 1)": [0.014067566022276878, 0.014537021517753601, 0.013914428651332855, 0.019899388775229454, 0.013713469728827477], "(1, 4, 1, 2)": [0.016405100002884865, 0.016469070687890053, 0.01636284589767456, 0.01625564694404602, 0.019957371056079865], "(2, 5, 1, 1)": [0.019710322842001915, 0.01968575268983841, 0.01970732770860195, 0.019737830385565758, 0.01985270157456398], "(2, 5, 4, 3)": [0.016339484602212906, 0.014544876292347908, 0.01611795835196972, 0.014608657918870449, 0.015388366766273975], "(2, 4, 3, 3)": [0.019706472754478455, 0.019624844193458557, 0.019928455352783203, 0.019698061048984528, 0.019677365198731422], "(3, 5, 3, 2)": [0.01994634047150612, 0.01971781812608242, 0.018720226362347603, 0.01970718428492546, 0.019395861774683], "(3, 5, 3, 3)": [0.019885215908288956, 0.01559591293334961, 0.015318547375500202, 0.015167579986155033, 0.015038197860121727], "(2, 5, 0, 2)": [0.019243061542510986, 0.019261078909039497, 0.019248727709054947, 0.019747836515307426, 0.019316868856549263], "(2, 4, 4, 3)": [0.019727930426597595, 0.019171738997101784, 0.019531497731804848, 0.01950816437602043, 0.0195124763995409], "(3, 4, 3, 2)": [0.01802350953221321, 0.01778985932469368, 0.01722673885524273, 0.019903359934687614, 0.0151072908192873], "(3, 4, 2, 2)": [0.014493570663034916, 0.016715897247195244, 0.017333734780550003, 0.01610533893108368, 0.01970405876636505], "(2, 4, 4, 2)": [0.017894908785820007, 0.01681354083120823, 0.019294459372758865, 0.01979023776948452, 0.018995780497789383], "(2, 5, 0, 1)": [0.019829876720905304, 0.019623756408691406, 0.01947207562625408, 0.019550368189811707, 0.019664032384753227], "(3, 4, 2, 1)": [0.015320375561714172, 0.012987797148525715, 0.01582898199558258, 0.015740757808089256, 0.01970881037414074], "(2, 5, 4, 2)": [0.018478887155652046, 0.019079409539699554, 0.019826460629701614, 0.019431600347161293, 0.018720338121056557], "(1, 4, 2, 2)": [0.018918272107839584, 0.01891997642815113, 0.01888510212302208, 0.015848074108362198, 0.019953764975070953], "(3, 5, 4, 2)": [0.019749246537685394, 0.019956577569246292, 0.019031895324587822, 0.019320320338010788, 0.019782766699790955], "(3, 5, 2, 2)": [0.019623098894953728, 0.01981845311820507, 0.01957552507519722, 0.01895713433623314, 0.019707955420017242], "(3, 5, 4, 3)": [0.019892588257789612, 0.0193269532173872, 0.019411159679293633, 0.019381988793611526, 0.019067110493779182], "(3, 4, 4, 2)": [0.018919089809060097, 0.018972041085362434, 0.018688831478357315, 0.019948678091168404, 0.019037220627069473], "(3, 5, 1, 2)": [0.01992206647992134, 0.01915442757308483, 0.019161157310009003, 0.019028671085834503, 0.018857326358556747], "(3, 4, 1, 2)": [0.01925497129559517, 0.019253375008702278, 0.019115479663014412, 0.019230235368013382, 0.019558405503630638], "(2, 4, 0, 2)": [0.018121734261512756, 0.01819610968232155, 0.018945708870887756, 0.018185921013355255, 0.019748462364077568], "(1, 5, 1, 2)": [0.01982942223548889, 0.019012976437807083, 0.0183122456073761, 0.01881374605000019, 0.019228538498282433], "(1, 5, 2, 2)": [0.019784796983003616, 0.018378859385848045, 0.01839759387075901, 0.018546713516116142, 0.018153877928853035], "(1, 5, 2, 3)": [0.0198124460875988, 0.013109363615512848, 0.013948319479823112, 0.014346668496727943, 0.013873972930014133], "(1, 4, 3, 2)": [0.019039630889892578, 0.018060170114040375, 0.019057197496294975, 0.019962185993790627, 0.01898185722529888], "(3, 4, 1, 1)": [0.018322834745049477, 0.0181417353451252, 0.01716741919517517, 0.019748089835047722, 0.018597548827528954], "(1, 5, 0, 2)": [0.01987541653215885, 0.01933455653488636, 0.019387755542993546, 0.0191400945186615, 0.016675792634487152], "(1, 4, 0, 2)": [0.019521081820130348, 0.019632931798696518, 0.01931246556341648, 0.01994379423558712, 0.019633954390883446], "(1, 4, 3, 3)": [0.019249271601438522, 0.019141530618071556, 0.019635172560811043, 0.019917143508791924, 0.019464239478111267], "(1, 5, 3, 2)": [0.019398026168346405, 0.019489586353302002, 0.019453633576631546, 0.01982583850622177, 0.01940298080444336], "(1, 5, 3, 3)": [0.019835110753774643, 0.018495019525289536, 0.018963435664772987, 0.01758447289466858, 0.01899704895913601], "(3, 4, 3, 1)": [-0.0005925564328208566, -0.0009806453017517924, -0.0008269182872027159, -0.0021876252721995115, -0.002191685140132904], "(2, 4, 3, 1)": [0.00041438406333327293, 0.0, 0.0, 0.0, 0.0], "(2, 4, 2, 3)": [0.003543925005942583, 0.0, 0.01979953981935978, 0.0, 0.0], "(1, 5, 4, 3)": [0.019863829016685486, 0.0013566067209467292, 0.0008579026907682419, 0.0037186925765126944, 0.001988460076972842], "(1, 4, 2, 3)": [0.008048119023442268, 0.0028640793170779943, 0.008019862696528435, 0.005887296050786972, 0.019918780773878098], "(3, 5, 1, 1)": [0.0198679119348526, 0.01907297410070896, 0.019631676375865936, 0.019554177299141884, 0.019453782588243484], "(3, 5, 2, 3)": [-0.0002430069725960493, 0.0, 0.006858363747596741, 0.0018395271617919207, 0.0], "(3, 4, 4, 3)": [0.01920156367123127, 0.0190079715102911, 0.018752677366137505, 0.019937608391046524, 0.019447244703769684], "(3, 4, 0, 1)": [0.009174766018986702, 0.01117399800568819, 0.019612709060311317, 0.009779253974556923, 0.010522210039198399], "(3, 5, 2, 1)": [0.019831761717796326, 0.01104689296334982, 0.011184829287230968, 0.005046293139457703, 0.012640894390642643], "(1, 5, 0, 1)": [0.01963147334754467, 0.01974809169769287, 0.019962161779403687, 0.018687844276428223, 0.019749855622649193], "(0, 5, 0, 2)": [0.015284913592040539, 0.01853812299668789, 0.015546830371022224, 0.015576610341668129, 0.01565031334757805], "(0, 4, 0, 2)": [0.015335123986005783, 0.015973025932908058, 0.01668941229581833, 0.016444431617856026, 0.015976617112755775], "(0, 4, 1, 2)": [0.016874192282557487, 0.016349738463759422, 0.01673801615834236, 0.016909852623939514, 0.018995121121406555], "(0, 4, 0, 1)": [0.013490622863173485, 0.014380878768861294, 0.01347318198531866, 0.01522007305175066, 0.01961711049079895], "(1, 5, 1, 1)": [0.019940296187996864, 0.008001914247870445, 0.00917122047394514, 0.0068686529994010925, 0.008048207499086857], "(1, 4, 4, 2)": [0.01817944273352623, 0.001786496490240097, 0.0, 0.0, 0.003584909252822399], "(1, 4, 4, 3)": [0.019787240773439407, 0.0019949821289628744, 0.0019111682195216417, 0.00199358188547194, 0.0018081056186929345], "(1, 4, 2, 1)": [0.011355471797287464, 0.0, 0.0017497771186754107, 0.0, 0.0017598599661141634],