{"q_values": {"(2, 5, 2, 2)": [0.019553571939468384, 0.015177765861153603, 0.016187531873583794, 0.015168655663728714, 0.013569366186857224], "(2, 5, 3, 2)": [0.01883360743522644, 0.016942618414759636, 0.017216237261891365, 0.016661886125802994, 0.016179749742150307], "(2, 5, 3, 3)": [0.01854957826435566, 0.015981120988726616, 0.014638056978583336, 0.014319811016321182, 0.016579337418079376], "(2, 4, 2, 2)": [0.019032975658774376, 0.01874864101409912, 0.0186662245541811, 0.01942146196961403, 0.01886206492781639], "(2, 4, 1, 2)": [0.018157459795475006, 0.017040308564901352, 0.017880959436297417, 0.0183109138160944, 0.01920967735350132], "(2, 4, 1, 1)": [0.017723165452480316, 0.012390730902552605, 0.011037729680538177, 0.011746831238269806, 0.012846040539443493], "(2, 5, 1, 2)": [0.019322142004966736, 0.016870666295289993, 0.019016453996300697, 0.019136760383844376, 0.01808946020901203], "(2, 5, 2, 3)": [0.008141735568642616, 0.005520456470549107, 0.0062508052214980125, 0.004639529623091221, 0.009749935008585453], "(2, 4, 3, 2)": [0.019119808450341225, 0.019322359934449196, 0.019178327172994614, 0.01642002910375595, 0.01917358487844467], "(2, 4, 2, 1)": [0.006103635765612125, 0.011862419545650482, 0.010494176298379898, 0.012204868718981743, 0.012884746305644512], "(2, 4, 0, 1)": [0.013268018141388893, 0.013486395590007305, 0.015724705532193184, 0.012824996374547482, 0.01151448767632246], "(1, 4, 0, 1)": [0.013862503692507744, 0.015568554401397705, 0.01496924739331007, 0.01363377645611763, 0.01610085740685463], "(1, 4, 1, 1)": [0.016918642446398735, 0.011247937567532063, 0.010876208543777466, 0.013177848421037197, 0.013330952264368534], "(1, 4, 1, 2)": [0.017849022522568703, 0.019223762676119804, 0.018572762608528137, 0.018166733905673027, 0.01957181841135025], "(2, 5, 1, 1)": [0.019121069461107254, 0.018996326252818108, 0.018928948789834976, 0.019037749618291855, 0.01911023259162903], "(2, 5, 4, 3)": [0.017004096880555153, 0.019160350784659386, 0.016705121845006943, 0.01677168346941471, 0.014309237711131573], "(2, 4, 3, 3)": [0.01944931410253048, 0.01954689621925354, 0.019539549946784973, 0.019404862076044083, 0.019599756225943565], "(3, 5, 3, 2)": [0.019030028954148293, 0.0182355809956789, 0.016542524099349976, 0.01891409233212471, 0.01703737862408161], "(3, 5, 3, 3)": [0.017543969675898552, 0.01154263224452734, 0.013058545999228954, 0.0033354866318404675, 0.008617062121629715], "(2, 5, 0, 2)": [0.019032970070838928, 0.01923774927854538, 0.019746601581573486, 0.018202073872089386, 0.01927059516310692], "(2, 4, 4, 3)": [0.019716374576091766, 0.019637856632471085, 0.01967032626271248, 0.019606344401836395, 0.0195302776992321], "(3, 4, 3, 2)": [0.013915297575294971, 0.018776120617985725, 0.015336178243160248, 0.016348514705896378, 0.015552353113889694], "(3, 4, 2, 2)": [0.017905395478010178, 0.012766674160957336, 0.017653867602348328, 0.01787889190018177, 0.01900274120271206], "(2, 4, 4, 2)": [0.019506629556417465, 0.019551832228899002, 0.019759375602006912, 0.019542204216122627, 0.01897543855011463], "(2, 5, 0, 1)": [0.01924465037882328, 0.019058695062994957, 0.019396105781197548, 0.019242212176322937, 0.01964782364666462], "(3, 4, 2, 1)": [0.009656323119997978, 0.010804756544530392, 0.010948944836854935, 0.011317667551338673, 0.017480967566370964], "(2, 5, 4, 2)": [0.016223693266510963, 0.017131147906184196, 0.017307164147496223, 0.019644323736429214, 0.016118234023451805], "(1, 4, 2, 2)": [0.018945714458823204, 0.01895662024617195, 0.019107487052679062, 0.018882116302847862, 0.018754510208964348], "(3, 5, 4, 2)": [0.014800060540437698, 0.015689600259065628, 0.01951153576374054, 0.014573285356163979, 0.01649015210568905], "(3, 5, 2, 2)": [0.01902896724641323, 0.016572581604123116, 0.018482666462659836, 0.018980516120791435, 0.01609470322728157], "(3, 5, 4, 3)": [0.01520838774740696, 0.017851591110229492, 0.015039784833788872, 0.015554253943264484, 0.01480497233569622], "(3, 4, 4, 2)": [0.018874071538448334, 0.018707294017076492, 0.018533220514655113, 0.01881830021739006, 0.018438657745718956], "(3, 5, 1, 2)": [0.016651948913931847, 0.019154313951730728, 0.01915735751390457, 0.019268596544861794, 0.017650797963142395], "(3, 4, 1, 2)": [0.016846053302288055, 0.01799982599914074, 0.019635267555713654, 0.014681379310786724, 0.016677049919962883], "(2, 4, 0, 2)": [0.019372690469026566, 0.016846973448991776, 0.015699584037065506, 0.017108503729104996, 0.018107235431671143], "(1, 5, 1, 2)": [0.019885433837771416, 0.018762221559882164, 0.018675437197089195, 0.01650707796216011, 0.018242981284856796], "(1, 5, 2, 2)": [0.0194203183054924, 0.01674729958176613, 0.017571156844496727, 0.016624145209789276, 0.016916343942284584], "(1, 5, 2, 3)": [0.014256050810217857, 0.01040427852421999, 0.009606437757611275, 0.011204477399587631, 0.009501434862613678], "(1, 4, 3, 2)": [0.0190349780023098, 0.018186986446380615, 0.017343206331133842, 0.019549231976270676, 0.019153064116835594], "(3, 4, 1, 1)": [0.013485750183463097, 0.015550853684544563, 0.013338927179574966, 0.012488910928368568, 0.018980426713824272], "(1, 5, 0, 2)": [0.016594499349594116, 0.017856065183877945, 0.019157398492097855, 0.019777100533246994, 0.018851784989237785], "(1, 4, 0, 2)": [0.015685705468058586, 0.017380859702825546, 0.01637357845902443, 0.01764516532421112, 0.019491057842969894], "(1, 4, 3, 3)": [0.013797136023640633, 0.014601198025047779, 0.018203964456915855, 0.019463270902633667, 0.014195151627063751], "(1, 5, 3, 2)": [0.01894957572221756, 0.019199488684535027, 0.018282363191246986, 0.017728863283991814, 0.01846904121339321], "(1, 5, 3, 3)": [0.014514933340251446, 0.013910742476582527, 0.018326295539736748, 0.01448159571737051, 0.012828584760427475], "(3, 4, 3, 1)": [-0.0005925564328208566, -0.0021891086362302303, 0.005113301798701286, 0.0, 0.0], "(2, 4, 3, 1)": [0.004448185674846172, 0.0, 0.0, 0.0, 0.0], "(2, 4, 2, 3)": [0.0017342319479212165, 0.0, 0.012290513142943382, 0.0, 0.0], "(1, 5, 4, 3)": [0.015166380442678928, 0.0013566067209467292, -0.0012161226477473974, 0.0, 0.0], "(1, 4, 2, 3)": [0.003653481835499406, 0.0028640793170779943, 0.0018969010561704636, 0.002895989455282688, 0.017568349838256836], "(3, 5, 1, 1)": [0.019434725865721703, 0.009244713000953197, 0.011867513880133629, 0.016579892486333847, 0.007561333943158388], "(3, 5, 2, 3)": [-0.0002430069725960493, 0.0, 0.0030446345917880535, 0.0, 0.0], "(3, 4, 4, 3)": [0.01163620874285698, 0.008772818371653557, 0.01025259867310524, 0.019656581804156303, 0.009804880246520042], "(3, 4, 0, 1)": [0.004479953553527594, 0.006260358728468418, 0.004521495196968317, 0.004102610982954502, 0.01300047431141138], "(3, 5, 2, 1)": [0.017451191321015358, 0.001599593902938068, 0.0019324567401781678, 0.0, 0.004933946765959263], "(1, 5, 0, 1)": [0.006660838145762682, 0.014606092125177383, 0.019858911633491516, 0.006768601015210152, 0.007912796922028065], "(0, 5, 0, 2)": [0.019293488934636116, 0.010595555417239666, 0.010984433814883232, 0.007801546715199947, 0.009514708071947098], "(0, 4, 0, 2)": [0.014017420820891857, 0.013789922930300236, 0.011497119441628456, 0.008260892704129219, 0.012892101891338825], "(0, 4, 1, 2)": [0.013421832583844662, 0.009321732446551323, 0.008094574324786663, 0.009625042788684368, 0.003184296889230609], "(0, 4, 0, 1)": [0.012872057035565376, 0.012988143600523472, 0.012383555993437767, 0.009891074150800705, 0.017951052635908127], "(1, 5, 1, 1)": [0.019180111587047577, 0.0017646640771999955, 0.0036666211672127247, 0.0, 0.0036621722392737865], "(1, 4, 4, 2)": [0.012634542770683765, 0.0, 0.0, 0.0, 0.001955196261405945], "(1, 4, 4, 3)": [0.012885944917798042, 0.0019949821289628744, 0.0, 0.0, 0.0], "(1, 4, 2, 1)": [0.005326881073415279, 0.0, 0.0017497771186754107, 0.0, 0.0017598599661141634], "(3, 4, 3, 3)": [0.0037069376558065414, 0.0035967696458101273, 0.01872823014855385, 0.001959411660209298, 0.0], "(4, 5, 3, 2)": [0.018644414842128754, 0.005690739490091801, 0.0074454620480537415, 0.0012607000535354018, 0.0017110550543293357],