{"q_values": {"(2, 5, 2, 2)": [0.01617715135216713, 0.01982024312019348, 0.01585681363940239, 0.01604028418660164, 0.015847040340304375], "(2, 5, 3, 2)": [0.016135910525918007, 0.019794011488556862, 0.01616104133427143, 0.015330331400036812, 0.016152188181877136], "(2, 5, 3, 3)": [0.016221292316913605, 0.019127599895000458, 0.015763748437166214, 0.015505706891417503, 0.016390739008784294], "(2, 4, 2, 2)": [0.015275631099939346, 0.015557458624243736, 0.015447519719600677, 0.016315709799528122, 0.01971498876810074], "(2, 4, 1, 2)": [0.016269724816083908, 0.01876467652618885, 0.016675462946295738, 0.01888807862997055, 0.01577463559806347], "(2, 4, 1, 1)": [0.014643093571066856, 0.016009826213121414, 0.015941113233566284, 0.016472140327095985, 0.015800442546606064], "(2, 5, 1, 2)": [0.01921376772224903, 0.019527820870280266, 0.019124219194054604, 0.019045226275920868, 0.01918940618634224], "(2, 5, 2, 3)": [0.011272653937339783, 0.008861378766596317, 0.016678642481565475, 0.007159435655921698, 0.008314455859363079], "(2, 4, 3, 2)": [0.017002100124955177, 0.01979108154773712, 0.01797778531908989, 0.018328389152884483, 0.017214179039001465], "(2, 4, 2, 1)": [0.006507008336484432, 0.01120696309953928, 0.010409237816929817, 0.011029650457203388, 0.01646839827299118], "(2, 4, 0, 1)": [0.01583242602646351, 0.01806604117155075, 0.01818319410085678, 0.01867266185581684, 0.016292186453938484], "(1, 4, 0, 1)": [0.018883783370256424, 0.01554688811302185, 0.014451850205659866, 0.019912073388695717, 0.018216464668512344], "(1, 4, 1, 1)": [0.014353597536683083, 0.014728021807968616, 0.013262026011943817, 0.019843678921461105, 0.015712007880210876], "(1, 4, 1, 2)": [0.019636737182736397, 0.01872483640909195, 0.01899005100131035, 0.019715292379260063, 0.019919320940971375], "(2, 5, 1, 1)": [0.01977689191699028, 0.019770028069615364, 0.019763272255659103, 0.019762679934501648, 0.019734956324100494], "(2, 5, 4, 3)": [0.01944046840071678, 0.017177216708660126, 0.017203565686941147, 0.017789650708436966, 0.017322471365332603], "(2, 4, 3, 3)": [0.019611302763223648, 0.019637852907180786, 0.019680071622133255, 0.019636809825897217, 0.019751928746700287], "(3, 5, 3, 2)": [0.01990547776222229, 0.01961292140185833, 0.01953810825943947, 0.019492026418447495, 0.019391346722841263], "(3, 5, 3, 3)": [0.019647128880023956, 0.0132113853469491, 0.015718478709459305, 0.00896676816046238, 0.013191601261496544], "(2, 5, 0, 2)": [0.01947181485593319, 0.019525907933712006, 0.019403282552957535, 0.019371826201677322, 0.019858622923493385], "(2, 4, 4, 3)": [0.01986868306994438, 0.019619004800915718, 0.019612383097410202, 0.01964380592107773, 0.019520418718457222], "(3, 4, 3, 2)": [0.01658293791115284, 0.016337772831320763, 0.015603970736265182, 0.015610706992447376, 0.01580796390771866], "(3, 4, 2, 2)": [0.016237877309322357, 0.01873752661049366, 0.015542699955403805, 0.015620473772287369, 0.019489042460918427], "(2, 4, 4, 2)": [0.019464336335659027, 0.019537702202796936, 0.019500726833939552, 0.01947573572397232, 0.019534654915332794], "(2, 5, 0, 1)": [0.019756974652409554, 0.019765574485063553, 0.019777683541178703, 0.019755065441131592, 0.019775625318288803], "(3, 4, 2, 1)": [0.010466713458299637, 0.008869672194123268, 0.011616043746471405, 0.010026297532022, 0.010953409597277641], "(2, 5, 4, 2)": [0.017475174739956856, 0.018768491223454475, 0.01985521987080574, 0.019173990935087204, 0.018441878259181976], "(1, 4, 2, 2)": [0.019160106778144836, 0.019000746309757233, 0.019382338970899582, 0.019333012402057648, 0.019891779869794846], "(3, 5, 4, 2)": [0.019129671156406403, 0.01926153525710106, 0.017038686200976372, 0.01623537391424179, 0.01982623152434826], "(3, 5, 2, 2)": [0.01983514055609703, 0.01740911975502968, 0.019345371052622795, 0.01931251771748066, 0.01880868710577488], "(3, 5, 4, 3)": [0.019869789481163025, 0.01716998778283596, 0.017745694145560265, 0.016456792131066322, 0.01579289138317108], "(3, 4, 4, 2)": [0.019263971596956253, 0.018304159864783287, 0.019713841378688812, 0.01910276897251606, 0.018892278894782066], "(3, 5, 1, 2)": [0.019457202404737473, 0.01922757923603058, 0.019411906599998474, 0.01813921332359314, 0.019508054479956627], "(3, 4, 1, 2)": [0.01842120662331581, 0.019026149064302444, 0.019193222746253014, 0.0192517451941967, 0.019786328077316284], "(2, 4, 0, 2)": [0.01794046349823475, 0.0175554808229208, 0.018835734575986862, 0.017990659922361374, 0.01988537237048149], "(1, 5, 1, 2)": [0.01885332725942135, 0.015800895169377327, 0.01574585773050785, 0.017925841733813286, 0.018803048878908157], "(1, 5, 2, 2)": [0.016106801107525826, 0.019094686955213547, 0.019089428707957268, 0.019113101065158844, 0.016914308071136475], "(1, 5, 2, 3)": [0.019104579463601112, 0.01551466342061758, 0.014810839667916298, 0.014755642041563988, 0.01305641233921051], "(1, 4, 3, 2)": [0.019508395344018936, 0.01942693628370762, 0.019479503855109215, 0.019331293180584908, 0.01964428275823593], "(3, 4, 1, 1)": [0.016484150663018227, 0.015057217329740524, 0.01576719805598259, 0.01369883120059967, 0.019547147676348686], "(1, 5, 0, 2)": [0.01943664252758026, 0.019660135731101036, 0.0189477801322937, 0.019442575052380562, 0.019395383074879646], "(1, 4, 0, 2)": [0.019352253526449203, 0.019451238214969635, 0.019578607752919197, 0.01991948112845421, 0.019689146429300308], "(1, 4, 3, 3)": [0.0172282587736845, 0.018868079409003258, 0.019276225939393044, 0.019841762259602547, 0.0187575351446867], "(1, 5, 3, 2)": [0.018965259194374084, 0.01951896771788597, 0.019862718880176544, 0.019463742151856422, 0.019271425902843475], "(1, 5, 3, 3)": [0.017668912187218666, 0.019381901249289513, 0.017323870211839676, 0.01685883104801178, 0.01710650697350502], "(3, 4, 3, 1)": [-0.0005925564328208566, -0.0009806453017517924, -0.0008269182872027159, -0.0021876252721995115, 0.0], "(2, 4, 3, 1)": [0.00041438406333327293, 0.0, 0.0, 0.0, 0.0], "(2, 4, 2, 3)": [0.003543925005942583, 0.0, 0.019503960385918617, 0.0, 0.0], "(1, 5, 4, 3)": [0.016922835260629654, 0.0013566067209467292, 0.0008579026907682419, 0.0037186925765126944, 0.001988460076972842], "(1, 4, 2, 3)": [0.006736285053193569, 0.0028640793170779943, 0.006717275828123093, 0.004338906146585941, 0.019856635481119156], "(3, 5, 1, 1)": [0.01894467882812023, 0.014793594367802143, 0.019882328808307648, 0.018993809819221497, 0.017687790095806122], "(3, 5, 2, 3)": [-0.0002430069725960493, 0.0, 0.0007121379021555185, 0.0, 0.0], "(3, 4, 4, 3)": [0.016692541539669037, 0.0163394995033741, 0.014769860543310642, 0.01986822858452797, 0.016689950600266457], "(3, 4, 0, 1)": [0.009174766018986702, 0.01022422406822443, 0.01665576919913292, 0.009779253974556923, 0.00949123129248619], "(3, 5, 2, 1)": [0.019817128777503967, 0.010088537819683552, 0.007979744113981724, 0.005046293139457703, 0.010942582972347736], "(1, 5, 0, 1)": [0.0185839906334877, 0.019245296716690063, 0.019908320158720016, 0.0171908400952816, 0.019141225144267082], "(0, 5, 0, 2)": [0.016532989218831062, 0.016131505370140076, 0.016136620193719864, 0.016633469611406326, 0.016203531995415688], "(0, 4, 0, 2)": [0.01688258908689022, 0.015539346262812614, 0.016398536041378975, 0.016588859260082245, 0.019299283623695374], "(0, 4, 1, 2)": [0.015011672861874104, 0.01675868220627308, 0.016350749880075455, 0.01662670634686947, 0.019822681322693825], "(0, 4, 0, 1)": [0.013490622863173485, 0.01389183197170496, 0.011980215087532997, 0.0142170125618577, 0.01628095842897892], "(1, 5, 1, 1)": [0.019946977496147156, 0.005211103241890669, 0.006645357236266136, 0.001996780512854457, 0.006738774478435516], "(1, 4, 4, 2)": [0.01652173325419426, 0.001786496490240097, 0.0, 0.0, 0.003584909252822399], "(1, 4, 4, 3)": [0.018445219844579697, 0.0019949821289628744, 0.0, 0.0, 0.0018081056186929345], "(1, 4, 2, 1)": [0.006525397300720215, 0.0, 0.0017497771186754107, 0.0, 0.0017598599661141634], "(3, 4, 3, 3)": [0.008088828064501286, 0.0035967696458101273, 0.019896969199180603, 0.0036987443454563618, 0.0037868721410632133],