{"q_values": {"(2, 5, 2, 2)": [0.016755361109972, 0.017990728840231895, 0.017193986102938652, 0.016055598855018616, 0.018767299130558968], "(2, 5, 3, 2)": [0.016967328265309334, 0.016690993681550026, 0.018941937014460564, 0.01829451508820057, 0.0189342238008976], "(2, 5, 3, 3)": [0.016333172097802162, 0.01581389456987381, 0.017639638856053352, 0.01724310964345932, 0.018715985119342804], "(2, 4, 2, 2)": [0.01840503141283989, 0.0171066764742136, 0.01696782186627388, 0.01803349331021309, 0.017208123579621315], "(2, 4, 1, 2)": [0.014001077972352505, 0.016228286549448967, 0.013966051861643791, 0.016150740906596184, 0.014805835671722889], "(2, 4, 1, 1)": [0.016540663316845894, 0.01339388731867075, 0.01581675186753273, 0.015747549012303352, 0.017078228294849396], "(2, 5, 1, 2)": [0.01985297165811062, 0.019742999225854874, 0.019819453358650208, 0.019851211458444595, 0.019847555086016655], "(2, 5, 2, 3)": [0.012843926437199116, 0.0037806692998856306, 0.003055308945477009, 0.011255290359258652, 0.009084319695830345], "(2, 4, 3, 2)": [0.018646100535988808, 0.019267922267317772, 0.01932256855070591, 0.019505983218550682, 0.01953010819852352], "(2, 4, 2, 1)": [0.007259463891386986, 0.008693601936101913, 0.004293953068554401, 0.009190564975142479, 0.015788652002811432], "(2, 4, 0, 1)": [0.014309542253613472, 0.014704626053571701, 0.014052093029022217, 0.018554333597421646, 0.016116514801979065], "(1, 4, 0, 1)": [0.007682450115680695, 0.00871735718101263, 0.007930510677397251, 0.01784684881567955, 0.010052338242530823], "(1, 4, 1, 1)": [0.0073303962126374245, 0.005646592937409878, 0.007676426321268082, 0.010295464657247066, 0.017527667805552483], "(1, 4, 1, 2)": [0.0179586224257946, 0.01886378787457943, 0.019378826022148132, 0.018817681819200516, 0.018729697912931442], "(2, 5, 1, 1)": [0.018592987209558487, 0.018481234088540077, 0.019814668223261833, 0.01894235610961914, 0.017396096140146255], "(2, 5, 4, 3)": [0.017153017222881317, 0.018930763006210327, 0.019665202125906944, 0.019048549234867096, 0.01863798499107361], "(2, 4, 3, 3)": [0.01927856355905533, 0.019204698503017426, 0.019207080826163292, 0.019890442490577698, 0.019127558916807175], "(3, 5, 3, 2)": [0.017631348222494125, 0.019757624715566635, 0.018820395693182945, 0.018412379547953606, 0.01551582757383585], "(3, 5, 3, 3)": [0.006235738750547171, 0.007593201007694006, 0.013591817580163479, 0.00205549830570817, 0.0021190359257161617], "(2, 5, 0, 2)": [0.013213898986577988, 0.010944955982267857, 0.019232869148254395, 0.013318263925611973, 0.016362888738512993], "(2, 4, 4, 3)": [0.018064558506011963, 0.01812220737338066, 0.016406260430812836, 0.019702069461345673, 0.018499985337257385], "(3, 4, 3, 2)": [0.018414661288261414, 0.013914095237851143, 0.0173067357391119, 0.01741141267120838, 0.01830228418111801], "(3, 4, 2, 2)": [0.016243798658251762, 0.016030902042984962, 0.01694837398827076, 0.0187864787876606, 0.017847690731287003], "(2, 4, 4, 2)": [0.019405944272875786, 0.016822760924696922, 0.01630443148314953, 0.017032330855727196, 0.01593790575861931], "(2, 5, 0, 1)": [0.00785126630216837, 0.007400748785585165, 0.0031277029775083065, 0.019319042563438416, 0.010390087030827999], "(3, 4, 2, 1)": [0.0022719898261129856, 0.012698346748948097, 0.007086755707859993, 0.010961953550577164, 0.0012211994035169482], "(2, 5, 4, 2)": [0.008492733351886272, 0.0011485276045277715, 0.010418448597192764, 0.018648313358426094, 0.0072171371430158615], "(1, 4, 2, 2)": [0.018701260909438133, 0.01676471158862114, 0.01851310394704342, 0.018290620297193527, 0.01948602683842182], "(3, 5, 4, 2)": [0.0043305824510753155, 0.006089565344154835, 0.014115107245743275, 0.001983176451176405, 0.004415646195411682], "(3, 5, 2, 2)": [0.018809759989380836, 0.017220856621861458, 0.017468959093093872, 0.017852025106549263, 0.017474882304668427], "(3, 5, 4, 3)": [0.0035541043616831303, 0.007525939028710127, 0.014627540484070778, 0.0011764256050810218, 0.0014240595046430826], "(3, 4, 4, 2)": [0.010079528205096722, 0.010124965570867062, 0.018015671521425247, 0.007519226521253586, 0.009749501012265682], "(3, 5, 1, 2)": [0.01319069042801857, 0.014201517216861248, 0.019286122173070908, 0.012250512838363647, 0.014366204850375652], "(3, 4, 1, 2)": [0.004164484329521656, 0.0059598227962851524, 0.014709112234413624, 0.005068317521363497, 0.002630830742418766], "(2, 4, 0, 2)": [0.01857088878750801, 0.006939344108104706, 0.007230254355818033, 0.011103013530373573, 0.007061782758682966], "(1, 5, 1, 2)": [0.019179953262209892, 0.01795661821961403, 0.01765471138060093, 0.017790338024497032, 0.018325136974453926], "(1, 5, 2, 2)": [0.019663212820887566, 0.01867060549557209, 0.018261447548866272, 0.017729375511407852, 0.017999067902565002], "(1, 5, 2, 3)": [0.008529139682650566, 0.0037157502956688404, 0.008245492354035378, 0.005965110845863819, 0.0127507783472538], "(1, 4, 3, 2)": [0.018105408176779747, 0.017741376534104347, 0.018763314932584763, 0.019662396982312202, 0.01854771189391613], "(3, 4, 1, 1)": [0.009602941572666168, 0.010217788629233837, 0.01485349703580141, 0.008950951509177685, 0.008149193599820137], "(1, 5, 0, 2)": [0.00820850022137165, 0.002720726653933525, 0.004011999815702438, 0.017856210470199585, 0.010331719182431698], "(1, 4, 0, 2)": [0.018306409940123558, 0.005087742581963539, 0.00500655360519886, 0.004518886562436819, 0.008341037668287754], "(1, 4, 3, 3)": [0.00481782853603363, 0.007981542497873306, 0.011251095682382584, 0.018361803144216537, 0.009465089999139309], "(1, 5, 3, 2)": [0.01331266202032566, 0.019779181107878685, 0.010917876847088337, 0.009800796397030354, 0.003940714057534933], "(1, 5, 3, 3)": [0.019042836502194405, 0.012573698535561562, 0.010462002828717232, 0.01305463071912527, 0.006370489485561848], "(3, 4, 3, 1)": [0.0, 0.0, 0.0, 0.0, 0.0], "(2, 4, 3, 1)": [0.001499464618973434, 0.0, 0.0, 0.0, 0.0], "(2, 4, 2, 3)": [0.0, 0.0, 0.0019401470199227333, 0.0, 0.0], "(1, 5, 4, 3)": [0.00801103375852108, 0.0019332136726006866, -0.0012161226477473974, 0.0, 0.0], "(1, 4, 2, 3)": [0.0018877823604270816, 0.000999988871626556, 0.0, 0.0, 0.0], "(3, 5, 1, 1)": [0.013796251267194748, 0.0016068127006292343, 0.0, 0.0, 0.0014552712673321366], "(3, 5, 2, 3)": [0.0031348462216556072, 0.0, 0.0, 0.0, 0.0], "(3, 4, 4, 3)": [0.0014761855127289891, 0.0, 0.0, 0.01056172139942646, 0.0], "(3, 4, 0, 1)": [0.006329511292278767, 0.0027435333468019962, 0.004297469276934862, 0.0, 0.0], "(3, 5, 2, 1)": [0.0015595536679029465, 0.0, 0.0, 0.0, 0.0], "(1, 5, 0, 1)": [0.003585756290704012, 0.004784855991601944, 0.014411655254662037, 0.0, 0.001646944903768599], "(0, 5, 0, 2)": [0.0019523764494806528, 0.0, 0.0, 0.0, 0.0019448741804808378], "(0, 4, 0, 2)": [0.006638794671744108, 0.0, 0.0, 0.0, 0.0], "(0, 4, 1, 2)": [0.0010495595633983612, 0.0, 0.0, 0.0, 0.0], "(0, 4, 0, 1)": [-0.0011078836396336555, 0.003937503322958946, 0.0, 0.001958127599209547, 0.0], "(1, 5, 1, 1)": [0.010166089050471783, 0.0, 0.0018723852699622512, 0.0, 0.0], "(1, 4, 4, 2)": [0.008439327590167522, 0.0, 0.0, 0.0, 0.001955196261405945], "(1, 4, 4, 3)": [0.003870964515954256, 0.0, 0.0, 0.0, 0.0], "(1, 4, 2, 1)": [0.007590877823531628, 0.0, 0.0, 0.0, 0.0017598599661141634]}}