{"q_values": {"(2, 5, 2, 2)": [0.01988723874092102, 0.015897152945399284, 0.01752035692334175, 0.016814475879073143, 0.018458988517522812], "(2, 5, 3, 2)": [0.019882433116436005, 0.017377551645040512, 0.016528410837054253, 0.01641957275569439, 0.015583847649395466], "(2, 5, 3, 3)": [0.015537171624600887, 0.01989273726940155, 0.013556940481066704, 0.01621093414723873, 0.015134268440306187], "(2, 4, 2, 2)": [0.01820397935807705, 0.01683182269334793, 0.01600324921309948, 0.01963302120566368, 0.016657937318086624], "(2, 4, 1, 2)": [0.01807260885834694, 0.017110690474510193, 0.018473731353878975, 0.016619199886918068, 0.019728701561689377], "(2, 4, 1, 1)": [0.017549457028508186, 0.017268160358071327, 0.015464146621525288, 0.017980268225073814, 0.01982768438756466], "(2, 5, 1, 2)": [0.019937146455049515, 0.019149279221892357, 0.019042832776904106, 0.018938083201646805, 0.019001802429556847], "(2, 5, 2, 3)": [0.019807595759630203, 0.009612580761313438, 0.012024914845824242, 0.006703990511596203, 0.010491824708878994], "(2, 4, 3, 2)": [0.01894235797226429, 0.019214725121855736, 0.01585766300559044, 0.016208481043577194, 0.0189768485724926], "(2, 4, 2, 1)": [0.009006560780107975, 0.012050559744238853, 0.010409237816929817, 0.011896403506398201, 0.01980607956647873], "(2, 4, 0, 1)": [0.01611504703760147, 0.016851138323545456, 0.016930948942899704, 0.016664378345012665, 0.019863471388816833], "(1, 4, 0, 1)": [0.01406913623213768, 0.015294307842850685, 0.016306640580296516, 0.01656876876950264, 0.019779019057750702], "(1, 4, 1, 1)": [0.014353597536683083, 0.015241160988807678, 0.013914428651332855, 0.01978694275021553, 0.013713469728827477], "(1, 4, 1, 2)": [0.0169161856174469, 0.019527938216924667, 0.019639546051621437, 0.017270853742957115, 0.018705783411860466], "(2, 5, 1, 1)": [0.019835123792290688, 0.019624250009655952, 0.019630191847682, 0.019591515883803368, 0.01966567151248455], "(2, 5, 4, 3)": [0.01974567025899887, 0.017681563273072243, 0.01828780397772789, 0.018647169694304466, 0.018672119826078415], "(2, 4, 3, 3)": [0.019575534388422966, 0.019645392894744873, 0.019910959526896477, 0.01951678842306137, 0.019435135647654533], "(3, 5, 3, 2)": [0.018534325063228607, 0.019505783915519714, 0.019750921055674553, 0.018201220780611038, 0.019459381699562073], "(3, 5, 3, 3)": [0.01985691674053669, 0.014596001245081425, 0.015318547375500202, 0.014646134339272976, 0.013947167433798313], "(2, 5, 0, 2)": [0.019458873197436333, 0.019542193040251732, 0.019866330549120903, 0.01938612014055252, 0.01953352428972721], "(2, 4, 4, 3)": [0.01953163370490074, 0.01954035647213459, 0.019323093816637993, 0.01987445168197155, 0.019411420449614525], "(3, 4, 3, 2)": [0.01664532534778118, 0.01566794328391552, 0.015677480027079582, 0.015797866508364677, 0.01927802339196205], "(3, 4, 2, 2)": [0.015043450519442558, 0.016759106889367104, 0.015143288299441338, 0.01607322506606579, 0.019207455217838287], "(2, 4, 4, 2)": [0.016822561621665955, 0.01931743323802948, 0.019506774842739105, 0.019956380128860474, 0.01944960094988346], "(2, 5, 0, 1)": [0.01964469999074936, 0.019654618576169014, 0.01989322528243065, 0.019639473408460617, 0.019638685509562492], "(3, 4, 2, 1)": [0.01225182693451643, 0.011437932029366493, 0.013424412347376347, 0.013697052374482155, 0.018550485372543335], "(2, 5, 4, 2)": [0.018478887155652046, 0.018984410911798477, 0.019936656579375267, 0.01937921904027462, 0.018720338121056557], "(1, 4, 2, 2)": [0.018518567085266113, 0.018412262201309204, 0.01804264821112156, 0.018366504460573196, 0.019789312034845352], "(3, 5, 4, 2)": [0.01950596086680889, 0.019940834492444992, 0.017826855182647705, 0.018769782036542892, 0.01960526406764984], "(3, 5, 2, 2)": [0.019793350249528885, 0.019032254815101624, 0.01749839261174202, 0.019178340211510658, 0.019312044605612755], "(3, 5, 4, 3)": [0.019867748022079468, 0.018829941749572754, 0.019301338121294975, 0.018576331436634064, 0.018620356917381287], "(3, 4, 4, 2)": [0.019184617325663567, 0.01959705352783203, 0.019942978397011757, 0.01961076259613037, 0.01956424117088318], "(3, 5, 1, 2)": [0.01841752976179123, 0.01991112343966961, 0.018967293202877045, 0.018381565809249878, 0.018296346068382263], "(3, 4, 1, 2)": [0.019208496436476707, 0.01929316483438015, 0.019588211551308632, 0.019269786775112152, 0.019133860245347023], "(2, 4, 0, 2)": [0.018121734261512756, 0.01819610968232155, 0.018945708870887756, 0.017990659922361374, 0.019899748265743256], "(1, 5, 1, 2)": [0.019204536452889442, 0.019936660304665565, 0.01917940378189087, 0.019107162952423096, 0.019150983542203903], "(1, 5, 2, 2)": [0.019880613312125206, 0.0177800003439188, 0.017478229478001595, 0.018694482743740082, 0.018269291147589684], "(1, 5, 2, 3)": [0.013920988887548447, 0.013109363615512848, 0.016800004988908768, 0.015230817720293999, 0.014155921526253223], "(1, 4, 3, 2)": [0.019123263657093048, 0.01675286330282688, 0.01906234584748745, 0.019643118605017662, 0.01905977353453636], "(3, 4, 1, 1)": [0.014311667531728745, 0.014743978157639503, 0.013666946440935135, 0.019524579867720604, 0.013916673138737679], "(1, 5, 0, 2)": [0.01976148597896099, 0.019976209849119186, 0.019643036648631096, 0.01972678303718567, 0.019717389717698097], "(1, 4, 0, 2)": [0.019372424110770226, 0.019664030522108078, 0.01931246556341648, 0.019930217415094376, 0.019515063613653183], "(1, 4, 3, 3)": [0.01849754899740219, 0.019141530618071556, 0.019450591877102852, 0.019938429817557335, 0.01928987354040146], "(1, 5, 3, 2)": [0.01908702217042446, 0.019819369539618492, 0.019512861967086792, 0.019463742151856422, 0.019369153305888176], "(1, 5, 3, 3)": [0.019872916862368584, 0.01838240772485733, 0.01797860488295555, 0.01853790134191513, 0.017978578805923462], "(3, 4, 3, 1)": [-0.0005925564328208566, -0.0009806453017517924, -0.0008269182872027159, -0.0021876252721995115, 0.0], "(2, 4, 3, 1)": [0.00041438406333327293, 0.0, 0.0, 0.0, 0.0], "(2, 4, 2, 3)": [0.003543925005942583, 0.0, 0.019696515053510666, 0.0, 0.0], "(1, 5, 4, 3)": [0.01982850208878517, 0.0013566067209467292, 0.0008579026907682419, 0.0037186925765126944, 0.001988460076972842], "(1, 4, 2, 3)": [0.008048119023442268, 0.0028640793170779943, 0.006717275828123093, 0.005887296050786972, 0.01991310715675354], "(3, 5, 1, 1)": [0.019307317212224007, 0.01720064878463745, 0.019260048866271973, 0.019914977252483368, 0.019056156277656555], "(3, 5, 2, 3)": [-0.0002430069725960493, 0.0, 0.006858363747596741, 0.0018395271617919207, 0.0], "(3, 4, 4, 3)": [0.017572449520230293, 0.01801305264234543, 0.01747605949640274, 0.01994873397052288, 0.018219320103526115], "(3, 4, 0, 1)": [0.009174766018986702, 0.01022422406822443, 0.01908026821911335, 0.009779253974556923, 0.010522210039198399], "(3, 5, 2, 1)": [0.019498275592923164, 0.01104689296334982, 0.00917065516114235, 0.005046293139457703, 0.011843131855130196], "(1, 5, 0, 1)": [0.019262073561549187, 0.01948636956512928, 0.019571157172322273, 0.01781015656888485, 0.019954876974225044], "(0, 5, 0, 2)": [0.01643609069287777, 0.016781195998191833, 0.016717715188860893, 0.01916484534740448, 0.01678265444934368], "(0, 4, 0, 2)": [0.016872039064764977, 0.015973025932908058, 0.019622381776571274, 0.01653498038649559, 0.016678176820278168], "(0, 4, 1, 2)": [0.016455907374620438, 0.015329137444496155, 0.015358940698206425, 0.015677552670240402, 0.01804550737142563], "(0, 4, 0, 1)": [0.013490622863173485, 0.01316081639379263, 0.01347318198531866, 0.014739484526216984, 0.018893839791417122], "(1, 5, 1, 1)": [0.019871307536959648, 0.005211103241890669, 0.00917122047394514, 0.001996780512854457, 0.006738774478435516], "(1, 4, 4, 2)": [0.017686661332845688, 0.001786496490240097, 0.0, 0.0, 0.003584909252822399], "(1, 4, 4, 3)": [0.019750410690903664, 0.0019949821289628744, 0.0019111682195216417, 0.00199358188547194, 0.0018081056186929345], "(1, 4, 2, 1)": [0.009764565154910088, 0.0, 0.0017497771186754107, 0.0, 0.0017598599661141634],