{"q_values": {"(2, 5, 2, 2)": [0.019946884363889694, 0.017454860731959343, 0.016444185748696327, 0.016455555334687233, 0.016174405813217163], "(2, 5, 3, 2)": [0.01649775356054306, 0.019919807091355324, 0.01490639429539442, 0.01714893989264965, 0.016796739771962166], "(2, 5, 3, 3)": [0.01992744207382202, 0.010428437031805515, 0.01153301540762186, 0.010372145101428032, 0.012352912686765194], "(2, 4, 2, 2)": [0.01736881025135517, 0.01539020799100399, 0.015351513400673866, 0.015339071862399578, 0.019823605194687843], "(2, 4, 1, 2)": [0.01920396275818348, 0.019197246059775352, 0.018357958644628525, 0.019792117178440094, 0.019206449389457703], "(2, 4, 1, 1)": [0.01880064606666565, 0.018970493227243423, 0.01903769001364708, 0.016024256125092506, 0.01982521265745163], "(2, 5, 1, 2)": [0.01995227485895157, 0.015509157441556454, 0.01517285406589508, 0.015993809327483177, 0.016185933724045753], "(2, 5, 2, 3)": [0.018773574382066727, 0.009612580761313438, 0.012024914845824242, 0.006703990511596203, 0.010491824708878994], "(2, 4, 3, 2)": [0.017868708819150925, 0.01770225539803505, 0.018356934189796448, 0.019919713959097862, 0.018141428008675575], "(2, 4, 2, 1)": [0.010077036917209625, 0.012050559744238853, 0.010409237816929817, 0.011896403506398201, 0.015168336220085621], "(2, 4, 0, 1)": [0.014602292329072952, 0.014867170713841915, 0.01979980245232582, 0.014727056957781315, 0.01605403982102871], "(1, 4, 0, 1)": [0.015183217823505402, 0.015294307842850685, 0.016987498849630356, 0.017199482768774033, 0.019917381927371025], "(1, 4, 1, 1)": [0.016248025000095367, 0.015241160988807678, 0.013914428651332855, 0.019872039556503296, 0.013713469728827477], "(1, 4, 1, 2)": [0.019084695726633072, 0.018112510442733765, 0.018241940066218376, 0.019738275557756424, 0.018451953306794167], "(2, 5, 1, 1)": [0.01967836543917656, 0.01989765092730522, 0.019676579162478447, 0.01971677504479885, 0.019663888961076736], "(2, 5, 4, 3)": [0.013895280659198761, 0.01255857851356268, 0.016667841002345085, 0.014023629948496819, 0.013739367015659809], "(2, 4, 3, 3)": [0.01950610987842083, 0.019413767382502556, 0.01995650865137577, 0.01960006356239319, 0.019474158063530922], "(3, 5, 3, 2)": [0.01963733322918415, 0.019922727718949318, 0.01858612895011902, 0.019604800269007683, 0.019033031538128853], "(3, 5, 3, 3)": [0.01992294192314148, 0.01559591293334961, 0.015318547375500202, 0.015167579986155033, 0.015038197860121727], "(2, 5, 0, 2)": [0.019639112055301666, 0.019261078909039497, 0.01928570680320263, 0.019244635477662086, 0.019208980724215508], "(2, 4, 4, 3)": [0.01979512721300125, 0.019683049991726875, 0.01943792589008808, 0.019595444202423096, 0.0195124763995409], "(3, 4, 3, 2)": [0.016922252252697945, 0.015650494024157524, 0.015926282852888107, 0.016434818506240845, 0.01961752399802208], "(3, 4, 2, 2)": [0.013947226107120514, 0.015251882374286652, 0.015406491234898567, 0.015729300677776337, 0.01946517638862133], "(2, 4, 4, 2)": [0.01741572469472885, 0.01617569290101528, 0.019297610968351364, 0.019309021532535553, 0.019504716619849205], "(2, 5, 0, 1)": [0.019614795222878456, 0.01978268101811409, 0.019553665071725845, 0.019607193768024445, 0.019606921821832657], "(3, 4, 2, 1)": [0.014820967800915241, 0.012266745790839195, 0.014931218698620796, 0.015295623801648617, 0.019568543881177902], "(2, 5, 4, 2)": [0.018478887155652046, 0.019079409539699554, 0.019810760393738747, 0.019431600347161293, 0.018720338121056557], "(1, 4, 2, 2)": [0.018311066552996635, 0.0176906269043684, 0.019130509346723557, 0.01938386633992195, 0.019808022305369377], "(3, 5, 4, 2)": [0.01968255639076233, 0.019932815805077553, 0.0188163910061121, 0.019252028316259384, 0.019795911386609077], "(3, 5, 2, 2)": [0.019920984283089638, 0.019656917080283165, 0.019339818507432938, 0.018471596762537956, 0.01955389603972435], "(3, 5, 4, 3)": [0.019923368468880653, 0.0193269532173872, 0.019411159679293633, 0.019256098195910454, 0.01897032931447029], "(3, 4, 4, 2)": [0.019245389848947525, 0.019260652363300323, 0.017390470951795578, 0.019817741587758064, 0.019096912816166878], "(3, 5, 1, 2)": [0.019899588078260422, 0.01915442757308483, 0.019161157310009003, 0.019028671085834503, 0.018746547400951385], "(3, 4, 1, 2)": [0.01925497129559517, 0.019253375008702278, 0.019065849483013153, 0.019230235368013382, 0.019447563216090202], "(2, 4, 0, 2)": [0.018121734261512756, 0.01819610968232155, 0.018945708870887756, 0.018185921013355255, 0.019855447113513947], "(1, 5, 1, 2)": [0.019927307963371277, 0.016726750880479813, 0.01689096726477146, 0.017381496727466583, 0.01755644753575325], "(1, 5, 2, 2)": [0.019868114963173866, 0.016823649406433105, 0.016157789155840874, 0.01653401181101799, 0.016670629382133484], "(1, 5, 2, 3)": [0.019839340820908546, 0.013109363615512848, 0.013948319479823112, 0.014346668496727943, 0.013873972930014133], "(1, 4, 3, 2)": [0.019123263657093048, 0.017619524151086807, 0.019153881818056107, 0.019886529073119164, 0.01905977353453636], "(3, 4, 1, 1)": [0.017819520086050034, 0.017035091295838356, 0.016234582290053368, 0.01964529976248741, 0.017756188288331032], "(1, 5, 0, 2)": [0.01984148472547531, 0.019103340804576874, 0.019081994891166687, 0.019046632573008537, 0.015903763473033905], "(1, 4, 0, 2)": [0.019474098458886147, 0.019694417715072632, 0.01931246556341648, 0.019958481192588806, 0.019633954390883446], "(1, 4, 3, 3)": [0.01849754899740219, 0.019141530618071556, 0.019534491002559662, 0.019918246194720268, 0.019352620467543602], "(1, 5, 3, 2)": [0.019228948280215263, 0.019456468522548676, 0.0193608608096838, 0.01983906328678131, 0.019369153305888176], "(1, 5, 3, 3)": [0.01988099329173565, 0.01699277013540268, 0.018337834626436234, 0.015566466376185417, 0.018492402508854866], "(3, 4, 3, 1)": [-0.0005925564328208566, -0.0009806453017517924, -0.0008269182872027159, -0.0021876252721995115, -0.002191685140132904], "(2, 4, 3, 1)": [0.00041438406333327293, 0.0, 0.0, 0.0, 0.0], "(2, 4, 2, 3)": [0.003543925005942583, 0.0, 0.019763456657528877, 0.0, 0.0], "(1, 5, 4, 3)": [0.019863829016685486, 0.0013566067209467292, 0.0008579026907682419, 0.0037186925765126944, 0.001988460076972842], "(1, 4, 2, 3)": [0.008048119023442268, 0.0028640793170779943, 0.008019862696528435, 0.005887296050786972, 0.01991008035838604], "(3, 5, 1, 1)": [0.019859367981553078, 0.01907297410070896, 0.019631676375865936, 0.019554177299141884, 0.01941252499818802], "(3, 5, 2, 3)": [-0.0002430069725960493, 0.0, 0.006858363747596741, 0.0018395271617919207, 0.0], "(3, 4, 4, 3)": [0.018918659538030624, 0.0190079715102911, 0.018627267330884933, 0.01993473619222641, 0.019325507804751396], "(3, 4, 0, 1)": [0.009174766018986702, 0.01117399800568819, 0.019685110077261925, 0.009779253974556923, 0.010522210039198399], "(3, 5, 2, 1)": [0.019825365394353867, 0.01104689296334982, 0.011184829287230968, 0.005046293139457703, 0.011843131855130196], "(1, 5, 0, 1)": [0.019332710653543472, 0.019610757008194923, 0.019703872501850128, 0.01781015656888485, 0.01996062695980072], "(0, 5, 0, 2)": [0.016137169674038887, 0.015988050028681755, 0.015357108786702156, 0.01956331357359886, 0.016005530953407288], "(0, 4, 0, 2)": [0.01482828613370657, 0.015973025932908058, 0.019552873447537422, 0.01564825512468815, 0.015976617112755775], "(0, 4, 1, 2)": [0.016795216128230095, 0.01578686200082302, 0.0169315654784441, 0.017347024753689766, 0.019933119416236877], "(0, 4, 0, 1)": [0.013490622863173485, 0.013784674927592278, 0.01347318198531866, 0.01522007305175066, 0.018915465101599693], "(1, 5, 1, 1)": [0.019956495612859726, 0.006677854806184769, 0.00917122047394514, 0.001996780512854457, 0.006738774478435516], "(1, 4, 4, 2)": [0.01817944273352623, 0.001786496490240097, 0.0, 0.0, 0.003584909252822399], "(1, 4, 4, 3)": [0.019787240773439407, 0.0019949821289628744, 0.0019111682195216417, 0.00199358188547194, 0.0018081056186929345], "(1, 4, 2, 1)": [0.011355471797287464, 0.0, 0.0017497771186754107, 0.0, 0.0017598599661141634],