{"q_values": {"(2, 5, 2, 2)": [0.019712693989276886, 0.016343360766768456, 0.017649870365858078, 0.017948826774954796, 0.01769881322979927], "(2, 5, 3, 2)": [0.019926181063055992, 0.017314711585640907, 0.017542308196425438, 0.016358794644474983, 0.017325378954410553], "(2, 5, 3, 3)": [0.01986941322684288, 0.017102675512433052, 0.01596391387283802, 0.01647283136844635, 0.01560499332845211], "(2, 4, 2, 2)": [0.016328737139701843, 0.018853764981031418, 0.01621156930923462, 0.018863104283809662, 0.019932087510824203], "(2, 4, 1, 2)": [0.01548708975315094, 0.015567980706691742, 0.018509306013584137, 0.01637774147093296, 0.01988822966814041], "(2, 4, 1, 1)": [0.017428725957870483, 0.017970843240618706, 0.016712956130504608, 0.016813404858112335, 0.01988949440419674], "(2, 5, 1, 2)": [0.01982264779508114, 0.01722036488354206, 0.01759140007197857, 0.017858799546957016, 0.017755433917045593], "(2, 5, 2, 3)": [0.015698613598942757, 0.009612580761313438, 0.012024914845824242, 0.006703990511596203, 0.010491824708878994], "(2, 4, 3, 2)": [0.01605813577771187, 0.01853630505502224, 0.018951766192913055, 0.019283387809991837, 0.019929703325033188], "(2, 4, 2, 1)": [0.010077036917209625, 0.012050559744238853, 0.010409237816929817, 0.011896403506398201, 0.019443640485405922], "(2, 4, 0, 1)": [0.01512839924544096, 0.01613006554543972, 0.01648975908756256, 0.016429772600531578, 0.019816383719444275], "(1, 4, 0, 1)": [0.017400167882442474, 0.016531415283679962, 0.01797458902001381, 0.017835812643170357, 0.019893402233719826], "(1, 4, 1, 1)": [0.014642714522778988, 0.015066137537360191, 0.014512451365590096, 0.019884712994098663, 0.013713469728827477], "(1, 4, 1, 2)": [0.018814992159605026, 0.017640190199017525, 0.017825158312916756, 0.017503339797258377, 0.019875532016158104], "(2, 5, 1, 1)": [0.019767239689826965, 0.01968575268983841, 0.019661763682961464, 0.019737830385565758, 0.019721856340765953], "(2, 5, 4, 3)": [0.019938623532652855, 0.014544876292347908, 0.016500523313879967, 0.015137309208512306, 0.015840502455830574], "(2, 4, 3, 3)": [0.01994721218943596, 0.019684994593262672, 0.019648106768727303, 0.01971415802836418, 0.019627103582024574], "(3, 5, 3, 2)": [0.019802682101726532, 0.01748780533671379, 0.019218748435378075, 0.019467178732156754, 0.01957033760845661], "(3, 5, 3, 3)": [0.019940126687288284, 0.01559591293334961, 0.015318547375500202, 0.015167579986155033, 0.015038197860121727], "(2, 5, 0, 2)": [0.019243061542510986, 0.019261078909039497, 0.019248727709054947, 0.019254913553595543, 0.01979612186551094], "(2, 4, 4, 3)": [0.019953101873397827, 0.019311748445034027, 0.01959899440407753, 0.019554954022169113, 0.019538385793566704], "(3, 4, 3, 2)": [0.016076212748885155, 0.015968909487128258, 0.018374338746070862, 0.015416423790156841, 0.01920931041240692], "(3, 4, 2, 2)": [0.01634329929947853, 0.018460094928741455, 0.015697132796049118, 0.019112076610326767, 0.01577344909310341], "(2, 4, 4, 2)": [0.017894908785820007, 0.01681354083120823, 0.019675280898809433, 0.01925838366150856, 0.018995780497789383], "(2, 5, 0, 1)": [0.0196332186460495, 0.019769208505749702, 0.019516989588737488, 0.019588114693760872, 0.019668910652399063], "(3, 4, 2, 1)": [0.015320375561714172, 0.013680916279554367, 0.014230712316930294, 0.017875898629426956, 0.014365503564476967], "(2, 5, 4, 2)": [0.018478887155652046, 0.019079409539699554, 0.0199262835085392, 0.019431600347161293, 0.018811605870723724], "(1, 4, 2, 2)": [0.019332915544509888, 0.01920214854180813, 0.01939186453819275, 0.01726197637617588, 0.01990632340312004], "(3, 5, 4, 2)": [0.019628096371889114, 0.01967751421034336, 0.019100166857242584, 0.019320320338010788, 0.01984168030321598], "(3, 5, 2, 2)": [0.019430529326200485, 0.01989132910966873, 0.0179198756814003, 0.019532902166247368, 0.017682449892163277], "(3, 5, 4, 3)": [0.019860027357935905, 0.0193269532173872, 0.019411159679293633, 0.019381988793611526, 0.019067110493779182], "(3, 4, 4, 2)": [0.019025426357984543, 0.0190720297396183, 0.018688831478357315, 0.019431844353675842, 0.019037220627069473], "(3, 5, 1, 2)": [0.01914621889591217, 0.019920822232961655, 0.019229412078857422, 0.019124116748571396, 0.019157879054546356], "(3, 4, 1, 2)": [0.01925497129559517, 0.019323250278830528, 0.019576644524931908, 0.019415920600295067, 0.01976846158504486], "(2, 4, 0, 2)": [0.018121734261512756, 0.018369680270552635, 0.018945708870887756, 0.018185921013355255, 0.01990477927029133], "(1, 5, 1, 2)": [0.019956648349761963, 0.019258206710219383, 0.019438637420535088, 0.01936672441661358, 0.019288867712020874], "(1, 5, 2, 2)": [0.01928151771426201, 0.019967051222920418, 0.01922597922384739, 0.018992561846971512, 0.019202329218387604], "(1, 5, 2, 3)": [0.012870870530605316, 0.014305010437965393, 0.013359928503632545, 0.013629145920276642, 0.01296184677630663], "(1, 4, 3, 2)": [0.01935473643243313, 0.018824683502316475, 0.019296130165457726, 0.019968945533037186, 0.01898185722529888], "(3, 4, 1, 1)": [0.01844167709350586, 0.01829393580555916, 0.017439499497413635, 0.01931868866086006, 0.018597548827528954], "(1, 5, 0, 2)": [0.01993313431739807, 0.019578615203499794, 0.01944197714328766, 0.01936420053243637, 0.017302993685007095], "(1, 4, 0, 2)": [0.019563253968954086, 0.019662989303469658, 0.01931246556341648, 0.01991894841194153, 0.01969299279153347], "(1, 4, 3, 3)": [0.01996465213596821, 0.019141530618071556, 0.019410938024520874, 0.019450966268777847, 0.01940854638814926], "(1, 5, 3, 2)": [0.019489850848913193, 0.01994616910815239, 0.019483769312500954, 0.019449274986982346, 0.019472988322377205], "(1, 5, 3, 3)": [0.019940875470638275, 0.01576012186706066, 0.015406894497573376, 0.015461590141057968, 0.014975499361753464], "(3, 4, 3, 1)": [-0.0005925564328208566, -0.0009806453017517924, -0.0008269182872027159, -0.0021876252721995115, -0.002191685140132904], "(2, 4, 3, 1)": [0.00041438406333327293, 0.0, 0.0, 0.0, 0.0], "(2, 4, 2, 3)": [0.003543925005942583, 0.0, 0.019813671708106995, 0.0, 0.0], "(1, 5, 4, 3)": [0.019258176907896996, 0.0013566067209467292, 0.0008579026907682419, 0.0037186925765126944, 0.001988460076972842], "(1, 4, 2, 3)": [0.009232873097062111, 0.0028640793170779943, 0.009207747876644135, 0.005887296050786972, 0.01972009614109993], "(3, 5, 1, 1)": [0.019796617329120636, 0.01907297410070896, 0.019631676375865936, 0.019554177299141884, 0.019453782588243484], "(3, 5, 2, 3)": [-0.0002430069725960493, 0.0, 0.007961733266711235, 0.0018395271617919207, 0.0], "(3, 4, 4, 3)": [0.01920156367123127, 0.0190079715102911, 0.018752677366137505, 0.019937947392463684, 0.019447244703769684], "(3, 4, 0, 1)": [0.009174766018986702, 0.01117399800568819, 0.01966203562915325, 0.009779253974556923, 0.010522210039198399], "(3, 5, 2, 1)": [0.019912241026759148, 0.01104689296334982, 0.011184829287230968, 0.005046293139457703, 0.012640894390642643], "(1, 5, 0, 1)": [0.019789015874266624, 0.01980316825211048, 0.019944630563259125, 0.01903476193547249, 0.019710637629032135], "(0, 5, 0, 2)": [0.015284913592040539, 0.016170453280210495, 0.015186777338385582, 0.015978077426552773, 0.01972263865172863], "(0, 4, 0, 2)": [0.015335123986005783, 0.01674332283437252, 0.016720563173294067, 0.019721390679478645, 0.016711391508579254], "(0, 4, 1, 2)": [0.01609848067164421, 0.01670173928141594, 0.016887575387954712, 0.016799738630652428, 0.016774937510490417], "(0, 4, 0, 1)": [0.014133387245237827, 0.014380878768861294, 0.014080393128097057, 0.01522007305175066, 0.019124016165733337], "(1, 5, 1, 1)": [0.019937213510274887, 0.00919487327337265, 0.00917122047394514, 0.008179436437785625, 0.008048207499086857], "(1, 4, 4, 2)": [0.01817944273352623, 0.001786496490240097, 0.0, 0.0, 0.003584909252822399], "(1, 4, 4, 3)": [0.019787240773439407, 0.0019949821289628744, 0.0019111682195216417, 0.00199358188547194, 0.0018081056186929345], "(1, 4, 2, 1)": [0.011355471797287464, 0.0, 0.0017497771186754107, 0.0, 0.0017598599661141634],