{"q_values": {"(2, 5, 2, 2)": [0.01993005909025669, 0.018907276913523674, 0.01917986199259758, 0.01928350143134594, 0.019352130591869354], "(2, 5, 3, 2)": [0.0199423860758543, 0.018349282443523407, 0.018349841237068176, 0.019036805257201195, 0.018543262034654617], "(2, 5, 3, 3)": [0.01992170140147209, 0.015948200598359108, 0.014897325076162815, 0.01516859419643879, 0.0163694117218256], "(2, 4, 2, 2)": [0.016678813844919205, 0.0191373098641634, 0.0186294037848711, 0.019113240763545036, 0.019850030541419983], "(2, 4, 1, 2)": [0.01644441857933998, 0.018216433003544807, 0.017967374995350838, 0.017837874591350555, 0.01983359456062317], "(2, 4, 1, 1)": [0.012486366555094719, 0.015946436673402786, 0.009194556623697281, 0.014208769425749779, 0.012487461790442467], "(2, 5, 1, 2)": [0.019366275519132614, 0.017863305285573006, 0.019933484494686127, 0.01817486062645912, 0.019072404131293297], "(2, 5, 2, 3)": [0.009060767479240894, 0.005520456470549107, 0.007352386601269245, 0.006085485219955444, 0.007295471150428057], "(2, 4, 3, 2)": [0.015587849542498589, 0.016742069274187088, 0.019452672451734543, 0.018430672585964203, 0.018721137195825577], "(2, 4, 2, 1)": [0.006507008336484432, 0.011862419545650482, 0.00936418492347002, 0.012204868718981743, 0.016905562952160835], "(2, 4, 0, 1)": [0.012490271590650082, 0.011810144409537315, 0.013181396760046482, 0.012343333102762699, 0.013160962611436844], "(1, 4, 0, 1)": [0.01392100565135479, 0.014311602339148521, 0.019591962918639183, 0.015523243695497513, 0.013847125694155693], "(1, 4, 1, 1)": [0.014649328775703907, 0.011247937567532063, 0.01174916885793209, 0.01415463350713253, 0.019330089911818504], "(1, 4, 1, 2)": [0.01569623127579689, 0.016122421249747276, 0.019218459725379944, 0.017188580706715584, 0.017941275611519814], "(2, 5, 1, 1)": [0.018889829516410828, 0.01906909979879856, 0.018997766077518463, 0.019123539328575134, 0.019142232835292816], "(2, 5, 4, 3)": [0.015740105882287025, 0.01986420713365078, 0.019097525626420975, 0.01882121153175831, 0.01764017529785633], "(2, 4, 3, 3)": [0.019681228324770927, 0.019669968634843826, 0.019687283784151077, 0.01966668665409088, 0.019765704870224], "(3, 5, 3, 2)": [0.019532812759280205, 0.016273077577352524, 0.019227981567382812, 0.018238255754113197, 0.019435103982686996], "(3, 5, 3, 3)": [0.01967635191977024, 0.012207558378577232, 0.013575218617916107, 0.004917364567518234, 0.009741885587573051], "(2, 5, 0, 2)": [0.019181078299880028, 0.019699031487107277, 0.019230647012591362, 0.018887322396039963, 0.019335340708494186], "(2, 4, 4, 3)": [0.01969575509428978, 0.01967175491154194, 0.0196944922208786, 0.019770031794905663, 0.019230496138334274], "(3, 4, 3, 2)": [0.018322139978408813, 0.018862813711166382, 0.01706581935286522, 0.017313646152615547, 0.018491383641958237], "(3, 4, 2, 2)": [0.017459603026509285, 0.015771133825182915, 0.01544465683400631, 0.014940561726689339, 0.013793714344501495], "(2, 4, 4, 2)": [0.019240032881498337, 0.019216183573007584, 0.019253302365541458, 0.019181612879037857, 0.019247153773903847], "(2, 5, 0, 1)": [0.019172361120581627, 0.019155971705913544, 0.019366152584552765, 0.019232317805290222, 0.0191630981862545], "(3, 4, 2, 1)": [0.010568438097834587, 0.012280814349651337, 0.006767916493117809, 0.011236295104026794, 0.015502732247114182], "(2, 5, 4, 2)": [0.016895506531000137, 0.018061207607388496, 0.018634634092450142, 0.019658664241433144, 0.017142796888947487], "(1, 4, 2, 2)": [0.016890985891222954, 0.01692812144756317, 0.01572522334754467, 0.017248697578907013, 0.01967139169573784], "(3, 5, 4, 2)": [0.015761151909828186, 0.01787480153143406, 0.019610773772001266, 0.017827272415161133, 0.01870150677859783], "(3, 5, 2, 2)": [0.01946227066218853, 0.018806954845786095, 0.019176509231328964, 0.019435569643974304, 0.018817219883203506], "(3, 5, 4, 3)": [0.016094928607344627, 0.01946323551237583, 0.01700565405189991, 0.015983648598194122, 0.016876760870218277], "(3, 4, 4, 2)": [0.019231954589486122, 0.01623835600912571, 0.018652863800525665, 0.019336344674229622, 0.019375380128622055], "(3, 5, 1, 2)": [0.01839543506503105, 0.01892034336924553, 0.019745556637644768, 0.01738368719816208, 0.018762288615107536], "(3, 4, 1, 2)": [0.017867358401417732, 0.01831282675266266, 0.018923858180642128, 0.01628357544541359, 0.017948415130376816], "(2, 4, 0, 2)": [0.01622804068028927, 0.01729571633040905, 0.01681525446474552, 0.0175342857837677, 0.019372304901480675], "(1, 5, 1, 2)": [0.01982283592224121, 0.017384864389896393, 0.018165435642004013, 0.018386555835604668, 0.01811797358095646], "(1, 5, 2, 2)": [0.01880950666964054, 0.019831780344247818, 0.0185261107981205, 0.0182353463023901, 0.01743597537279129], "(1, 5, 2, 3)": [0.010344584472477436, 0.009556351229548454, 0.009664889425039291, 0.01740127243101597, 0.010971931740641594], "(1, 4, 3, 2)": [0.019430939108133316, 0.019749604165554047, 0.018619127571582794, 0.019370581954717636, 0.01935003139078617], "(3, 4, 1, 1)": [0.016642870381474495, 0.013512387871742249, 0.01284109614789486, 0.018971655517816544, 0.015928814187645912], "(1, 5, 0, 2)": [0.019551970064640045, 0.018550805747509003, 0.016824917867779732, 0.017539435997605324, 0.016604963690042496], "(1, 4, 0, 2)": [0.01611068844795227, 0.01785232685506344, 0.01756036840379238, 0.01843181625008583, 0.019706301391124725], "(1, 4, 3, 3)": [0.014910782687366009, 0.015966003760695457, 0.01848660036921501, 0.019344894215464592, 0.01641755737364292], "(1, 5, 3, 2)": [0.018859129399061203, 0.01990920677781105, 0.018667833879590034, 0.0184458140283823, 0.01869022287428379], "(1, 5, 3, 3)": [0.013917727395892143, 0.01637454703450203, 0.013625239953398705, 0.013163141906261444, 0.012311762198805809], "(3, 4, 3, 1)": [-0.0005925564328208566, -0.0021891086362302303, 0.003284539096057415, 0.0, 0.0], "(2, 4, 3, 1)": [0.0027448185719549656, 0.0, 0.0, 0.0, 0.0], "(2, 4, 2, 3)": [0.0017342319479212165, 0.0, 0.01305659580975771, 0.0, 0.0], "(1, 5, 4, 3)": [0.016506284475326538, 0.0013566067209467292, 0.0008579026907682419, 0.0019324136665090919, 0.0], "(1, 4, 2, 3)": [0.003653481835499406, 0.0028640793170779943, 0.003677933942526579, 0.004338906146585941, 0.019190996885299683], "(3, 5, 1, 1)": [0.019401058554649353, 0.013169902376830578, 0.015435424633324146, 0.017682375386357307, 0.013684507459402084], "(3, 5, 2, 3)": [-0.0002430069725960493, 0.0, 0.0030446345917880535, 0.0, 0.0], "(3, 4, 4, 3)": [0.013205079361796379, 0.013342552818357944, 0.012863712385296822, 0.019869158044457436, 0.013909932225942612], "(3, 4, 0, 1)": [0.005901978351175785, 0.006260358728468418, 0.005748497787863016, 0.01836411841213703, 0.006440155208110809], "(3, 5, 2, 1)": [0.019638273864984512, 0.005039099138230085, 0.0035672150552272797, 0.0033950575161725283, 0.006366272456943989], "(1, 5, 0, 1)": [0.009163114242255688, 0.01674167811870575, 0.01956326887011528, 0.006768601015210152, 0.01201785821467638], "(0, 5, 0, 2)": [0.016349704936146736, 0.010595555417239666, 0.010984433814883232, 0.008747801184654236, 0.009514708071947098], "(0, 4, 0, 2)": [0.01659957692027092, 0.013778358697891235, 0.012514004483819008, 0.010031129233539104, 0.013347973115742207], "(0, 4, 1, 2)": [0.01782897487282753, 0.010074027813971043, 0.0089552141726017, 0.009625042788684368, 0.003140990389510989], "(0, 4, 0, 1)": [0.012281177565455437, 0.01338141318410635, 0.012333372607827187, 0.012362816371023655, 0.012048949487507343], "(1, 5, 1, 1)": [0.01957310363650322, 0.0017646640771999955, 0.005169805604964495, 0.0, 0.005270189605653286], "(1, 4, 4, 2)": [0.014287167228758335, 0.0, 0.0, 0.0, 0.001955196261405945], "(1, 4, 4, 3)": [0.015245594084262848, 0.0019949821289628744, 0.0, 0.0, 0.0], "(1, 4, 2, 1)": [0.006525397300720215, 0.0, 0.0017497771186754107, 0.0, 0.0017598599661141634], "(3, 4, 3, 3)": [0.0037069376558065414, 0.0035967696458101273, 0.019589848816394806, 0.001959411660209298, 0.0],