{"q_values": {"(2, 5, 2, 2)": [0.0158351119607687, 0.01551813818514347, 0.01832759566605091, 0.018255159258842468, 0.018530795350670815], "(2, 5, 3, 2)": [0.016529489308595657, 0.018498122692108154, 0.018555521965026855, 0.0179574154317379, 0.018196705728769302], "(2, 5, 3, 3)": [0.019188879057765007, 0.01753605529665947, 0.014967613853514194, 0.016624286770820618, 0.015230297110974789], "(2, 4, 2, 2)": [0.016270466148853302, 0.01895124278962612, 0.019026221707463264, 0.019064709544181824, 0.0190852303057909], "(2, 4, 1, 2)": [0.019457168877124786, 0.019406331703066826, 0.016192486509680748, 0.01950930804014206, 0.018975282087922096], "(2, 4, 1, 1)": [0.013017624616622925, 0.01563851721584797, 0.01552615500986576, 0.01894713193178177, 0.013085218146443367], "(2, 5, 1, 2)": [0.01934027671813965, 0.01611093431711197, 0.019421834498643875, 0.01969190128147602, 0.019362933933734894], "(2, 5, 2, 3)": [0.011417130939662457, 0.0069284443743526936, 0.005022816359996796, 0.010858941823244095, 0.007870054803788662], "(2, 4, 3, 2)": [0.01838872767984867, 0.019360695034265518, 0.019270531833171844, 0.019073275849223137, 0.01935620605945587], "(2, 4, 2, 1)": [0.004668855108320713, 0.008693601936101913, 0.004293953068554401, 0.008475000970065594, 0.013807320967316628], "(2, 4, 0, 1)": [0.015240401029586792, 0.01456956472247839, 0.012833538465201855, 0.014533302746713161, 0.01699897274374962], "(1, 4, 0, 1)": [0.0018396442756056786, 0.002117611002177, 0.002938995137810707, 0.009164156392216682, 0.0045908307656645775], "(1, 4, 1, 1)": [0.0018213660223409534, 0.0014477050863206387, -0.0014099829131737351, 0.0032441457733511925, 0.010196538642048836], "(1, 4, 1, 2)": [0.014021392911672592, 0.014909875579178333, 0.015582079067826271, 0.01556258462369442, 0.018859943374991417], "(2, 5, 1, 1)": [0.015773704275488853, 0.015470721758902073, 0.019546357914805412, 0.014992617070674896, 0.012999987229704857], "(2, 5, 4, 3)": [0.01126202754676342, 0.017075631767511368, 0.019146760925650597, 0.016906963661313057, 0.015461494214832783], "(2, 4, 3, 3)": [0.01755383424460888, 0.01733994297683239, 0.017200924456119537, 0.019634412601590157, 0.018421249464154243], "(3, 5, 3, 2)": [0.017945032566785812, 0.017891444265842438, 0.01671789214015007, 0.015782173722982407, 0.01754334755241871], "(3, 5, 3, 3)": [0.005187719129025936, 0.0051959422416985035, 0.015403354540467262, 0.00024611293338239193, 0.003918894566595554], "(2, 5, 0, 2)": [0.010365097783505917, 0.008962477557361126, 0.016116447746753693, 0.011890278197824955, 0.014805907383561134], "(2, 4, 4, 3)": [0.014417759142816067, 0.015469669364392757, 0.012016658671200275, 0.019553011283278465, 0.015274396166205406], "(3, 4, 3, 2)": [0.014073604717850685, 0.0184920746833086, 0.01793987676501274, 0.017098452895879745, 0.018025152385234833], "(3, 4, 2, 2)": [0.017459934577345848, 0.015335571952164173, 0.01690562255680561, 0.016545092687010765, 0.01431498397141695], "(2, 4, 4, 2)": [0.01857694238424301, 0.015421667136251926, 0.015187004581093788, 0.014739682897925377, 0.014706937596201897], "(2, 5, 0, 1)": [0.005114840809255838, 0.004612664692103863, 0.0012925851624459028, 0.017487356439232826, 0.005741100758314133], "(3, 4, 2, 1)": [0.0006088666850700974, 0.013131885789334774, 0.004696160554885864, 0.00773902703076601, 0.0031046855729073286], "(2, 5, 4, 2)": [0.006091659888625145, 0.0011485276045277715, 0.00715749803930521, 0.014035316184163094, 0.0072171371430158615], "(1, 4, 2, 2)": [0.01602260395884514, 0.015526092611253262, 0.015426396392285824, 0.01375215221196413, 0.018767256289720535], "(3, 5, 4, 2)": [0.0010652707424014807, 0.0020943607669323683, 0.007197058759629726, 0.0, 0.0014386792900040746], "(3, 5, 2, 2)": [0.014997719787061214, 0.01638420671224594, 0.015007749199867249, 0.013690544292330742, 0.014206523075699806], "(3, 5, 4, 3)": [0.0022507761605083942, 0.0009252566378563643, 0.010625873692333698, 0.0011764256050810218, 0.0014240595046430826], "(3, 4, 4, 2)": [0.0028007207438349724, 0.0011008883593603969, 0.012485982850193977, 0.004940072074532509, 0.005726402625441551], "(3, 5, 1, 2)": [0.009653858840465546, 0.010104192420840263, 0.017457719892263412, 0.008725753054022789, 0.009432699531316757], "(3, 4, 1, 2)": [0.0, 0.003211251925677061, 0.003783231368288398, 0.0023003057576715946, 0.0011120346607640386], "(2, 4, 0, 2)": [0.016516083851456642, 0.005527117755264044, 0.0027024673763662577, 0.010211287997663021, 0.005771137773990631], "(1, 5, 1, 2)": [0.01588445156812668, 0.015421494841575623, 0.015258308500051498, 0.0169251449406147, 0.015128317289054394], "(1, 5, 2, 2)": [0.016279712319374084, 0.014981388114392757, 0.013532175682485104, 0.017653724178671837, 0.016221806406974792], "(1, 5, 2, 3)": [0.005787326022982597, -4.753074608743191e-05, 0.007708435412496328, -0.0008088384056463838, 0.010255756787955761], "(1, 4, 3, 2)": [0.005094911903142929, 0.005136012565344572, 0.007067941129207611, 0.016406884416937828, 0.00691278325393796], "(3, 4, 1, 1)": [0.0031005311757326126, 0.011962362565100193, 0.004019659478217363, 0.0021918020211160183, -3.8255006074905396e-05], "(1, 5, 0, 2)": [0.0013950089924037457, 0.0009989326354116201, 0.0010720413411036134, 0.0070538767613470554, 0.0010281221475452185], "(1, 4, 0, 2)": [0.009891573339700699, 0.0, 0.0, 0.002857067622244358, 0.0], "(1, 4, 3, 3)": [0.0, 0.0013727920595556498, 0.0014681294560432434, 0.010889020748436451, 0.0012826259480789304], "(1, 5, 3, 2)": [0.0, 0.010367252863943577, 0.0035564296413213015, 0.0011723852949216962, 0.0022425928618758917], "(1, 5, 3, 3)": [0.012398557737469673, 0.005697307176887989, 0.0019462694181129336, 0.006090154405683279, 0.0063840304501354694], "(3, 4, 3, 1)": [0.0, 0.0, 0.0, 0.0, 0.0], "(2, 4, 3, 1)": [0.001499464618973434, 0.0, 0.0, 0.0, 0.0], "(2, 4, 2, 3)": [0.0, 0.0, 0.0019401470199227333, 0.0, 0.0], "(1, 5, 4, 3)": [0.002164263278245926, 0.0, -0.0012161226477473974, 0.0, 0.0], "(1, 4, 2, 3)": [0.0018877823604270816, 0.000999988871626556, 0.0, 0.0, 0.0], "(3, 5, 1, 1)": [0.0015628207474946976, 0.0, 0.0, 0.0, 0.0], "(3, 5, 2, 3)": [0.0031348462216556072, 0.0, 0.0, 0.0, 0.0], "(3, 4, 4, 3)": [0.0, 0.0, 0.0, 0.0014681578613817692, 0.0]}}