{"q_values": {"(2, 5, 2, 2)": [0.018850378692150116, 0.018216721713542938, 0.01833566464483738, 0.018774526193737984, 0.016223395243287086], "(2, 5, 3, 2)": [0.019340351223945618, 0.019190620630979538, 0.015880275517702103, 0.01876879297196865, 0.019186578691005707], "(2, 5, 3, 3)": [0.014942239969968796, 0.014088529162108898, 0.012607604265213013, 0.013133312575519085, 0.014164170250296593], "(2, 4, 2, 2)": [0.017745621502399445, 0.01917506940662861, 0.019026219844818115, 0.019316663965582848, 0.019542301073670387], "(2, 4, 1, 2)": [0.01795176975429058, 0.019144205376505852, 0.019753219559788704, 0.017117591574788094, 0.01891951635479927], "(2, 4, 1, 1)": [0.017774522304534912, 0.016817180439829826, 0.016349103301763535, 0.01671687513589859, 0.019702782854437828], "(2, 5, 1, 2)": [0.01617066003382206, 0.018393008038401604, 0.01882089301943779, 0.018793994560837746, 0.018237993121147156], "(2, 5, 2, 3)": [0.0054859379306435585, 0.004007525742053986, 0.00701720267534256, 0.007348579354584217, 0.007297922857105732], "(2, 4, 3, 2)": [0.01949123665690422, 0.019479691982269287, 0.019422467797994614, 0.01939626783132553, 0.01967335306107998], "(2, 4, 2, 1)": [0.006614168174564838, 0.011862419545650482, 0.008599502965807915, 0.014976473525166512, 0.01236340869218111], "(2, 4, 0, 1)": [0.013788956217467785, 0.01716332510113716, 0.0165826678276062, 0.019368242472410202, 0.015456189401447773], "(1, 4, 0, 1)": [0.014564504846930504, 0.015821781009435654, 0.015781868249177933, 0.01581878960132599, 0.01931827701628208], "(1, 4, 1, 1)": [0.010540678165853024, 0.009712685830891132, 0.013760650530457497, 0.014858931303024292, 0.018554797396063805], "(1, 4, 1, 2)": [0.018623651936650276, 0.017138123512268066, 0.01831018552184105, 0.01891329512000084, 0.01873389445245266], "(2, 5, 1, 1)": [0.0195647981017828, 0.019784826785326004, 0.01944733038544655, 0.01949993520975113, 0.01936410553753376], "(2, 5, 4, 3)": [0.019328143447637558, 0.014878766611218452, 0.016815217211842537, 0.01578359678387642, 0.01481662131845951], "(2, 4, 3, 3)": [0.019513152539730072, 0.01962200365960598, 0.019535919651389122, 0.01948210410773754, 0.019297994673252106], "(3, 5, 3, 2)": [0.01937764137983322, 0.0191607978194952, 0.018917877227067947, 0.017982879653573036, 0.019110040739178658], "(3, 5, 3, 3)": [0.013424849137663841, 0.009710724465548992, 0.010832607746124268, 0.0017901613609865308, 0.006093769334256649], "(2, 5, 0, 2)": [0.019347891211509705, 0.018803590908646584, 0.01932596042752266, 0.019452782347798347, 0.019366636872291565], "(2, 4, 4, 3)": [0.01951075904071331, 0.019863244146108627, 0.01949133537709713, 0.019469188526272774, 0.01955512911081314], "(3, 4, 3, 2)": [0.019068429246544838, 0.019230645149946213, 0.019457152113318443, 0.01958012580871582, 0.019587233662605286], "(3, 4, 2, 2)": [0.019616419449448586, 0.0190571378916502, 0.019445085898041725, 0.01992904581129551, 0.01869882643222809], "(2, 4, 4, 2)": [0.019203096628189087, 0.019309263676404953, 0.019286980852484703, 0.019877580925822258, 0.019223257899284363], "(2, 5, 0, 1)": [0.018896596506237984, 0.018668893724679947, 0.018763307482004166, 0.019604971632361412, 0.019246844574809074], "(3, 4, 2, 1)": [0.011313855648040771, 0.00903874821960926, 0.011446919292211533, 0.01118907704949379, 0.016738727688789368], "(2, 5, 4, 2)": [0.014308187179267406, 0.016229813918471336, 0.016714511439204216, 0.01967228204011917, 0.013529135845601559], "(1, 4, 2, 2)": [0.016287168487906456, 0.015344521962106228, 0.017380651086568832, 0.018263543024659157, 0.016386056318879128], "(3, 5, 4, 2)": [0.013707180507481098, 0.015238198451697826, 0.019896818324923515, 0.013479532673954964, 0.013569936156272888], "(3, 5, 2, 2)": [0.018954653292894363, 0.01880245842039585, 0.0162734966725111, 0.01572316698729992, 0.01874799281358719], "(3, 5, 4, 3)": [0.012023434042930603, 0.014399731531739235, 0.01769205369055271, 0.011785472743213177, 0.008178694173693657], "(3, 4, 4, 2)": [0.019807128235697746, 0.016734139993786812, 0.018480805680155754, 0.01859409362077713, 0.016924118623137474], "(3, 5, 1, 2)": [0.016996990889310837, 0.018046969547867775, 0.016477668657898903, 0.018159253522753716, 0.01900467276573181], "(3, 4, 1, 2)": [0.0094535443931818, 0.013860144652426243, 0.01897301711142063, 0.005068317521363497, 0.006991575006395578], "(2, 4, 0, 2)": [0.019378766417503357, 0.016383616253733635, 0.015268385410308838, 0.015386338345706463, 0.017560670152306557], "(1, 5, 1, 2)": [0.015989748761057854, 0.017450755462050438, 0.01640945114195347, 0.018296202644705772, 0.018894914537668228], "(1, 5, 2, 2)": [0.016578352078795433, 0.015041988343000412, 0.013242514804005623, 0.014509991742670536, 0.014582982286810875], "(1, 5, 2, 3)": [0.010640383698046207, 0.012973872013390064, 0.0096492450684309, 0.010055240243673325, 0.009250703267753124], "(1, 4, 3, 2)": [0.019135039299726486, 0.016527194529771805, 0.019043462350964546, 0.01915542222559452, 0.019316773861646652], "(3, 4, 1, 1)": [0.009701964445412159, 0.01240072213113308, 0.00920574925839901, 0.007275659590959549, 0.0114198699593544], "(1, 5, 0, 2)": [0.018405137583613396, 0.01428096555173397, 0.01869184896349907, 0.01882551610469818, 0.016328852623701096], "(1, 4, 0, 2)": [0.019678158685564995, 0.016122788190841675, 0.015236301347613335, 0.0155587587505579, 0.017514998093247414], "(1, 4, 3, 3)": [0.009854445233941078, 0.01195092685520649, 0.01617516204714775, 0.019047286361455917, 0.012198332697153091], "(1, 5, 3, 2)": [0.01829410344362259, 0.019056828692555428, 0.017501350492239, 0.015922171995043755, 0.016330664977431297], "(1, 5, 3, 3)": [0.01721513271331787, 0.014100366272032261, 0.013652545399963856, 0.013958992436528206, 0.01418227981775999], "(3, 4, 3, 1)": [-0.0005925564328208566, -0.0021891086362302303, 0.000845078844577074, 0.0, 0.0], "(2, 4, 3, 1)": [0.004448185674846172, 0.0, 0.0, 0.0, 0.0], "(2, 4, 2, 3)": [0.0017342319479212165, 0.0, 0.009580880403518677, 0.0, 0.0], "(1, 5, 4, 3)": [0.012292706407606602, 0.0031593255698680878, -0.0012161226477473974, 0.0, 0.0], "(1, 4, 2, 3)": [0.0018877823604270816, 0.0028640793170779943, 0.0, 0.002895989455282688, 0.005326155573129654], "(3, 5, 1, 1)": [0.01880885474383831, 0.008303821086883545, 0.010247482918202877, 0.014335155487060547, 0.0062020462937653065], "(3, 5, 2, 3)": [-0.0002430069725960493, 0.0, 0.0010131498565897346, 0.0, 0.0], "(3, 4, 4, 3)": [0.008665175177156925, 0.006168741267174482, 0.00523140886798501, 0.019343245774507523, 0.006104529835283756], "(3, 4, 0, 1)": [0.003124525537714362, 0.006260358728468418, 0.005511657800525427, 0.006222257390618324, 0.012237138114869595], "(3, 5, 2, 1)": [0.013596024364233017, 0.001599593902938068, 0.0019324567401781678, 0.0, 0.001880984054878354], "(1, 5, 0, 1)": [0.005213960073888302, 0.004784855991601944, 0.019198333844542503, 0.0018780181417241693, 0.001646944903768599], "(0, 5, 0, 2)": [0.01802421174943447, 0.007640514522790909, 0.010103564709424973, 0.005787650588899851, 0.0074631753377616405], "(0, 4, 0, 2)": [0.01697477325797081, 0.008674873039126396, 0.00688061723485589, 0.004447062499821186, 0.009120750240981579], "(0, 4, 1, 2)": [0.01567675545811653, 0.004575634840875864, 0.0031678294762969017, 0.0027110306546092033, 0.003184296889230609], "(0, 4, 0, 1)": [0.007916302420198917, 0.011120890267193317, 0.01254114881157875, 0.004634172655642033, 0.008254789747297764], "(1, 5, 1, 1)": [0.01740998402237892, 0.0017646640771999955, 0.0018723852699622512, 0.0, 0.001851824694313109], "(1, 4, 4, 2)": [0.012634542770683765, 0.0, 0.0, 0.0, 0.001955196261405945], "(1, 4, 4, 3)": [0.010799698531627655, 0.0, 0.0, 0.0, 0.0], "(1, 4, 2, 1)": [0.007590877823531628, 0.0, 0.0, 0.0, 0.0017598599661141634], "(3, 4, 3, 3)": [0.00190713070333004, 0.001978714019060135, 0.010950835421681404, 0.0, 0.0], "(4, 5, 3, 2)": [0.016230015084147453, 0.004308104049414396, 0.0048555005341768265, 0.0012607000535354018, 0.0017110550543293357],