{"q_values": {"(2, 5, 2, 2)": [0.013024897314608097, 0.015895813703536987, 0.017909260466694832, 0.013542266562581062, 0.017222432419657707], "(2, 5, 3, 2)": [0.018226593732833862, 0.01639084331691265, 0.018512731418013573, 0.01822417974472046, 0.018600191920995712], "(2, 5, 3, 3)": [0.01769651658833027, 0.01604696735739708, 0.015324391424655914, 0.015180109068751335, 0.014983417466282845], "(2, 4, 2, 2)": [0.018675681203603745, 0.019763067364692688, 0.0191049724817276, 0.01940816454589367, 0.019163671880960464], "(2, 4, 1, 2)": [0.01847137324512005, 0.019113656133413315, 0.01926185004413128, 0.01652022823691368, 0.019718870520591736], "(2, 4, 1, 1)": [0.014631487429141998, 0.016190877184271812, 0.013769392855465412, 0.019835710525512695, 0.016029173508286476], "(2, 5, 1, 2)": [0.018909398466348648, 0.019563036039471626, 0.01831839792430401, 0.018857955932617188, 0.016082320362329483], "(2, 5, 2, 3)": [0.0054859379306435585, 0.004007525742053986, 0.0062508052214980125, 0.0030370154418051243, 0.01242927648127079], "(2, 4, 3, 2)": [0.018603462725877762, 0.01908637024462223, 0.01943729817867279, 0.019498517736792564, 0.01957777887582779], "(2, 4, 2, 1)": [0.006103635765612125, 0.011862419545650482, 0.010494176298379898, 0.017286723479628563, 0.012884746305644512], "(2, 4, 0, 1)": [0.014234897680580616, 0.01415733341127634, 0.01804199256002903, 0.012863796204328537, 0.011704825796186924], "(1, 4, 0, 1)": [0.015897294506430626, 0.014573095366358757, 0.01496924739331007, 0.016041861847043037, 0.01968912035226822], "(1, 4, 1, 1)": [0.013441079296171665, 0.011247937567532063, 0.010876208543777466, 0.0126506257802248, 0.018787451088428497], "(1, 4, 1, 2)": [0.01685839705169201, 0.018782589584589005, 0.01801981031894684, 0.01734277792274952, 0.01961531490087509], "(2, 5, 1, 1)": [0.01934041641652584, 0.01942022331058979, 0.01937057077884674, 0.019312571734189987, 0.019784031435847282], "(2, 5, 4, 3)": [0.016400303691625595, 0.016979314386844635, 0.016476837918162346, 0.01641927659511566, 0.014309237711131573], "(2, 4, 3, 3)": [0.019732743501663208, 0.01966792345046997, 0.01966935023665428, 0.019644908607006073, 0.01967628300189972], "(3, 5, 3, 2)": [0.019455857574939728, 0.017474666237831116, 0.019536001607775688, 0.01936187595129013, 0.019539592787623405], "(3, 5, 3, 3)": [0.016228724271059036, 0.01071852259337902, 0.012494250200688839, 0.0033354866318404675, 0.008617062121629715], "(2, 5, 0, 2)": [0.019721999764442444, 0.01897820644080639, 0.019351748749613762, 0.017660725861787796, 0.0191863551735878], "(2, 4, 4, 3)": [0.019766220822930336, 0.019669942557811737, 0.01960946060717106, 0.01966266706585884, 0.0195302776992321], "(3, 4, 3, 2)": [0.018237775191664696, 0.018701286986470222, 0.01724359020590782, 0.018757358193397522, 0.019176319241523743], "(3, 4, 2, 2)": [0.017453357577323914, 0.018774857744574547, 0.016664620488882065, 0.017443252727389336, 0.019466422498226166], "(2, 4, 4, 2)": [0.019465265795588493, 0.019537659361958504, 0.01977301388978958, 0.019542204216122627, 0.01897543855011463], "(2, 5, 0, 1)": [0.019489556550979614, 0.01901083253324032, 0.019345495849847794, 0.019686218351125717, 0.019558077678084373], "(3, 4, 2, 1)": [0.009656323119997978, 0.010804756544530392, 0.010948944836854935, 0.01050382200628519, 0.01664162240922451], "(2, 5, 4, 2)": [0.016223693266510963, 0.01690143346786499, 0.017307164147496223, 0.019585248082876205, 0.016118234023451805], "(1, 4, 2, 2)": [0.01866885833442211, 0.01857510767877102, 0.01873784139752388, 0.01895621418952942, 0.0191632192581892], "(3, 5, 4, 2)": [0.014800060540437698, 0.015689600259065628, 0.019886793568730354, 0.014038573950529099, 0.01649015210568905], "(3, 5, 2, 2)": [0.019254595041275024, 0.019156144931912422, 0.019465789198875427, 0.018880533054471016, 0.018992701545357704], "(3, 5, 4, 3)": [0.01520838774740696, 0.019107511267066002, 0.015039784833788872, 0.015554253943264484, 0.01480497233569622], "(3, 4, 4, 2)": [0.01951685920357704, 0.018707294017076492, 0.018735593184828758, 0.019070472568273544, 0.018397299572825432], "(3, 5, 1, 2)": [0.016651948913931847, 0.019154313951730728, 0.019379954785108566, 0.01953629031777382, 0.017650797963142395], "(3, 4, 1, 2)": [0.016846053302288055, 0.01799982599914074, 0.01968521624803543, 0.014681379310786724, 0.01632464863359928], "(2, 4, 0, 2)": [0.019289785996079445, 0.016383616253733635, 0.015268385410308838, 0.016838887706398964, 0.018107235431671143], "(1, 5, 1, 2)": [0.01910843700170517, 0.019252626225352287, 0.015866287052631378, 0.018312374129891396, 0.01910097524523735], "(1, 5, 2, 2)": [0.016148129478096962, 0.016048090532422066, 0.019260957837104797, 0.01923028565943241, 0.019292060285806656], "(1, 5, 2, 3)": [0.01073447335511446, 0.01878620870411396, 0.012047618627548218, 0.010055240243673325, 0.011213946156203747], "(1, 4, 3, 2)": [0.0190349780023098, 0.018186986446380615, 0.01678917370736599, 0.019679445773363113, 0.019082777202129364], "(3, 4, 1, 1)": [0.013485750183463097, 0.015550853684544563, 0.013338927179574966, 0.012488910928368568, 0.01892690360546112], "(1, 5, 0, 2)": [0.019792623817920685, 0.017186090350151062, 0.01926206797361374, 0.01937755197286606, 0.018616249784827232], "(1, 4, 0, 2)": [0.015685705468058586, 0.017380859702825546, 0.01598324626684189, 0.017415596172213554, 0.019725564867258072], "(1, 4, 3, 3)": [0.011728868819773197, 0.013426954858005047, 0.018112508580088615, 0.01973874680697918, 0.013642819598317146], "(1, 5, 3, 2)": [0.018893366679549217, 0.019650563597679138, 0.018282363191246986, 0.017728863283991814, 0.018285105004906654], "(1, 5, 3, 3)": [0.01687563583254814, 0.01871315762400627, 0.015769731253385544, 0.018217042088508606, 0.01832721009850502], "(3, 4, 3, 1)": [-0.0005925564328208566, -0.0021891086362302303, 0.0036973292008042336, 0.0, 0.0], "(2, 4, 3, 1)": [0.004448185674846172, 0.0, 0.0, 0.0, 0.0], "(2, 4, 2, 3)": [0.0017342319479212165, 0.0, 0.01145416684448719, 0.0, 0.0], "(1, 5, 4, 3)": [0.014610208570957184, 0.0031593255698680878, -0.0012161226477473974, 0.0, 0.0], "(1, 4, 2, 3)": [0.003653481835499406, 0.0028640793170779943, 0.0, 0.002895989455282688, 0.0159780140966177], "(3, 5, 1, 1)": [0.019675739109516144, 0.009244713000953197, 0.011867513880133629, 0.016579892486333847, 0.007561333943158388], "(3, 5, 2, 3)": [-0.0002430069725960493, 0.0, 0.004306652117520571, 0.0, 0.0], "(3, 4, 4, 3)": [0.01163620874285698, 0.008772818371653557, 0.01025259867310524, 0.019872205331921577, 0.009804880246520042], "(3, 4, 0, 1)": [0.004479953553527594, 0.006260358728468418, 0.004521495196968317, 0.004102610982954502, 0.012027536518871784], "(3, 5, 2, 1)": [0.017451191321015358, 0.001599593902938068, 0.0019324567401781678, 0.0, 0.004933946765959263], "(1, 5, 0, 1)": [0.006660838145762682, 0.014606092125177383, 0.01984904333949089, 0.006768601015210152, 0.007912796922028065], "(0, 5, 0, 2)": [0.019062591716647148, 0.009599431417882442, 0.010984433814883232, 0.007801546715199947, 0.009514708071947098], "(0, 4, 0, 2)": [0.016735510900616646, 0.012668561190366745, 0.010680697858333588, 0.006968191359192133, 0.01236439123749733], "(0, 4, 1, 2)": [0.012156704440712929, 0.009321732446551323, 0.008094574324786663, 0.009625042788684368, 0.003184296889230609], "(0, 4, 0, 1)": [0.012872057035565376, 0.012988143600523472, 0.012383555993437767, 0.009891074150800705, 0.01733296550810337], "(1, 5, 1, 1)": [0.019320111721754074, 0.0017646640771999955, 0.0036666211672127247, 0.0, 0.0036621722392737865], "(1, 4, 4, 2)": [0.012634542770683765, 0.0, 0.0, 0.0, 0.001955196261405945], "(1, 4, 4, 3)": [0.012885944917798042, 0.0019949821289628744, 0.0, 0.0, 0.0], "(1, 4, 2, 1)": [0.005326881073415279, 0.0, 0.0017497771186754107, 0.0, 0.0017598599661141634], "(3, 4, 3, 3)": [0.0037069376558065414, 0.0035967696458101273, 0.01879747584462166, 0.001959411660209298, 0.0], "(4, 5, 3, 2)": [0.01848513074219227, 0.005690739490091801, 0.0074454620480537415, 0.0012607000535354018, 0.0017110550543293357],