{"q_values": {"(2, 5, 2, 2)": [0.019915934652090073, 0.01840975135564804, 0.01866820640861988, 0.018403509631752968, 0.019092503935098648], "(2, 5, 3, 2)": [0.019903358072042465, 0.019690847024321556, 0.01946660317480564, 0.019704818725585938, 0.01847918890416622], "(2, 5, 3, 3)": [0.019840270280838013, 0.014461859129369259, 0.015548978000879288, 0.015078695490956306, 0.013698399998247623], "(2, 4, 2, 2)": [0.01849149726331234, 0.019110286608338356, 0.017672361806035042, 0.018999557942152023, 0.019764602184295654], "(2, 4, 1, 2)": [0.018203962594270706, 0.01765999011695385, 0.01969343237578869, 0.019095690920948982, 0.01846989430487156], "(2, 4, 1, 1)": [0.018052008002996445, 0.0182709451764822, 0.01821194589138031, 0.019777119159698486, 0.018927060067653656], "(2, 5, 1, 2)": [0.01989683322608471, 0.0188251081854105, 0.018996814265847206, 0.019008761271834373, 0.01927495002746582], "(2, 5, 2, 3)": [0.0077178869396448135, 0.006545706652104855, 0.01344129629433155, 0.007159435655921698, 0.007295471150428057], "(2, 4, 3, 2)": [0.019509514793753624, 0.01933782547712326, 0.01967811957001686, 0.01851280964910984, 0.01990051008760929], "(2, 4, 2, 1)": [0.006507008336484432, 0.01120696309953928, 0.010409237816929817, 0.010053331032395363, 0.018939921632409096], "(2, 4, 0, 1)": [0.014515960589051247, 0.014763287268579006, 0.0156372282654047, 0.016500525176525116, 0.019865544512867928], "(1, 4, 0, 1)": [0.01667463593184948, 0.014012547209858894, 0.019819090142846107, 0.01793958805501461, 0.01639689691364765], "(1, 4, 1, 1)": [0.013881616294384003, 0.014728021807968616, 0.013262026011943817, 0.019757211208343506, 0.013609266839921474], "(1, 4, 1, 2)": [0.01791049912571907, 0.01879880018532276, 0.017568016424775124, 0.019811246544122696, 0.018380140885710716], "(2, 5, 1, 1)": [0.019423577934503555, 0.019545860588550568, 0.019558968022465706, 0.019839616492390633, 0.01962979882955551], "(2, 5, 4, 3)": [0.019899291917681694, 0.016961203888058662, 0.017258664593100548, 0.016086231917142868, 0.015535392798483372], "(2, 4, 3, 3)": [0.019560104236006737, 0.019547734409570694, 0.01993584632873535, 0.01961391605436802, 0.019579913467168808], "(3, 5, 3, 2)": [0.01990548148751259, 0.019745290279388428, 0.019669484347105026, 0.01772047020494938, 0.019625233486294746], "(3, 5, 3, 3)": [0.019760534167289734, 0.012207558378577232, 0.014183877035975456, 0.006408942397683859, 0.009741885587573051], "(2, 5, 0, 2)": [0.019325345754623413, 0.01981392130255699, 0.019414249807596207, 0.01939985156059265, 0.019339073449373245], "(2, 4, 4, 3)": [0.0197770819067955, 0.01995009370148182, 0.019744697958230972, 0.01975272409617901, 0.019516710191965103], "(3, 4, 3, 2)": [0.017422541975975037, 0.01658322848379612, 0.018919307738542557, 0.0174103956669569, 0.019724741578102112], "(3, 4, 2, 2)": [0.014318137429654598, 0.014123361557722092, 0.015238191932439804, 0.0161817017942667, 0.01972963474690914], "(2, 4, 4, 2)": [0.019305290654301643, 0.01993131823837757, 0.01952861063182354, 0.01926652155816555, 0.018997658044099808], "(2, 5, 0, 1)": [0.019533555954694748, 0.019497960805892944, 0.019506443291902542, 0.01982404850423336, 0.019499747082591057], "(3, 4, 2, 1)": [0.012280355207622051, 0.013204926624894142, 0.012134683318436146, 0.010533586144447327, 0.01961141638457775], "(2, 5, 4, 2)": [0.01720171421766281, 0.01825011521577835, 0.01894387975335121, 0.019886326044797897, 0.017671138048171997], "(1, 4, 2, 2)": [0.018799010664224625, 0.01909017562866211, 0.019031275063753128, 0.019826609641313553, 0.019724540412425995], "(3, 5, 4, 2)": [0.018291497603058815, 0.019261391833424568, 0.019935360178351402, 0.019047077745199203, 0.019558221101760864], "(3, 5, 2, 2)": [0.019834885373711586, 0.019336402416229248, 0.01905006915330887, 0.018379289656877518, 0.01920071244239807], "(3, 5, 4, 3)": [0.016811463981866837, 0.019844086840748787, 0.015879737213253975, 0.017796268686652184, 0.01445820089429617], "(3, 4, 4, 2)": [0.019118670374155045, 0.01982661709189415, 0.017562048509716988, 0.01917048916220665, 0.019149862229824066], "(3, 5, 1, 2)": [0.018968045711517334, 0.018964828923344612, 0.01969585008919239, 0.01852969266474247, 0.018953237682580948], "(3, 4, 1, 2)": [0.019043361768126488, 0.015424864366650581, 0.01706688664853573, 0.017403721809387207, 0.018131069839000702], "(2, 4, 0, 2)": [0.01692870818078518, 0.0175554808229208, 0.018074829131364822, 0.01777542009949684, 0.019890129566192627], "(1, 5, 1, 2)": [0.019896233454346657, 0.018638314679265022, 0.019009727984666824, 0.018575549125671387, 0.018396681174635887], "(1, 5, 2, 2)": [0.01706477254629135, 0.01564011536538601, 0.01788458228111267, 0.015868520364165306, 0.0183686763048172], "(1, 5, 2, 3)": [0.009653055109083652, 0.012820681557059288, 0.010445580817759037, 0.016959339380264282, 0.01203167624771595], "(1, 4, 3, 2)": [0.01900705136358738, 0.019569918513298035, 0.019919928163290024, 0.019491076469421387, 0.019549643620848656], "(3, 4, 1, 1)": [0.016726698726415634, 0.016051437705755234, 0.015519757755100727, 0.019586553797125816, 0.01583218015730381], "(1, 5, 0, 2)": [0.01980677805840969, 0.01873079501092434, 0.018343890085816383, 0.016583038493990898, 0.018781429156661034], "(1, 4, 0, 2)": [0.016815651208162308, 0.01837944984436035, 0.018642190843820572, 0.01889391988515854, 0.019871575757861137], "(1, 4, 3, 3)": [0.016213614493608475, 0.01796889677643776, 0.018903158605098724, 0.018967898562550545, 0.017760375514626503], "(1, 5, 3, 2)": [0.019384294748306274, 0.019121278077363968, 0.01913563348352909, 0.019211983308196068, 0.01902330480515957], "(1, 5, 3, 3)": [0.016922198235988617, 0.01412689033895731, 0.01440754346549511, 0.013187458738684654, 0.014120034873485565], "(3, 4, 3, 1)": [-0.0005925564328208566, -0.0009806453017517924, -0.0008269182872027159, 0.0, 0.0], "(2, 4, 3, 1)": [0.0027448185719549656, 0.0, 0.0, 0.0, 0.0], "(2, 4, 2, 3)": [0.0017342319479212165, 0.0, 0.017264634370803833, 0.0, 0.0], "(1, 5, 4, 3)": [0.01701415702700615, 0.0013566067209467292, 0.0008579026907682419, 0.0019324136665090919, 0.001988460076972842], "(1, 4, 2, 3)": [0.003653481835499406, 0.0028640793170779943, 0.003677933942526579, 0.004338906146585941, 0.018879501149058342], "(3, 5, 1, 1)": [0.01967761479318142, 0.014793594367802143, 0.018416183069348335, 0.01842014491558075, 0.015755990520119667], "(3, 5, 2, 3)": [-0.0002430069725960493, 0.0, 0.0030446345917880535, 0.0, 0.0], "(3, 4, 4, 3)": [0.01594182662665844, 0.015547944232821465, 0.013568354770541191, 0.019819874316453934, 0.01592976786196232], "(3, 4, 0, 1)": [0.008478684350848198, 0.010732284747064114, 0.010443552397191525, 0.018585899844765663, 0.00891782809048891], "(3, 5, 2, 1)": [0.01972367987036705, 0.010088537819683552, 0.006656324490904808, 0.0033950575161725283, 0.00771012669429183], "(1, 5, 0, 1)": [0.01525003369897604, 0.018676983192563057, 0.019881630316376686, 0.01357345748692751, 0.017143670469522476], "(0, 5, 0, 2)": [0.01810731552541256, 0.010595555417239666, 0.013261571526527405, 0.008747801184654236, 0.010532381013035774], "(0, 4, 0, 2)": [0.014604197815060616, 0.012501861900091171, 0.011616408824920654, 0.014121385291218758, 0.019368281587958336], "(0, 4, 1, 2)": [0.018243810161948204, 0.01030699908733368, 0.012999041005969048, 0.012081393972039223, 0.01328219659626484], "(0, 4, 0, 1)": [0.012159900739789009, 0.011462683789432049, 0.011750733479857445, 0.01397349126636982, 0.011522206477820873], "(1, 5, 1, 1)": [0.019871124997735023, 0.005211103241890669, 0.005169805604964495, 0.0, 0.005270189605653286], "(1, 4, 4, 2)": [0.016837168484926224, 0.001786496490240097, 0.0, 0.0, 0.003584909252822399], "(1, 4, 4, 3)": [0.017622943967580795, 0.0019949821289628744, 0.0, 0.0, 0.0018081056186929345], "(1, 4, 2, 1)": [0.006525397300720215, 0.0, 0.0017497771186754107, 0.0, 0.0017598599661141634], "(3, 4, 3, 3)": [0.0067771365866065025, 0.0035967696458101273, 0.01983117125928402, 0.001959411660209298, 0.0],