{"q_values": {"(2, 5, 2, 2)": [0.019685467705130577, 0.019236000254750252, 0.01842406950891018, 0.018641527742147446, 0.018772900104522705], "(2, 5, 3, 2)": [0.019650155678391457, 0.019384171813726425, 0.019279584288597107, 0.0172983780503273, 0.01931925304234028], "(2, 5, 3, 3)": [0.016841959208250046, 0.019557440653443336, 0.018757551908493042, 0.017458729445934296, 0.018009550869464874], "(2, 4, 2, 2)": [0.01851920410990715, 0.01868225820362568, 0.018449580296874046, 0.019292302429676056, 0.019840219989418983], "(2, 4, 3, 2)": [0.01914946176111698, 0.01679018884897232, 0.01914622075855732, 0.01910351775586605, 0.019786834716796875], "(2, 4, 3, 3)": [0.019709516316652298, 0.01959265023469925, 0.019669054076075554, 0.019696982577443123, 0.01980515569448471], "(2, 4, 4, 3)": [0.019673241302371025, 0.01970481686294079, 0.019799573346972466, 0.019677510485053062, 0.01968260295689106], "(2, 4, 1, 1)": [0.01646103896200657, 0.015581106767058372, 0.016203660517930984, 0.01592850871384144, 0.01987738348543644], "(2, 4, 2, 1)": [0.010713097639381886, 0.010831362567842007, 0.011061257682740688, 0.011325595900416374, 0.01641259714961052], "(2, 5, 4, 3)": [0.01706276461482048, 0.019650207832455635, 0.016161134466528893, 0.017058296129107475, 0.01752055436372757], "(2, 4, 1, 2)": [0.016874749213457108, 0.018535766750574112, 0.01868424192070961, 0.017986474558711052, 0.019905220717191696], "(2, 5, 1, 2)": [0.019585365429520607, 0.019823746755719185, 0.01968136616051197, 0.019684074446558952, 0.019515790045261383], "(2, 5, 0, 2)": [0.019460590556263924, 0.019770195707678795, 0.01953895017504692, 0.019478105008602142, 0.018552862107753754], "(2, 5, 2, 3)": [0.01911225914955139, 0.011676555499434471, 0.01226762030273676, 0.012735163792967796, 0.01271318830549717], "(2, 4, 0, 1)": [0.01783948391675949, 0.01718217320740223, 0.01861703023314476, 0.019903523847460747, 0.01755228452384472], "(2, 4, 4, 2)": [0.019386257976293564, 0.01914067380130291, 0.01964118704199791, 0.01889561302959919, 0.019234783947467804], "(2, 4, 5, 3)": [0.019693925976753235, 0.01866062730550766, 0.018935713917016983, 0.018915841355919838, 0.01883554831147194], "(3, 4, 4, 2)": [0.01794869638979435, 0.019421640783548355, 0.018439270555973053, 0.018687661737203598, 0.01875085011124611], "(3, 4, 3, 2)": [0.016036899760365486, 0.01681617647409439, 0.01840076595544815, 0.018494242802262306, 0.019157487899065018], "(3, 4, 2, 1)": [0.013218190521001816, 0.012355792336165905, 0.012282364070415497, 0.012465164996683598, 0.011974131688475609], "(3, 4, 2, 2)": [0.018220268189907074, 0.017283093184232712, 0.01714588701725006, 0.0160075556486845, 0.01606454886496067], "(3, 4, 3, 1)": [0.0019379222067072988, 0.013140986673533916, 0.00024634029250591993, 0.0019380063749849796, 0.00023100781254470348], "(2, 5, 0, 1)": [0.019396554678678513, 0.019632505252957344, 0.01967657543718815, 0.019685836508870125, 0.019842665642499924], "(2, 5, 5, 3)": [0.015191709622740746, 0.01948253996670246, 0.01565391756594181, 0.01621653139591217, 0.01518483366817236], "(3, 5, 3, 3)": [0.012971143238246441, 0.01540619507431984, 0.012657771818339825, 0.014052847400307655, 0.012678869068622589], "(3, 5, 4, 3)": [0.019626155495643616, 0.01714378409087658, 0.015699969604611397, 0.01680787280201912, 0.01659216731786728], "(3, 5, 3, 2)": [0.019634045660495758, 0.017971893772482872, 0.018940461799502373, 0.018370473757386208, 0.018851516768336296], "(3, 5, 2, 2)": [0.019240740686655045, 0.019061194732785225, 0.018210140988230705, 0.019199859350919724, 0.01901087909936905], "(3, 5, 1, 2)": [0.019043395295739174, 0.016698013991117477, 0.019361885264515877, 0.01871049404144287, 0.019015749916434288], "(3, 5, 1, 1)": [0.01906873844563961, 0.018973762169480324, 0.0189103651791811, 0.018953600898385048, 0.018864084035158157], "(3, 5, 0, 1)": [0.014822962693870068, 0.015960535034537315, 0.008407384157180786, 0.01887081004679203, 0.010957993566989899], "(2, 5, 1, 1)": [0.01957056112587452, 0.01962937042117119, 0.019607961177825928, 0.019768143072724342, 0.019863711670041084], "(1, 4, 0, 1)": [0.015292623080313206, 0.01592986099421978, 0.015124737285077572, 0.016991496086120605, 0.019372090697288513], "(1, 4, 1, 2)": [0.01820753514766693, 0.016871776431798935, 0.017460187897086143, 0.01590675488114357, 0.019886435940861702], "(1, 4, 2, 2)": [0.01937061920762062, 0.019142841920256615, 0.01988135650753975, 0.019229989498853683, 0.019196100533008575], "(1, 4, 3, 2)": [0.0166858471930027, 0.019560575485229492, 0.019551297649741173, 0.019595833495259285, 0.01942799799144268], "(1, 4, 4, 3)": [0.015951676294207573, 0.017903881147503853, 0.013093831948935986, 0.014815169386565685, 0.019686764106154442], "(2, 4, 0, 2)": [0.01634514518082142, 0.018119413405656815, 0.018222859129309654, 0.016575569286942482, 0.019873855635523796], "(3, 5, 5, 3)": [0.019735919311642647, 0.016492875292897224, 0.017453938722610474, 0.017186256125569344, 0.014224824495613575], "(2, 5, 6, 4)": [0.0018957502907142043, -0.0019615020137280226, 0.0110836923122406, 4.352256655693054e-05, 0.005614529363811016], "(2, 4, 0, 0)": [-0.0005259689642116427, 0.0004085664404556155, -0.003122141119092703, -0.0003105213399976492, 0.006353755947202444], "(2, 5, 6, 3)": [0.004571476951241493, 0.016416123136878014, 0.001776031800545752, 0.007036528550088406, 0.007462448440492153], "(3, 4, 1, 1)": [0.013046842999756336, 0.015697762370109558, 0.013116820715367794, 0.0132956113666296, 0.012986418791115284], "(1, 5, 0, 2)": [0.019852349534630775, 0.019355613738298416, 0.019306764006614685, 0.01933695562183857, 0.019231056794524193], "(1, 5, 0, 1)": [0.019015731289982796, 0.019476335495710373, 0.019507620483636856, 0.01976855657994747, 0.01949450373649597], "(1, 4, 0, 2)": [0.019445190206170082, 0.019435279071331024, 0.01940077356994152, 0.019342701882123947, 0.019836507737636566], "(1, 4, 2, 3)": [0.0167267844080925, 0.016300110146403313, 0.019622454419732094, 0.016280217096209526, 0.016751009970903397], "(1, 5, 1, 2)": [0.016811542212963104, 0.01992850750684738, 0.016364965587854385, 0.016244957223534584, 0.018388761207461357], "(1, 5, 2, 2)": [0.018822524696588516, 0.019869457930326462, 0.018687637522816658, 0.016837500035762787, 0.017432821914553642], "(1, 5, 2, 3)": [0.01963493600487709, 0.015019295737147331, 0.01472258660942316, 0.015575343742966652, 0.015101434662938118], "(1, 5, 3, 3)": [0.019523972645401955, 0.01553540863096714, 0.015211477875709534, 0.0157136432826519, 0.016391808167099953], "(1, 4, 3, 3)": [0.019743233919143677, 0.019732192158699036, 0.019793827086687088, 0.019712571054697037, 0.019686074927449226], "(1, 5, 3, 2)": [0.019820110872387886, 0.01700741983950138, 0.018300799652934074, 0.01885107159614563, 0.0184206273406744], "(2, 4, -1, 0)": [-0.002278189640492201, -0.0020775876473635435, 0.006431026384234428, -0.003569390159100294, -0.003241859609261155], "(2, 4, 5, 4)": [0.0011992774670943618, 0.002891961485147476, 0.0, 0.0, 0.0019304488087072968], "(1, 5, 1, 3)": [0.012091638520359993, 0.0034319220576435328, -1.5361118130385876e-05, 0.0, 0.0005910387262701988], "(2, 5, -1, 1)": [0.0, 0.0025617252103984356, 0.01143951527774334, 0.0, 0.0009999776957556605], "(1, 4, 1, 1)": [0.013977950438857079, 0.015060503035783768, 0.016150981187820435, 0.014149082824587822, 0.013875868171453476], "(2, 5, 4, 2)": [0.018593113869428635, 0.019108153879642487, 0.018746409565210342, 0.01974235288798809, 0.018171992152929306], "(3, 4, 4, 3)": [0.01951483078300953, 0.019558096304535866, 0.019502751529216766, 0.01960778795182705, 0.01946403644979], "(3, 5, 4, 2)": [0.019723672419786453, 0.019375257194042206, 0.01803736202418804, 0.01941389963030815, 0.01827903650701046], "(3, 5, 2, 1)": [0.011170249432325363, 0.018964333459734917, 0.013661060482263565, 0.012908009812235832, 0.012501483783125877], "(3, 4, 0, 1)": [0.010459709912538528, 0.009095342829823494, 0.011314908973872662, 0.0159812793135643, 0.0107637420296669],