{"q_values": {"(2, 5, 2, 2)": [0.017770184203982353, 0.018762990832328796, 0.017388910055160522, 0.015623959712684155, 0.018145086243748665], "(2, 5, 3, 2)": [0.01849452406167984, 0.01618611067533493, 0.018636034801602364, 0.018848842009902, 0.019322149455547333], "(2, 5, 3, 3)": [0.018301399424672127, 0.015054699964821339, 0.014326293021440506, 0.011991153471171856, 0.013724034652113914], "(2, 4, 2, 2)": [0.018146023154258728, 0.017206450924277306, 0.01913132146000862, 0.018872378394007683, 0.019683275371789932], "(2, 4, 3, 2)": [0.01911385916173458, 0.019099565222859383, 0.019636735320091248, 0.01756839081645012, 0.019042370840907097], "(2, 4, 3, 3)": [0.019273053854703903, 0.01940004900097847, 0.019440630450844765, 0.01928749680519104, 0.01941698230803013], "(2, 4, 4, 3)": [0.019427979364991188, 0.01942477561533451, 0.01929750293493271, 0.01940722018480301, 0.019378388300538063], "(2, 4, 1, 1)": [0.01567382551729679, 0.016020361334085464, 0.01532832533121109, 0.015151373110711575, 0.017038224264979362], "(2, 4, 2, 1)": [0.015440503135323524, 0.009011158719658852, 0.010725094005465508, 0.0068618846125900745, 0.010102175176143646], "(2, 5, 4, 3)": [0.017798786982893944, 0.01386916171759367, 0.014008204452693462, 0.014572061598300934, 0.014587020501494408], "(2, 4, 1, 2)": [0.019399330019950867, 0.019343240186572075, 0.019330697134137154, 0.019826676696538925, 0.019189056009054184], "(2, 5, 1, 2)": [0.016083670780062675, 0.019008316099643707, 0.01920965686440468, 0.018979625776410103, 0.018170688301324844], "(2, 5, 0, 2)": [0.01943260245025158, 0.019422011449933052, 0.019671514630317688, 0.019412364810705185, 0.019405746832489967], "(2, 5, 2, 3)": [0.01548893190920353, 0.010747638531029224, 0.014242487959563732, 0.015428364276885986, 0.016806522384285927], "(2, 4, 0, 1)": [0.01619384065270424, 0.015596865676343441, 0.019110005348920822, 0.01511085219681263, 0.01692209579050541], "(2, 4, 4, 2)": [0.019408078864216805, 0.019308440387248993, 0.01929989643394947, 0.0193474180996418, 0.01936565712094307], "(2, 4, 5, 3)": [0.018797492608428, 0.01844910904765129, 0.018570946529507637, 0.01854579709470272, 0.019243614748120308], "(3, 4, 4, 2)": [0.019163701683282852, 0.017861437052488327, 0.019152086228132248, 0.019131695851683617, 0.019399449229240417], "(3, 4, 3, 2)": [0.018805138766765594, 0.01895591989159584, 0.018634818494319916, 0.014796643517911434, 0.019411081448197365], "(3, 4, 2, 1)": [0.014590155333280563, 0.01741538569331169, 0.012927684932947159, 0.012346002273261547, 0.013637888245284557], "(3, 4, 2, 2)": [0.01786814257502556, 0.017811374738812447, 0.015459766611456871, 0.018061688169836998, 0.018956968560814857], "(3, 4, 3, 1)": [0.00017929531168192625, 0.01206787396222353, -0.0014014377957209945, 0.0019380063749849796, 0.00023100781254470348], "(2, 5, 0, 1)": [0.019495055079460144, 0.01962978206574917, 0.01954173669219017, 0.019631825387477875, 0.019773222506046295], "(2, 5, 5, 3)": [0.015574055723845959, 0.0165801253169775, 0.013788644224405289, 0.015842949971556664, 0.015508877113461494], "(3, 5, 3, 3)": [0.012474805116653442, 0.014184083789587021, 0.012657771818339825, 0.012769420631229877, 0.0164796095341444], "(3, 5, 4, 3)": [0.012818821705877781, 0.016752781346440315, 0.016041439026594162, 0.01402149349451065, 0.014029253274202347], "(3, 5, 3, 2)": [0.019402997568249702, 0.018161717802286148, 0.019317198544740677, 0.019254714250564575, 0.018888339400291443], "(3, 5, 2, 2)": [0.01923099160194397, 0.019142966717481613, 0.019205885007977486, 0.01446462981402874, 0.019090749323368073], "(3, 5, 1, 2)": [0.018943358212709427, 0.019412651658058167, 0.01921287178993225, 0.019156785681843758, 0.019215455278754234], "(3, 5, 1, 1)": [0.01926356926560402, 0.019095463678240776, 0.019059156998991966, 0.019198806956410408, 0.01921326480805874], "(3, 5, 0, 1)": [0.013776883482933044, 0.01419997587800026, 0.007499951869249344, 0.019436731934547424, 0.010957993566989899], "(2, 5, 1, 1)": [0.019561009481549263, 0.019545845687389374, 0.0195105392485857, 0.01974422112107277, 0.019513608887791634], "(1, 4, 0, 1)": [0.015958428382873535, 0.016103139147162437, 0.016103651374578476, 0.019670862704515457, 0.01628546044230461], "(1, 4, 1, 2)": [0.017632031813263893, 0.016893135383725166, 0.01735827699303627, 0.01982034184038639, 0.018302125856280327], "(1, 4, 2, 2)": [0.019521964713931084, 0.01920248568058014, 0.019562184810638428, 0.019495487213134766, 0.019780367612838745], "(1, 4, 3, 2)": [0.01921647973358631, 0.019403578713536263, 0.01928764581680298, 0.019658785313367844, 0.019166404381394386], "(1, 4, 4, 3)": [0.010909659788012505, 0.01536362525075674, 0.011671779677271843, 0.01332392729818821, 0.01933867484331131], "(2, 4, 0, 2)": [0.013355220668017864, 0.01722385734319687, 0.016845639795064926, 0.015375287272036076, 0.019827820360660553], "(3, 5, 5, 3)": [0.017208240926265717, 0.018148301169276237, 0.016031842678785324, 0.01658947765827179, 0.01510688103735447], "(2, 5, 6, 4)": [0.0018957502907142043, -0.0019615020137280226, 0.01685558818280697, 4.352256655693054e-05, 0.005614529363811016], "(2, 4, 0, 0)": [0.006145315710455179, 0.001717809122055769, 0.0, -0.002443921286612749, 0.0], "(2, 5, 6, 3)": [0.004571476951241493, 0.015963992103934288, 0.001776031800545752, 0.007036528550088406, 0.007462448440492153], "(3, 4, 1, 1)": [0.017356473952531815, 0.014258025214076042, 0.012636600993573666, 0.014150388538837433, 0.0126545624807477], "(1, 5, 0, 2)": [0.01938561350107193, 0.019369542598724365, 0.019522594287991524, 0.019021961838006973, 0.019144602119922638], "(1, 5, 0, 1)": [0.019707927480340004, 0.019827362149953842, 0.019704844802618027, 0.01970910094678402, 0.019636059179902077], "(1, 4, 0, 2)": [0.019337628036737442, 0.019248850643634796, 0.019152265042066574, 0.019148917868733406, 0.01980593055486679], "(1, 4, 2, 3)": [0.0139933405444026, 0.015121223405003548, 0.019823893904685974, 0.015997258946299553, 0.015821730718016624], "(1, 5, 1, 2)": [0.019212838262319565, 0.019102778285741806, 0.0181676484644413, 0.01662454754114151, 0.019051620736718178], "(1, 5, 2, 2)": [0.019181348383426666, 0.019320856779813766, 0.01928977482020855, 0.019289100542664528, 0.01913081482052803], "(1, 5, 2, 3)": [0.015980930998921394, 0.016502125188708305, 0.015850180760025978, 0.01748422533273697, 0.015146249905228615], "(1, 5, 3, 3)": [0.018892798572778702, 0.017960917204618454, 0.018781844526529312, 0.0191104207187891, 0.015871424227952957], "(1, 4, 3, 3)": [0.01960407942533493, 0.019598161801695824, 0.019625309854745865, 0.019643783569335938, 0.019738968461751938], "(1, 5, 3, 2)": [0.01975955255329609, 0.015177872031927109, 0.01591142825782299, 0.01739797741174698, 0.016004538163542747], "(2, 4, -1, 0)": [-0.0021968584042042494, -0.0020775876473635435, 0.0002909880131483078, -0.003569390159100294, -0.0010694507509469986], "(2, 4, 5, 4)": [0.0011992774670943618, 0.002891961485147476, 0.0, 0.0, 0.0019304488087072968], "(1, 5, 1, 3)": [0.008633457124233246, 0.0034319220576435328, 0.0014916469808667898, 0.0, 0.0005910387262701988], "(2, 5, -1, 1)": [0.0, 0.0025617252103984356, 0.009510309435427189, 0.0, 0.0009999776957556605], "(1, 4, 1, 1)": [0.012262669391930103, 0.013106130063533783, 0.015072645619511604, 0.014329197816550732, 0.01344211958348751], "(2, 5, 4, 2)": [0.017791464924812317, 0.018430767580866814, 0.017857752740383148, 0.019689053297042847, 0.017818568274378777], "(3, 4, 4, 3)": [0.019380025565624237, 0.019409680739045143, 0.01972588524222374, 0.019387511536478996, 0.019294383004307747], "(3, 5, 4, 2)": [0.019462889060378075, 0.01943560317158699, 0.017754634842276573, 0.019418880343437195, 0.01797737181186676], "(3, 5, 2, 1)": [0.011170249432325363, 0.019300488755106926, 0.012983409687876701, 0.012161131016910076, 0.010803465731441975], "(3, 4, 0, 1)": [0.014415635727345943, 0.012244869023561478, 0.011851553805172443, 0.01084053236991167, 0.011618383228778839],