{"q_values": {"(2, 5, 2, 2)": [0.019018985331058502, 0.015925941988825798, 0.016683559864759445, 0.018896209076046944, 0.018855061382055283], "(2, 5, 3, 2)": [0.019198494032025337, 0.019115785136818886, 0.01916598714888096, 0.01901082508265972, 0.019064465537667274], "(2, 5, 3, 3)": [0.016070904210209846, 0.015362340956926346, 0.017651783302426338, 0.0167866013944149, 0.012488024309277534], "(2, 4, 2, 2)": [0.019238142296671867, 0.019250191748142242, 0.01919649913907051, 0.019035151228308678, 0.01945618912577629], "(2, 4, 3, 2)": [0.01875287853181362, 0.01947379671037197, 0.018583325669169426, 0.019703779369592667, 0.01932317577302456], "(2, 4, 3, 3)": [0.0195551086217165, 0.01957891881465912, 0.01954883337020874, 0.019756047055125237, 0.019449280574917793], "(2, 4, 4, 3)": [0.019540637731552124, 0.01952819898724556, 0.019538849592208862, 0.019430048763751984, 0.019550256431102753], "(2, 4, 1, 1)": [0.016519714146852493, 0.015870312228798866, 0.01666182279586792, 0.0192774198949337, 0.01729412004351616], "(2, 4, 2, 1)": [0.0094341691583395, 0.011801040731370449, 0.011675524525344372, 0.009520282968878746, 0.014201613143086433], "(2, 5, 4, 3)": [0.016624728217720985, 0.018834173679351807, 0.018031828105449677, 0.018403761088848114, 0.018492255359888077], "(2, 4, 1, 2)": [0.01909232884645462, 0.01911541447043419, 0.01912865601480007, 0.018893396481871605, 0.019330205395817757], "(2, 5, 1, 2)": [0.019550150260329247, 0.019361088052392006, 0.019169313833117485, 0.019281519576907158, 0.018747147172689438], "(2, 5, 0, 2)": [0.019163522869348526, 0.019234860315918922, 0.018282780423760414, 0.01910201460123062, 0.019017690792679787], "(2, 5, 2, 3)": [0.012983381748199463, 0.010545478202402592, 0.01251246314495802, 0.008939110673964024, 0.010394398123025894], "(2, 4, 0, 1)": [0.0189195666462183, 0.01842893660068512, 0.01643366366624832, 0.01832881197333336, 0.019248275086283684], "(2, 4, 4, 2)": [0.01925300620496273, 0.0195799358189106, 0.019336219877004623, 0.01930863969027996, 0.01897059939801693], "(2, 4, 5, 3)": [0.015423838049173355, 0.015866808593273163, 0.016868077218532562, 0.01862080581486225, 0.017826057970523834], "(3, 4, 4, 2)": [0.018862996250391006, 0.01708385720849037, 0.01755482330918312, 0.01760401763021946, 0.017662499099969864], "(3, 4, 3, 2)": [0.013876465149223804, 0.01594114862382412, 0.015569120645523071, 0.016322799026966095, 0.019318394362926483], "(3, 4, 2, 1)": [0.00807466171681881, 0.009414048865437508, 0.008133241906762123, 0.012343617156147957, 0.016645705327391624], "(3, 4, 2, 2)": [0.01721920445561409, 0.01814274489879608, 0.017203286290168762, 0.017513643950223923, 0.019069602712988853], "(3, 4, 3, 1)": [4.470313433557749e-05, 0.004054743330925703, -0.0014014377957209945, 0.0017613981617614627, 0.0018008066108450294], "(2, 5, 0, 1)": [0.019685912877321243, 0.019588394090533257, 0.019583944231271744, 0.01956229843199253, 0.019602907821536064], "(2, 5, 5, 3)": [0.017268871888518333, 0.014747575856745243, 0.013021335005760193, 0.014269767329096794, 0.013823994435369968], "(3, 5, 3, 3)": [0.010494562797248363, 0.009471083991229534, 0.004077541641891003, 0.009264390915632248, 0.008651794865727425], "(3, 5, 4, 3)": [0.01736513525247574, 0.012716520577669144, 0.01632723957300186, 0.012579040601849556, 0.013022715225815773], "(3, 5, 3, 2)": [0.01875925436615944, 0.01808907836675644, 0.01689937710762024, 0.018471816554665565, 0.018290529027581215], "(3, 5, 2, 2)": [0.018425067886710167, 0.015397434122860432, 0.018490450456738472, 0.01852913573384285, 0.018551768735051155], "(3, 5, 1, 2)": [0.016585107892751694, 0.016014868393540382, 0.01635146513581276, 0.018719539046287537, 0.016512557864189148], "(3, 5, 1, 1)": [0.01407333742827177, 0.012298972345888615, 0.013625910505652428, 0.013471491634845734, 0.018678240478038788], "(3, 5, 0, 1)": [0.004371759947389364, 0.005610363092273474, 0.001263606594875455, 0.011696640402078629, 0.004143222235143185], "(2, 5, 1, 1)": [0.019513078033924103, 0.019677558913826942, 0.019600654020905495, 0.019559092819690704, 0.01956835947930813], "(1, 4, 0, 1)": [0.014345972798764706, 0.016501611098647118, 0.016561131924390793, 0.01228146068751812, 0.017209764569997787], "(1, 4, 1, 2)": [0.01448704581707716, 0.017394687980413437, 0.018027549609541893, 0.015105773694813251, 0.01782558672130108], "(1, 4, 2, 2)": [0.017872922122478485, 0.018092582002282143, 0.015745587646961212, 0.016545550897717476, 0.01829029619693756], "(1, 4, 3, 2)": [0.01616705395281315, 0.018254507333040237, 0.017455868422985077, 0.016607072204351425, 0.01626185141503811], "(1, 4, 4, 3)": [0.0042450688779354095, 0.009181317873299122, 0.0037771048955619335, 0.004893454723060131, 0.014068937860429287], "(2, 4, 0, 2)": [0.003400365123525262, 0.008554059080779552, 0.008870651945471764, 0.010841735638678074, 0.018978828564286232], "(3, 5, 5, 3)": [0.018459061160683632, 0.011397046968340874, 0.010380157269537449, 0.010866179130971432, 0.012590410187840462], "(2, 5, 6, 4)": [0.0, -0.0019615020137280226, 0.004753327462822199, -0.0017457380890846252, 0.001147279399447143], "(2, 4, 0, 0)": [0.0, 0.00373505218885839, 0.0, 0.0006994842551648617, 0.0], "(2, 5, 6, 3)": [0.0018843605648726225, 0.0070940181612968445, 0.001776031800545752, 0.005721800960600376, 0.004862482193857431], "(3, 4, 1, 1)": [0.015173112973570824, 0.01371566578745842, 0.014318397268652916, 0.01791958697140217, 0.014585824683308601], "(1, 5, 0, 2)": [0.01901855133473873, 0.019289959222078323, 0.019042329862713814, 0.01902654953300953, 0.019186079502105713], "(1, 5, 0, 1)": [0.01872655376791954, 0.016087817028164864, 0.013766012154519558, 0.013466548174619675, 0.015922628343105316], "(1, 4, 0, 2)": [0.011680897325277328, 0.019117429852485657, 0.01628369651734829, 0.013256752863526344, 0.01212266180664301], "(1, 4, 2, 3)": [0.0014203396858647466, 0.0016698777908459306, 0.01322548370808363, 0.0036102221347391605, 0.002744875615462661], "(1, 5, 1, 2)": [0.018911559134721756, 0.019364167004823685, 0.017683809623122215, 0.01890413835644722, 0.018974466249346733], "(1, 5, 2, 2)": [0.018974391743540764, 0.014784421771764755, 0.016131088137626648, 0.015151366591453552, 0.017658483237028122], "(1, 5, 2, 3)": [0.01563309319317341, 0.010488434694707394, 0.01001735869795084, 0.009621006436645985, 0.007802998647093773], "(1, 5, 3, 3)": [0.016718676313757896, 0.014571622014045715, 0.015389498323202133, 0.014066144824028015, 0.014262611046433449], "(1, 4, 3, 3)": [0.011204022914171219, 0.016372771933674812, 0.018811121582984924, 0.014742221683263779, 0.01332611683756113], "(1, 5, 3, 2)": [0.008047305047512054, 0.00798889435827732, 0.0016057981410995126, 0.01419072225689888, 0.0019077671458944678], "(2, 4, -1, 0)": [0.0, 0.0, 0.0, 0.006043253932148218, -0.002052447758615017], "(2, 4, 5, 4)": [0.0011992774670943618, 0.0, 0.0, 0.0, 0.0], "(1, 5, 1, 3)": [0.002212872728705406, -3.715080674737692e-05, 0.0, 0.0, -0.0015513161197304726], "(2, 5, -1, 1)": [0.0, 0.0, 0.002678605495020747, 0.0, 0.0009999776957556605], "(1, 4, 1, 1)": [0.004541363567113876, 0.008399290964007378, 0.003807363100349903, 0.011890809051692486, 0.005116627085953951], "(2, 5, 4, 2)": [0.010737912729382515, 0.012887704186141491, 0.013419291004538536, 0.01911303400993347, 0.014775995165109634], "(3, 4, 4, 3)": [0.013480840250849724, 0.008783438242971897, 0.014280783012509346, 0.013442615047097206, 0.019133323803544044], "(3, 5, 4, 2)": [0.016082709655165672, 0.015379035845398903, 0.016416143625974655, 0.016986096277832985, 0.018801728263497353], "(3, 5, 2, 1)": [0.006706354208290577, 0.013917055912315845, 0.004658873192965984, 0.004709561821073294, 0.002995625138282776], "(3, 4, 0, 1)": [0.005828718654811382, 0.004613014869391918, 0.008216075599193573, 0.00788726843893528, 0.014940917491912842], "(3, 4, 5, 3)": [0.016969986259937286, 0.007336681708693504, 0.006670643575489521, 0.006308455020189285, 0.011213419027626514], "(2, 5, 4, 4)": [0.0, 0.0, 0.0, 0.0, 0.0],