{"q_values": {"(2, 5, 2, 2)": [0.01569906249642372, 0.015759781002998352, 0.016374502331018448, 0.016935771331191063, 0.0179342869669199], "(2, 5, 3, 2)": [0.016958264634013176, 0.015809057280421257, 0.018003832548856735, 0.016731956973671913, 0.013385345228016376], "(2, 5, 3, 3)": [0.012898745946586132, 0.012121133506298065, 0.012729564681649208, 0.014495640061795712, 0.013409648090600967], "(2, 4, 2, 2)": [0.015756739303469658, 0.01575590670108795, 0.017715012654662132, 0.01860235072672367, 0.019058555364608765], "(2, 4, 3, 2)": [0.01924891769886017, 0.019182706251740456, 0.019200146198272705, 0.01919676549732685, 0.019484421238303185], "(2, 4, 3, 3)": [0.0191186610609293, 0.019120050594210625, 0.01922048069536686, 0.01923735812306404, 0.01932542398571968], "(2, 4, 4, 3)": [0.01920129731297493, 0.019157622009515762, 0.019196612760424614, 0.019207419827580452, 0.01908469945192337], "(2, 4, 1, 1)": [0.014407983049750328, 0.013536997139453888, 0.013171641156077385, 0.015803467482328415, 0.014160534366965294], "(2, 4, 2, 1)": [0.009093654341995716, 0.004889759235084057, 0.013478513807058334, 0.009221943095326424, 0.01008333545178175], "(2, 5, 4, 3)": [0.012520409189164639, 0.01083296351134777, 0.01486301515251398, 0.012993667274713516, 0.013006389141082764], "(2, 4, 1, 2)": [0.01889294572174549, 0.01852305233478546, 0.018810244277119637, 0.017178358510136604, 0.01921631209552288], "(2, 5, 1, 2)": [0.01840948686003685, 0.015360342338681221, 0.018221557140350342, 0.018170617520809174, 0.017384318634867668], "(2, 5, 0, 2)": [0.01932944357395172, 0.019328203052282333, 0.019100625067949295, 0.01923253759741783, 0.01932249218225479], "(2, 5, 2, 3)": [0.013211277313530445, 0.010703169740736485, 0.012317181564867496, 0.015146796591579914, 0.011950952932238579], "(2, 4, 0, 1)": [0.015077321790158749, 0.013883187435567379, 0.014991595409810543, 0.01674564741551876, 0.015356876887381077], "(2, 4, 4, 2)": [0.01952785812318325, 0.01896210014820099, 0.018915899097919464, 0.019029386341571808, 0.019088895991444588], "(2, 4, 5, 3)": [0.01803012192249298, 0.01818402297794819, 0.018331609666347504, 0.018222274258732796, 0.018491191789507866], "(3, 4, 4, 2)": [0.019215041771531105, 0.019008954986929893, 0.01809002086520195, 0.019145671278238297, 0.019559569656848907], "(3, 4, 3, 2)": [0.016474749892950058, 0.019160335883498192, 0.01752261072397232, 0.019174473360180855, 0.01950043998658657], "(3, 4, 2, 1)": [0.013618729077279568, 0.015441270545125008, 0.012773310765624046, 0.010172304697334766, 0.018596868962049484], "(3, 4, 2, 2)": [0.019104285165667534, 0.018945861607789993, 0.016383126378059387, 0.018825281411409378, 0.019192950800061226], "(3, 4, 3, 1)": [0.00017929531168192625, 0.011391343548893929, -0.0014014377957209945, 0.0035341638140380383, 0.00023100781254470348], "(2, 5, 0, 1)": [0.019461560994386673, 0.019244836643338203, 0.019418420270085335, 0.0194594357162714, 0.019381975755095482], "(2, 5, 5, 3)": [0.013208664022386074, 0.014050026424229145, 0.017077775672078133, 0.013072333298623562, 0.015136869624257088], "(3, 5, 3, 3)": [0.012474805116653442, 0.015721866860985756, 0.012044037692248821, 0.010644452646374702, 0.014273831620812416], "(3, 5, 4, 3)": [0.018361084163188934, 0.018728921189904213, 0.018467456102371216, 0.018637875095009804, 0.0186188705265522], "(3, 5, 3, 2)": [0.018702615052461624, 0.01878378354012966, 0.018556952476501465, 0.014611461199820042, 0.015619299374520779], "(3, 5, 2, 2)": [0.01879708468914032, 0.016979314386844635, 0.018831856548786163, 0.018747171387076378, 0.017983876168727875], "(3, 5, 1, 2)": [0.018953239545226097, 0.018982697278261185, 0.01852189376950264, 0.019072169438004494, 0.019031748175621033], "(3, 5, 1, 1)": [0.019435683265328407, 0.01938869245350361, 0.019371366128325462, 0.019284503534436226, 0.019467417150735855], "(3, 5, 0, 1)": [0.01142835058271885, 0.012904660776257515, 0.006129065062850714, 0.019303830340504646, 0.010067863389849663], "(2, 5, 1, 1)": [0.019560080021619797, 0.01943807303905487, 0.019521508365869522, 0.01947454735636711, 0.01952931098639965], "(1, 4, 0, 1)": [0.01732591725885868, 0.016473930329084396, 0.018780531361699104, 0.018714604899287224, 0.016455315053462982], "(1, 4, 1, 2)": [0.019068129360675812, 0.019245347008109093, 0.016469484195113182, 0.019343238323926926, 0.01924777962267399], "(1, 4, 2, 2)": [0.019307997077703476, 0.01928325742483139, 0.019369255751371384, 0.019334806129336357, 0.019345182925462723], "(1, 4, 3, 2)": [0.01844984106719494, 0.018408913165330887, 0.019040444865822792, 0.01963445544242859, 0.017881160601973534], "(1, 4, 4, 3)": [0.005784775596112013, 0.010224709287285805, 0.0037771048955619335, 0.007979891262948513, 0.018781628459692], "(2, 4, 0, 2)": [0.010948998853564262, 0.013744920492172241, 0.014964623376727104, 0.014894566498696804, 0.019572904333472252], "(3, 5, 5, 3)": [0.016551535576581955, 0.01608840376138687, 0.01682139001786709, 0.01616198942065239, 0.01511214766651392], "(2, 5, 6, 4)": [0.0018957502907142043, -0.0019615020137280226, 0.010542583651840687, -0.0017457380890846252, 0.004170795436948538], "(2, 4, 0, 0)": [0.0011253186967223883, 0.009738070890307426, 0.0, 0.0006994842551648617, 0.0], "(2, 5, 6, 3)": [0.0018843605648726225, 0.012366271577775478, 0.001776031800545752, 0.005721800960600376, 0.004862482193857431], "(3, 4, 1, 1)": [0.018433278426527977, 0.015664447098970413, 0.016157090663909912, 0.017560597509145737, 0.016407549381256104], "(1, 5, 0, 2)": [0.01856839656829834, 0.015476539731025696, 0.018485065549612045, 0.01865425519645214, 0.016289900988340378], "(1, 5, 0, 1)": [0.018743321299552917, 0.019328929483890533, 0.019427020102739334, 0.019549986347556114, 0.019619395956397057], "(1, 4, 0, 2)": [0.018997909501194954, 0.019407659769058228, 0.019145922735333443, 0.019118424504995346, 0.018581029027700424], "(1, 4, 2, 3)": [0.00890339259058237, 0.011909553781151772, 0.019679730758070946, 0.011113174259662628, 0.011404808610677719], "(1, 5, 1, 2)": [0.01880982145667076, 0.016720490530133247, 0.017694944515824318, 0.016007855534553528, 0.016147568821907043], "(1, 5, 2, 2)": [0.01928606815636158, 0.019190168008208275, 0.01937422715127468, 0.019206108525395393, 0.019339580088853836], "(1, 5, 2, 3)": [0.019180992618203163, 0.015717005357146263, 0.012559374794363976, 0.015397175215184689, 0.012455468997359276], "(1, 5, 3, 3)": [0.019485458731651306, 0.01832231692969799, 0.01867784559726715, 0.01537710428237915, 0.01819465681910515], "(1, 4, 3, 3)": [0.01861243136227131, 0.01924998126924038, 0.01961810514330864, 0.019149307161569595, 0.01859658770263195], "(1, 5, 3, 2)": [0.013413863256573677, 0.010192885994911194, 0.006456534378230572, 0.019605662673711777, 0.010240955278277397], "(2, 4, -1, 0)": [0.0, 0.0006926609203219414, 0.0, 0.0005039360839873552, -0.0009008282795548439], "(2, 4, 5, 4)": [0.0011992774670943618, 0.002891961485147476, 0.0, 0.0, 0.0019304488087072968], "(1, 5, 1, 3)": [0.008987531065940857, -3.715080674737692e-05, 0.0, 0.0, -0.0015513161197304726], "(2, 5, -1, 1)": [0.0, 0.0010775367263704538, 0.005494643002748489, 0.0, 0.0009999776957556605], "(1, 4, 1, 1)": [0.01129187736660242, 0.013333572074770927, 0.011129308491945267, 0.012141728773713112, 0.011332924477756023], "(2, 5, 4, 2)": [0.016726065427064896, 0.018064256757497787, 0.0168911125510931, 0.019420189782977104, 0.017400523647665977], "(3, 4, 4, 3)": [0.01888861134648323, 0.01889566332101822, 0.01925428956747055, 0.0189044289290905, 0.019692376255989075], "(3, 5, 4, 2)": [0.01916319690644741, 0.01916196011006832, 0.016452070325613022, 0.019093595445156097, 0.01628199592232704], "(3, 5, 2, 1)": [0.011170249432325363, 0.019633343443274498, 0.011525800451636314, 0.008595493622124195, 0.007505446672439575], "(3, 4, 0, 1)": [0.009048729203641415, 0.014308791607618332, 0.014114169403910637, 0.014090030454099178, 0.015384114347398281], "(3, 4, 5, 3)": [0.019731536507606506, 0.015208158642053604, 0.014390647411346436, 0.014874186366796494, 0.01543134544044733],