{"q_values": {"(2, 5, 2, 2)": [0.018874235451221466, 0.01965910755097866, 0.01733841560781002, 0.01852385140955448, 0.017137693241238594], "(2, 5, 3, 2)": [0.019782043993473053, 0.019292142242193222, 0.019361089915037155, 0.019376171752810478, 0.0194998886436224], "(2, 5, 3, 3)": [0.01598658412694931, 0.01773601397871971, 0.01700959913432598, 0.014397879131138325, 0.01622883230447769], "(2, 4, 2, 2)": [0.018678637221455574, 0.018006011843681335, 0.019202029332518578, 0.019520483911037445, 0.01973157748579979], "(2, 4, 3, 2)": [0.01946314424276352, 0.019078724086284637, 0.019444230943918228, 0.01881909929215908, 0.01980859972536564], "(2, 4, 3, 3)": [0.019550291821360588, 0.019657015800476074, 0.019617736339569092, 0.019862685352563858, 0.0196111761033535], "(2, 4, 4, 3)": [0.01965196430683136, 0.01988680474460125, 0.019672775641083717, 0.019617963582277298, 0.019659800454974174], "(2, 4, 1, 1)": [0.01640281081199646, 0.015230484306812286, 0.015127739869058132, 0.019404875114560127, 0.015509815886616707], "(2, 4, 2, 1)": [0.012620131485164165, 0.009943146258592606, 0.01149726938456297, 0.014853316359221935, 0.011710157617926598], "(2, 5, 4, 3)": [0.01986628584563732, 0.019070491194725037, 0.019268633797764778, 0.019161604344844818, 0.018360815942287445], "(2, 4, 1, 2)": [0.019283445551991463, 0.019466489553451538, 0.019677458330988884, 0.018350355327129364, 0.019439175724983215], "(2, 5, 1, 2)": [0.019657107070088387, 0.019444335252046585, 0.019428996369242668, 0.019296925514936447, 0.019432473927736282], "(2, 5, 0, 2)": [0.01931196264922619, 0.01946510560810566, 0.019206294789910316, 0.019181301817297935, 0.016653573140501976], "(2, 5, 2, 3)": [0.01412725169211626, 0.011676555499434471, 0.011542522348463535, 0.012735163792967796, 0.01746539957821369], "(2, 4, 0, 1)": [0.015005015768110752, 0.015444704331457615, 0.015325035899877548, 0.019057147204875946, 0.015609265305101871], "(2, 4, 4, 2)": [0.019329417496919632, 0.018156524747610092, 0.019819268956780434, 0.018664022907614708, 0.019332628697156906], "(2, 4, 5, 3)": [0.0194777250289917, 0.01855381950736046, 0.018935713917016983, 0.018915841355919838, 0.01883554831147194], "(3, 4, 4, 2)": [0.01570882275700569, 0.01881556026637554, 0.01882106624543667, 0.018666958436369896, 0.019501706585288048], "(3, 4, 3, 2)": [0.017787521705031395, 0.015054459683597088, 0.016850609332323074, 0.01876244507730007, 0.01941792108118534], "(3, 4, 2, 1)": [0.014929357916116714, 0.01470358856022358, 0.011507640592753887, 0.016360009089112282, 0.013463509269058704], "(3, 4, 2, 2)": [0.017314154654741287, 0.016857972368597984, 0.016328057274222374, 0.017523618414998055, 0.01914380118250847], "(3, 4, 3, 1)": [0.00017929531168192625, 0.009082973934710026, 0.00024634029250591993, 0.0019380063749849796, 0.00023100781254470348], "(2, 5, 0, 1)": [0.01969531923532486, 0.019661225378513336, 0.019713427871465683, 0.019644098356366158, 0.019659530371427536], "(2, 5, 5, 3)": [0.01412442047148943, 0.01856278069317341, 0.013553967699408531, 0.014970934018492699, 0.01349378377199173], "(3, 5, 3, 3)": [0.012971143238246441, 0.018601873889565468, 0.012657771818339825, 0.013474161736667156, 0.012678869068622589], "(3, 5, 4, 3)": [0.016080187633633614, 0.019668055698275566, 0.015334381721913815, 0.015710216015577316, 0.015838611871004105], "(3, 5, 3, 2)": [0.019807934761047363, 0.017324406653642654, 0.01822425052523613, 0.01820860244333744, 0.018370719626545906], "(3, 5, 2, 2)": [0.019744858145713806, 0.0187491774559021, 0.016589809209108353, 0.0186878964304924, 0.019254546612501144], "(3, 5, 1, 2)": [0.0187869630753994, 0.016447803005576134, 0.01969427429139614, 0.01871049404144287, 0.018886225298047066], "(3, 5, 1, 1)": [0.019124191254377365, 0.01913771778345108, 0.019153308123350143, 0.01933894120156765, 0.019165635108947754], "(3, 5, 0, 1)": [0.013776883482933044, 0.015195542946457863, 0.007499951869249344, 0.01903444342315197, 0.010957993566989899], "(2, 5, 1, 1)": [0.019493846222758293, 0.019513193517923355, 0.01962617039680481, 0.019497957080602646, 0.019515635445713997], "(1, 4, 0, 1)": [0.018839815631508827, 0.018821509554982185, 0.019309718161821365, 0.018958497792482376, 0.017703108489513397], "(1, 4, 1, 2)": [0.019280334934592247, 0.019266190007328987, 0.019202256575226784, 0.019312962889671326, 0.01968572661280632], "(1, 4, 2, 2)": [0.019426774233579636, 0.01945367641746998, 0.01945899985730648, 0.01972307451069355, 0.01945653185248375], "(1, 4, 3, 2)": [0.019413363188505173, 0.019297173246741295, 0.019858967512845993, 0.019304867833852768, 0.019489236176013947], "(1, 4, 4, 3)": [0.01392081193625927, 0.016337858512997627, 0.012485397979617119, 0.014286274090409279, 0.01944262906908989], "(2, 4, 0, 2)": [0.015044602565467358, 0.018119413405656815, 0.01787046156823635, 0.016575569286942482, 0.01984884776175022], "(3, 5, 5, 3)": [0.01941009610891342, 0.01572532393038273, 0.01665334403514862, 0.01658947765827179, 0.013606702908873558], "(2, 5, 6, 4)": [0.0018957502907142043, -0.0019615020137280226, 0.0110836923122406, 4.352256655693054e-05, 0.005614529363811016], "(2, 4, 0, 0)": [-0.0005259689642116427, 0.00091147655621171, 0.0004120767116546631, -0.002443921286612749, 0.0], "(2, 5, 6, 3)": [0.004571476951241493, 0.016416123136878014, 0.001776031800545752, 0.007036528550088406, 0.007462448440492153], "(3, 4, 1, 1)": [0.018536973744630814, 0.015378606505692005, 0.014769189991056919, 0.013368848711252213, 0.015011312440037727], "(1, 5, 0, 2)": [0.019649948924779892, 0.019290044903755188, 0.018450764939188957, 0.01913492940366268, 0.01918584667146206], "(1, 5, 0, 1)": [0.019631559029221535, 0.01956954039633274, 0.01961013488471508, 0.019595997408032417, 0.019596051424741745], "(1, 4, 0, 2)": [0.01950743794441223, 0.019288035109639168, 0.019375238567590714, 0.019306717440485954, 0.01962405815720558], "(1, 4, 2, 3)": [0.016374772414565086, 0.016300110146403313, 0.0197763554751873, 0.015997258946299553, 0.016218669712543488], "(1, 5, 1, 2)": [0.01708856225013733, 0.013997037895023823, 0.018475567921996117, 0.019057538360357285, 0.018716901540756226], "(1, 5, 2, 2)": [0.01722341775894165, 0.01575484313070774, 0.016724534332752228, 0.018818993121385574, 0.018269134685397148], "(1, 5, 2, 3)": [0.015141475945711136, 0.015620468184351921, 0.015239750035107136, 0.016064725816249847, 0.016443924978375435], "(1, 5, 3, 3)": [0.016169259324669838, 0.014003539457917213, 0.014978855848312378, 0.011674092151224613, 0.014558017253875732], "(1, 4, 3, 3)": [0.01962166093289852, 0.01940060593187809, 0.019418761134147644, 0.019340982660651207, 0.019488481804728508], "(1, 5, 3, 2)": [0.01960255205631256, 0.015638090670108795, 0.0166521854698658, 0.017848465591669083, 0.016974912956357002], "(2, 4, -1, 0)": [-0.0021968584042042494, -0.0020775876473635435, -0.0016601160168647766, -0.003569390159100294, -0.0010694507509469986], "(2, 4, 5, 4)": [0.0011992774670943618, 0.002891961485147476, 0.0, 0.0, 0.0019304488087072968], "(1, 5, 1, 3)": [0.009397591464221478, 0.0034319220576435328, 0.0014916469808667898, 0.0, 0.0005910387262701988], "(2, 5, -1, 1)": [0.0, 0.0025617252103984356, 0.01143951527774334, 0.0, 0.0009999776957556605], "(1, 4, 1, 1)": [0.013626706786453724, 0.013536171056330204, 0.012697314843535423, 0.014333907514810562, 0.012506343424320221], "(2, 5, 4, 2)": [0.018138378858566284, 0.019023023545742035, 0.018373942002654076, 0.019828617572784424, 0.017818568274378777], "(3, 4, 4, 3)": [0.019384022802114487, 0.01940414123237133, 0.019445929676294327, 0.019747668877243996, 0.01934554986655712], "(3, 5, 4, 2)": [0.019749760627746582, 0.019321542233228683, 0.01803736202418804, 0.01941389963030815, 0.01811806671321392], "(3, 5, 2, 1)": [0.011170249432325363, 0.019462069496512413, 0.013661060482263565, 0.012908009812235832, 0.012501483783125877], "(3, 4, 0, 1)": [0.01195650827139616, 0.014647005125880241, 0.010830754414200783, 0.011625325307250023, 0.010132186114788055],