{"q_values": {"(2, 5, 2, 2)": [0.01979067362844944, 0.016631318256258965, 0.018869321793317795, 0.01714327558875084, 0.018595250323414803], "(2, 5, 3, 2)": [0.019917789846658707, 0.019215211272239685, 0.017129644751548767, 0.018978292122483253, 0.019082356244325638], "(2, 5, 3, 3)": [0.01646038144826889, 0.019540680572390556, 0.016743507236242294, 0.016419578343629837, 0.018215376883745193], "(2, 4, 2, 2)": [0.018092602491378784, 0.015642495825886726, 0.01620578020811081, 0.018628573045134544, 0.019804684445261955], "(2, 4, 3, 2)": [0.0160160381346941, 0.018998557701706886, 0.018924038857221603, 0.018951011821627617, 0.01992611773312092], "(2, 4, 3, 3)": [0.01970844343304634, 0.019727859646081924, 0.01961148902773857, 0.01991315186023712, 0.019697025418281555], "(2, 4, 4, 3)": [0.019627027213573456, 0.019962212070822716, 0.01970592699944973, 0.019697008654475212, 0.019637178629636765], "(2, 4, 1, 1)": [0.016757100820541382, 0.01798805594444275, 0.016581028699874878, 0.01977233588695526, 0.0171299260109663], "(2, 4, 2, 1)": [0.011133297346532345, 0.01063968800008297, 0.008743911981582642, 0.012580952607095242, 0.013984473422169685], "(2, 5, 4, 3)": [0.019816963002085686, 0.01827169582247734, 0.018894504755735397, 0.01910705305635929, 0.01703447848558426], "(2, 4, 1, 2)": [0.01666152849793434, 0.0176593828946352, 0.015807852149009705, 0.01844337023794651, 0.019815485924482346], "(2, 5, 1, 2)": [0.01973886415362358, 0.01689082384109497, 0.017380977049469948, 0.01674334518611431, 0.018961356952786446], "(2, 5, 0, 2)": [0.01930493302643299, 0.019735315814614296, 0.019297268241643906, 0.019364360719919205, 0.019293280318379402], "(2, 5, 2, 3)": [0.018372327089309692, 0.01189418975263834, 0.014232311397790909, 0.012866864912211895, 0.012716110795736313], "(2, 4, 0, 1)": [0.017682189121842384, 0.018758278340101242, 0.018834412097930908, 0.01779002882540226, 0.01976863481104374], "(2, 4, 4, 2)": [0.019100479781627655, 0.019212890416383743, 0.018941497430205345, 0.01962476596236229, 0.01893501728773117], "(2, 4, 5, 3)": [0.019598010927438736, 0.018692385405302048, 0.01919703185558319, 0.01908295787870884, 0.018783560022711754], "(3, 4, 4, 2)": [0.019429601728916168, 0.019303180277347565, 0.016211150214076042, 0.01935354806482792, 0.019783250987529755], "(3, 4, 3, 2)": [0.01592453010380268, 0.016434984281659126, 0.015280421823263168, 0.01549297384917736, 0.01993335783481598], "(3, 4, 2, 1)": [0.01524011604487896, 0.014595841988921165, 0.01572023332118988, 0.014936136081814766, 0.019446730613708496], "(3, 4, 2, 2)": [0.018579848110675812, 0.01817983388900757, 0.016302697360515594, 0.018569741398096085, 0.019951755180954933], "(3, 4, 3, 1)": [0.0019379222067072988, 0.011703149415552616, 0.00024634029250591993, 0.0019380063749849796, 0.00023100781254470348], "(2, 5, 0, 1)": [0.019510366022586823, 0.01987808384001255, 0.019551213830709457, 0.019608084112405777, 0.019545167684555054], "(2, 5, 5, 3)": [0.014521217904984951, 0.019498063251376152, 0.01477057859301567, 0.014574609696865082, 0.01637079380452633], "(3, 5, 3, 3)": [0.01981894113123417, 0.018122417852282524, 0.01831822283565998, 0.01745583489537239, 0.016417717561125755], "(3, 5, 4, 3)": [0.018260207027196884, 0.019809113815426826, 0.01866598054766655, 0.018451455980539322, 0.01756654679775238], "(3, 5, 3, 2)": [0.01989211142063141, 0.019017204642295837, 0.01651911810040474, 0.019386200234293938, 0.019144054502248764], "(3, 5, 2, 2)": [0.019882991909980774, 0.019616149365901947, 0.019663063809275627, 0.019606050103902817, 0.019508041441440582], "(3, 5, 1, 2)": [0.01969452016055584, 0.01970250904560089, 0.019433822482824326, 0.019425394013524055, 0.018910128623247147], "(3, 5, 1, 1)": [0.01973884552717209, 0.019723203033208847, 0.019718211144208908, 0.019935356453061104, 0.019709531217813492], "(3, 5, 0, 1)": [0.018591146916151047, 0.019458621740341187, 0.019057217985391617, 0.019829779863357544, 0.018376853317022324], "(2, 5, 1, 1)": [0.01966533437371254, 0.01974874548614025, 0.019866682589054108, 0.0197537112981081, 0.019674349576234818], "(1, 4, 0, 1)": [0.013904224149882793, 0.013249726966023445, 0.01217992790043354, 0.013537466526031494, 0.01703672483563423], "(1, 4, 1, 2)": [0.018045201897621155, 0.0178886279463768, 0.018085507676005363, 0.019487356767058372, 0.018106037750840187], "(1, 4, 2, 2)": [0.01611991785466671, 0.01726071909070015, 0.01785404048860073, 0.016106391325592995, 0.019492527469992638], "(1, 4, 3, 2)": [0.01872977614402771, 0.01931990496814251, 0.01947067677974701, 0.019381137564778328, 0.01962096430361271], "(1, 4, 4, 3)": [0.017940707504749298, 0.01882205717265606, 0.01747686043381691, 0.016541428864002228, 0.01972692273557186], "(2, 4, 0, 2)": [0.017553133890032768, 0.018604597076773643, 0.019084852188825607, 0.018352707847952843, 0.019832899793982506], "(3, 5, 5, 3)": [0.017241790890693665, 0.019855735823512077, 0.016696861013770103, 0.015148994512856007, 0.01754133403301239], "(2, 5, 6, 4)": [-0.00013405142817646265, -0.0019615020137280226, 0.0065563032403588295, 4.352256655693054e-05, -0.0003603195073083043], "(2, 4, 0, 0)": [-0.0005259689642116427, 0.002216198481619358, -0.003122141119092703, -0.0003105213399976492, 0.008239376358687878], "(2, 5, 6, 3)": [0.004571476951241493, 0.016592878848314285, 0.0035595190711319447, 0.007036528550088406, 0.007462448440492153], "(3, 4, 1, 1)": [0.017608897760510445, 0.018052639439702034, 0.015769241377711296, 0.017000656574964523, 0.01983635127544403], "(1, 5, 0, 2)": [0.019603239372372627, 0.0190008245408535, 0.019001701846718788, 0.018893973901867867, 0.016836995258927345], "(1, 5, 0, 1)": [0.019503336399793625, 0.019362084567546844, 0.019512193277478218, 0.01947888545691967, 0.019563112407922745], "(1, 4, 0, 2)": [0.01900620013475418, 0.016969485208392143, 0.01927202381193638, 0.019061367958784103, 0.019049575552344322], "(1, 4, 2, 3)": [0.01775965467095375, 0.017654061317443848, 0.019833728671073914, 0.018299780786037445, 0.018562814220786095], "(1, 5, 1, 2)": [0.019724490121006966, 0.01895291544497013, 0.017107028514146805, 0.017825614660978317, 0.017460566014051437], "(1, 5, 2, 2)": [0.019803401082754135, 0.018826685845851898, 0.019202817231416702, 0.017053470015525818, 0.017497964203357697], "(1, 5, 2, 3)": [0.019768375903367996, 0.01296878233551979, 0.012496712617576122, 0.012405108660459518, 0.013043571263551712], "(1, 5, 3, 3)": [0.0198434479534626, 0.018301701173186302, 0.01706826500594616, 0.01625286042690277, 0.017906256020069122], "(1, 4, 3, 3)": [0.019484618678689003, 0.019873136654496193, 0.019547615200281143, 0.019581418484449387, 0.019586926326155663], "(1, 5, 3, 2)": [0.01986316405236721, 0.01896408200263977, 0.019200896844267845, 0.019407691434025764, 0.019345959648489952], "(2, 4, -1, 0)": [-0.004341224208474159, -0.0028407247737050056, 0.0032390309497714043, -0.003569390159100294, -0.003241859609261155], "(2, 4, 5, 4)": [0.0011992774670943618, 0.007490725722163916, 0.0, 0.0, 0.0019304488087072968], "(1, 5, 1, 3)": [0.017923399806022644, 0.0049010165967047215, -1.5361118130385876e-05, 0.0, 0.0005910387262701988], "(2, 5, -1, 1)": [0.0016273082001134753, 0.0025617252103984356, 0.014614739455282688, 0.0, 0.0009999776957556605], "(1, 4, 1, 1)": [0.01202694233506918, 0.016308579593896866, 0.012056450359523296, 0.011147948913276196, 0.011481046676635742], "(2, 5, 4, 2)": [0.019389266148209572, 0.019908754155039787, 0.019218793138861656, 0.01900363713502884, 0.018805239349603653], "(3, 4, 4, 3)": [0.019778428599238396, 0.01979454979300499, 0.0199124813079834, 0.01968233287334442, 0.01979214698076248], "(3, 5, 4, 2)": [0.019463500007987022, 0.019868019968271255, 0.019582875072956085, 0.019431155174970627, 0.01949019730091095], "(3, 5, 2, 1)": [0.011170249432325363, 0.01986296847462654, 0.014723594300448895, 0.012908009812235832, 0.014416986145079136], "(3, 4, 0, 1)": [0.0170219037681818, 0.017272012308239937, 0.017789488658308983, 0.01954626850783825, 0.01606619730591774],