{"q_values": {"(2, 5, 2, 2)": [0.019944922998547554, 0.01933547854423523, 0.019582506269216537, 0.01961214281618595, 0.019436480477452278], "(2, 5, 3, 2)": [0.018502959981560707, 0.01991846412420273, 0.01842755638062954, 0.01885732263326645, 0.019299039617180824], "(2, 5, 3, 3)": [0.019871193915605545, 0.01623554527759552, 0.016825996339321136, 0.015929564833641052, 0.016738811507821083], "(2, 4, 2, 2)": [0.018734967336058617, 0.019046638160943985, 0.019065992906689644, 0.01899588853120804, 0.019667495042085648], "(2, 4, 3, 2)": [0.019298125058412552, 0.01928427815437317, 0.01935330033302307, 0.01985127106308937, 0.01945957913994789], "(2, 4, 3, 3)": [0.019741881638765335, 0.019908791407942772, 0.01975107751786709, 0.019768547266721725, 0.01975221186876297], "(2, 4, 4, 3)": [0.019649645313620567, 0.01966685801744461, 0.019644111394882202, 0.019853364676237106, 0.019576895982027054], "(2, 4, 1, 1)": [0.016365569084882736, 0.014722820371389389, 0.015106165781617165, 0.01659611612558365, 0.018569763749837875], "(2, 4, 2, 1)": [0.011921422556042671, 0.012331407517194748, 0.008743911981582642, 0.013294897973537445, 0.0193362794816494], "(2, 5, 4, 3)": [0.01848255842924118, 0.019874252378940582, 0.018382437527179718, 0.017556646838784218, 0.017508776858448982], "(2, 4, 1, 2)": [0.019269444048404694, 0.019265631213784218, 0.01916799321770668, 0.019492607563734055, 0.019318249076604843], "(2, 5, 1, 2)": [0.019935740157961845, 0.019550584256649017, 0.019667616114020348, 0.018095985054969788, 0.018742050975561142], "(2, 5, 0, 2)": [0.019177600741386414, 0.019219649955630302, 0.01991676539182663, 0.019225414842367172, 0.0192718505859375], "(2, 5, 2, 3)": [0.01864725910127163, 0.01189418975263834, 0.013975891284644604, 0.013562647625803947, 0.012716110795736313], "(2, 4, 0, 1)": [0.017442405223846436, 0.017934465780854225, 0.018190564587712288, 0.019201839342713356, 0.017674842849373817], "(2, 4, 4, 2)": [0.017047734931111336, 0.018817555159330368, 0.01694304123520851, 0.01886388473212719, 0.019597355276346207], "(2, 4, 5, 3)": [0.018899129703640938, 0.01972447894513607, 0.01907777413725853, 0.0189814493060112, 0.01856357604265213], "(3, 4, 4, 2)": [0.018298020586371422, 0.01869952119886875, 0.018176203593611717, 0.01717950776219368, 0.019886767491698265], "(3, 4, 3, 2)": [0.01856408081948757, 0.01793411746621132, 0.0177618395537138, 0.01697075366973877, 0.01993321068584919], "(3, 4, 2, 1)": [0.014992544427514076, 0.013853313401341438, 0.014795679599046707, 0.01552729681134224, 0.019786829128861427], "(3, 4, 2, 2)": [0.01809474639594555, 0.017961524426937103, 0.019144507125020027, 0.018765054643154144, 0.019831780344247818], "(3, 4, 3, 1)": [0.0019379222067072988, 0.010793520137667656, 0.00024634029250591993, 0.0019380063749849796, 0.00023100781254470348], "(2, 5, 0, 1)": [0.019667211920022964, 0.019743243232369423, 0.01978440396487713, 0.019727583974599838, 0.01963718980550766], "(2, 5, 5, 3)": [0.016369668766856194, 0.01972499117255211, 0.015363899990916252, 0.013956727460026741, 0.016130605712532997], "(3, 5, 3, 3)": [0.01674170233309269, 0.017217205837368965, 0.016474362462759018, 0.019875742495059967, 0.01733284443616867], "(3, 5, 4, 3)": [0.019815510138869286, 0.018071457743644714, 0.01832098700106144, 0.01771507039666176, 0.01790572702884674], "(3, 5, 3, 2)": [0.019879626110196114, 0.01906033791601658, 0.018797554075717926, 0.01888781413435936, 0.018617229536175728], "(3, 5, 2, 2)": [0.01992306485772133, 0.019059782847762108, 0.019359946250915527, 0.01858769915997982, 0.019043097272515297], "(3, 5, 1, 2)": [0.019330821931362152, 0.019924284890294075, 0.01917668618261814, 0.01936136558651924, 0.01942387782037258], "(3, 5, 1, 1)": [0.01955259032547474, 0.019565321505069733, 0.019616566598415375, 0.01995261386036873, 0.01957603171467781], "(3, 5, 0, 1)": [0.019223809242248535, 0.01994204707443714, 0.019439445808529854, 0.019482988864183426, 0.019165625795722008], "(2, 5, 1, 1)": [0.019711073487997055, 0.019776973873376846, 0.01978321745991707, 0.01979036256670952, 0.019766392186284065], "(1, 4, 0, 1)": [0.015472515486180782, 0.016751425340771675, 0.016431227326393127, 0.01594858430325985, 0.019927574321627617], "(1, 4, 1, 2)": [0.01804804615676403, 0.019338387995958328, 0.019017819315195084, 0.01933870278298855, 0.019957346841692924], "(1, 4, 2, 2)": [0.017315514385700226, 0.01861909031867981, 0.015957532450556755, 0.016046402975916862, 0.01993056945502758], "(1, 4, 3, 2)": [0.01994723454117775, 0.01845565438270569, 0.01905885525047779, 0.01898917928338051, 0.01898338459432125], "(1, 4, 4, 3)": [0.0184780303388834, 0.019798237830400467, 0.0177077017724514, 0.017704160884022713, 0.019037123769521713], "(2, 4, 0, 2)": [0.017786752432584763, 0.01873554289340973, 0.019296947866678238, 0.01851353608071804, 0.019918739795684814], "(3, 5, 5, 3)": [0.01980014145374298, 0.01661073789000511, 0.01682724431157112, 0.014960951171815395, 0.01611531339585781], "(2, 5, 6, 4)": [-0.00013405142817646265, -0.0019615020137280226, 0.010757082141935825, 4.352256655693054e-05, -0.0003603195073083043], "(2, 4, 0, 0)": [-0.0005259689642116427, 0.002216198481619358, -0.003122141119092703, -0.0003105213399976492, 0.012292744591832161], "(2, 5, 6, 3)": [0.004571476951241493, 0.016568737104535103, 0.0035595190711319447, 0.007036528550088406, 0.007462448440492153], "(3, 4, 1, 1)": [0.015851493924856186, 0.015489722602069378, 0.017227057367563248, 0.01646355353295803, 0.019823972135782242], "(1, 5, 0, 2)": [0.017671924084424973, 0.019899137318134308, 0.01918012835085392, 0.01943160593509674, 0.016567975282669067], "(1, 5, 0, 1)": [0.01956990361213684, 0.01956726796925068, 0.0194097813218832, 0.019961481913924217, 0.019593490287661552], "(1, 4, 0, 2)": [0.019345691427588463, 0.018515808507800102, 0.019215764477849007, 0.01996636763215065, 0.019466031342744827], "(1, 4, 2, 3)": [0.01775965467095375, 0.01856069266796112, 0.019862405955791473, 0.0184598620980978, 0.019037026911973953], "(1, 5, 1, 2)": [0.018267657607793808, 0.019891878589987755, 0.019372811540961266, 0.019307702779769897, 0.017533276230096817], "(1, 5, 2, 2)": [0.016988830640912056, 0.019812997430562973, 0.01632840372622013, 0.01682586409151554, 0.017151521518826485], "(1, 5, 2, 3)": [0.014401823282241821, 0.019810082390904427, 0.014933875761926174, 0.01270329114049673, 0.01468893513083458], "(1, 5, 3, 3)": [0.019816281273961067, 0.016044586896896362, 0.014337452128529549, 0.015800904482603073, 0.015421201474964619], "(1, 4, 3, 3)": [0.019331321120262146, 0.019315415993332863, 0.019915442913770676, 0.019336577504873276, 0.019320445135235786], "(1, 5, 3, 2)": [0.01945108361542225, 0.01954961009323597, 0.019371766597032547, 0.01984223537147045, 0.019438015297055244], "(2, 4, -1, 0)": [-0.004341224208474159, -0.0028407247737050056, 0.010080770589411259, -0.003569390159100294, -0.003241859609261155], "(2, 4, 5, 4)": [0.0011992774670943618, 0.01243601180613041, 0.0, 0.0, 0.0019304488087072968], "(1, 5, 1, 3)": [0.015408318489789963, 0.0049010165967047215, -1.5361118130385876e-05, 0.0, 0.0005910387262701988], "(2, 5, -1, 1)": [0.0016273082001134753, 0.0025617252103984356, 0.016594700515270233, 0.0, 0.0009999776957556605], "(1, 4, 1, 1)": [0.012796580791473389, 0.014357837848365307, 0.013924635946750641, 0.013447237201035023, 0.01984332501888275], "(2, 5, 4, 2)": [0.01944540999829769, 0.019853364676237106, 0.019287969917058945, 0.01925782300531864, 0.019011545926332474], "(3, 4, 4, 3)": [0.01974051631987095, 0.019721366465091705, 0.01977202109992504, 0.019886402413249016, 0.019704092293977737], "(3, 5, 4, 2)": [0.019343268126249313, 0.019519126042723656, 0.019900493323802948, 0.019648710265755653, 0.01958700641989708], "(3, 5, 2, 1)": [0.011170249432325363, 0.01989366114139557, 0.015695931389927864, 0.015323984436690807, 0.016302524134516716], "(3, 4, 0, 1)": [0.015416884794831276, 0.015392799861729145, 0.015317643992602825, 0.01973356120288372, 0.01538942288607359],