{"q_values": {"(2, 5, 2, 2)": [0.019881367683410645, 0.01655358262360096, 0.019265849143266678, 0.019300218671560287, 0.01948372833430767], "(2, 5, 3, 2)": [0.019810708239674568, 0.019881125539541245, 0.019669165834784508, 0.019591275602579117, 0.01977561041712761], "(2, 5, 3, 3)": [0.01984814926981926, 0.01944487728178501, 0.018611155450344086, 0.018891716375947, 0.018505048006772995], "(2, 4, 2, 2)": [0.018102377653121948, 0.018815666437149048, 0.018849093466997147, 0.01884954236447811, 0.019318217411637306], "(2, 4, 3, 2)": [0.018723156303167343, 0.018694275990128517, 0.01573861762881279, 0.018844876438379288, 0.019580591470003128], "(2, 4, 3, 3)": [0.019763311371207237, 0.019745944067835808, 0.019732041284441948, 0.01983068883419037, 0.019751133397221565], "(2, 4, 4, 3)": [0.019668065011501312, 0.01963196136057377, 0.019607478752732277, 0.019626567140221596, 0.019627586007118225], "(2, 4, 1, 1)": [0.01592736877501011, 0.01943397894501686, 0.015758568421006203, 0.0176019836217165, 0.016170306131243706], "(2, 4, 2, 1)": [0.011133297346532345, 0.012331407517194748, 0.008743911981582642, 0.013294897973537445, 0.017769910395145416], "(2, 5, 4, 3)": [0.019863244146108627, 0.019618868827819824, 0.019623957574367523, 0.019302144646644592, 0.01959196850657463], "(2, 4, 1, 2)": [0.019382726401090622, 0.019512878730893135, 0.019194558262825012, 0.01939583383500576, 0.01920980028808117], "(2, 5, 1, 2)": [0.01957319863140583, 0.01985626481473446, 0.019548948854207993, 0.019293008372187614, 0.019458383321762085], "(2, 5, 0, 2)": [0.019868817180395126, 0.019468260928988457, 0.019202986732125282, 0.019397906959056854, 0.019464295357465744], "(2, 5, 2, 3)": [0.01652129366993904, 0.01189418975263834, 0.014651698060333729, 0.013562647625803947, 0.012716110795736313], "(2, 4, 0, 1)": [0.016437727957963943, 0.017385022714734077, 0.016748012974858284, 0.016054339706897736, 0.01944909617304802], "(2, 4, 4, 2)": [0.016008665785193443, 0.019682135432958603, 0.01901237666606903, 0.01883721724152565, 0.01895732432603836], "(2, 4, 5, 3)": [0.019813090562820435, 0.018805155530571938, 0.01919703185558319, 0.01921732723712921, 0.018889930099248886], "(3, 4, 4, 2)": [0.016002042219042778, 0.018942970782518387, 0.01679157093167305, 0.019890956580638885, 0.019016167148947716], "(3, 4, 3, 2)": [0.01843874715268612, 0.018867943435907364, 0.0188128724694252, 0.01562469732016325, 0.019823240116238594], "(3, 4, 2, 1)": [0.015712125226855278, 0.015093405731022358, 0.016480501741170883, 0.016259143128991127, 0.019642086699604988], "(3, 4, 2, 2)": [0.019443681463599205, 0.019496701657772064, 0.01945618912577629, 0.019522685557603836, 0.019662462174892426], "(3, 4, 3, 1)": [0.0019379222067072988, 0.012391000054776669, 0.00024634029250591993, 0.0019380063749849796, 0.00023100781254470348], "(2, 5, 0, 1)": [0.01921684294939041, 0.01967826671898365, 0.019655026495456696, 0.019693909212946892, 0.019826261326670647], "(2, 5, 5, 3)": [0.01504413690418005, 0.01970592327415943, 0.015261073596775532, 0.015562876127660275, 0.017270753160119057], "(3, 5, 3, 3)": [0.01752147637307644, 0.019868219271302223, 0.019254393875598907, 0.01907801441848278, 0.018372830003499985], "(3, 5, 4, 3)": [0.019925808534026146, 0.019624512642621994, 0.018601465970277786, 0.01958441734313965, 0.019190438091754913], "(3, 5, 3, 2)": [0.019925883039832115, 0.019761350005865097, 0.01970071531832218, 0.019648663699626923, 0.019773174077272415], "(3, 5, 2, 2)": [0.019847622141242027, 0.01958015374839306, 0.019320599734783173, 0.01945583149790764, 0.019525285810232162], "(3, 5, 1, 2)": [0.019797978922724724, 0.019848614931106567, 0.019866125658154488, 0.01962944120168686, 0.019367288798093796], "(3, 5, 1, 1)": [0.019700365141034126, 0.019697587937116623, 0.019724979996681213, 0.019705571234226227, 0.019799843430519104], "(3, 5, 0, 1)": [0.01914132572710514, 0.019885607063770294, 0.01962832175195217, 0.019694536924362183, 0.018786169588565826], "(2, 5, 1, 1)": [0.01974409632384777, 0.01975230500102043, 0.019810782745480537, 0.019711781293153763, 0.01974928379058838], "(1, 4, 0, 1)": [0.014127041213214397, 0.01649244874715805, 0.017711158841848373, 0.01657726988196373, 0.019924858585000038], "(1, 4, 1, 2)": [0.019612979143857956, 0.019420722499489784, 0.019500862807035446, 0.019948091357946396, 0.01963244564831257], "(1, 4, 2, 2)": [0.019296757876873016, 0.019253326579928398, 0.01974821649491787, 0.018446849659085274, 0.019961416721343994], "(1, 4, 3, 2)": [0.01896439492702484, 0.019378459081053734, 0.019421370700001717, 0.019434703513979912, 0.01993497833609581], "(1, 4, 4, 3)": [0.01813821867108345, 0.01882205717265606, 0.01747686043381691, 0.016883278265595436, 0.019910840317606926], "(2, 4, 0, 2)": [0.017553133890032768, 0.018604597076773643, 0.019225917756557465, 0.018352707847952843, 0.01983807049691677], "(3, 5, 5, 3)": [0.017929762601852417, 0.019921893253922462, 0.018346302211284637, 0.017057979479432106, 0.01777886413037777], "(2, 5, 6, 4)": [-0.00013405142817646265, -0.0019615020137280226, 0.0065563032403588295, 4.352256655693054e-05, -0.0003603195073083043], "(2, 4, 0, 0)": [-0.0005259689642116427, 0.002216198481619358, -0.003122141119092703, -0.0003105213399976492, 0.011185623705387115], "(2, 5, 6, 3)": [0.004571476951241493, 0.016592878848314285, 0.0035595190711319447, 0.007036528550088406, 0.007462448440492153], "(3, 4, 1, 1)": [0.016099058091640472, 0.015315158292651176, 0.015549508854746819, 0.01966276951134205, 0.016398770734667778], "(1, 5, 0, 2)": [0.019951125606894493, 0.01949707418680191, 0.019575294107198715, 0.01971243880689144, 0.01874421536922455], "(1, 5, 0, 1)": [0.019634250551462173, 0.019722262397408485, 0.01971668377518654, 0.019676145166158676, 0.019940942525863647], "(1, 4, 0, 2)": [0.019237572327256203, 0.01818162016570568, 0.019938232377171516, 0.019298367202281952, 0.019353464245796204], "(1, 4, 2, 3)": [0.01775965467095375, 0.01787523366510868, 0.01991327852010727, 0.018299780786037445, 0.01870349980890751], "(1, 5, 1, 2)": [0.019925128668546677, 0.019749347120523453, 0.019109655171632767, 0.019517807289958, 0.01909758150577545], "(1, 5, 2, 2)": [0.019840402528643608, 0.019630027934908867, 0.01973879337310791, 0.01888173446059227, 0.019534392282366753], "(1, 5, 2, 3)": [0.019816190004348755, 0.013637429103255272, 0.015477929264307022, 0.015411227941513062, 0.013709910213947296], "(1, 5, 3, 3)": [0.019001934677362442, 0.019835185259580612, 0.019196510314941406, 0.01907615177333355, 0.01952987350523472], "(1, 4, 3, 3)": [0.01973778009414673, 0.019925951957702637, 0.019762776792049408, 0.01977279968559742, 0.019820502027869225], "(1, 5, 3, 2)": [0.019857900217175484, 0.019181665033102036, 0.019200896844267845, 0.019451767206192017, 0.019391922280192375], "(2, 4, -1, 0)": [-0.004341224208474159, -0.0028407247737050056, 0.004897848702967167, -0.003569390159100294, -0.003241859609261155], "(2, 4, 5, 4)": [0.0011992774670943618, 0.007490725722163916, 0.0, 0.0, 0.0019304488087072968], "(1, 5, 1, 3)": [0.018723569810390472, 0.0049010165967047215, -1.5361118130385876e-05, 0.0, 0.0005910387262701988], "(2, 5, -1, 1)": [0.0016273082001134753, 0.0025617252103984356, 0.016028080135583878, 0.0, 0.0009999776957556605], "(1, 4, 1, 1)": [0.01202694233506918, 0.019870217889547348, 0.012056450359523296, 0.011147948913276196, 0.011481046676635742], "(2, 5, 4, 2)": [0.019389266148209572, 0.019931603223085403, 0.019287969917058945, 0.019094035029411316, 0.018805239349603653], "(3, 4, 4, 3)": [0.019902508705854416, 0.019732404500246048, 0.019815677776932716, 0.019836366176605225, 0.019759029150009155], "(3, 5, 4, 2)": [0.01951412670314312, 0.019423656165599823, 0.01993340440094471, 0.01957416720688343, 0.019594911485910416], "(3, 5, 2, 1)": [0.011170249432325363, 0.01981649547815323, 0.015241282060742378, 0.01424406934529543, 0.015463723801076412], "(3, 4, 0, 1)": [0.017202263697981834, 0.016683993861079216, 0.019218172878026962, 0.016513274982571602, 0.017530467361211777],