{"q_values": {"(2, 5, 2, 2)": [0.019727027043700218, 0.019377609714865685, 0.018904607743024826, 0.01916569285094738, 0.01901569589972496], "(2, 5, 3, 2)": [0.019683603197336197, 0.019787875935435295, 0.019306695088744164, 0.019464291632175446, 0.019583385437726974], "(2, 5, 3, 3)": [0.019855348393321037, 0.01902628317475319, 0.018611155450344086, 0.018891716375947, 0.018271109089255333], "(2, 4, 2, 2)": [0.019218122586607933, 0.019385412335395813, 0.018708610907197, 0.019884461537003517, 0.019537895917892456], "(2, 4, 3, 2)": [0.018540240824222565, 0.018768031150102615, 0.019395465031266212, 0.01955900713801384, 0.01994306407868862], "(2, 4, 3, 3)": [0.019778624176979065, 0.019915835931897163, 0.019679397344589233, 0.01974663883447647, 0.0197136327624321], "(2, 4, 4, 3)": [0.019715014845132828, 0.019699255004525185, 0.019716719165444374, 0.019913801923394203, 0.01963716559112072], "(2, 4, 1, 1)": [0.018645625561475754, 0.017451617866754532, 0.019196702167391777, 0.01705835945904255, 0.019877828657627106], "(2, 4, 2, 1)": [0.011133297346532345, 0.012331407517194748, 0.008743911981582642, 0.013294897973537445, 0.016919927671551704], "(2, 5, 4, 3)": [0.01982589066028595, 0.019462432712316513, 0.019573166966438293, 0.019123760983347893, 0.01947670802474022], "(2, 4, 1, 2)": [0.01940382830798626, 0.019894137978553772, 0.01889278180897236, 0.019513750448822975, 0.018681449815630913], "(2, 5, 1, 2)": [0.019220566377043724, 0.019805049523711205, 0.019030826166272163, 0.01877351477742195, 0.01903603971004486], "(2, 5, 0, 2)": [0.01978325843811035, 0.019468260928988457, 0.019202986732125282, 0.019397906959056854, 0.019464295357465744], "(2, 5, 2, 3)": [0.019687609747052193, 0.01189418975263834, 0.014651698060333729, 0.013562647625803947, 0.012716110795736313], "(2, 4, 0, 1)": [0.0160507895052433, 0.016159672290086746, 0.016748012974858284, 0.019172094762325287, 0.0198991522192955], "(2, 4, 4, 2)": [0.01974828541278839, 0.019251083955168724, 0.01901237666606903, 0.01883721724152565, 0.01895732432603836], "(2, 4, 5, 3)": [0.01987737976014614, 0.018805155530571938, 0.01919703185558319, 0.01921732723712921, 0.018889930099248886], "(3, 4, 4, 2)": [0.019224798306822777, 0.019066128879785538, 0.016583023592829704, 0.019118759781122208, 0.01984301768243313], "(3, 4, 3, 2)": [0.01772560179233551, 0.017324745655059814, 0.019049914553761482, 0.01911768689751625, 0.019956661388278008], "(3, 4, 2, 1)": [0.015712125226855278, 0.015093405731022358, 0.016480501741170883, 0.016259143128991127, 0.019739702343940735], "(3, 4, 2, 2)": [0.019561242312192917, 0.019618220627307892, 0.019399046897888184, 0.019394701346755028, 0.019939012825489044], "(3, 4, 3, 1)": [0.0019379222067072988, 0.011703149415552616, 0.00024634029250591993, 0.0019380063749849796, 0.00023100781254470348], "(2, 5, 0, 1)": [0.019052403047680855, 0.01964699849486351, 0.019720979034900665, 0.019826624542474747, 0.01971489191055298], "(2, 5, 5, 3)": [0.01504413690418005, 0.019746731966733932, 0.015261073596775532, 0.015562876127660275, 0.017270753160119057], "(3, 5, 3, 3)": [0.01699850894510746, 0.01986144483089447, 0.01892656274139881, 0.01858123578131199, 0.01781841181218624], "(3, 5, 4, 3)": [0.01957467943429947, 0.019855989143252373, 0.01817503198981285, 0.01949981600046158, 0.01902718096971512], "(3, 5, 3, 2)": [0.01989622786641121, 0.01954803802073002, 0.01950453594326973, 0.019579704850912094, 0.019593968987464905], "(3, 5, 2, 2)": [0.01994788832962513, 0.019274460151791573, 0.019003968685865402, 0.018862606957554817, 0.019023355096578598], "(3, 5, 1, 2)": [0.019742432981729507, 0.01996316760778427, 0.019769836217164993, 0.01959073357284069, 0.01923748105764389], "(3, 5, 1, 1)": [0.019796054810285568, 0.019803661853075027, 0.019787464290857315, 0.01995285600423813, 0.019837964326143265], "(3, 5, 0, 1)": [0.018953852355480194, 0.019937261939048767, 0.019511306658387184, 0.01959274522960186, 0.018786169588565826], "(2, 5, 1, 1)": [0.019763415679335594, 0.01975191943347454, 0.019739164039492607, 0.019751358777284622, 0.019805941730737686], "(1, 4, 0, 1)": [0.014127041213214397, 0.01649244874715805, 0.017711158841848373, 0.01657726988196373, 0.019938576966524124], "(1, 4, 1, 2)": [0.019578484818339348, 0.019420722499489784, 0.019500862807035446, 0.01995362713932991, 0.01960194855928421], "(1, 4, 2, 2)": [0.019296757876873016, 0.019253326579928398, 0.019696101546287537, 0.01809137873351574, 0.019964227452874184], "(1, 4, 3, 2)": [0.01896439492702484, 0.01931990496814251, 0.019421370700001717, 0.019434703513979912, 0.019936613738536835], "(1, 4, 4, 3)": [0.01813821867108345, 0.01882205717265606, 0.01747686043381691, 0.016541428864002228, 0.01991594024002552], "(2, 4, 0, 2)": [0.017553133890032768, 0.018604597076773643, 0.019225917756557465, 0.018352707847952843, 0.019918419420719147], "(3, 5, 5, 3)": [0.017929762601852417, 0.01976567506790161, 0.018346302211284637, 0.017057979479432106, 0.01754133403301239], "(2, 5, 6, 4)": [-0.00013405142817646265, -0.0019615020137280226, 0.0065563032403588295, 4.352256655693054e-05, -0.0003603195073083043], "(2, 4, 0, 0)": [-0.0005259689642116427, 0.002216198481619358, -0.003122141119092703, -0.0003105213399976492, 0.011185623705387115], "(2, 5, 6, 3)": [0.004571476951241493, 0.016592878848314285, 0.0035595190711319447, 0.007036528550088406, 0.007462448440492153], "(3, 4, 1, 1)": [0.018084881827235222, 0.016186028718948364, 0.01739398017525673, 0.019893605262041092, 0.018323468044400215], "(1, 5, 0, 2)": [0.019970642402768135, 0.019444240257143974, 0.019437866285443306, 0.019657276570796967, 0.018607133999466896], "(1, 5, 0, 1)": [0.019634250551462173, 0.019694345071911812, 0.019692715257406235, 0.01964741200208664, 0.019954806193709373], "(1, 4, 0, 2)": [0.019237572327256203, 0.01818162016570568, 0.019935911521315575, 0.019298367202281952, 0.019353464245796204], "(1, 4, 2, 3)": [0.01775965467095375, 0.01787523366510868, 0.019918417558073997, 0.018299780786037445, 0.01870349980890751], "(1, 5, 1, 2)": [0.01995895244181156, 0.01972353458404541, 0.019020380452275276, 0.019517807289958, 0.01909758150577545], "(1, 5, 2, 2)": [0.019905857741832733, 0.019591696560382843, 0.01973879337310791, 0.018658313900232315, 0.01944970339536667], "(1, 5, 2, 3)": [0.019810786470770836, 0.013637429103255272, 0.015477929264307022, 0.015411227941513062, 0.013709910213947296], "(1, 5, 3, 3)": [0.019001934677362442, 0.01988423615694046, 0.018850218504667282, 0.01878942735493183, 0.019373426213860512], "(1, 4, 3, 3)": [0.01971781812608242, 0.019924772903323174, 0.019762776792049408, 0.01975969411432743, 0.019820502027869225], "(1, 5, 3, 2)": [0.01983976736664772, 0.019117599353194237, 0.019200896844267845, 0.019407691434025764, 0.019391922280192375], "(2, 4, -1, 0)": [-0.004341224208474159, -0.0028407247737050056, 0.004897848702967167, -0.003569390159100294, -0.003241859609261155], "(2, 4, 5, 4)": [0.0011992774670943618, 0.007490725722163916, 0.0, 0.0, 0.0019304488087072968], "(1, 5, 1, 3)": [0.018723569810390472, 0.0049010165967047215, -1.5361118130385876e-05, 0.0, 0.0005910387262701988], "(2, 5, -1, 1)": [0.0016273082001134753, 0.0025617252103984356, 0.016028080135583878, 0.0, 0.0009999776957556605], "(1, 4, 1, 1)": [0.01202694233506918, 0.0197492353618145, 0.012056450359523296, 0.011147948913276196, 0.011481046676635742], "(2, 5, 4, 2)": [0.019389266148209572, 0.019921131432056427, 0.019287969917058945, 0.019094035029411316, 0.018805239349603653], "(3, 4, 4, 3)": [0.019820459187030792, 0.019659360870718956, 0.019786924123764038, 0.01994187757372856, 0.019703950732946396], "(3, 5, 4, 2)": [0.019463500007987022, 0.019423656165599823, 0.01980607956647873, 0.019530240446329117, 0.019519325345754623], "(3, 5, 2, 1)": [0.011170249432325363, 0.01993505470454693, 0.014723594300448895, 0.01424406934529543, 0.015463723801076412], "(3, 4, 0, 1)": [0.015428565442562103, 0.015521058812737465, 0.017421633005142212, 0.019878853112459183, 0.01700570620596409],