{"q_values": {"(2, 5, 2, 2)": [0.018672924488782883, 0.018686750903725624, 0.016381673514842987, 0.018731702119112015, 0.0162778589874506], "(2, 5, 3, 2)": [0.019496964290738106, 0.019400378689169884, 0.0186955276876688, 0.01937587559223175, 0.019389310851693153], "(2, 5, 3, 3)": [0.017172329127788544, 0.019035689532756805, 0.013579160906374454, 0.01657118834555149, 0.016221951693296432], "(2, 4, 2, 2)": [0.018943732604384422, 0.015961099416017532, 0.01860697567462921, 0.019061431288719177, 0.01626410149037838], "(2, 4, 3, 2)": [0.01938547007739544, 0.019290609285235405, 0.019547972828149796, 0.019482100382447243, 0.019345000386238098], "(2, 4, 3, 3)": [0.01937638781964779, 0.019527044147253036, 0.01951901614665985, 0.019586479291319847, 0.019711043685674667], "(2, 4, 4, 3)": [0.019559845328330994, 0.019575463607907295, 0.019523227587342262, 0.019488805904984474, 0.019585205242037773], "(2, 4, 1, 1)": [0.016657883301377296, 0.017530176788568497, 0.01808399148285389, 0.01631229929625988, 0.015795933082699776], "(2, 4, 2, 1)": [0.011539462953805923, 0.009943146258592606, 0.01149726938456297, 0.011089867912232876, 0.0168074369430542], "(2, 5, 4, 3)": [0.0195049736648798, 0.01704070158302784, 0.015878571197390556, 0.016739923506975174, 0.015637358650565147], "(2, 4, 1, 2)": [0.01812380738556385, 0.019267722964286804, 0.01912817917764187, 0.019285179674625397, 0.019277695566415787], "(2, 5, 1, 2)": [0.019022421911358833, 0.01902461051940918, 0.019012000411748886, 0.019041456282138824, 0.019064439460635185], "(2, 5, 0, 2)": [0.019234322011470795, 0.019280195236206055, 0.019238989800214767, 0.019274607300758362, 0.01925095170736313], "(2, 5, 2, 3)": [0.012833724729716778, 0.010799507610499859, 0.011542522348463535, 0.012735163792967796, 0.013599274680018425], "(2, 4, 0, 1)": [0.015702055767178535, 0.016783183440566063, 0.016611218452453613, 0.019322950392961502, 0.016456924378871918], "(2, 4, 4, 2)": [0.019346386194229126, 0.01775852032005787, 0.01936360076069832, 0.01969335600733757, 0.01937001384794712], "(2, 4, 5, 3)": [0.01959645375609398, 0.01855381950736046, 0.018856270238757133, 0.018915841355919838, 0.01883554831147194], "(3, 4, 4, 2)": [0.01570882275700569, 0.01881556026637554, 0.01882106624543667, 0.018666958436369896, 0.01886306144297123], "(3, 4, 3, 2)": [0.017787521705031395, 0.013942122459411621, 0.016571488231420517, 0.018569594249129295, 0.018681775778532028], "(3, 4, 2, 1)": [0.01568642631173134, 0.014267041347920895, 0.011507640592753887, 0.01458999328315258, 0.013463509269058704], "(3, 4, 2, 2)": [0.017314154654741287, 0.016366003081202507, 0.01603376492857933, 0.017523618414998055, 0.018641676753759384], "(3, 4, 3, 1)": [0.00017929531168192625, 0.009082973934710026, 0.00024634029250591993, 0.0019380063749849796, 0.00023100781254470348], "(2, 5, 0, 1)": [0.019399074837565422, 0.019619837403297424, 0.019545499235391617, 0.019491247832775116, 0.019442833960056305], "(2, 5, 5, 3)": [0.012932934798300266, 0.01832575909793377, 0.013553967699408531, 0.014475828967988491, 0.01349378377199173], "(3, 5, 3, 3)": [0.012971143238246441, 0.01646372303366661, 0.012657771818339825, 0.012769420631229877, 0.012678869068622589], "(3, 5, 4, 3)": [0.01520154345780611, 0.019414255395531654, 0.0142793208360672, 0.015262510627508163, 0.015397143550217152], "(3, 5, 3, 2)": [0.019535336643457413, 0.016429828479886055, 0.01736905798316002, 0.017317911610007286, 0.017613746225833893], "(3, 5, 2, 2)": [0.019617948681116104, 0.0187491774559021, 0.016234280541539192, 0.018674474209547043, 0.01908036135137081], "(3, 5, 1, 2)": [0.0185774564743042, 0.016072386875748634, 0.019266949966549873, 0.018603140488266945, 0.018719743937253952], "(3, 5, 1, 1)": [0.01901605911552906, 0.019113024696707726, 0.019214389845728874, 0.019122695550322533, 0.01910313218832016], "(3, 5, 0, 1)": [0.013776883482933044, 0.014750960282981396, 0.007499951869249344, 0.019077066332101822, 0.010957993566989899], "(2, 5, 1, 1)": [0.019642425701022148, 0.019572680816054344, 0.019634289667010307, 0.01966189220547676, 0.019773107022047043], "(1, 4, 0, 1)": [0.017367346212267876, 0.017746372148394585, 0.017581507563591003, 0.019559763371944427, 0.014727252535521984], "(1, 4, 1, 2)": [0.01896357163786888, 0.01864859275519848, 0.018961913883686066, 0.019754573702812195, 0.018853796645998955], "(1, 4, 2, 2)": [0.01924970932304859, 0.018842004239559174, 0.019012680277228355, 0.019689494743943214, 0.019145773723721504], "(1, 4, 3, 2)": [0.019322065636515617, 0.019252868369221687, 0.019378185272216797, 0.019252115860581398, 0.019684739410877228], "(1, 4, 4, 3)": [0.011775617487728596, 0.015748508274555206, 0.011671779677271843, 0.013854838907718658, 0.01938924379646778], "(2, 4, 0, 2)": [0.014570675790309906, 0.017490144819021225, 0.01765439845621586, 0.015375287272036076, 0.01961439661681652], "(3, 5, 5, 3)": [0.018938787281513214, 0.01572532393038273, 0.01665334403514862, 0.01658947765827179, 0.012929721735417843], "(2, 5, 6, 4)": [0.0018957502907142043, -0.0019615020137280226, 0.0110836923122406, 4.352256655693054e-05, 0.005614529363811016], "(2, 4, 0, 0)": [0.0031462875194847584, 0.00091147655621171, 0.0, -0.002443921286612749, 0.0], "(2, 5, 6, 3)": [0.004571476951241493, 0.016416123136878014, 0.001776031800545752, 0.007036528550088406, 0.007462448440492153], "(3, 4, 1, 1)": [0.018435299396514893, 0.014610100537538528, 0.014432686381042004, 0.013368848711252213, 0.014687035232782364], "(1, 5, 0, 2)": [0.019616207107901573, 0.018965288996696472, 0.017410386353731155, 0.018746916204690933, 0.018925348296761513], "(1, 5, 0, 1)": [0.019571011886000633, 0.019573800265789032, 0.01957252062857151, 0.01978733204305172, 0.019518710672855377], "(1, 4, 0, 2)": [0.019389105960726738, 0.019311856478452682, 0.019152265042066574, 0.019148917868733406, 0.01976310834288597], "(1, 4, 2, 3)": [0.014571868814527988, 0.015121223405003548, 0.01917099580168724, 0.015997258946299553, 0.015821730718016624], "(1, 5, 1, 2)": [0.019663847982883453, 0.017679179087281227, 0.015456819906830788, 0.018541531637310982, 0.01886393129825592], "(1, 5, 2, 2)": [0.019635505974292755, 0.01677255518734455, 0.017747405916452408, 0.016550397500395775, 0.016239913180470467], "(1, 5, 2, 3)": [0.014710779301822186, 0.018658984452486038, 0.014431748539209366, 0.014678124338388443, 0.01483477745205164], "(1, 5, 3, 3)": [0.014921232126653194, 0.018639840185642242, 0.014946459792554379, 0.010975828394293785, 0.01450775470584631], "(1, 4, 3, 3)": [0.019433636218309402, 0.019511904567480087, 0.019351396709680557, 0.01936236210167408, 0.019482459872961044], "(1, 5, 3, 2)": [0.019409457221627235, 0.015177872031927109, 0.016290001571178436, 0.017625754699110985, 0.016974912956357002], "(2, 4, -1, 0)": [-0.0021968584042042494, -0.0020775876473635435, 0.0002909880131483078, -0.003569390159100294, -0.0010694507509469986], "(2, 4, 5, 4)": [0.0011992774670943618, 0.002891961485147476, 0.0, 0.0, 0.0019304488087072968], "(1, 5, 1, 3)": [0.009397591464221478, 0.0034319220576435328, 0.0014916469808667898, 0.0, 0.0005910387262701988], "(2, 5, -1, 1)": [0.0, 0.0025617252103984356, 0.01143951527774334, 0.0, 0.0009999776957556605], "(1, 4, 1, 1)": [0.012745965272188187, 0.013039680197834969, 0.015914199873805046, 0.013749186880886555, 0.01170388050377369], "(2, 5, 4, 2)": [0.017940187826752663, 0.018932266160845757, 0.018205273896455765, 0.01981043815612793, 0.017818568274378777], "(3, 4, 4, 3)": [0.019384022802114487, 0.01934189535677433, 0.019445929676294327, 0.01957319676876068, 0.01934554986655712], "(3, 5, 4, 2)": [0.019693464040756226, 0.019321542233228683, 0.01803736202418804, 0.01941389963030815, 0.01811806671321392], "(3, 5, 2, 1)": [0.011170249432325363, 0.019371800124645233, 0.013661060482263565, 0.012161131016910076, 0.010803465731441975], "(3, 4, 0, 1)": [0.01088075339794159, 0.016407018527388573, 0.011166141368448734, 0.012268586084246635, 0.010132186114788055],