{"q_values": {"(2, 5, 2, 2)": [0.019566601142287254, 0.019947204738855362, 0.01963704451918602, 0.019151246175169945, 0.019282028079032898], "(2, 5, 3, 2)": [0.01993841491639614, 0.019511636346578598, 0.01954065077006817, 0.01943308115005493, 0.019245536997914314], "(2, 5, 3, 3)": [0.019933557137846947, 0.01774831861257553, 0.017896968871355057, 0.018447909504175186, 0.016821403056383133], "(2, 4, 2, 2)": [0.018803495913743973, 0.016000760719180107, 0.019214948639273643, 0.018899159505963326, 0.01979210041463375], "(2, 4, 3, 2)": [0.018996968865394592, 0.0191713348031044, 0.019327441230416298, 0.019800657406449318, 0.01827423833310604], "(2, 4, 3, 3)": [0.019724547863006592, 0.019946124404668808, 0.019756367430090904, 0.01975337229669094, 0.019749043509364128], "(2, 4, 4, 3)": [0.019665591418743134, 0.01979275792837143, 0.019712813198566437, 0.01973530650138855, 0.019624870270490646], "(2, 4, 1, 1)": [0.01879057101905346, 0.018132006749510765, 0.017737342044711113, 0.015988152474164963, 0.019827138632535934], "(2, 4, 2, 1)": [0.011508140712976456, 0.009617825038731098, 0.008743911981582642, 0.012044151313602924, 0.017922809347510338], "(2, 5, 4, 3)": [0.019906699657440186, 0.019069453701376915, 0.019133327528834343, 0.019234120845794678, 0.019409388303756714], "(2, 4, 1, 2)": [0.01866334304213524, 0.018692657351493835, 0.018473176285624504, 0.018570467829704285, 0.019907452166080475], "(2, 5, 1, 2)": [0.019937194883823395, 0.019520215690135956, 0.018068093806505203, 0.01964292861521244, 0.018589062616229057], "(2, 5, 0, 2)": [0.019023941829800606, 0.019605688750743866, 0.018952341750264168, 0.01913987658917904, 0.01876368559896946], "(2, 5, 2, 3)": [0.01794038526713848, 0.011676555499434471, 0.012964996509253979, 0.012735163792967796, 0.010245924815535545], "(2, 4, 0, 1)": [0.01596403867006302, 0.018249841406941414, 0.017167583107948303, 0.01724168471992016, 0.01985538937151432], "(2, 4, 4, 2)": [0.019228536635637283, 0.019187532365322113, 0.019765704870224, 0.019057147204875946, 0.018994450569152832], "(2, 4, 5, 3)": [0.01960107684135437, 0.018714243546128273, 0.018935713917016983, 0.018915841355919838, 0.01883554831147194], "(3, 4, 4, 2)": [0.01884894259274006, 0.01785392500460148, 0.01643374375998974, 0.019532300531864166, 0.018181247636675835], "(3, 4, 3, 2)": [0.01917940005660057, 0.019079023972153664, 0.018966693431138992, 0.019819580018520355, 0.019377795979380608], "(3, 4, 2, 1)": [0.01108634565025568, 0.00966489128768444, 0.011571116745471954, 0.012090090662240982, 0.01906508393585682], "(3, 4, 2, 2)": [0.016965242102742195, 0.01713225431740284, 0.01733313873410225, 0.01703374832868576, 0.01967131346464157], "(3, 4, 3, 1)": [0.0019379222067072988, 0.00868141371756792, 0.00024634029250591993, 0.0019380063749849796, 0.00023100781254470348], "(2, 5, 0, 1)": [0.019459396600723267, 0.01959683746099472, 0.019914541393518448, 0.019596723839640617, 0.019556522369384766], "(2, 5, 5, 3)": [0.014477293938398361, 0.014401889406144619, 0.017721684649586678, 0.012846731580793858, 0.012616617605090141], "(3, 5, 3, 3)": [0.017426500096917152, 0.010993020609021187, 0.012657771818339825, 0.012669527903199196, 0.013395757414400578], "(3, 5, 4, 3)": [0.01767619699239731, 0.01990329660475254, 0.01738380827009678, 0.017984505742788315, 0.017766902223229408], "(3, 5, 3, 2)": [0.019931500777602196, 0.018942266702651978, 0.019555451348423958, 0.019339669495821, 0.019341710954904556], "(3, 5, 2, 2)": [0.019910771399736404, 0.01923023909330368, 0.018886230885982513, 0.01904761791229248, 0.019393732771277428], "(3, 5, 1, 2)": [0.019838467240333557, 0.017017463222146034, 0.01896338164806366, 0.01890334114432335, 0.018923236057162285], "(3, 5, 1, 1)": [0.01905052922666073, 0.019100865349173546, 0.01897202990949154, 0.018974969163537025, 0.019742468371987343], "(3, 5, 0, 1)": [0.014822962693870068, 0.016577690839767456, 0.008407384157180786, 0.019785374402999878, 0.013280089944601059], "(2, 5, 1, 1)": [0.019550496712327003, 0.019471239298582077, 0.019600197672843933, 0.019562501460313797, 0.019927851855754852], "(1, 4, 0, 1)": [0.017421871423721313, 0.016969852149486542, 0.01578962244093418, 0.016872987151145935, 0.019921474158763885], "(1, 4, 1, 2)": [0.0187554769217968, 0.018237700685858727, 0.019070206210017204, 0.01771608181297779, 0.019951557740569115], "(1, 4, 2, 2)": [0.018963299691677094, 0.01953709125518799, 0.019399035722017288, 0.019582796841859818, 0.019898852333426476], "(1, 4, 3, 2)": [0.01793929561972618, 0.019528517499566078, 0.019832246005535126, 0.019486980512738228, 0.01942167989909649], "(1, 4, 4, 3)": [0.016660109162330627, 0.017903881147503853, 0.014295126311480999, 0.014815169386565685, 0.0196025762706995], "(2, 4, 0, 2)": [0.0172914806753397, 0.018119413405656815, 0.018684128299355507, 0.016829296946525574, 0.019738199189305305], "(3, 5, 5, 3)": [0.01953251287341118, 0.016817782074213028, 0.017685944214463234, 0.017186256125569344, 0.014224824495613575], "(2, 5, 6, 4)": [0.0018957502907142043, -0.0019615020137280226, 0.008498158305883408, 4.352256655693054e-05, 0.005614529363811016], "(2, 4, 0, 0)": [-0.0005259689642116427, 0.0004085664404556155, -0.003122141119092703, -0.0003105213399976492, 0.006797371432185173], "(2, 5, 6, 3)": [0.004571476951241493, 0.014479103498160839, 0.001776031800545752, 0.007036528550088406, 0.007462448440492153], "(3, 4, 1, 1)": [0.01579328067600727, 0.017675098031759262, 0.016418034210801125, 0.016227643936872482, 0.01963081955909729], "(1, 5, 0, 2)": [0.01911274902522564, 0.019327538087964058, 0.019452350214123726, 0.019915513694286346, 0.019414812326431274], "(1, 5, 0, 1)": [0.019447196274995804, 0.019568517804145813, 0.019441351294517517, 0.019949112087488174, 0.019549071788787842], "(1, 4, 0, 2)": [0.01949225179851055, 0.019520774483680725, 0.019656306132674217, 0.019596660509705544, 0.01994301751255989], "(1, 4, 2, 3)": [0.017045391723513603, 0.016300110146403313, 0.019673988223075867, 0.01725172996520996, 0.017491547390818596], "(1, 5, 1, 2)": [0.019365154206752777, 0.01986534893512726, 0.01898951828479767, 0.018103204667568207, 0.01899242028594017], "(1, 5, 2, 2)": [0.019853083416819572, 0.018101327121257782, 0.01920478604733944, 0.019251035526394844, 0.019260160624980927], "(1, 5, 2, 3)": [0.012347932904958725, 0.0197611041367054, 0.011502097360789776, 0.01223747804760933, 0.011082416400313377], "(1, 5, 3, 3)": [0.01981266587972641, 0.017758093774318695, 0.01722348853945732, 0.015975000336766243, 0.016929855570197105], "(1, 4, 3, 3)": [0.0195547416806221, 0.019549144431948662, 0.019544290378689766, 0.019859304651618004, 0.019556216895580292], "(1, 5, 3, 2)": [0.019849304109811783, 0.017258362844586372, 0.018400076776742935, 0.01885107159614563, 0.01861296407878399], "(2, 4, -1, 0)": [-0.002278189640492201, -0.0020775876473635435, 0.0069002993404865265, -0.003569390159100294, -0.003241859609261155], "(2, 4, 5, 4)": [0.0011992774670943618, 0.002891961485147476, 0.0, 0.0, 0.0019304488087072968], "(1, 5, 1, 3)": [0.015068885870277882, 0.0034319220576435328, -1.5361118130385876e-05, 0.0, 0.0005910387262701988], "(2, 5, -1, 1)": [0.0, 0.0025617252103984356, 0.011292604729533195, 0.0, 0.0009999776957556605], "(1, 4, 1, 1)": [0.015057920478284359, 0.016436252743005753, 0.01346665807068348, 0.014670289121568203, 0.014434749260544777], "(2, 5, 4, 2)": [0.01882214844226837, 0.0191894993185997, 0.019033584743738174, 0.019821368157863617, 0.018340760841965675], "(3, 4, 4, 3)": [0.01952710933983326, 0.019654342904686928, 0.019552314653992653, 0.019491322338581085, 0.019639939069747925], "(3, 5, 4, 2)": [0.019884195178747177, 0.01941242627799511, 0.01852092146873474, 0.01954682357609272, 0.018666330724954605], "(3, 5, 2, 1)": [0.011170249432325363, 0.01929263211786747, 0.013661060482263565, 0.012908009812235832, 0.013835066929459572], "(3, 4, 0, 1)": [0.010938594117760658, 0.010574699379503727, 0.011974460445344448, 0.011476069688796997, 0.018596969544887543],