{"q_values": {"(2, 5, 2, 2)": [0.019629808142781258, 0.019128529354929924, 0.01907602697610855, 0.01846647635102272, 0.018573909997940063], "(2, 5, 3, 2)": [0.018998492509126663, 0.01985175907611847, 0.01813405752182007, 0.01920287311077118, 0.017829859629273415], "(2, 5, 3, 3)": [0.019630661234259605, 0.01585635170340538, 0.01569628156721592, 0.01598018780350685, 0.017320001497864723], "(2, 4, 2, 2)": [0.018071265891194344, 0.019330183044075966, 0.019302677363157272, 0.019657114520668983, 0.019315991550683975], "(2, 4, 3, 2)": [0.018968937918543816, 0.019360506907105446, 0.019499847665429115, 0.019259879365563393, 0.01976509392261505], "(2, 4, 3, 3)": [0.019696947187185287, 0.01993066817522049, 0.01970977708697319, 0.01968180388212204, 0.01972542703151703], "(2, 4, 4, 3)": [0.019391505047678947, 0.01975235342979431, 0.019672924652695656, 0.019522899761795998, 0.01950547844171524], "(2, 4, 1, 1)": [0.015920110046863556, 0.015046464279294014, 0.012411762960255146, 0.019256412982940674, 0.014504892751574516], "(2, 4, 2, 1)": [0.011508140712976456, 0.009617825038731098, 0.008743911981582642, 0.012044151313602924, 0.016873972490429878], "(2, 5, 4, 3)": [0.019855033606290817, 0.01784699782729149, 0.018092039972543716, 0.017904022708535194, 0.018901050090789795], "(2, 4, 1, 2)": [0.018950771540403366, 0.018585264682769775, 0.01889358088374138, 0.019850168377161026, 0.018794475123286247], "(2, 5, 1, 2)": [0.018547281622886658, 0.01968248374760151, 0.018940187990665436, 0.017620040103793144, 0.01891932636499405], "(2, 5, 0, 2)": [0.018951719626784325, 0.01976577751338482, 0.018952341750264168, 0.018959345296025276, 0.018666744232177734], "(2, 5, 2, 3)": [0.016230955719947815, 0.011676555499434471, 0.012964996509253979, 0.012735163792967796, 0.01271318830549717], "(2, 4, 0, 1)": [0.016150768846273422, 0.01696799509227276, 0.017006758600473404, 0.016643069684505463, 0.019317053258419037], "(2, 4, 4, 2)": [0.0192920733243227, 0.019187532365322113, 0.019342729821801186, 0.018968719989061356, 0.019616860896348953], "(2, 4, 5, 3)": [0.019481666386127472, 0.018714243546128273, 0.018935713917016983, 0.018915841355919838, 0.01883554831147194], "(3, 4, 4, 2)": [0.01827005296945572, 0.015707897022366524, 0.01860077679157257, 0.018724234774708748, 0.018749535083770752], "(3, 4, 3, 2)": [0.016583144664764404, 0.017728958278894424, 0.01671440154314041, 0.018639378249645233, 0.018109142780303955], "(3, 4, 2, 1)": [0.01108634565025568, 0.00966489128768444, 0.011571116745471954, 0.011249353177845478, 0.0160232987254858], "(3, 4, 2, 2)": [0.014355516992509365, 0.01841418631374836, 0.017037853598594666, 0.0160075556486845, 0.01640642061829567], "(3, 4, 3, 1)": [0.0019379222067072988, 0.007504601031541824, 0.00024634029250591993, 0.0019380063749849796, 0.00023100781254470348], "(2, 5, 0, 1)": [0.019156556576490402, 0.01939966529607773, 0.019715171307325363, 0.019522761926054955, 0.019321661442518234], "(2, 5, 5, 3)": [0.014477293938398361, 0.013930609449744225, 0.015973558649420738, 0.012064860202372074, 0.012616617605090141], "(3, 5, 3, 3)": [0.014257989823818207, 0.010993020609021187, 0.012657771818339825, 0.012669527903199196, 0.012678869068622589], "(3, 5, 4, 3)": [0.016520515084266663, 0.019306575879454613, 0.01609104685485363, 0.017268117517232895, 0.01700446754693985], "(3, 5, 3, 2)": [0.019627412781119347, 0.018123256042599678, 0.01913512498140335, 0.018614094704389572, 0.01904594525694847], "(3, 5, 2, 2)": [0.019504489377141, 0.01899113692343235, 0.018553201109170914, 0.018851734697818756, 0.018774909898638725], "(3, 5, 1, 2)": [0.019400788471102715, 0.017017463222146034, 0.01896338164806366, 0.018793676048517227, 0.018923236057162285], "(3, 5, 1, 1)": [0.018847135826945305, 0.01880890130996704, 0.019088568165898323, 0.01883751153945923, 0.018908187747001648], "(3, 5, 0, 1)": [0.014822962693870068, 0.015960535034537315, 0.008407384157180786, 0.01840568333864212, 0.012545493431389332], "(2, 5, 1, 1)": [0.01988394744694233, 0.019382864236831665, 0.01938566565513611, 0.019508959725499153, 0.01952003315091133], "(1, 4, 0, 1)": [0.01785978116095066, 0.016672372817993164, 0.017345819622278214, 0.01985090970993042, 0.017279895022511482], "(1, 4, 1, 2)": [0.01899723708629608, 0.017849402502179146, 0.018356116488575935, 0.01725728064775467, 0.019788112491369247], "(1, 4, 2, 2)": [0.018129169940948486, 0.01954835280776024, 0.019329281523823738, 0.019557371735572815, 0.019780529662966728], "(1, 4, 3, 2)": [0.01793929561972618, 0.019782112911343575, 0.01950887404382229, 0.019521959125995636, 0.01942799799144268], "(1, 4, 4, 3)": [0.01631748303771019, 0.017903881147503853, 0.013677071779966354, 0.014815169386565685, 0.019584184512495995], "(2, 4, 0, 2)": [0.01669500395655632, 0.018119413405656815, 0.018542110919952393, 0.016829296946525574, 0.019792381674051285], "(3, 5, 5, 3)": [0.019116614013910294, 0.016817782074213028, 0.017453938722610474, 0.017186256125569344, 0.014224824495613575], "(2, 5, 6, 4)": [0.0018957502907142043, -0.0019615020137280226, 0.008498158305883408, 4.352256655693054e-05, 0.005614529363811016], "(2, 4, 0, 0)": [-0.0005259689642116427, 0.0004085664404556155, -0.003122141119092703, -0.0003105213399976492, 0.008984532207250595], "(2, 5, 6, 3)": [0.004571476951241493, 0.014479103498160839, 0.001776031800545752, 0.007036528550088406, 0.007462448440492153], "(3, 4, 1, 1)": [0.018038297072052956, 0.013958747498691082, 0.01496005617082119, 0.012712722644209862, 0.013956448063254356], "(1, 5, 0, 2)": [0.019907325506210327, 0.01930590718984604, 0.01922122947871685, 0.019327521324157715, 0.019064517691731453], "(1, 5, 0, 1)": [0.01929788663983345, 0.01956547237932682, 0.01993829943239689, 0.019549991935491562, 0.019538328051567078], "(1, 4, 0, 2)": [0.01949225179851055, 0.019520774483680725, 0.019557196646928787, 0.019521348178386688, 0.019879737868905067], "(1, 4, 2, 3)": [0.0167267844080925, 0.016300110146403313, 0.019629374146461487, 0.01695828326046467, 0.017491547390818596], "(1, 5, 1, 2)": [0.018787121400237083, 0.019633399322628975, 0.018284713849425316, 0.016615483909845352, 0.017105819657444954], "(1, 5, 2, 2)": [0.019713377580046654, 0.01721479929983616, 0.018767202273011208, 0.018835125491023064, 0.018867064267396927], "(1, 5, 2, 3)": [0.012347932904958725, 0.01933770254254341, 0.010584867559373379, 0.011414495296776295, 0.011082416400313377], "(1, 5, 3, 3)": [0.01960817538201809, 0.015368322841823101, 0.016282860189676285, 0.014572500251233578, 0.01563415676355362], "(1, 4, 3, 3)": [0.01947912760078907, 0.01947110891342163, 0.01947639510035515, 0.01978752203285694, 0.019520722329616547], "(1, 5, 3, 2)": [0.01982428878545761, 0.017258362844586372, 0.018400076776742935, 0.01885107159614563, 0.01861296407878399], "(2, 4, -1, 0)": [-0.002278189640492201, -0.0020775876473635435, 0.007914233952760696, -0.003569390159100294, -0.003241859609261155], "(2, 4, 5, 4)": [0.0011992774670943618, 0.002891961485147476, 0.0, 0.0, 0.0019304488087072968], "(1, 5, 1, 3)": [0.01425871904939413, 0.0034319220576435328, -1.5361118130385876e-05, 0.0, 0.0005910387262701988], "(2, 5, -1, 1)": [0.0, 0.0025617252103984356, 0.011292604729533195, 0.0, 0.0009999776957556605], "(1, 4, 1, 1)": [0.013977950438857079, 0.015060503035783768, 0.019071917980909348, 0.014149082824587822, 0.014434749260544777], "(2, 5, 4, 2)": [0.01882214844226837, 0.0191894993185997, 0.019033584743738174, 0.019789624959230423, 0.018171992152929306], "(3, 4, 4, 3)": [0.019463632255792618, 0.019496742635965347, 0.019455283880233765, 0.01953006349503994, 0.01946403644979], "(3, 5, 4, 2)": [0.019703997299075127, 0.019375257194042206, 0.018370185047388077, 0.01941389963030815, 0.01827903650701046], "(3, 5, 2, 1)": [0.011170249432325363, 0.018971841782331467, 0.013661060482263565, 0.012908009812235832, 0.013201504945755005], "(3, 4, 0, 1)": [0.016040800139307976, 0.009095342829823494, 0.011314908973872662, 0.011761330999433994, 0.0107637420296669],