{"q_values": {"(2, 5, 2, 2)": [0.019207173958420753, 0.019709458574652672, 0.019108273088932037, 0.018275020644068718, 0.01880493387579918], "(2, 5, 3, 2)": [0.017196476459503174, 0.01980099081993103, 0.016884222626686096, 0.018958907574415207, 0.01738951914012432], "(2, 5, 3, 3)": [0.01967751234769821, 0.01648983173072338, 0.013335070572793484, 0.016161957755684853, 0.016031848266720772], "(2, 4, 2, 2)": [0.019401030614972115, 0.019526181742548943, 0.019586525857448578, 0.019326182082295418, 0.019883794710040092], "(2, 4, 3, 2)": [0.01936672069132328, 0.019252656027674675, 0.018892664462327957, 0.019580010324716568, 0.01988249272108078], "(2, 4, 3, 3)": [0.01958472654223442, 0.019635984674096107, 0.019574742764234543, 0.01953684538602829, 0.01984957419335842], "(2, 4, 4, 3)": [0.019476262852549553, 0.019543899223208427, 0.019631914794445038, 0.019835101440548897, 0.019556088373064995], "(2, 4, 1, 1)": [0.016950976103544235, 0.01692836545407772, 0.01687994971871376, 0.01665795035660267, 0.019877223297953606], "(2, 4, 2, 1)": [0.010177906602621078, 0.01063968800008297, 0.008743911981582642, 0.012580952607095242, 0.015625907108187675], "(2, 5, 4, 3)": [0.019666213542222977, 0.017948992550373077, 0.018693245947360992, 0.016705511137843132, 0.017163941636681557], "(2, 4, 1, 2)": [0.01957077346742153, 0.019622521474957466, 0.019637836143374443, 0.019866587594151497, 0.019410409033298492], "(2, 5, 1, 2)": [0.019847260788083076, 0.019698655232787132, 0.019654499366879463, 0.01818056032061577, 0.019560927525162697], "(2, 5, 0, 2)": [0.019924486055970192, 0.019415464252233505, 0.019323773682117462, 0.019428785890340805, 0.019481785595417023], "(2, 5, 2, 3)": [0.014233877882361412, 0.0185439120978117, 0.013620737940073013, 0.012866864912211895, 0.012716110795736313], "(2, 4, 0, 1)": [0.017646335065364838, 0.018456734716892242, 0.017493098974227905, 0.019840173423290253, 0.018170908093452454], "(2, 4, 4, 2)": [0.019185323268175125, 0.019082332029938698, 0.018767083063721657, 0.019177282229065895, 0.019560405984520912], "(2, 4, 5, 3)": [0.018819984048604965, 0.018692385405302048, 0.018722988665103912, 0.019768496975302696, 0.018783560022711754], "(3, 4, 4, 2)": [0.01933204010128975, 0.019491828978061676, 0.019690459594130516, 0.01945456676185131, 0.019438117742538452], "(3, 4, 3, 2)": [0.018950752913951874, 0.019022401422262192, 0.01813279651105404, 0.018903806805610657, 0.01979013904929161], "(3, 4, 2, 1)": [0.01524011604487896, 0.014027456752955914, 0.014752989634871483, 0.01387040875852108, 0.01975417509675026], "(3, 4, 2, 2)": [0.018452387303113937, 0.01805046573281288, 0.01919543370604515, 0.019348271191120148, 0.01975870132446289], "(3, 4, 3, 1)": [0.0019379222067072988, 0.00958162359893322, 0.00024634029250591993, 0.0019380063749849796, 0.00023100781254470348], "(2, 5, 0, 1)": [0.019727284088730812, 0.019720256328582764, 0.01973039098083973, 0.019899645820260048, 0.01977561041712761], "(2, 5, 5, 3)": [0.019660115242004395, 0.015276002697646618, 0.01738966442644596, 0.014574609696865082, 0.015161994844675064], "(3, 5, 3, 3)": [0.016580460593104362, 0.017068002372980118, 0.016488391906023026, 0.019666867330670357, 0.014775979332625866], "(3, 5, 4, 3)": [0.01988787017762661, 0.016986720263957977, 0.01663156971335411, 0.01752741076052189, 0.01726943626999855], "(3, 5, 3, 2)": [0.019921140745282173, 0.019558949396014214, 0.019264275208115578, 0.01953418366611004, 0.019525926560163498], "(3, 5, 2, 2)": [0.019943641498684883, 0.019271906465291977, 0.018036779016256332, 0.019086146727204323, 0.01804821938276291], "(3, 5, 1, 2)": [0.019826851785182953, 0.019201811403036118, 0.019056079909205437, 0.019224343821406364, 0.016445664688944817], "(3, 5, 1, 1)": [0.019658546894788742, 0.019702181220054626, 0.01962500624358654, 0.019904904067516327, 0.019632000476121902], "(3, 5, 0, 1)": [0.01766488142311573, 0.018846476450562477, 0.01769731566309929, 0.019850773736834526, 0.01675492711365223], "(2, 5, 1, 1)": [0.01968708448112011, 0.019685855135321617, 0.01965980976819992, 0.019723182544112206, 0.019933557137846947], "(1, 4, 0, 1)": [0.016342032700777054, 0.01620621792972088, 0.01626133918762207, 0.015783626586198807, 0.019902562722563744], "(1, 4, 1, 2)": [0.018062904477119446, 0.01899929903447628, 0.019011735916137695, 0.019930224865674973, 0.018970545381307602], "(1, 4, 2, 2)": [0.016901427879929543, 0.016674978658556938, 0.01859845221042633, 0.01996486447751522, 0.01907815970480442], "(1, 4, 3, 2)": [0.01923774741590023, 0.019315388053655624, 0.019338026642799377, 0.019235428422689438, 0.019271358847618103], "(1, 4, 4, 3)": [0.017940707504749298, 0.018701571971178055, 0.01747686043381691, 0.015742527320981026, 0.019593512639403343], "(2, 4, 0, 2)": [0.017553133890032768, 0.01829603686928749, 0.01899324543774128, 0.01819084770977497, 0.01989658921957016], "(3, 5, 5, 3)": [0.01610593870282173, 0.016241084784269333, 0.019634759053587914, 0.017095638439059258, 0.01522950828075409], "(2, 5, 6, 4)": [-0.00013405142817646265, -0.0019615020137280226, 0.0065563032403588295, 4.352256655693054e-05, -0.0003603195073083043], "(2, 4, 0, 0)": [-0.0005259689642116427, 0.002216198481619358, -0.003122141119092703, -0.0003105213399976492, 0.00814069528132677], "(2, 5, 6, 3)": [0.004571476951241493, 0.01576964557170868, 0.0035595190711319447, 0.007036528550088406, 0.007462448440492153], "(3, 4, 1, 1)": [0.016137877479195595, 0.01869124360382557, 0.016682157292962074, 0.019803032279014587, 0.018121594563126564], "(1, 5, 0, 2)": [0.019929205998778343, 0.018569016829133034, 0.01840086281299591, 0.017598601058125496, 0.017657537013292313], "(1, 5, 0, 1)": [0.019458351656794548, 0.01949232816696167, 0.019891561940312386, 0.019492261111736298, 0.019533701241016388], "(1, 4, 0, 2)": [0.01956695131957531, 0.01955086551606655, 0.019866401329636574, 0.019510570913553238, 0.019549619406461716], "(1, 4, 2, 3)": [0.01775965467095375, 0.01720864698290825, 0.01993529126048088, 0.018114708364009857, 0.017943432554602623], "(1, 5, 1, 2)": [0.019763734191656113, 0.01831117458641529, 0.019046654924750328, 0.019129319116473198, 0.01885606162250042], "(1, 5, 2, 2)": [0.016974611207842827, 0.019919125363230705, 0.01619286835193634, 0.016815336421132088, 0.017976945266127586], "(1, 5, 2, 3)": [0.019740235060453415, 0.013849969953298569, 0.013368240557610989, 0.012901915237307549, 0.012440130114555359], "(1, 5, 3, 3)": [0.019916286692023277, 0.0149063216522336, 0.015957709401845932, 0.014794663526117802, 0.01652524620294571], "(1, 4, 3, 3)": [0.018967872485518456, 0.019013384357094765, 0.01993994414806366, 0.018982646986842155, 0.01879608817398548], "(1, 5, 3, 2)": [0.019921114668250084, 0.018612459301948547, 0.019125109538435936, 0.019108440726995468, 0.019140565767884254], "(2, 4, -1, 0)": [-0.004341224208474159, -0.0028407247737050056, -0.0002900119870901108, -0.003569390159100294, -0.003241859609261155], "(2, 4, 5, 4)": [0.0011992774670943618, 0.0054215495474636555, 0.0, 0.0, 0.0019304488087072968], "(1, 5, 1, 3)": [0.0174642913043499, 0.0049010165967047215, -1.5361118130385876e-05, 0.0, 0.0005910387262701988], "(2, 5, -1, 1)": [0.0016273082001134753, 0.0025617252103984356, 0.012691902928054333, 0.0, 0.0009999776957556605], "(1, 4, 1, 1)": [0.016293302178382874, 0.013951153494417667, 0.014802130870521069, 0.013808093965053558, 0.014599989168345928], "(2, 5, 4, 2)": [0.019267326220870018, 0.019472919404506683, 0.019218793138861656, 0.018915265798568726, 0.018805239349603653], "(3, 4, 4, 3)": [0.01977892406284809, 0.019781386479735374, 0.01986294612288475, 0.019827943295240402, 0.01983034797012806], "(3, 5, 4, 2)": [0.019463500007987022, 0.01990380324423313, 0.019372733309864998, 0.019431155174970627, 0.019544828683137894], "(3, 5, 2, 1)": [0.011170249432325363, 0.01982302963733673, 0.014723594300448895, 0.012908009812235832, 0.014416986145079136], "(3, 4, 0, 1)": [0.01505822129547596, 0.013311425223946571, 0.01639929972589016, 0.019848767668008804, 0.01534094288945198],