{"q_values": {"(2, 5, 2, 2)": [0.01929442025721073, 0.019858280196785927, 0.019310172647237778, 0.019213002175092697, 0.018695201724767685], "(2, 5, 3, 2)": [0.01985563151538372, 0.019687550142407417, 0.01797509752213955, 0.019768018275499344, 0.01970846764743328], "(2, 5, 3, 3)": [0.018242238089442253, 0.0197133868932724, 0.0179359819740057, 0.018583403900265694, 0.01907411776483059], "(2, 4, 2, 2)": [0.018888801336288452, 0.01807047612965107, 0.01910453476011753, 0.019754095003008842, 0.018684932962059975], "(2, 4, 3, 2)": [0.01884811744093895, 0.01941562257707119, 0.01951069012284279, 0.019408730790019035, 0.019879262894392014], "(2, 4, 3, 3)": [0.01980583742260933, 0.019860800355672836, 0.01982761360704899, 0.019887639209628105, 0.019840991124510765], "(2, 4, 4, 3)": [0.0197629202157259, 0.019808296114206314, 0.019923215731978416, 0.01978449337184429, 0.019748682156205177], "(2, 4, 1, 1)": [0.015293805859982967, 0.014681587927043438, 0.01585598662495613, 0.015358474105596542, 0.019595017656683922], "(2, 4, 2, 1)": [0.011508140712976456, 0.009617825038731098, 0.008743911981582642, 0.012044151313602924, 0.017710858955979347], "(2, 5, 4, 3)": [0.019848106428980827, 0.019581736996769905, 0.019568273797631264, 0.019473381340503693, 0.019568508490920067], "(2, 4, 1, 2)": [0.01820991188287735, 0.019523879513144493, 0.018251098692417145, 0.016810940578579903, 0.018812090158462524], "(2, 5, 1, 2)": [0.01977749541401863, 0.01914150081574917, 0.019316166639328003, 0.016388099640607834, 0.019189760088920593], "(2, 5, 0, 2)": [0.019023941829800606, 0.01919855736196041, 0.01896718703210354, 0.019436681643128395, 0.01897624135017395], "(2, 5, 2, 3)": [0.01624663919210434, 0.011676555499434471, 0.012964996509253979, 0.012735163792967796, 0.010245924815535545], "(2, 4, 0, 1)": [0.01551073044538498, 0.016580529510974884, 0.01588294468820095, 0.015471281483769417, 0.019519761204719543], "(2, 4, 4, 2)": [0.01902492344379425, 0.019707422703504562, 0.019157378003001213, 0.01912299357354641, 0.018994450569152832], "(2, 4, 5, 3)": [0.01960107684135437, 0.018714243546128273, 0.018935713917016983, 0.018915841355919838, 0.01883554831147194], "(3, 4, 4, 2)": [0.018889952450990677, 0.018279019743204117, 0.01643374375998974, 0.019218318164348602, 0.01824159547686577], "(3, 4, 3, 2)": [0.01841714046895504, 0.017864208668470383, 0.016093455255031586, 0.016216544434428215, 0.015879357233643532], "(3, 4, 2, 1)": [0.011666292324662209, 0.00966489128768444, 0.010605932213366032, 0.010594700463116169, 0.01161455363035202], "(3, 4, 2, 2)": [0.017824459820985794, 0.014934318140149117, 0.015708930790424347, 0.015661347657442093, 0.013367420062422752], "(3, 4, 3, 1)": [0.0019379222067072988, 0.005306263454258442, 0.00024634029250591993, 0.0019380063749849796, 0.00023100781254470348], "(2, 5, 0, 1)": [0.019639335572719574, 0.019648030400276184, 0.01965191401541233, 0.019705211743712425, 0.019655371084809303], "(2, 5, 5, 3)": [0.014477293938398361, 0.014401889406144619, 0.01808205246925354, 0.012846731580793858, 0.012616617605090141], "(3, 5, 3, 3)": [0.019288215786218643, 0.010993020609021187, 0.012657771818339825, 0.012669527903199196, 0.013395757414400578], "(3, 5, 4, 3)": [0.01767619699239731, 0.019557815045118332, 0.0178418830037117, 0.018167439848184586, 0.017766902223229408], "(3, 5, 3, 2)": [0.01932753063738346, 0.01912430115044117, 0.019289160147309303, 0.019397756084799767, 0.019401580095291138], "(3, 5, 2, 2)": [0.01621423102915287, 0.01910093054175377, 0.018984520807862282, 0.01920824870467186, 0.019143659621477127], "(3, 5, 1, 2)": [0.01965560019016266, 0.017017463222146034, 0.01896338164806366, 0.01908150501549244, 0.018923236057162285], "(3, 5, 1, 1)": [0.01905052922666073, 0.019100865349173546, 0.01897202990949154, 0.018974969163537025, 0.01963239163160324], "(3, 5, 0, 1)": [0.014822962693870068, 0.016577690839767456, 0.008407384157180786, 0.019723035395145416, 0.013280089944601059], "(2, 5, 1, 1)": [0.01953333616256714, 0.019732821732759476, 0.01944168284535408, 0.019543126225471497, 0.019568108022212982], "(1, 4, 0, 1)": [0.018693946301937103, 0.017260922119021416, 0.017473652958869934, 0.017683085054159164, 0.01659160479903221], "(1, 4, 1, 2)": [0.01951366662979126, 0.019069533795118332, 0.019460665062069893, 0.0186192337423563, 0.019905386492609978], "(1, 4, 2, 2)": [0.019394394010305405, 0.019058002158999443, 0.019358910620212555, 0.017087602987885475, 0.019859805703163147], "(1, 4, 3, 2)": [0.01830611564218998, 0.01934087835252285, 0.019379297271370888, 0.019539600238204002, 0.019349465146660805], "(1, 4, 4, 3)": [0.016979316249489784, 0.017903881147503853, 0.014295126311480999, 0.014815169386565685, 0.019128713756799698], "(2, 4, 0, 2)": [0.0172914806753397, 0.018119413405656815, 0.018684128299355507, 0.016829296946525574, 0.01981182023882866], "(3, 5, 5, 3)": [0.01953251287341118, 0.016817782074213028, 0.017685944214463234, 0.017186256125569344, 0.014224824495613575], "(2, 5, 6, 4)": [0.0018957502907142043, -0.0019615020137280226, 0.008498158305883408, 4.352256655693054e-05, 0.005614529363811016], "(2, 4, 0, 0)": [-0.0005259689642116427, 0.002216198481619358, -0.003122141119092703, -0.0003105213399976492, 0.007995017804205418], "(2, 5, 6, 3)": [0.004571476951241493, 0.014479103498160839, 0.001776031800545752, 0.007036528550088406, 0.007462448440492153], "(3, 4, 1, 1)": [0.017955057322978973, 0.015310853719711304, 0.016418034210801125, 0.01538148708641529, 0.015574393793940544], "(1, 5, 0, 2)": [0.019400738179683685, 0.019854476675391197, 0.019405165687203407, 0.01948084682226181, 0.01686977967619896], "(1, 5, 0, 1)": [0.019544612616300583, 0.019791465252637863, 0.019627025350928307, 0.019809404388070107, 0.019663158804178238], "(1, 4, 0, 2)": [0.019535010680556297, 0.019565748050808907, 0.019656306132674217, 0.019596660509705544, 0.019786963239312172], "(1, 4, 2, 3)": [0.017045391723513603, 0.016300110146403313, 0.01989428512752056, 0.01725172996520996, 0.017491547390818596], "(1, 5, 1, 2)": [0.01979168877005577, 0.019506089389324188, 0.019667213782668114, 0.019466113299131393, 0.01939532533288002], "(1, 5, 2, 2)": [0.019816583022475243, 0.019023826345801353, 0.01949937641620636, 0.019374258816242218, 0.018759479746222496], "(1, 5, 2, 3)": [0.012347932904958725, 0.019799239933490753, 0.012325895018875599, 0.012858026660978794, 0.011965210549533367], "(1, 5, 3, 3)": [0.019806884229183197, 0.018819119781255722, 0.01870132051408291, 0.01777040585875511, 0.018429867923259735], "(1, 4, 3, 3)": [0.019587205722928047, 0.019566211849451065, 0.019583076238632202, 0.019839290529489517, 0.019654273986816406], "(1, 5, 3, 2)": [0.019867468625307083, 0.017482636496424675, 0.018400076776742935, 0.01885107159614563, 0.018738005310297012], "(2, 4, -1, 0)": [-0.002278189640492201, -0.0020775876473635435, 0.004332283511757851, -0.003569390159100294, -0.003241859609261155], "(2, 4, 5, 4)": [0.0011992774670943618, 0.002891961485147476, 0.0, 0.0, 0.0019304488087072968], "(1, 5, 1, 3)": [0.015753263607621193, 0.0049010165967047215, -1.5361118130385876e-05, 0.0, 0.0005910387262701988], "(2, 5, -1, 1)": [0.0, 0.0025617252103984356, 0.011292604729533195, 0.0, 0.0009999776957556605], "(1, 4, 1, 1)": [0.015057920478284359, 0.017719943076372147, 0.011379976756870747, 0.014670289121568203, 0.014819622971117496], "(2, 5, 4, 2)": [0.01882214844226837, 0.0191894993185997, 0.019033584743738174, 0.019890816882252693, 0.01850108802318573], "(3, 4, 4, 3)": [0.019607482478022575, 0.019636819139122963, 0.019552314653992653, 0.019491322338581085, 0.019632980227470398], "(3, 5, 4, 2)": [0.019915983080863953, 0.01941242627799511, 0.018665174022316933, 0.019583534449338913, 0.01879243552684784], "(3, 5, 2, 1)": [0.011170249432325363, 0.01927114650607109, 0.013661060482263565, 0.012908009812235832, 0.013835066929459572], "(3, 4, 0, 1)": [0.010938594117760658, 0.011499929241836071, 0.011974460445344448, 0.011476069688796997, 0.018060240894556046],