{"q_values": {"(2, 5, 2, 2)": [0.019853197038173676, 0.017305565997958183, 0.01519989687949419, 0.01649540662765503, 0.018253760412335396], "(2, 5, 3, 2)": [0.01634783111512661, 0.01981990784406662, 0.01880558766424656, 0.017242008820176125, 0.0172501839697361], "(2, 5, 3, 3)": [0.017038799822330475, 0.01981431245803833, 0.017015958204865456, 0.015445982106029987, 0.016367074102163315], "(2, 4, 2, 2)": [0.016093958169221878, 0.016001412644982338, 0.01524829026311636, 0.016128631308674812, 0.019703425467014313], "(2, 4, 3, 2)": [0.015941079705953598, 0.018947545439004898, 0.01900985836982727, 0.019590958952903748, 0.01904428005218506], "(2, 4, 3, 3)": [0.01962924748659134, 0.019614174962043762, 0.019841879606246948, 0.01961192861199379, 0.019616631790995598], "(2, 4, 4, 3)": [0.0195841733366251, 0.01956957019865513, 0.019744660705327988, 0.01960146240890026, 0.01957528293132782], "(2, 4, 1, 1)": [0.015619775280356407, 0.015464726835489273, 0.01439626608043909, 0.0151978163048625, 0.018937204033136368], "(2, 4, 2, 1)": [0.011921422556042671, 0.012331407517194748, 0.00972253642976284, 0.013294897973537445, 0.01747020147740841], "(2, 5, 4, 3)": [0.019794488325715065, 0.016539061442017555, 0.01589680276811123, 0.016165239736437798, 0.015510441735386848], "(2, 4, 1, 2)": [0.01907438039779663, 0.018992112949490547, 0.016156626865267754, 0.015997514128684998, 0.019788412377238274], "(2, 5, 1, 2)": [0.01916288025677204, 0.01989632099866867, 0.01913941465318203, 0.018483402207493782, 0.018942730501294136], "(2, 5, 0, 2)": [0.01924271695315838, 0.019738854840397835, 0.01932244747877121, 0.01929955743253231, 0.019174853339791298], "(2, 5, 2, 3)": [0.015059290453791618, 0.01189418975263834, 0.012927323579788208, 0.013562647625803947, 0.013364193961024284], "(2, 4, 0, 1)": [0.01503432635217905, 0.016049424186348915, 0.015594442375004292, 0.014501603320240974, 0.019682181999087334], "(2, 4, 4, 2)": [0.01770729571580887, 0.018817555159330368, 0.01723305508494377, 0.01886388473212719, 0.019537629559636116], "(2, 4, 5, 3)": [0.018986783921718597, 0.019744640216231346, 0.019162047654390335, 0.01906166970729828, 0.01856357604265213], "(3, 4, 4, 2)": [0.018458321690559387, 0.01869952119886875, 0.01835981383919716, 0.017920374870300293, 0.01924988441169262], "(3, 4, 3, 2)": [0.019258756190538406, 0.01793411746621132, 0.018626289442181587, 0.017940815538167953, 0.01947351172566414], "(3, 4, 2, 1)": [0.014992544427514076, 0.013853313401341438, 0.014795679599046707, 0.015939434990286827, 0.019199954345822334], "(3, 4, 2, 2)": [0.01878170855343342, 0.01856360025703907, 0.019210150465369225, 0.019562043249607086, 0.01907149888575077], "(3, 4, 3, 1)": [0.0019379222067072988, 0.010793520137667656, 0.00024634029250591993, 0.0019380063749849796, 0.00023100781254470348], "(2, 5, 0, 1)": [0.019531387835741043, 0.019504789263010025, 0.01953810639679432, 0.01948334462940693, 0.019914204254746437], "(2, 5, 5, 3)": [0.016703607514500618, 0.019604695960879326, 0.0157832782715559, 0.016861440613865852, 0.017095427960157394], "(3, 5, 3, 3)": [0.01674170233309269, 0.0174828190356493, 0.016474362462759018, 0.016131898388266563, 0.01733284443616867], "(3, 5, 4, 3)": [0.01669742725789547, 0.01972220279276371, 0.015498259104788303, 0.018125496804714203, 0.01790572702884674], "(3, 5, 3, 2)": [0.019272340461611748, 0.01921982690691948, 0.019001057371497154, 0.019144674763083458, 0.01909502036869526], "(3, 5, 2, 2)": [0.01977524906396866, 0.01934831403195858, 0.019531261175870895, 0.019135965034365654, 0.01927529089152813], "(3, 5, 1, 2)": [0.019447406753897667, 0.01981412060558796, 0.019440632313489914, 0.01936136558651924, 0.01942387782037258], "(3, 5, 1, 1)": [0.019558025524020195, 0.019533025100827217, 0.01954636350274086, 0.019546693190932274, 0.019529160112142563], "(3, 5, 0, 1)": [0.019223809242248535, 0.019241338595747948, 0.019222117960453033, 0.0190584696829319, 0.019238365814089775], "(2, 5, 1, 1)": [0.01957613229751587, 0.019748616963624954, 0.019559279084205627, 0.019593434408307076, 0.019591830670833588], "(1, 4, 0, 1)": [0.016298556700348854, 0.017340367659926414, 0.017643913626670837, 0.017287250608205795, 0.019944684579968452], "(1, 4, 1, 2)": [0.01940986141562462, 0.019766848534345627, 0.019402993842959404, 0.019661085680127144, 0.01995367743074894], "(1, 4, 2, 2)": [0.01888740435242653, 0.019142037257552147, 0.017319465056061745, 0.01807311549782753, 0.019926870241761208], "(1, 4, 3, 2)": [0.016176581382751465, 0.018604394048452377, 0.019216571003198624, 0.019906850531697273, 0.019166069105267525], "(1, 4, 4, 3)": [0.0184780303388834, 0.019917605444788933, 0.0177077017724514, 0.018130023032426834, 0.019037123769521713], "(2, 4, 0, 2)": [0.018002865836024284, 0.018855970352888107, 0.019296947866678238, 0.01851353608071804, 0.019855491816997528], "(3, 5, 5, 3)": [0.019619107246398926, 0.01661073789000511, 0.01682724431157112, 0.016274182125926018, 0.016813306137919426], "(2, 5, 6, 4)": [-0.00013405142817646265, -0.0019615020137280226, 0.010757082141935825, 4.352256655693054e-05, -0.0003603195073083043], "(2, 4, 0, 0)": [-0.0005259689642116427, 0.002216198481619358, -0.003122141119092703, -0.0003105213399976492, 0.014817139133810997], "(2, 5, 6, 3)": [0.004571476951241493, 0.016568737104535103, 0.0035595190711319447, 0.007036528550088406, 0.007462448440492153], "(3, 4, 1, 1)": [0.01655811257660389, 0.01631075330078602, 0.015571491792798042, 0.016443781554698944, 0.018475044518709183], "(1, 5, 0, 2)": [0.01994336023926735, 0.018882757052779198, 0.018739651888608932, 0.018656767904758453, 0.01772455684840679], "(1, 5, 0, 1)": [0.019740713760256767, 0.01976867765188217, 0.01974736899137497, 0.019780267030000687, 0.019953763112425804], "(1, 4, 0, 2)": [0.019408412277698517, 0.018784893676638603, 0.019568243995308876, 0.01995089277625084, 0.019603058695793152], "(1, 4, 2, 3)": [0.01798081025481224, 0.01856069266796112, 0.019891392439603806, 0.018598731607198715, 0.019123533740639687], "(1, 5, 1, 2)": [0.01987949013710022, 0.018069548532366753, 0.019465861842036247, 0.019494684413075447, 0.019433021545410156], "(1, 5, 2, 2)": [0.019034966826438904, 0.01980709470808506, 0.01812123879790306, 0.018349751830101013, 0.018804743885993958], "(1, 5, 2, 3)": [0.014401823282241821, 0.019780896604061127, 0.015773894265294075, 0.015608235262334347, 0.01564723253250122], "(1, 5, 3, 3)": [0.01979081705212593, 0.017065685242414474, 0.01658119633793831, 0.018649989739060402, 0.018426574766635895], "(1, 4, 3, 3)": [0.019514091312885284, 0.019473642110824585, 0.019872916862368584, 0.019390694797039032, 0.019473303109407425], "(1, 5, 3, 2)": [0.01945108361542225, 0.01980544440448284, 0.019371766597032547, 0.019549008458852768, 0.019523870199918747], "(2, 4, -1, 0)": [-0.004341224208474159, -0.0028407247737050056, 0.011606684885919094, -0.003569390159100294, -0.003241859609261155], "(2, 4, 5, 4)": [0.0011992774670943618, 0.014410093426704407, 0.0, 0.0, 0.0019304488087072968], "(1, 5, 1, 3)": [0.01637750305235386, 0.0049010165967047215, -1.5361118130385876e-05, 0.0, 0.0005910387262701988], "(2, 5, -1, 1)": [0.0016273082001134753, 0.0025617252103984356, 0.016594700515270233, 0.0, 0.0009999776957556605], "(1, 4, 1, 1)": [0.012796580791473389, 0.014357837848365307, 0.014525757171213627, 0.013447237201035023, 0.01979876682162285], "(2, 5, 4, 2)": [0.01944540999829769, 0.019764145836234093, 0.019287969917058945, 0.01925782300531864, 0.019011545926332474], "(3, 4, 4, 3)": [0.01968059130012989, 0.019721366465091705, 0.019718291237950325, 0.01989542692899704, 0.019704092293977737], "(3, 5, 4, 2)": [0.019343268126249313, 0.01955200731754303, 0.019611099734902382, 0.019797738641500473, 0.01961844600737095], "(3, 5, 2, 1)": [0.011170249432325363, 0.01971268653869629, 0.015695931389927864, 0.015323984436690807, 0.016302524134516716], "(3, 4, 0, 1)": [0.014379166066646576, 0.01724078133702278, 0.015317643992602825, 0.014641895890235901, 0.01538942288607359],