{"q_values": {"(2, 5, 2, 2)": [0.019874554127454758, 0.01926266774535179, 0.018421031534671783, 0.019379880279302597, 0.018255624920129776], "(2, 5, 3, 2)": [0.019530039280653, 0.019917836412787437, 0.01957695372402668, 0.01958245225250721, 0.01955992914736271], "(2, 5, 3, 3)": [0.019850552082061768, 0.01819244772195816, 0.018734032288193703, 0.018336566165089607, 0.01835988275706768], "(2, 4, 2, 2)": [0.017550766468048096, 0.01919613778591156, 0.019455092027783394, 0.019358757883310318, 0.01965891756117344], "(2, 4, 3, 2)": [0.019454732537269592, 0.01949998363852501, 0.019496232271194458, 0.019541900604963303, 0.01940462924540043], "(2, 4, 3, 3)": [0.0197303369641304, 0.019749296829104424, 0.019741544499993324, 0.01972893252968788, 0.01992454007267952], "(2, 4, 4, 3)": [0.01972050592303276, 0.019715333357453346, 0.019919950515031815, 0.01972319558262825, 0.019766025245189667], "(2, 4, 1, 1)": [0.01745186373591423, 0.01698681153357029, 0.018193675205111504, 0.017927709966897964, 0.01953715831041336], "(2, 4, 2, 1)": [0.009095581248402596, 0.009617825038731098, 0.008743911981582642, 0.012580952607095242, 0.017672767862677574], "(2, 5, 4, 3)": [0.019826972857117653, 0.01860366202890873, 0.018956314772367477, 0.018636738881468773, 0.01851901039481163], "(2, 4, 1, 2)": [0.019247867166996002, 0.01946537382900715, 0.019851231947541237, 0.019468549638986588, 0.019064242020249367], "(2, 5, 1, 2)": [0.019517315551638603, 0.019850581884384155, 0.019539769738912582, 0.0180809386074543, 0.01955473981797695], "(2, 5, 0, 2)": [0.019333604723215103, 0.019776273518800735, 0.019075943157076836, 0.0191863551735878, 0.019172383472323418], "(2, 5, 2, 3)": [0.017863063141703606, 0.013563797809183598, 0.012964996509253979, 0.012866864912211895, 0.011071804910898209], "(2, 4, 0, 1)": [0.01804623194038868, 0.017918454483151436, 0.016571179032325745, 0.018202951177954674, 0.019790882244706154], "(2, 4, 4, 2)": [0.019135311245918274, 0.019228346645832062, 0.019160836935043335, 0.019428448751568794, 0.01912854053080082], "(2, 4, 5, 3)": [0.01873459480702877, 0.01842733845114708, 0.018638813868165016, 0.01916677877306938, 0.01839444413781166], "(3, 4, 4, 2)": [0.018718509003520012, 0.018777545541524887, 0.01855849102139473, 0.019199635833501816, 0.019039299339056015], "(3, 4, 3, 2)": [0.018564151600003242, 0.01566687971353531, 0.018652774393558502, 0.01868545450270176, 0.018588900566101074], "(3, 4, 2, 1)": [0.012850090861320496, 0.012663566507399082, 0.012112212367355824, 0.011706246063113213, 0.016895072534680367], "(3, 4, 2, 2)": [0.017982937395572662, 0.018610985949635506, 0.015549220144748688, 0.019830983132123947, 0.017045486718416214], "(3, 4, 3, 1)": [0.0019379222067072988, 0.00853265542536974, 0.00024634029250591993, 0.0019380063749849796, 0.00023100781254470348], "(2, 5, 0, 1)": [0.01969684474170208, 0.019867608323693275, 0.019693857058882713, 0.019634423777461052, 0.019733868539333344], "(2, 5, 5, 3)": [0.019474400207400322, 0.013639497570693493, 0.01401623897254467, 0.012149883434176445, 0.013587260618805885], "(3, 5, 3, 3)": [0.019514432176947594, 0.014573988504707813, 0.014964543282985687, 0.014414440840482712, 0.014945514500141144], "(3, 5, 4, 3)": [0.019833145663142204, 0.015761541202664375, 0.017243266105651855, 0.016924703493714333, 0.016222551465034485], "(3, 5, 3, 2)": [0.01934071257710457, 0.01930941827595234, 0.019803090021014214, 0.01946871168911457, 0.01923680305480957], "(3, 5, 2, 2)": [0.01936083287000656, 0.016889918595552444, 0.018081068992614746, 0.019282229244709015, 0.019084054976701736], "(3, 5, 1, 2)": [0.018768208101391792, 0.01932230032980442, 0.019333768635988235, 0.019187141209840775, 0.019367573782801628], "(3, 5, 1, 1)": [0.019336789846420288, 0.01940230093896389, 0.019312072545289993, 0.01963423192501068, 0.019336087629199028], "(3, 5, 0, 1)": [0.016925254836678505, 0.018291063606739044, 0.015809888020157814, 0.019618507474660873, 0.016399284824728966], "(2, 5, 1, 1)": [0.01983759179711342, 0.01975730061531067, 0.0197637677192688, 0.019788382574915886, 0.019792750477790833], "(1, 4, 0, 1)": [0.019359508529305458, 0.019100502133369446, 0.017983417958021164, 0.018076222389936447, 0.019835537299513817], "(1, 4, 1, 2)": [0.018593747168779373, 0.019631344825029373, 0.019642040133476257, 0.019895844161510468, 0.019646665081381798], "(1, 4, 2, 2)": [0.01939874142408371, 0.019312381744384766, 0.01839405857026577, 0.019540632143616676, 0.019867025315761566], "(1, 4, 3, 2)": [0.018818125128746033, 0.019854962825775146, 0.019623704254627228, 0.019531777128577232, 0.01960344798862934], "(1, 4, 4, 3)": [0.01771876960992813, 0.01868128404021263, 0.016868220642209053, 0.015742527320981026, 0.01981484144926071], "(2, 4, 0, 2)": [0.0172914806753397, 0.018119413405656815, 0.018790297210216522, 0.017293503507971764, 0.0198825653642416], "(3, 5, 5, 3)": [0.015292932279407978, 0.0144246406853199, 0.019610971212387085, 0.015660902485251427, 0.014224824495613575], "(2, 5, 6, 4)": [-0.00013405142817646265, -0.0019615020137280226, 0.005317986942827702, 4.352256655693054e-05, -0.0003603195073083043], "(2, 4, 0, 0)": [-0.0005259689642116427, 0.002216198481619358, -0.003122141119092703, -0.0003105213399976492, 0.00562809593975544], "(2, 5, 6, 3)": [0.004571476951241493, 0.014868578873574734, 0.001776031800545752, 0.007036528550088406, 0.007462448440492153], "(3, 4, 1, 1)": [0.013125069439411163, 0.014908581040799618, 0.013652660883963108, 0.014591979794204235, 0.01901232823729515], "(1, 5, 0, 2)": [0.017101887613534927, 0.019898541271686554, 0.019397135823965073, 0.01946280524134636, 0.01909562200307846], "(1, 5, 0, 1)": [0.01963075064122677, 0.01980259083211422, 0.019809477031230927, 0.019845161586999893, 0.019800635054707527], "(1, 4, 0, 2)": [0.01969006285071373, 0.019657045602798462, 0.019631575793027878, 0.019656000658869743, 0.01990448124706745], "(1, 4, 2, 3)": [0.017530066892504692, 0.016933325678110123, 0.019813133403658867, 0.01750895567238331, 0.017734307795763016], "(1, 5, 1, 2)": [0.01969585381448269, 0.018812045454978943, 0.019404754042625427, 0.01938023418188095, 0.019433051347732544], "(1, 5, 2, 2)": [0.019316311925649643, 0.019527914002537727, 0.019255805760622025, 0.018960822373628616, 0.01944456808269024], "(1, 5, 2, 3)": [0.014126341789960861, 0.019484084099531174, 0.014828124083578587, 0.01663876324892044, 0.013400675728917122], "(1, 5, 3, 3)": [0.01836542971432209, 0.019639059901237488, 0.018235022202134132, 0.017484227195382118, 0.01844065636396408], "(1, 4, 3, 3)": [0.019747160375118256, 0.01973757892847061, 0.01972363516688347, 0.01982772722840309, 0.01969926804304123], "(1, 5, 3, 2)": [0.019668668508529663, 0.017718112096190453, 0.019035814329981804, 0.01901697739958763, 0.019098535180091858], "(2, 4, -1, 0)": [-0.002278189640492201, -0.0020775876473635435, 0.004549695178866386, -0.003569390159100294, -0.003241859609261155], "(2, 4, 5, 4)": [0.0011992774670943618, 0.004549320787191391, 0.0, 0.0, 0.0019304488087072968], "(1, 5, 1, 3)": [0.016146978363394737, 0.0049010165967047215, -1.5361118130385876e-05, 0.0, 0.0005910387262701988], "(2, 5, -1, 1)": [0.0, 0.0025617252103984356, 0.011292604729533195, 0.0, 0.0009999776957556605], "(1, 4, 1, 1)": [0.015057920478284359, 0.013290739618241787, 0.013649370521306992, 0.015645936131477356, 0.0198089387267828], "(2, 5, 4, 2)": [0.018933895975351334, 0.019263815134763718, 0.01912185177206993, 0.01986822485923767, 0.01872163638472557], "(3, 4, 4, 3)": [0.01989041455090046, 0.019595082849264145, 0.019629625603556633, 0.019616395235061646, 0.019597824662923813], "(3, 5, 4, 2)": [0.019153045490384102, 0.019901497289538383, 0.01907319575548172, 0.01941068284213543, 0.018999703228473663], "(3, 5, 2, 1)": [0.011170249432325363, 0.019283346831798553, 0.014209596440196037, 0.012908009812235832, 0.014416986145079136], "(3, 4, 0, 1)": [0.013871870934963226, 0.011113093234598637, 0.013481322675943375, 0.01832740195095539, 0.013787009753286839],