{"q_values": {"(2, 5, 2, 2)": [0.019535619765520096, 0.019104769453406334, 0.019252488389611244, 0.018764156848192215, 0.019308188930153847], "(2, 5, 3, 2)": [0.01924658752977848, 0.019633939489722252, 0.018898919224739075, 0.018791798502206802, 0.01908303238451481], "(2, 5, 3, 3)": [0.016994312405586243, 0.016178155317902565, 0.018095776438713074, 0.014038206078112125, 0.016700269654393196], "(2, 4, 2, 2)": [0.018776269629597664, 0.017583902925252914, 0.018913228064775467, 0.01906553842127323, 0.018921425566077232], "(2, 4, 3, 2)": [0.018999233841896057, 0.016027182340621948, 0.018972281366586685, 0.017623545601963997, 0.019151143729686737], "(2, 4, 3, 3)": [0.01943654753267765, 0.019416658207774162, 0.019481034949421883, 0.019531702622771263, 0.019466523081064224], "(2, 4, 4, 3)": [0.01941549964249134, 0.01942971721291542, 0.01941009610891342, 0.019457191228866577, 0.019526531919836998], "(2, 4, 1, 1)": [0.017112908884882927, 0.01547964196652174, 0.015975916758179665, 0.01835874281823635, 0.01690634712576866], "(2, 4, 2, 1)": [0.011843496933579445, 0.0034108469262719154, 0.011647183448076248, 0.013805942609906197, 0.017489641904830933], "(2, 5, 4, 3)": [0.019428757950663567, 0.017425483092665672, 0.016337603330612183, 0.016496462747454643, 0.01663851924240589], "(2, 4, 1, 2)": [0.01920168474316597, 0.0187815073877573, 0.019179999828338623, 0.019008733332157135, 0.019163046032190323], "(2, 5, 1, 2)": [0.01974441297352314, 0.018663933500647545, 0.019188569858670235, 0.019116058945655823, 0.018591728061437607], "(2, 5, 0, 2)": [0.01927204802632332, 0.01928229257464409, 0.01918420009315014, 0.01920408010482788, 0.01964016631245613], "(2, 5, 2, 3)": [0.011446153745055199, 0.014347315765917301, 0.012376136146485806, 0.012759746983647346, 0.01321600191295147], "(2, 4, 0, 1)": [0.01737842708826065, 0.01863790862262249, 0.018257657065987587, 0.018835708498954773, 0.01589020900428295], "(2, 4, 4, 2)": [0.018997274339199066, 0.019160643219947815, 0.019042080268263817, 0.018923373892903328, 0.01897738128900528], "(2, 4, 5, 3)": [0.017145413905382156, 0.01839297078549862, 0.018413273617625237, 0.019460415467619896, 0.018452411517500877], "(3, 4, 4, 2)": [0.01865370012819767, 0.01894143596291542, 0.01610819436609745, 0.018828213214874268, 0.01897631213068962], "(3, 4, 3, 2)": [0.01706361025571823, 0.016938859596848488, 0.01714823953807354, 0.019179759547114372, 0.016563985496759415], "(3, 4, 2, 1)": [0.01145409606397152, 0.014257983304560184, 0.012773310765624046, 0.01371955219656229, 0.018418794497847557], "(3, 4, 2, 2)": [0.017529860138893127, 0.01755600795149803, 0.01643569953739643, 0.01730852574110031, 0.019105467945337296], "(3, 4, 3, 1)": [0.00017929531168192625, 0.01071243453770876, -0.0014014377957209945, 0.0035341638140380383, 0.00023100781254470348], "(2, 5, 0, 1)": [0.01885939948260784, 0.019482748582959175, 0.01953043043613434, 0.019531093537807465, 0.01955469697713852], "(2, 5, 5, 3)": [0.017277296632528305, 0.01404586248099804, 0.011905920691788197, 0.01502032671123743, 0.014624511823058128], "(3, 5, 3, 3)": [0.017069196328520775, 0.012689788825809956, 0.010368469171226025, 0.013202160596847534, 0.013447379693388939], "(3, 5, 4, 3)": [0.0170767642557621, 0.019243858754634857, 0.01821376383304596, 0.015653900802135468, 0.01671001873910427], "(3, 5, 3, 2)": [0.01928679086267948, 0.01860775053501129, 0.015965430065989494, 0.01802978850901127, 0.016708459705114365], "(3, 5, 2, 2)": [0.019108125939965248, 0.01970430091023445, 0.018159471452236176, 0.01868242397904396, 0.017874646931886673], "(3, 5, 1, 2)": [0.01893463544547558, 0.019434278830885887, 0.01803836040198803, 0.018207499757409096, 0.018025154247879982], "(3, 5, 1, 1)": [0.019046830013394356, 0.0189566258341074, 0.01865147240459919, 0.018868084996938705, 0.01949029415845871], "(3, 5, 0, 1)": [0.010493267327547073, 0.011326625011861324, 0.004612134303897619, 0.018707355484366417, 0.0077946921810507774], "(2, 5, 1, 1)": [0.019614391028881073, 0.019551999866962433, 0.01974845863878727, 0.019617555662989616, 0.01963685266673565], "(1, 4, 0, 1)": [0.01785256899893284, 0.01814303733408451, 0.01793714240193367, 0.018171586096286774, 0.018954141065478325], "(1, 4, 1, 2)": [0.019133254885673523, 0.018633965402841568, 0.019483523443341255, 0.01923677697777748, 0.01607775129377842], "(1, 4, 2, 2)": [0.017932286486029625, 0.018664557486772537, 0.01832861639559269, 0.01631607674062252, 0.01909889653325081], "(1, 4, 3, 2)": [0.018340012058615685, 0.018378792330622673, 0.01821230910718441, 0.01900668628513813, 0.018209688365459442], "(1, 4, 4, 3)": [0.0042450688779354095, 0.010224709287285805, 0.0037771048955619335, 0.006344960071146488, 0.017194371670484543], "(2, 4, 0, 2)": [0.00997400376945734, 0.013120419345796108, 0.014424920082092285, 0.013167119584977627, 0.019665207713842392], "(3, 5, 5, 3)": [0.015607450157403946, 0.018845990300178528, 0.016205087304115295, 0.01577555201947689, 0.01479385606944561], "(2, 5, 6, 4)": [0.0, -0.0019615020137280226, 0.011390830390155315, -0.0017457380890846252, 0.004170795436948538], "(2, 4, 0, 0)": [0.0011253186967223883, 0.00770647544413805, 0.0, 0.0006994842551648617, 0.0], "(2, 5, 6, 3)": [0.0018843605648726225, 0.012018044479191303, 0.001776031800545752, 0.005721800960600376, 0.004862482193857431], "(3, 4, 1, 1)": [0.015463603660464287, 0.015039516612887383, 0.015847664326429367, 0.015576561912894249, 0.018521375954151154], "(1, 5, 0, 2)": [0.019238969311118126, 0.019315924495458603, 0.019224803894758224, 0.019178515300154686, 0.01925252377986908], "(1, 5, 0, 1)": [0.019223380833864212, 0.019228996708989143, 0.018741954118013382, 0.019243206828832626, 0.019536036998033524], "(1, 4, 0, 2)": [0.01818452961742878, 0.019125893712043762, 0.018953513354063034, 0.018391605466604233, 0.018136421218514442], "(1, 4, 2, 3)": [0.007689539808779955, 0.011033473536372185, 0.019596043974161148, 0.010149932466447353, 0.007127963472157717], "(1, 5, 1, 2)": [0.019019251689314842, 0.01762632466852665, 0.019259264692664146, 0.01823880709707737, 0.019063999876379967], "(1, 5, 2, 2)": [0.01896517351269722, 0.018918829038739204, 0.019074486568570137, 0.016483785584568977, 0.01880929246544838], "(1, 5, 2, 3)": [0.014806723222136497, 0.01615138351917267, 0.010232369415462017, 0.014556347392499447, 0.009057966992259026], "(1, 5, 3, 3)": [0.017171181738376617, 0.016307642683386803, 0.015389502048492432, 0.015714207664132118, 0.018162831664085388], "(1, 4, 3, 3)": [0.016591588035225868, 0.019061800092458725, 0.019041012972593307, 0.01807553879916668, 0.017642803490161896], "(1, 5, 3, 2)": [0.01199575699865818, 0.010192885994911194, 0.005016476381570101, 0.019485624507069588, 0.00917587336152792], "(2, 4, -1, 0)": [0.0, 0.0014422773383557796, 0.0, 0.0005039360839873552, -0.0009008282795548439], "(2, 4, 5, 4)": [0.0011992774670943618, 0.0013986878329887986, 0.0, 0.0, 0.0], "(1, 5, 1, 3)": [0.0048723723739385605, -3.715080674737692e-05, 0.0, 0.0, -0.0015513161197304726], "(2, 5, -1, 1)": [0.0, 0.0010775367263704538, 0.005494643002748489, 0.0, 0.0009999776957556605], "(1, 4, 1, 1)": [0.009560861624777317, 0.011814306490123272, 0.010444880463182926, 0.013606391847133636, 0.0095987468957901], "(2, 5, 4, 2)": [0.016044562682509422, 0.017255762591958046, 0.0165728610008955, 0.019490187987685204, 0.016749324277043343], "(3, 4, 4, 3)": [0.018571434542536736, 0.017664194107055664, 0.018504824489355087, 0.018160799518227577, 0.01945672184228897], "(3, 5, 4, 2)": [0.018878459930419922, 0.018784118816256523, 0.019385233521461487, 0.019046083092689514, 0.019199013710021973], "(3, 5, 2, 1)": [0.011170249432325363, 0.01947297528386116, 0.010633793659508228, 0.008595493622124195, 0.007505446672439575], "(3, 4, 0, 1)": [0.008029190823435783, 0.011977492831647396, 0.014608675613999367, 0.013613452203571796, 0.018519168719649315], "(3, 4, 5, 3)": [0.018850162625312805, 0.013548333197832108, 0.011723330244421959, 0.011662185192108154, 0.014471293427050114],