{"q_values": {"(2, 5, 2, 2)": [0.019928792491555214, 0.018908046185970306, 0.018718257546424866, 0.018761657178401947, 0.016600655391812325], "(2, 5, 3, 2)": [0.019943246617913246, 0.019523773342370987, 0.01856476627290249, 0.019328484311699867, 0.019355881959199905], "(2, 5, 3, 3)": [0.01990281045436859, 0.016521142795681953, 0.017044955864548683, 0.017338810488581657, 0.015355342999100685], "(2, 4, 2, 2)": [0.01921253278851509, 0.01875981315970421, 0.019170312210917473, 0.01968909427523613, 0.019154559820890427], "(2, 4, 3, 2)": [0.019056765362620354, 0.019437426701188087, 0.018752021715044975, 0.019783593714237213, 0.019432686269283295], "(2, 4, 3, 3)": [0.01984318718314171, 0.01978321000933647, 0.019753720611333847, 0.01977752149105072, 0.019795192405581474], "(2, 4, 4, 3)": [0.01992783695459366, 0.019749397411942482, 0.019701186567544937, 0.019761303439736366, 0.019643455743789673], "(2, 4, 1, 1)": [0.018187137320637703, 0.019094135612249374, 0.01769237406551838, 0.019771257415413857, 0.019063105806708336], "(2, 4, 2, 1)": [0.011133297346532345, 0.01063968800008297, 0.008743911981582642, 0.012580952607095242, 0.019305933266878128], "(2, 5, 4, 3)": [0.019952356815338135, 0.01916440576314926, 0.01914178766310215, 0.016173243522644043, 0.018971184268593788], "(2, 4, 1, 2)": [0.018745604902505875, 0.01807468757033348, 0.01770956628024578, 0.019433842971920967, 0.0198763869702816], "(2, 5, 1, 2)": [0.019887074828147888, 0.016154328361153603, 0.01891343854367733, 0.018048780038952827, 0.01891721971333027], "(2, 5, 0, 2)": [0.01930970884859562, 0.019779594615101814, 0.019258735701441765, 0.01926983892917633, 0.01934470422565937], "(2, 5, 2, 3)": [0.019105205312371254, 0.01189418975263834, 0.014232311397790909, 0.012866864912211895, 0.012716110795736313], "(2, 4, 0, 1)": [0.018422240391373634, 0.019413843750953674, 0.01934436894953251, 0.018975695595145226, 0.019821565598249435], "(2, 4, 4, 2)": [0.019871868193149567, 0.019175201654434204, 0.01901237666606903, 0.018717840313911438, 0.01895732432603836], "(2, 4, 5, 3)": [0.01970379240810871, 0.018692385405302048, 0.01919703185558319, 0.01915273442864418, 0.018889930099248886], "(3, 4, 4, 2)": [0.019476888701319695, 0.019303180277347565, 0.016583023592829704, 0.01950145699083805, 0.01991768553853035], "(3, 4, 3, 2)": [0.018395623192191124, 0.01870180293917656, 0.01717703603208065, 0.01702004298567772, 0.019955787807703018], "(3, 4, 2, 1)": [0.01524011604487896, 0.015093405731022358, 0.01609896868467331, 0.01586867868900299, 0.019797539338469505], "(3, 4, 2, 2)": [0.019450852647423744, 0.01909392699599266, 0.018346045166254044, 0.019412588328123093, 0.019955173134803772], "(3, 4, 3, 1)": [0.0019379222067072988, 0.011703149415552616, 0.00024634029250591993, 0.0019380063749849796, 0.00023100781254470348], "(2, 5, 0, 1)": [0.019471097737550735, 0.0196475051343441, 0.019590316340327263, 0.019847415387630463, 0.019604498520493507], "(2, 5, 5, 3)": [0.01504413690418005, 0.019516224041581154, 0.015261073596775532, 0.014574609696865082, 0.01637079380452633], "(3, 5, 3, 3)": [0.019891878589987755, 0.01844410039484501, 0.018590908497571945, 0.01789340190589428, 0.017060324549674988], "(3, 5, 4, 3)": [0.018813481554389, 0.019864551723003387, 0.01907428912818432, 0.019001450389623642, 0.018350515514612198], "(3, 5, 3, 2)": [0.019906984642148018, 0.01947336085140705, 0.018274161964654922, 0.01968284696340561, 0.01958288438618183], "(3, 5, 2, 2)": [0.017656292766332626, 0.019952688366174698, 0.01958119124174118, 0.019545935094356537, 0.019688080996274948], "(3, 5, 1, 2)": [0.019590293988585472, 0.019972579553723335, 0.01960994303226471, 0.019648388028144836, 0.019535604864358902], "(3, 5, 1, 1)": [0.019659824669361115, 0.01971793733537197, 0.0195640679448843, 0.019657593220472336, 0.019964706152677536], "(3, 5, 0, 1)": [0.018841316923499107, 0.019947662949562073, 0.0192245002835989, 0.019505338743329048, 0.018516279757022858], "(2, 5, 1, 1)": [0.019705070182681084, 0.019890230149030685, 0.01974250189960003, 0.01975390687584877, 0.019753769040107727], "(1, 4, 0, 1)": [0.015044812113046646, 0.014189163222908974, 0.014824433252215385, 0.019915394484996796, 0.01646125502884388], "(1, 4, 1, 2)": [0.018681209534406662, 0.01911788061261177, 0.01895374245941639, 0.019939329475164413, 0.01845170184969902], "(1, 4, 2, 2)": [0.018462304025888443, 0.018342673778533936, 0.01894976757466793, 0.017110245302319527, 0.019961174577474594], "(1, 4, 3, 2)": [0.01896439492702484, 0.01931990496814251, 0.019421370700001717, 0.019381137564778328, 0.01993027701973915], "(1, 4, 4, 3)": [0.017940707504749298, 0.01882205717265606, 0.01747686043381691, 0.016541428864002228, 0.019892333075404167], "(2, 4, 0, 2)": [0.017553133890032768, 0.018604597076773643, 0.019172070547938347, 0.018352707847952843, 0.019919835031032562], "(3, 5, 5, 3)": [0.017740946263074875, 0.01985190436244011, 0.017998117953538895, 0.0156218521296978, 0.01754133403301239], "(2, 5, 6, 4)": [-0.00013405142817646265, -0.0019615020137280226, 0.0065563032403588295, 4.352256655693054e-05, -0.0003603195073083043], "(2, 4, 0, 0)": [-0.0005259689642116427, 0.002216198481619358, -0.003122141119092703, -0.0003105213399976492, 0.008239376358687878], "(2, 5, 6, 3)": [0.004571476951241493, 0.016592878848314285, 0.0035595190711319447, 0.007036528550088406, 0.007462448440492153], "(3, 4, 1, 1)": [0.0152857955545187, 0.014247843995690346, 0.015651913359761238, 0.01993650570511818, 0.014803892932832241], "(1, 5, 0, 2)": [0.019933054223656654, 0.019174175336956978, 0.019096098840236664, 0.0190887488424778, 0.016836995258927345], "(1, 5, 0, 1)": [0.019292235374450684, 0.019465479999780655, 0.01963665522634983, 0.019896797835826874, 0.019643155857920647], "(1, 4, 0, 2)": [0.019077826291322708, 0.017260195687413216, 0.01992233470082283, 0.019145958125591278, 0.019212128594517708], "(1, 4, 2, 3)": [0.01775965467095375, 0.017654061317443848, 0.019898833706974983, 0.018299780786037445, 0.018562814220786095], "(1, 5, 1, 2)": [0.019937630742788315, 0.019433114677667618, 0.017840677872300148, 0.018749753013253212, 0.018508046865463257], "(1, 5, 2, 2)": [0.019892215728759766, 0.01921001821756363, 0.019514698535203934, 0.018026823177933693, 0.018468882888555527], "(1, 5, 2, 3)": [0.019798055291175842, 0.013637429103255272, 0.014468548819422722, 0.013799470849335194, 0.013043571263551712], "(1, 5, 3, 3)": [0.017461717128753662, 0.01986706256866455, 0.017582882195711136, 0.01721671037375927, 0.01865551434457302], "(1, 4, 3, 3)": [0.0195633377879858, 0.019926782697439194, 0.01961333490908146, 0.019706083461642265, 0.019729509949684143], "(1, 5, 3, 2)": [0.019831625744700432, 0.019045718014240265, 0.019200896844267845, 0.019407691434025764, 0.019391922280192375], "(2, 4, -1, 0)": [-0.004341224208474159, -0.0028407247737050056, 0.0032390309497714043, -0.003569390159100294, -0.003241859609261155], "(2, 4, 5, 4)": [0.0011992774670943618, 0.007490725722163916, 0.0, 0.0, 0.0019304488087072968], "(1, 5, 1, 3)": [0.01829102262854576, 0.0049010165967047215, -1.5361118130385876e-05, 0.0, 0.0005910387262701988], "(2, 5, -1, 1)": [0.0016273082001134753, 0.0025617252103984356, 0.014614739455282688, 0.0, 0.0009999776957556605], "(1, 4, 1, 1)": [0.01202694233506918, 0.019314493983983994, 0.012056450359523296, 0.011147948913276196, 0.011481046676635742], "(2, 5, 4, 2)": [0.019389266148209572, 0.019954821094870567, 0.019218793138861656, 0.01900363713502884, 0.018805239349603653], "(3, 4, 4, 3)": [0.01971755176782608, 0.01972809061408043, 0.01982560008764267, 0.019756194204092026, 0.019757471978664398], "(3, 5, 4, 2)": [0.019463500007987022, 0.01987619325518608, 0.019582875072956085, 0.019482631236314774, 0.019536370411515236], "(3, 5, 2, 1)": [0.011170249432325363, 0.01993030682206154, 0.014723594300448895, 0.012908009812235832, 0.01497159618884325], "(3, 4, 0, 1)": [0.014385181479156017, 0.015044404193758965, 0.01576155424118042, 0.016335338354110718, 0.01632796786725521],