{"q_values": {"(2, 5, 2, 2)": [0.019915005192160606, 0.019427672028541565, 0.017527727410197258, 0.019321652129292488, 0.019067062065005302], "(2, 5, 3, 2)": [0.019916219636797905, 0.019121035933494568, 0.019321875646710396, 0.018960313871502876, 0.01934942603111267], "(2, 5, 3, 3)": [0.019826039671897888, 0.016413884237408638, 0.0162269975990057, 0.014916032552719116, 0.016294533386826515], "(2, 4, 2, 2)": [0.018869556486606598, 0.01875174045562744, 0.017540814355015755, 0.0196446031332016, 0.018052702769637108], "(2, 4, 3, 2)": [0.01938655599951744, 0.01942826248705387, 0.01925993338227272, 0.01984454318881035, 0.01928034983575344], "(2, 4, 3, 3)": [0.01965671218931675, 0.019655153155326843, 0.019760437309741974, 0.019872622564435005, 0.0197190772742033], "(2, 4, 4, 3)": [0.01986677013337612, 0.0196923166513443, 0.019687451422214508, 0.019475480541586876, 0.01971643976867199], "(2, 4, 1, 1)": [0.017364095896482468, 0.014890199527144432, 0.01729581318795681, 0.01593725010752678, 0.010789860971271992], "(2, 4, 2, 1)": [0.01473053265362978, 0.0082334503531456, 0.009854957461357117, 0.00808786228299141, 0.010102175176143646], "(2, 5, 4, 3)": [0.018787173554301262, 0.019798610359430313, 0.019192475825548172, 0.01902959495782852, 0.019419994205236435], "(2, 4, 1, 2)": [0.019199106842279434, 0.016646549105644226, 0.019823960959911346, 0.019229596480727196, 0.01921810209751129], "(2, 5, 1, 2)": [0.018325380980968475, 0.019858520478010178, 0.019406132400035858, 0.01907089725136757, 0.019401509314775467], "(2, 5, 0, 2)": [0.01971922442317009, 0.019213035702705383, 0.01924154721200466, 0.019304385408759117, 0.019267957657575607], "(2, 5, 2, 3)": [0.018729984760284424, 0.013470363803207874, 0.013655376620590687, 0.013350868597626686, 0.014719869941473007], "(2, 4, 0, 1)": [0.017907144501805305, 0.017788970842957497, 0.01764095015823841, 0.01433852780610323, 0.019616344943642616], "(2, 4, 4, 2)": [0.01962364837527275, 0.019308440387248993, 0.01931646279990673, 0.019319338724017143, 0.01938416250050068], "(2, 4, 5, 3)": [0.018612580373883247, 0.01844910904765129, 0.018462862819433212, 0.01841072551906109, 0.018840381875634193], "(3, 4, 4, 2)": [0.01910431683063507, 0.017694678157567978, 0.019055146723985672, 0.01889009214937687, 0.019155146554112434], "(3, 4, 3, 2)": [0.01897084340453148, 0.018869750201702118, 0.01884014718234539, 0.013178910128772259, 0.018855836242437363], "(3, 4, 2, 1)": [0.014052754268050194, 0.013949020765721798, 0.015375462360680103, 0.01443580910563469, 0.013637888245284557], "(3, 4, 2, 2)": [0.017676405608654022, 0.01785750314593315, 0.015459766611456871, 0.017679980024695396, 0.018377449363470078], "(3, 4, 3, 1)": [0.00017929531168192625, 0.01206787396222353, -0.0014014377957209945, 0.0019380063749849796, 0.00023100781254470348], "(2, 5, 0, 1)": [0.019619189202785492, 0.019602425396442413, 0.019637031480669975, 0.01961354725062847, 0.019759517163038254], "(2, 5, 5, 3)": [0.015120045281946659, 0.01851753145456314, 0.01580405980348587, 0.015323968604207039, 0.015508877113461494], "(3, 5, 3, 3)": [0.012474805116653442, 0.015569050796329975, 0.012657771818339825, 0.012769420631229877, 0.014273831620812416], "(3, 5, 4, 3)": [0.015600371174514294, 0.0157058984041214, 0.019504230469465256, 0.015986239537596703, 0.01662689633667469], "(3, 5, 3, 2)": [0.01960928551852703, 0.01758589595556259, 0.019110362976789474, 0.01891833357512951, 0.018586890771985054], "(3, 5, 2, 2)": [0.019516723230481148, 0.018990350887179375, 0.019095512107014656, 0.01446462981402874, 0.019190756604075432], "(3, 5, 1, 2)": [0.018885890021920204, 0.019253704696893692, 0.019141225144267082, 0.019156785681843758, 0.019215455278754234], "(3, 5, 1, 1)": [0.019326675683259964, 0.0192914679646492, 0.019326822832226753, 0.019500060006976128, 0.01933165080845356], "(3, 5, 0, 1)": [0.013776883482933044, 0.013593417592346668, 0.007499951869249344, 0.019428489729762077, 0.010957993566989899], "(2, 5, 1, 1)": [0.01956935040652752, 0.019531670957803726, 0.01960202120244503, 0.019470257684588432, 0.019819851964712143], "(1, 4, 0, 1)": [0.018551507964730263, 0.018814675509929657, 0.018181145191192627, 0.01792755350470543, 0.01960643194615841], "(1, 4, 1, 2)": [0.017672836780548096, 0.0189363956451416, 0.019009800627827644, 0.017896335572004318, 0.01953321322798729], "(1, 4, 2, 2)": [0.019169075414538383, 0.017545061185956, 0.019139476120471954, 0.019144803285598755, 0.019520487636327744], "(1, 4, 3, 2)": [0.01918092742562294, 0.019095785915851593, 0.019032172858715057, 0.019222194328904152, 0.019585907459259033], "(1, 4, 4, 3)": [0.006713338661938906, 0.013981484808027744, 0.006766831036657095, 0.010185263119637966, 0.01911179907619953], "(2, 4, 0, 2)": [0.013355220668017864, 0.01582036167383194, 0.01588067039847374, 0.014894566498696804, 0.01968991570174694], "(3, 5, 5, 3)": [0.017208240926265717, 0.01839780993759632, 0.016031842678785324, 0.015861762687563896, 0.01510688103735447], "(2, 5, 6, 4)": [0.0018957502907142043, -0.0019615020137280226, 0.01562361791729927, 4.352256655693054e-05, 0.005614529363811016], "(2, 4, 0, 0)": [0.0023452520836144686, 0.005541540216654539, 0.0, -0.000608296599239111, 0.0], "(2, 5, 6, 3)": [0.0030836821533739567, 0.01573413424193859, 0.001776031800545752, 0.007036528550088406, 0.007462448440492153], "(3, 4, 1, 1)": [0.012859431095421314, 0.017632819712162018, 0.011431971564888954, 0.013084257952868938, 0.01378551684319973], "(1, 5, 0, 2)": [0.01982988603413105, 0.019467521458864212, 0.01940249465405941, 0.018987279385328293, 0.01926906406879425], "(1, 5, 0, 1)": [0.01951020210981369, 0.019505605101585388, 0.019664041697978973, 0.01956711709499359, 0.019857771694660187], "(1, 4, 0, 2)": [0.01937643438577652, 0.019539348781108856, 0.019848989322781563, 0.01949898712337017, 0.01923907920718193], "(1, 4, 2, 3)": [0.012619380839169025, 0.015121223405003548, 0.0196846816688776, 0.01462967786937952, 0.015384571626782417], "(1, 5, 1, 2)": [0.019874228164553642, 0.01928500458598137, 0.01929471269249916, 0.018660373985767365, 0.018136821687221527], "(1, 5, 2, 2)": [0.019497983157634735, 0.019749630242586136, 0.019488777965307236, 0.019534528255462646, 0.01947302743792534], "(1, 5, 2, 3)": [0.015880314633250237, 0.01885894499719143, 0.013538830913603306, 0.015311622060835361, 0.015439771115779877], "(1, 5, 3, 3)": [0.019590243697166443, 0.01783900335431099, 0.016728011891245842, 0.017451707273721695, 0.016514014452695847], "(1, 4, 3, 3)": [0.019702276214957237, 0.019512197002768517, 0.01956981047987938, 0.01952129229903221, 0.019529782235622406], "(1, 5, 3, 2)": [0.019645247608423233, 0.014665786176919937, 0.014508198015391827, 0.016859952360391617, 0.01557748019695282], "(2, 4, -1, 0)": [-0.0021968584042042494, -0.0006991641130298376, 0.0, -0.0015262584201991558, -0.0009008282795548439], "(2, 4, 5, 4)": [0.0011992774670943618, 0.002891961485147476, 0.0, 0.0, 0.0019304488087072968], "(1, 5, 1, 3)": [0.012655867263674736, 0.001794209354557097, 0.001959113636985421, 0.0, 0.0005910387262701988], "(2, 5, -1, 1)": [0.0, 0.0025617252103984356, 0.008364137262105942, 0.0, 0.0009999776957556605], "(1, 4, 1, 1)": [0.011530710384249687, 0.013106130063533783, 0.014142288826406002, 0.017382193356752396, 0.01276217121630907], "(2, 5, 4, 2)": [0.017312919721007347, 0.018313391134142876, 0.01742594502866268, 0.019728342071175575, 0.017818568274378777], "(3, 4, 4, 3)": [0.019350657239556313, 0.019391030073165894, 0.01961177960038185, 0.019316652789711952, 0.01929997280240059], "(3, 5, 4, 2)": [0.0196036659181118, 0.01943560317158699, 0.017754634842276573, 0.01938406564295292, 0.017413783818483353], "(3, 5, 2, 1)": [0.011170249432325363, 0.01938687451183796, 0.012983409687876701, 0.01150418072938919, 0.010803465731441975], "(3, 4, 0, 1)": [0.012884778901934624, 0.013268116861581802, 0.011183202266693115, 0.01084053236991167, 0.017510024830698967], "(3, 4, 5, 3)": [0.01945735514163971, 0.016646433621644974, 0.014861403033137321, 0.016571665182709694, 0.01716025359928608],