{"q_values": {"(2, 5, 2, 2)": [0.019915100187063217, 0.018833525478839874, 0.019456107169389725, 0.01882493682205677, 0.019309062510728836], "(2, 5, 3, 2)": [0.01944892853498459, 0.019909793511033058, 0.01945890486240387, 0.019446106627583504, 0.019459400326013565], "(2, 5, 3, 3)": [0.01987290009856224, 0.016212595626711845, 0.016780083999037743, 0.017011307179927826, 0.016726424917578697], "(2, 4, 2, 2)": [0.01881738379597664, 0.018446072936058044, 0.01908763311803341, 0.018715808168053627, 0.019933506846427917], "(2, 4, 3, 2)": [0.01895778439939022, 0.018996626138687134, 0.01615927182137966, 0.01880658231675625, 0.01981654018163681], "(2, 4, 3, 3)": [0.019946958869695663, 0.019702376797795296, 0.019694142043590546, 0.019686171784996986, 0.019671767950057983], "(2, 4, 4, 3)": [0.019556652754545212, 0.019661832600831985, 0.01960299164056778, 0.019572636112570763, 0.01985839381814003], "(2, 4, 1, 1)": [0.01668238453567028, 0.01724051870405674, 0.016547085717320442, 0.019868386909365654, 0.0165428314357996], "(2, 4, 2, 1)": [0.011133297346532345, 0.012331407517194748, 0.008743911981582642, 0.013294897973537445, 0.01968831568956375], "(2, 5, 4, 3)": [0.019865090027451515, 0.017118047922849655, 0.019409799948334694, 0.01918046921491623, 0.019318966194987297], "(2, 4, 1, 2)": [0.017444070428609848, 0.01958097331225872, 0.019553715363144875, 0.019724557176232338, 0.019435975700616837], "(2, 5, 1, 2)": [0.019961535930633545, 0.019559752196073532, 0.01964467763900757, 0.01956276409327984, 0.017412640154361725], "(2, 5, 0, 2)": [0.019813762977719307, 0.019468260928988457, 0.019202986732125282, 0.019397906959056854, 0.019464295357465744], "(2, 5, 2, 3)": [0.013947748579084873, 0.01189418975263834, 0.01716553047299385, 0.013562647625803947, 0.012716110795736313], "(2, 4, 0, 1)": [0.016437727957963943, 0.01780099608004093, 0.018008213490247726, 0.01676126942038536, 0.019870219752192497], "(2, 4, 4, 2)": [0.016736675053834915, 0.019058801233768463, 0.019872477278113365, 0.018894260749220848, 0.0190531387925148], "(2, 4, 5, 3)": [0.01981191150844097, 0.018805155530571938, 0.01919703185558319, 0.019281979650259018, 0.018889930099248886], "(3, 4, 4, 2)": [0.016002042219042778, 0.01883411779999733, 0.01679157093167305, 0.01869933493435383, 0.019477887079119682], "(3, 4, 3, 2)": [0.01843874715268612, 0.015238530933856964, 0.01511777937412262, 0.01562469732016325, 0.019226811826229095], "(3, 4, 2, 1)": [0.015712125226855278, 0.015518474392592907, 0.016480501741170883, 0.016590043902397156, 0.019281188026070595], "(3, 4, 2, 2)": [0.019443681463599205, 0.019496701657772064, 0.01945618912577629, 0.019522685557603836, 0.0195872001349926], "(3, 4, 3, 1)": [0.0019379222067072988, 0.012486311607062817, 0.00024634029250591993, 0.0019380063749849796, 0.00023100781254470348], "(2, 5, 0, 1)": [0.019287338480353355, 0.019950002431869507, 0.019686685875058174, 0.019604936242103577, 0.019727131351828575], "(2, 5, 5, 3)": [0.01504413690418005, 0.019558891654014587, 0.01676168665289879, 0.015562876127660275, 0.014392958022654057], "(3, 5, 3, 3)": [0.01752147637307644, 0.016341179609298706, 0.018593043088912964, 0.018634464591741562, 0.018372830003499985], "(3, 5, 4, 3)": [0.013930602930486202, 0.018093960359692574, 0.015528855845332146, 0.014360136352479458, 0.015765981748700142], "(3, 5, 3, 2)": [0.01832067221403122, 0.01605595462024212, 0.01516535971313715, 0.015513256192207336, 0.015560014173388481], "(3, 5, 2, 2)": [0.019502054899930954, 0.016605323180556297, 0.019247325137257576, 0.019197331741452217, 0.019249239936470985], "(3, 5, 1, 2)": [0.01953117735683918, 0.019572032615542412, 0.01955416612327099, 0.01954004354774952, 0.019367288798093796], "(3, 5, 1, 1)": [0.019700365141034126, 0.019697587937116623, 0.019724979996681213, 0.019705571234226227, 0.019800009205937386], "(3, 5, 0, 1)": [0.01914132572710514, 0.01977325975894928, 0.01962832175195217, 0.019694536924362183, 0.018786169588565826], "(2, 5, 1, 1)": [0.019656062126159668, 0.019726160913705826, 0.019735315814614296, 0.019754625856876373, 0.019950971007347107], "(1, 4, 0, 1)": [0.014623364433646202, 0.01456419751048088, 0.01588607020676136, 0.01919264905154705, 0.015523570589721203], "(1, 4, 1, 2)": [0.01588001847267151, 0.015524307265877724, 0.01656070537865162, 0.019327843561768532, 0.0163139495998621], "(1, 4, 2, 2)": [0.01645646244287491, 0.017317501828074455, 0.018640540540218353, 0.01867849938571453, 0.0191489290446043], "(1, 4, 3, 2)": [0.018604805693030357, 0.019208567216992378, 0.018897002562880516, 0.018831219524145126, 0.01881972700357437], "(1, 4, 4, 3)": [0.01813821867108345, 0.01882205717265606, 0.01747686043381691, 0.016883278265595436, 0.01971038244664669], "(2, 4, 0, 2)": [0.017553133890032768, 0.018604597076773643, 0.019225917756557465, 0.018352707847952843, 0.01985158585011959], "(3, 5, 5, 3)": [0.015512457117438316, 0.017336735501885414, 0.015243558213114738, 0.014408283866941929, 0.014173825271427631], "(2, 5, 6, 4)": [-0.00013405142817646265, -0.0019615020137280226, 0.007693437393754721, 4.352256655693054e-05, -0.0003603195073083043], "(2, 4, 0, 0)": [-0.0005259689642116427, 0.002216198481619358, -0.003122141119092703, -0.0003105213399976492, 0.011185623705387115], "(2, 5, 6, 3)": [0.004571476951241493, 0.016208620741963387, 0.0035595190711319447, 0.007036528550088406, 0.007462448440492153], "(3, 4, 1, 1)": [0.016099058091640472, 0.015315158292651176, 0.015549508854746819, 0.01970663107931614, 0.016398770734667778], "(1, 5, 0, 2)": [0.01964087225496769, 0.01949707418680191, 0.019575294107198715, 0.01964074745774269, 0.01885775476694107], "(1, 5, 0, 1)": [0.01926923170685768, 0.019797055050730705, 0.01955972984433174, 0.019576067104935646, 0.019551102072000504], "(1, 4, 0, 2)": [0.01916232891380787, 0.01818162016570568, 0.019130734726786613, 0.01964198239147663, 0.019137632101774216], "(1, 4, 2, 3)": [0.01775965467095375, 0.01787523366510868, 0.019914545118808746, 0.018299780786037445, 0.018824145197868347], "(1, 5, 1, 2)": [0.019573833793401718, 0.01624998264014721, 0.01918657496571541, 0.01920044980943203, 0.019182240590453148], "(1, 5, 2, 2)": [0.01919250376522541, 0.019539985805749893, 0.01920357532799244, 0.0189855694770813, 0.01932927779853344], "(1, 5, 2, 3)": [0.019449815154075623, 0.013637429103255272, 0.01625603437423706, 0.015411227941513062, 0.013709910213947296], "(1, 5, 3, 3)": [0.019001934677362442, 0.019540050998330116, 0.019266454502940178, 0.019136909395456314, 0.019280560314655304], "(1, 4, 3, 3)": [0.01973778009414673, 0.019756276160478592, 0.019762776792049408, 0.01988823153078556, 0.01976029947400093], "(1, 5, 3, 2)": [0.019838348031044006, 0.019181665033102036, 0.019200896844267845, 0.019534872844815254, 0.019391922280192375], "(2, 4, -1, 0)": [-0.004341224208474159, -0.0028407247737050056, 0.004897848702967167, -0.003569390159100294, -0.003241859609261155], "(2, 4, 5, 4)": [0.0011992774670943618, 0.007490725722163916, 0.0, 0.0, 0.0019304488087072968], "(1, 5, 1, 3)": [0.018723569810390472, 0.0049010165967047215, -1.5361118130385876e-05, 0.0, 0.0005910387262701988], "(2, 5, -1, 1)": [0.0016273082001134753, 0.0025617252103984356, 0.016028080135583878, 0.0, 0.0009999776957556605], "(1, 4, 1, 1)": [0.01202694233506918, 0.017714504152536392, 0.012056450359523296, 0.011147948913276196, 0.011964106932282448], "(2, 5, 4, 2)": [0.019389266148209572, 0.019931968301534653, 0.019287969917058945, 0.01925782300531864, 0.018805239349603653], "(3, 4, 4, 3)": [0.019920993596315384, 0.019732404500246048, 0.019815677776932716, 0.019836366176605225, 0.019759029150009155], "(3, 5, 4, 2)": [0.01951412670314312, 0.019423656165599823, 0.01951139234006405, 0.019518066197633743, 0.019523240625858307], "(3, 5, 2, 1)": [0.011170249432325363, 0.01983937993645668, 0.015241282060742378, 0.01424406934529543, 0.015463723801076412], "(3, 4, 0, 1)": [0.017202263697981834, 0.016683993861079216, 0.019218172878026962, 0.016513274982571602, 0.017530467361211777],