{"q_values": {"(2, 5, 2, 2)": [0.01864634081721306, 0.0190794225782156, 0.016826435923576355, 0.018698474392294884, 0.018634136766195297], "(2, 5, 3, 2)": [0.018589191138744354, 0.015692440792918205, 0.018717430531978607, 0.01575704663991928, 0.018629739060997963], "(2, 5, 3, 3)": [0.01600555330514908, 0.013815779238939285, 0.015474952757358551, 0.01771310530602932, 0.015552252531051636], "(2, 4, 2, 2)": [0.018624382093548775, 0.019150439649820328, 0.018234247341752052, 0.01932716928422451, 0.019413745030760765], "(2, 4, 3, 2)": [0.0192001573741436, 0.01927575282752514, 0.019117016345262527, 0.019386179745197296, 0.019440988078713417], "(2, 4, 3, 3)": [0.018590230494737625, 0.0185365192592144, 0.01900382526218891, 0.019350266084074974, 0.019078262150287628], "(2, 4, 4, 3)": [0.01811850816011429, 0.01884876936674118, 0.01889503002166748, 0.018575631082057953, 0.018724434077739716], "(2, 4, 1, 1)": [0.013962640427052975, 0.014954940415918827, 0.013258484192192554, 0.016302894800901413, 0.017901306971907616], "(2, 4, 2, 1)": [0.0010688068578019738, 0.0027531597297638655, 0.006024831440299749, 0.00864567793905735, 0.013286733068525791], "(2, 5, 4, 3)": [0.015452802181243896, 0.013431353494524956, 0.01115824282169342, 0.013733834028244019, 0.011753560043871403], "(2, 4, 1, 2)": [0.015846438705921173, 0.0176683459430933, 0.01916426606476307, 0.01877743750810623, 0.018200121819972992], "(2, 5, 1, 2)": [0.01902105286717415, 0.017322946339845657, 0.019069751724600792, 0.01812305673956871, 0.019065536558628082], "(2, 5, 0, 2)": [0.01824582926928997, 0.01767028495669365, 0.018702123314142227, 0.017781317234039307, 0.01766781322658062], "(2, 5, 2, 3)": [0.0112536009401083, 0.011585339903831482, 0.015021978877484798, -0.00389836635440588, 0.008241703733801842], "(2, 4, 0, 1)": [0.014097563922405243, 0.014150992035865784, 0.015477285720407963, 0.01265703421086073, 0.016441920772194862], "(2, 4, 4, 2)": [0.01779721863567829, 0.018159059807658195, 0.01648472622036934, 0.019231192767620087, 0.018187200650572777], "(2, 4, 5, 3)": [0.007781021296977997, 0.010906921699643135, 0.01243189349770546, 0.008768506348133087, 0.014670674689114094], "(3, 4, 4, 2)": [0.004273327067494392, 0.01237395778298378, 0.00801005493849516, 0.015517693012952805, 0.008557053282856941], "(3, 4, 3, 2)": [0.012851295992732048, 0.01591077446937561, 0.016123788431286812, 0.017265046015381813, 0.01606455259025097], "(3, 4, 2, 1)": [0.006240692920982838, 0.002606007969006896, 0.003926699049770832, 0.005991999059915543, 0.012524079531431198], "(3, 4, 2, 2)": [0.01413685642182827, 0.013279061764478683, 0.01689315401017666, 0.013982484117150307, 0.014637883752584457], "(3, 4, 3, 1)": [-0.0011181365698575974, 0.0, 0.0, 0.0, 0.0], "(2, 5, 0, 1)": [0.01883324421942234, 0.018938638269901276, 0.01915760338306427, 0.018878068774938583, 0.01907401531934738], "(2, 5, 5, 3)": [0.00909580197185278, 0.009575890377163887, 0.010119120590388775, 0.012166112661361694, 0.009438784793019295], "(3, 5, 3, 3)": [0.006816774141043425, 0.01002497412264347, 0.002911703661084175, 0.00246516615152359, 0.0062291244976222515], "(3, 5, 4, 3)": [0.015183509327471256, 0.012616287916898727, 0.010540036484599113, 0.00719034019857645, 0.008425043895840645], "(3, 5, 3, 2)": [0.018234223127365112, 0.018297605216503143, 0.018542511388659477, 0.018160656094551086, 0.01792299747467041], "(3, 5, 2, 2)": [0.018269658088684082, 0.018298057839274406, 0.018203193321824074, 0.018266936764121056, 0.014742540195584297], "(3, 5, 1, 2)": [0.011565059423446655, 0.009171501733362675, 0.012659401632845402, 0.016184186562895775, 0.010525671765208244], "(3, 5, 1, 1)": [0.008569372817873955, 0.00901805143803358, 0.0102985305711627, 0.008803761564195156, 0.011638211086392403], "(3, 5, 0, 1)": [0.0035071969032287598, 0.002246171934530139, 0.001263606594875455, 0.0033287685364484787, 0.0025827058125287294], "(2, 5, 1, 1)": [0.019370075315237045, 0.0172430332750082, 0.018379217013716698, 0.018654387444257736, 0.017817573621869087], "(1, 4, 0, 1)": [0.005813822150230408, 0.005536610260605812, 0.008303403854370117, 0.004720055498182774, 0.006649380084127188], "(1, 4, 1, 2)": [0.009243135340511799, 0.0109834223985672, 0.010729980655014515, 0.013926241546869278, 0.015234831720590591], "(1, 4, 2, 2)": [0.012209550477564335, 0.010269813239574432, 0.01334722712635994, 0.0123967994004488, 0.01535541657358408], "(1, 4, 3, 2)": [0.010304969735443592, 0.013992534950375557, 0.006368523463606834, 0.009693203493952751, 0.007614933419972658], "(1, 4, 4, 3)": [0.000990879605524242, 0.0, 0.0011486724251881242, 0.0, 0.0], "(2, 4, 0, 2)": [0.0019485693192109466, 0.0, 0.00165548303630203, 0.005454227793961763, 0.007342838682234287], "(3, 5, 5, 3)": [0.006927944719791412, 0.0036108088679611683, 0.009704617783427238, 0.004178143106400967, 0.0058364588767290115], "(2, 5, 6, 4)": [0.0, 0.0, 0.002034077188000083, -0.003157372586429119, 0.0], "(2, 4, 0, 0)": [0.0, 0.0, 0.0, 0.0030322165694087744, 0.0], "(2, 5, 6, 3)": [0.0009424472227692604, 0.0, 0.0, 0.002337544457986951, 0.000967727683018893], "(3, 4, 1, 1)": [0.010326581075787544, 0.008035286329686642, 0.007897337898612022, 0.01326789427548647, 0.00900743342936039], "(1, 5, 0, 2)": [0.008055213838815689, 0.014014523476362228, 0.00968086812645197, 0.00947421696037054, 0.011246135458350182], "(1, 5, 0, 1)": [0.006824953947216272, 0.004141754005104303, 0.004223240539431572, 0.00356907956302166, 0.0033275694586336613], "(1, 4, 0, 2)": [0.004655809607356787, 0.0072144255973398685, 0.0038353626150637865, 0.004292004741728306, 0.006285114213824272], "(1, 4, 2, 3)": [0.0, 0.0016698777908459306, 0.004778152331709862, 0.0011897546937689185, 0.0010857590241357684], "(1, 5, 1, 2)": [0.014086396433413029, 0.01660631038248539, 0.013793407008051872, 0.015108682215213776, 0.012507397681474686], "(1, 5, 2, 2)": [0.01108725555241108, 0.008553765714168549, 0.010039357468485832, 0.007187336217612028, 0.006744954735040665], "(1, 5, 2, 3)": [0.010080846026539803, 0.004343007691204548, 0.0034964834339916706, 0.004752282984554768, 0.003447269555181265], "(1, 5, 3, 3)": [0.004729656968265772, -0.0008437656797468662, 0.003527937224134803, 0.010549049824476242, 0.006649285089224577], "(1, 4, 3, 3)": [0.0032014595344662666, 0.005500931292772293, 0.007594358641654253, 0.0015425985911861062, 0.0013452550629153848], "(1, 5, 3, 2)": [0.0, 0.0, 0.0, 0.0011682040058076382, 0.0], "(2, 4, -1, 0)": [0.0, 0.0, 0.0, -0.0014810009161010385, 0.0], "(2, 4, 5, 4)": [0.0011992774670943618, 0.0, 0.0, 0.0, 0.0], "(1, 5, 1, 3)": [0.0012681086082011461, -3.715080674737692e-05, 0.0, 0.0, -0.0037263985723257065], "(2, 5, -1, 1)": [0.0, 0.0, 0.002678605495020747, 0.0, 0.0009999776957556605], "(1, 4, 1, 1)": [0.0017449484439566731, 0.005209474824368954, 0.001316527253948152, 0.0011959767434746027, 0.002031405922025442], "(2, 5, 4, 2)": [0.007974566891789436, 0.00766236986964941, 0.007739700842648745, 0.012180253863334656, 0.003867893246933818], "(3, 4, 4, 3)": [0.003951180726289749, 0.002387001644819975, 0.0024374625645577908, 0.0012135308934375644, 0.00974916573613882], "(3, 5, 4, 2)": [0.008045719936490059, 0.007877504453063011, 0.01608847826719284, 0.011857753619551659, 0.01272917166352272], "(3, 5, 2, 1)": [0.0, 0.005216506775468588, 0.0, 0.003289700485765934, 0.0014831299195066094], "(3, 4, 0, 1)": [0.0023563443683087826, 0.003271044697612524, 0.005227468442171812, 0.001417824300006032, 0.010030385106801987], "(3, 4, 5, 3)": [0.006677309516817331, 0.002852746518328786, 0.005303944926708937, 0.0011875889031216502, 0.0012043880997225642], "(2, 5, 4, 4)": [0.0, 0.0, 0.0, 0.0, 0.0], "(3, 4, 1, 2)": [0.005401729606091976, 0.002817118540406227, 0.0018161780899390578, 0.0037534376606345177, 0.0015475566033273935], "(1, 4, 0, 0)": [0.0, 0.0, 0.0, 0.0, 0.0], "(1, 5, 4, 3)": [0.0, 0.001430394360795617, 0.0, 0.005664946045726538, 0.0012751145986840129], "(2, 5, 5, 4)": [0.0009901770390570164, 0.0, 0.001104217953979969, 0.000929107831325382, 0.0009614499285817146],