{"q_values": {"(2, 5, 2, 2)": [0.01977521926164627, 0.017780423164367676, 0.01860990934073925, 0.018828507512807846, 0.018736012279987335], "(2, 5, 3, 2)": [0.01949925534427166, 0.01989278383553028, 0.019635463133454323, 0.019663264974951744, 0.018747616559267044], "(2, 5, 3, 3)": [0.016871385276317596, 0.019855288788676262, 0.016008421778678894, 0.016495680436491966, 0.016881797462701797], "(2, 4, 2, 2)": [0.015780461952090263, 0.01612727716565132, 0.01876225695014, 0.01857471838593483, 0.019716905429959297], "(2, 4, 3, 2)": [0.01917130872607231, 0.01913301646709442, 0.01891201175749302, 0.019853785634040833, 0.01915246993303299], "(2, 4, 3, 3)": [0.01979467086493969, 0.019698577001690865, 0.019635969772934914, 0.01960008777678013, 0.01967376470565796], "(2, 4, 4, 3)": [0.019864575937390327, 0.019639842212200165, 0.019477952271699905, 0.01941705495119095, 0.01955373026430607], "(2, 4, 1, 1)": [0.01597597450017929, 0.015485226176679134, 0.015825636684894562, 0.016544446349143982, 0.01490146666765213], "(2, 4, 2, 1)": [0.009095581248402596, 0.009617825038731098, 0.008743911981582642, 0.012580952607095242, 0.018671156838536263], "(2, 5, 4, 3)": [0.019859716296195984, 0.01627744361758232, 0.015842575579881668, 0.016378480941057205, 0.014760417863726616], "(2, 4, 1, 2)": [0.019102726131677628, 0.019048508256673813, 0.01608692854642868, 0.018740033730864525, 0.017054598778486252], "(2, 5, 1, 2)": [0.019693566486239433, 0.018027685582637787, 0.01921168714761734, 0.0187305249273777, 0.0191841758787632], "(2, 5, 0, 2)": [0.019216731190681458, 0.01917126588523388, 0.019060494378209114, 0.01940649002790451, 0.019137199968099594], "(2, 5, 2, 3)": [0.01918509602546692, 0.011676555499434471, 0.012964996509253979, 0.012735163792967796, 0.011071804910898209], "(2, 4, 0, 1)": [0.018716808408498764, 0.018043367192149162, 0.01819740980863571, 0.01563388854265213, 0.01806616596877575], "(2, 4, 4, 2)": [0.019297735765576363, 0.019214710220694542, 0.019864728674292564, 0.019062353298068047, 0.019161928445100784], "(2, 4, 5, 3)": [0.01862093061208725, 0.018791213631629944, 0.018875867128372192, 0.018621381372213364, 0.01883554831147194], "(3, 4, 4, 2)": [0.01900373212993145, 0.01861179620027542, 0.017228346318006516, 0.0195591002702713, 0.018555544316768646], "(3, 4, 3, 2)": [0.015972577035427094, 0.018107064068317413, 0.017022335901856422, 0.01467545423656702, 0.019302677363157272], "(3, 4, 2, 1)": [0.011172769591212273, 0.011295967735350132, 0.011455217376351357, 0.013441579416394234, 0.011639835312962532], "(3, 4, 2, 2)": [0.017557434737682343, 0.015335194766521454, 0.017381496727466583, 0.0162018071860075, 0.01646086387336254], "(3, 4, 3, 1)": [0.0019379222067072988, 0.006527419202029705, 0.00024634029250591993, 0.0019380063749849796, 0.00023100781254470348], "(2, 5, 0, 1)": [0.01950475201010704, 0.019751913845539093, 0.01961134932935238, 0.019641254097223282, 0.019640643149614334], "(2, 5, 5, 3)": [0.009634038433432579, 0.016030436381697655, 0.010737887583673, 0.009266857989132404, 0.00997211504727602], "(3, 5, 3, 3)": [0.019796332344412804, 0.012591254897415638, 0.012657771818339825, 0.01113467663526535, 0.013395757414400578], "(3, 5, 4, 3)": [0.019833585247397423, 0.01720219850540161, 0.016736077144742012, 0.016773289069533348, 0.016423063352704048], "(3, 5, 3, 2)": [0.01859605498611927, 0.0193841140717268, 0.019792921841144562, 0.01587185263633728, 0.01853005774319172], "(3, 5, 2, 2)": [0.018426433205604553, 0.019670696929097176, 0.017865853384137154, 0.018207544460892677, 0.01830100826919079], "(3, 5, 1, 2)": [0.01987229660153389, 0.017715778201818466, 0.017335090786218643, 0.0165127944201231, 0.01787426881492138], "(3, 5, 1, 1)": [0.019077995792031288, 0.019005294889211655, 0.01910095103085041, 0.01983676478266716, 0.018951525911688805], "(3, 5, 0, 1)": [0.014822962693870068, 0.016577690839767456, 0.009512625634670258, 0.019706126302480698, 0.013280089944601059], "(2, 5, 1, 1)": [0.0196634940803051, 0.019689496606588364, 0.019593635573983192, 0.01971958391368389, 0.019696952775120735], "(1, 4, 0, 1)": [0.01840939372777939, 0.018043512478470802, 0.01892649382352829, 0.01963607221841812, 0.018676036968827248], "(1, 4, 1, 2)": [0.01945015788078308, 0.01940610632300377, 0.019647620618343353, 0.0192080307751894, 0.019749490544199944], "(1, 4, 2, 2)": [0.01949257031083107, 0.01914139650762081, 0.019535012543201447, 0.01836969517171383, 0.019680621102452278], "(1, 4, 3, 2)": [0.01858825609087944, 0.01951836608350277, 0.019512131810188293, 0.019697217270731926, 0.019349465146660805], "(1, 4, 4, 3)": [0.016979316249489784, 0.018400918692350388, 0.016158539801836014, 0.015742527320981026, 0.019712164998054504], "(2, 4, 0, 2)": [0.0172914806753397, 0.018119413405656815, 0.018790297210216522, 0.017023572698235512, 0.019864633679389954], "(3, 5, 5, 3)": [0.019617676734924316, 0.01381569541990757, 0.014831277541816235, 0.014203641563653946, 0.014224824495613575], "(2, 5, 6, 4)": [0.0018957502907142043, -0.0019615020137280226, 0.008168128319084644, 4.352256655693054e-05, 0.005614529363811016], "(2, 4, 0, 0)": [-0.0005259689642116427, 0.002216198481619358, -0.003122141119092703, -0.0003105213399976492, 0.008242949843406677], "(2, 5, 6, 3)": [0.004571476951241493, 0.014331179670989513, 0.001776031800545752, 0.007036528550088406, 0.007462448440492153], "(3, 4, 1, 1)": [0.014688271097838879, 0.015102011151611805, 0.01788354478776455, 0.014774455688893795, 0.015276219695806503], "(1, 5, 0, 2)": [0.01620824821293354, 0.01974376104772091, 0.01882769726216793, 0.01897033490240574, 0.017427613958716393], "(1, 5, 0, 1)": [0.01975995860993862, 0.01979130506515503, 0.01982519030570984, 0.01978343352675438, 0.019764689728617668], "(1, 4, 0, 2)": [0.019587423652410507, 0.019625568762421608, 0.01963016390800476, 0.01962265372276306, 0.01985119841992855], "(1, 4, 2, 3)": [0.017045391723513603, 0.01664099656045437, 0.019670335575938225, 0.01725172996520996, 0.017734307795763016], "(1, 5, 1, 2)": [0.019898144528269768, 0.016253726556897163, 0.01843266189098358, 0.018813706934452057, 0.017941351979970932], "(1, 5, 2, 2)": [0.019074149429798126, 0.018991531804203987, 0.019150178879499435, 0.01775464601814747, 0.01928546279668808], "(1, 5, 2, 3)": [0.014126341789960861, 0.018696345388889313, 0.012325895018875599, 0.015065712854266167, 0.012717878445982933], "(1, 5, 3, 3)": [0.01980644091963768, 0.019137101247906685, 0.01886739581823349, 0.01871098019182682, 0.01883384957909584], "(1, 4, 3, 3)": [0.019687451422214508, 0.019861295819282532, 0.019711434841156006, 0.019737886264920235, 0.019746623933315277], "(1, 5, 3, 2)": [0.019878996536135674, 0.017482636496424675, 0.01854676753282547, 0.018941916525363922, 0.01885242573916912], "(2, 4, -1, 0)": [-0.002278189640492201, -0.0020775876473635435, 0.002676328644156456, -0.003569390159100294, -0.003241859609261155], "(2, 4, 5, 4)": [0.0011992774670943618, 0.002891961485147476, 0.0, 0.0, 0.0019304488087072968], "(1, 5, 1, 3)": [0.015753263607621193, 0.0049010165967047215, -1.5361118130385876e-05, 0.0, 0.0005910387262701988], "(2, 5, -1, 1)": [0.0, 0.0025617252103984356, 0.011292604729533195, 0.0, 0.0009999776957556605], "(1, 4, 1, 1)": [0.015057920478284359, 0.013290739618241787, 0.012197541072964668, 0.015173973515629768, 0.019609389826655388], "(2, 5, 4, 2)": [0.018933895975351334, 0.019263815134763718, 0.019033584743738174, 0.01988794468343258, 0.018639635294675827], "(3, 4, 4, 3)": [0.01951535791158676, 0.019520409405231476, 0.019440768286585808, 0.019809996709227562, 0.019547246396541595], "(3, 5, 4, 2)": [0.019873086363077164, 0.01941242627799511, 0.01879303529858589, 0.019606968387961388, 0.01879243552684784], "(3, 5, 2, 1)": [0.011170249432325363, 0.01938805729150772, 0.013661060482263565, 0.012908009812235832, 0.013835066929459572], "(3, 4, 0, 1)": [0.010938594117760658, 0.01412227377295494, 0.01276817824691534, 0.011476069688796997, 0.019514229148626328],