{"q_values": {"(2, 5, 2, 2)": [0.016459090635180473, 0.01925092749297619, 0.01783892698585987, 0.017312876880168915, 0.015826042741537094], "(2, 5, 3, 2)": [0.019120585173368454, 0.019450124353170395, 0.01880558766424656, 0.017242008820176125, 0.01668480411171913], "(2, 5, 3, 3)": [0.019235599786043167, 0.016901331022381783, 0.017015958204865456, 0.016949569806456566, 0.01599271222949028], "(2, 4, 2, 2)": [0.01744866743683815, 0.018979506567120552, 0.01705484464764595, 0.0189493540674448, 0.019797105342149734], "(2, 4, 3, 2)": [0.01930404268205166, 0.019400158897042274, 0.019369710236787796, 0.019372016191482544, 0.019762268289923668], "(2, 4, 3, 3)": [0.0196222010999918, 0.019680343568325043, 0.01967872865498066, 0.01968389004468918, 0.01979178562760353], "(2, 4, 4, 3)": [0.019624479115009308, 0.01961626298725605, 0.019627593457698822, 0.019634000957012177, 0.019789665937423706], "(2, 4, 1, 1)": [0.014639819040894508, 0.016090374439954758, 0.016383716836571693, 0.0151978163048625, 0.01969161257147789], "(2, 4, 2, 1)": [0.011921422556042671, 0.012331407517194748, 0.008743911981582642, 0.013294897973537445, 0.019351089373230934], "(2, 5, 4, 3)": [0.016973720863461494, 0.019361551851034164, 0.017573993653059006, 0.016165239736437798, 0.0178592037409544], "(2, 4, 1, 2)": [0.019219908863306046, 0.01927860453724861, 0.019338157027959824, 0.019152242690324783, 0.01977747678756714], "(2, 5, 1, 2)": [0.019395429641008377, 0.019648460671305656, 0.019390791654586792, 0.019070623442530632, 0.01939144730567932], "(2, 5, 0, 2)": [0.019177600741386414, 0.01944051682949066, 0.019801799207925797, 0.019288117066025734, 0.019325919449329376], "(2, 5, 2, 3)": [0.019557569175958633, 0.01189418975263834, 0.01454861368983984, 0.013562647625803947, 0.013364193961024284], "(2, 4, 0, 1)": [0.01808910444378853, 0.01864207163453102, 0.018820425495505333, 0.018842950463294983, 0.019778789952397346], "(2, 4, 4, 2)": [0.017321426421403885, 0.018817555159330368, 0.01694304123520851, 0.01886388473212719, 0.01980585791170597], "(2, 4, 5, 3)": [0.018986783921718597, 0.019774386659264565, 0.019162047654390335, 0.01906166970729828, 0.01856357604265213], "(3, 4, 4, 2)": [0.018458321690559387, 0.01869952119886875, 0.01835399866104126, 0.01717950776219368, 0.01973872445523739], "(3, 4, 3, 2)": [0.019031357020139694, 0.01793411746621132, 0.018513217568397522, 0.01726449839770794, 0.019704069942235947], "(3, 4, 2, 1)": [0.014992544427514076, 0.013853313401341438, 0.014795679599046707, 0.01552729681134224, 0.01944134384393692], "(3, 4, 2, 2)": [0.01866091415286064, 0.01833416521549225, 0.01942886784672737, 0.019145479425787926, 0.019586050882935524], "(3, 4, 3, 1)": [0.0019379222067072988, 0.010793520137667656, 0.00024634029250591993, 0.0019380063749849796, 0.00023100781254470348], "(2, 5, 0, 1)": [0.019439537078142166, 0.01984504796564579, 0.01970386505126953, 0.019720137119293213, 0.019684718921780586], "(2, 5, 5, 3)": [0.016703607514500618, 0.019517825916409492, 0.0157832782715559, 0.01655672863125801, 0.017095427960157394], "(3, 5, 3, 3)": [0.01674170233309269, 0.0174828190356493, 0.016474362462759018, 0.019555598497390747, 0.01733284443616867], "(3, 5, 4, 3)": [0.019902976229786873, 0.01840137131512165, 0.018729940056800842, 0.018125496804714203, 0.01790572702884674], "(3, 5, 3, 2)": [0.019911296665668488, 0.01921982690691948, 0.018797554075717926, 0.019060902297496796, 0.0190048199146986], "(3, 5, 2, 2)": [0.0198495052754879, 0.01934831403195858, 0.01948809064924717, 0.019135965034365654, 0.019213605672121048], "(3, 5, 1, 2)": [0.019447406753897667, 0.019782062619924545, 0.019440632313489914, 0.01936136558651924, 0.01942387782037258], "(3, 5, 1, 1)": [0.01955259032547474, 0.019533025100827217, 0.019673798233270645, 0.019546693190932274, 0.019529160112142563], "(3, 5, 0, 1)": [0.019223809242248535, 0.019864004105329514, 0.019439445808529854, 0.019482988864183426, 0.019238365814089775], "(2, 5, 1, 1)": [0.019831055775284767, 0.019738906994462013, 0.01958640106022358, 0.019710006192326546, 0.019740188494324684], "(1, 4, 0, 1)": [0.015918560326099396, 0.01706022582948208, 0.01738879829645157, 0.017287250608205795, 0.019946694374084473], "(1, 4, 1, 2)": [0.019131261855363846, 0.019688930362462997, 0.019272029399871826, 0.019588477909564972, 0.019950706511735916], "(1, 4, 2, 2)": [0.018657024949789047, 0.01887064427137375, 0.017319465056061745, 0.017636165022850037, 0.019899366423487663], "(1, 4, 3, 2)": [0.016176581382751465, 0.018604394048452377, 0.01914992742240429, 0.019868526607751846, 0.019166069105267525], "(1, 4, 4, 3)": [0.0184780303388834, 0.019874803721904755, 0.0177077017724514, 0.0179271399974823, 0.019037123769521713], "(2, 4, 0, 2)": [0.018002865836024284, 0.01873554289340973, 0.019296947866678238, 0.01851353608071804, 0.019916895776987076], "(3, 5, 5, 3)": [0.019832944497466087, 0.01661073789000511, 0.01682724431157112, 0.015878286212682724, 0.016813306137919426], "(2, 5, 6, 4)": [-0.00013405142817646265, -0.0019615020137280226, 0.010757082141935825, 4.352256655693054e-05, -0.0003603195073083043], "(2, 4, 0, 0)": [-0.0005259689642116427, 0.002216198481619358, -0.003122141119092703, -0.0003105213399976492, 0.014154908247292042], "(2, 5, 6, 3)": [0.004571476951241493, 0.016568737104535103, 0.0035595190711319447, 0.007036528550088406, 0.007462448440492153], "(3, 4, 1, 1)": [0.016232460737228394, 0.01631075330078602, 0.015571491792798042, 0.019381694495677948, 0.016519036144018173], "(1, 5, 0, 2)": [0.018922127783298492, 0.01982833445072174, 0.01949625089764595, 0.017582494765520096, 0.017202425748109818], "(1, 5, 0, 1)": [0.019721107557415962, 0.019706638529896736, 0.01972617767751217, 0.01996677555143833, 0.019696693867444992], "(1, 4, 0, 2)": [0.019408412277698517, 0.018655255436897278, 0.019568243995308876, 0.019973717629909515, 0.019563063979148865], "(1, 4, 2, 3)": [0.01775965467095375, 0.01856069266796112, 0.01988406479358673, 0.0184598620980978, 0.019037026911973953], "(1, 5, 1, 2)": [0.019369419664144516, 0.01977304369211197, 0.019445834681391716, 0.019346583634614944, 0.01938502863049507], "(1, 5, 2, 2)": [0.018958259373903275, 0.019775021821260452, 0.01812123879790306, 0.01764608919620514, 0.018410837277770042], "(1, 5, 2, 3)": [0.014401823282241821, 0.01981010101735592, 0.016596859320998192, 0.014624383300542831, 0.01564723253250122], "(1, 5, 3, 3)": [0.01980430819094181, 0.017065685242414474, 0.015823323279619217, 0.018244873732328415, 0.01772439293563366], "(1, 4, 3, 3)": [0.019444553181529045, 0.019429191946983337, 0.019885722547769547, 0.019390694797039032, 0.019473303109407425], "(1, 5, 3, 2)": [0.01945108361542225, 0.01954961009323597, 0.019371766597032547, 0.019885683432221413, 0.019479861482977867], "(2, 4, -1, 0)": [-0.004341224208474159, -0.0028407247737050056, 0.010080770589411259, -0.003569390159100294, -0.003241859609261155], "(2, 4, 5, 4)": [0.0011992774670943618, 0.013162695802748203, 0.0, 0.0, 0.0019304488087072968], "(1, 5, 1, 3)": [0.016028936952352524, 0.0049010165967047215, -1.5361118130385876e-05, 0.0, 0.0005910387262701988], "(2, 5, -1, 1)": [0.0016273082001134753, 0.0025617252103984356, 0.016594700515270233, 0.0, 0.0009999776957556605], "(1, 4, 1, 1)": [0.012796580791473389, 0.014357837848365307, 0.014525757171213627, 0.013447237201035023, 0.01953330636024475], "(2, 5, 4, 2)": [0.01944540999829769, 0.019643336534500122, 0.019287969917058945, 0.01925782300531864, 0.019011545926332474], "(3, 4, 4, 3)": [0.01974051631987095, 0.019721366465091705, 0.019906971603631973, 0.019725020974874496, 0.019704092293977737], "(3, 5, 4, 2)": [0.019343268126249313, 0.01955200731754303, 0.019909365102648735, 0.019648710265755653, 0.01961844600737095], "(3, 5, 2, 1)": [0.011170249432325363, 0.01977688819169998, 0.015695931389927864, 0.015323984436690807, 0.016302524134516716], "(3, 4, 0, 1)": [0.015416884794831276, 0.015392799861729145, 0.015317643992602825, 0.01857418194413185, 0.01538942288607359],