{"q_values": {"(2, 5, 2, 2)": [0.019573386758565903, 0.019275905564427376, 0.0190545916557312, 0.01861261948943138, 0.019054841250181198], "(2, 5, 3, 2)": [0.019194738939404488, 0.019120922312140465, 0.019226431846618652, 0.018392639234662056, 0.01912897825241089], "(2, 5, 3, 3)": [0.01797553338110447, 0.01619131490588188, 0.01534078735858202, 0.015073666349053383, 0.014798428863286972], "(2, 4, 2, 2)": [0.018613461405038834, 0.018280532211065292, 0.01912638545036316, 0.017592094838619232, 0.019515380263328552], "(2, 4, 3, 2)": [0.019367467612028122, 0.019051335752010345, 0.01915847137570381, 0.019576434046030045, 0.019060274586081505], "(2, 4, 3, 3)": [0.01951018162071705, 0.019541066139936447, 0.01953491009771824, 0.01957818493247032, 0.01960916630923748], "(2, 4, 4, 3)": [0.0193597711622715, 0.019308576360344887, 0.019452668726444244, 0.019296294078230858, 0.01933707855641842], "(2, 4, 1, 1)": [0.015844205394387245, 0.017206832766532898, 0.014895173721015453, 0.01649636961519718, 0.018276397138834], "(2, 4, 2, 1)": [0.00776082556694746, 0.008628420531749725, 0.011675524525344372, 0.007702745497226715, 0.013617770746350288], "(2, 5, 4, 3)": [0.017323391512036324, 0.016239969059824944, 0.018170125782489777, 0.014380937442183495, 0.012473993003368378], "(2, 4, 1, 2)": [0.019127383828163147, 0.019208962097764015, 0.01942306011915207, 0.019059380516409874, 0.018846532329916954], "(2, 5, 1, 2)": [0.017023948952555656, 0.019344372674822807, 0.01963968202471733, 0.01936599612236023, 0.019293932244181633], "(2, 5, 0, 2)": [0.01929984986782074, 0.019062049686908722, 0.019472798332571983, 0.019222795963287354, 0.019222160801291466], "(2, 5, 2, 3)": [0.011826995760202408, 0.016743261367082596, 0.013715232722461224, 0.008770094253122807, 0.012240597978234291], "(2, 4, 0, 1)": [0.016974974423646927, 0.01575688272714615, 0.016383077949285507, 0.01609322801232338, 0.018423302099108696], "(2, 4, 4, 2)": [0.019062785431742668, 0.01902085356414318, 0.019085001200437546, 0.019365062937140465, 0.018729256466031075], "(2, 4, 5, 3)": [0.014614488929510117, 0.014750363305211067, 0.016393544152379036, 0.017287222668528557, 0.017422495409846306], "(3, 4, 4, 2)": [0.016995444893836975, 0.018203899264335632, 0.0173120629042387, 0.01892426237463951, 0.016531942412257195], "(3, 4, 3, 2)": [0.014623512513935566, 0.013932320289313793, 0.01476801186800003, 0.014889808371663094, 0.015519914217293262], "(3, 4, 2, 1)": [0.010537438094615936, 0.009414048865437508, 0.009763967245817184, 0.01168716698884964, 0.014587348327040672], "(3, 4, 2, 2)": [0.016501817852258682, 0.017693273723125458, 0.01636197604238987, 0.0169952642172575, 0.017873592674732208], "(3, 4, 3, 1)": [-0.0011181365698575974, 0.004054743330925703, 0.0, 0.0017613981617614627, 0.0018008066108450294], "(2, 5, 0, 1)": [0.019363174214959145, 0.019433267414569855, 0.019514208659529686, 0.019439691677689552, 0.019498800858855247], "(2, 5, 5, 3)": [0.013789117336273193, 0.013620688579976559, 0.014827352948486805, 0.013545491732656956, 0.013690490275621414], "(3, 5, 3, 3)": [0.009399035014212132, 0.013110335916280746, 0.004478540271520615, 0.008491265587508678, 0.005438458174467087], "(3, 5, 4, 3)": [0.014481551945209503, 0.00967805553227663, 0.016936544328927994, 0.012313286773860455, 0.010708555579185486], "(3, 5, 3, 2)": [0.017339859157800674, 0.014524416998028755, 0.011747477576136589, 0.015666790306568146, 0.015447764657437801], "(3, 5, 2, 2)": [0.016793321818113327, 0.01839481107890606, 0.018233053386211395, 0.01602317951619625, 0.018444478511810303], "(3, 5, 1, 2)": [0.015832534059882164, 0.014708229340612888, 0.016010701656341553, 0.01861291006207466, 0.016223164275288582], "(3, 5, 1, 1)": [0.01222828309983015, 0.011163268238306046, 0.011667117476463318, 0.01217510923743248, 0.01760811172425747], "(3, 5, 0, 1)": [0.004371759947389364, 0.005610363092273474, 0.001263606594875455, 0.009246809408068657, 0.004143222235143185], "(2, 5, 1, 1)": [0.01947236806154251, 0.01942330040037632, 0.01938786171376705, 0.01941898837685585, 0.01962551474571228], "(1, 4, 0, 1)": [0.01562202163040638, 0.01565173640847206, 0.014614567160606384, 0.018545223399996758, 0.014753216877579689], "(1, 4, 1, 2)": [0.013222083449363708, 0.016664370894432068, 0.018189547583460808, 0.01784929819405079, 0.019177868962287903], "(1, 4, 2, 2)": [0.018314126878976822, 0.01691335067152977, 0.018567467108368874, 0.01765698380768299, 0.018779145553708076], "(1, 4, 3, 2)": [0.015113926492631435, 0.017901655286550522, 0.017125532031059265, 0.015186380594968796, 0.015205483883619308], "(1, 4, 4, 3)": [0.000990879605524242, 0.008343487977981567, 0.0020564517471939325, 0.004893454723060131, 0.013493526726961136], "(2, 4, 0, 2)": [0.003400365123525262, 0.008554059080779552, 0.008870651945471764, 0.008801590651273727, 0.01872323453426361], "(3, 5, 5, 3)": [0.014448082074522972, 0.008793210610747337, 0.007463749032467604, 0.008981343358755112, 0.008275163359940052], "(2, 5, 6, 4)": [0.0, -0.0019615020137280226, 0.004753327462822199, -0.0017457380890846252, 0.001147279399447143], "(2, 4, 0, 0)": [0.0, 0.00373505218885839, 0.0, 0.0006994842551648617, 0.0], "(2, 5, 6, 3)": [0.0018843605648726225, 0.005996277090162039, 0.001776031800545752, 0.005721800960600376, 0.004862482193857431], "(3, 4, 1, 1)": [0.01280931569635868, 0.011817064136266708, 0.01334556844085455, 0.017070593312382698, 0.013883261010050774], "(1, 5, 0, 2)": [0.018652549013495445, 0.01955539360642433, 0.018190333619713783, 0.018833249807357788, 0.018930818885564804], "(1, 5, 0, 1)": [0.018813911825418472, 0.01569116860628128, 0.012833991087973118, 0.011381358839571476, 0.014094189740717411], "(1, 4, 0, 2)": [0.011680897325277328, 0.018632207065820694, 0.015953969210386276, 0.01261712796986103, 0.01212266180664301], "(1, 4, 2, 3)": [0.0014203396858647466, 0.0016698777908459306, 0.011106323450803757, 0.0036102221347391605, 0.002744875615462661], "(1, 5, 1, 2)": [0.018509220331907272, 0.019153570756316185, 0.01873307302594185, 0.018156781792640686, 0.018306532874703407], "(1, 5, 2, 2)": [0.018568255007267, 0.014286154881119728, 0.01537565141916275, 0.013987976126372814, 0.015767265111207962], "(1, 5, 2, 3)": [0.015018594451248646, 0.008684796281158924, 0.009021943435072899, 0.008624078705906868, 0.007802998647093773], "(1, 5, 3, 3)": [0.01359644252806902, 0.01329408772289753, 0.0129869244992733, 0.012721782550215721, 0.011478634551167488], "(1, 4, 3, 3)": [0.008439771831035614, 0.016051067039370537, 0.01853623054921627, 0.01369551382958889, 0.013033873401582241], "(1, 5, 3, 2)": [0.006829839665442705, 0.006762361153960228, 0.0016057981410995126, 0.011363564059138298, 0.0], "(2, 4, -1, 0)": [0.0, 0.0, 0.0, 0.0029785679653286934, -0.002052447758615017], "(2, 4, 5, 4)": [0.0011992774670943618, 0.0, 0.0, 0.0, 0.0], "(1, 5, 1, 3)": [0.002212872728705406, -3.715080674737692e-05, 0.0, 0.0, -0.0015513161197304726], "(2, 5, -1, 1)": [0.0, 0.0, 0.002678605495020747, 0.0, 0.0009999776957556605], "(1, 4, 1, 1)": [0.00361752905882895, 0.008968508802354336, 0.003807363100349903, 0.006750019267201424, 0.0036403127014636993], "(2, 5, 4, 2)": [0.009730655699968338, 0.012887704186141491, 0.011957406997680664, 0.017976298928260803, 0.012309626676142216], "(3, 4, 4, 3)": [0.009934209287166595, 0.007632414810359478, 0.012606031261384487, 0.008962267078459263, 0.018136698752641678], "(3, 5, 4, 2)": [0.014852362684905529, 0.013565046712756157, 0.015610023401677608, 0.015427208505570889, 0.017015380784869194], "(3, 5, 2, 1)": [0.002578743500635028, 0.01104902196675539, 0.003041079267859459, 0.004709561821073294, 0.002995625138282776], "(3, 4, 0, 1)": [0.0029942216351628304, 0.004613014869391918, 0.005968200508505106, 0.006727512925863266, 0.014459052123129368], "(3, 4, 5, 3)": [0.015426712110638618, 0.007336681708693504, 0.005303944926708937, 0.006308455020189285, 0.01043815165758133], "(2, 5, 4, 4)": [0.0, 0.0, 0.0, 0.0, 0.0],