{"q_values": {"(2, 5, 2, 2)": [0.019025709480047226, 0.019905682653188705, 0.019079677760601044, 0.01915220357477665, 0.017375892028212547], "(2, 5, 3, 2)": [0.019927438348531723, 0.019509637728333473, 0.019506914541125298, 0.019523203372955322, 0.01951993815600872], "(2, 5, 3, 3)": [0.01973949559032917, 0.0168953575193882, 0.017339486628770828, 0.01754404604434967, 0.017948031425476074], "(2, 4, 2, 2)": [0.016200941056013107, 0.019106198102235794, 0.019192703068256378, 0.019205879420042038, 0.019742021337151527], "(2, 4, 3, 2)": [0.019147034734487534, 0.01942768320441246, 0.017698846757411957, 0.01917930692434311, 0.01990734040737152], "(2, 4, 3, 3)": [0.019723253324627876, 0.019654270261526108, 0.019620319828391075, 0.019737884402275085, 0.01977245695888996], "(2, 4, 4, 3)": [0.01962282508611679, 0.01993429660797119, 0.01960565894842148, 0.01961839757859707, 0.019649043679237366], "(2, 4, 1, 1)": [0.017743654549121857, 0.017491504549980164, 0.016883449628949165, 0.019759751856327057, 0.016863396391272545], "(2, 4, 2, 1)": [0.011133297346532345, 0.012331407517194748, 0.008743911981582642, 0.013294897973537445, 0.019642625004053116], "(2, 5, 4, 3)": [0.01989365555346012, 0.017826611176133156, 0.01947181299328804, 0.01940479874610901, 0.019318966194987297], "(2, 4, 1, 2)": [0.018590684980154037, 0.019577447324991226, 0.01962674967944622, 0.01958891563117504, 0.0196380615234375], "(2, 5, 1, 2)": [0.01981143280863762, 0.019410254433751106, 0.01939200423657894, 0.019416751340031624, 0.018427614122629166], "(2, 5, 0, 2)": [0.0198094192892313, 0.019468260928988457, 0.019202986732125282, 0.019397906959056854, 0.019464295357465744], "(2, 5, 2, 3)": [0.01453421264886856, 0.01189418975263834, 0.01931547001004219, 0.013562647625803947, 0.012716110795736313], "(2, 4, 0, 1)": [0.017352687194943428, 0.018481314182281494, 0.018008213490247726, 0.017804240807890892, 0.019729873165488243], "(2, 4, 4, 2)": [0.016736675053834915, 0.01914164237678051, 0.01982760615646839, 0.018894260749220848, 0.0190531387925148], "(2, 4, 5, 3)": [0.019228680059313774, 0.01890525594353676, 0.01926581561565399, 0.019607562571763992, 0.018981901928782463], "(3, 4, 4, 2)": [0.016387542709708214, 0.01883411779999733, 0.01709459163248539, 0.018810637295246124, 0.019740834832191467], "(3, 4, 3, 2)": [0.01858617179095745, 0.015238530933856964, 0.0159713514149189, 0.01562469732016325, 0.019638679921627045], "(3, 4, 2, 1)": [0.016085322946310043, 0.015518474392592907, 0.016480501741170883, 0.016887370496988297, 0.019541798159480095], "(3, 4, 2, 2)": [0.019443681463599205, 0.019496701657772064, 0.01945618912577629, 0.019542908295989037, 0.019543912261724472], "(3, 4, 3, 1)": [0.0019379222067072988, 0.013195391744375229, 0.00024634029250591993, 0.0019380063749849796, 0.00023100781254470348], "(2, 5, 0, 1)": [0.01966841332614422, 0.019797123968601227, 0.01965116336941719, 0.019644269719719887, 0.019634701311588287], "(2, 5, 5, 3)": [0.016281962394714355, 0.019439423456788063, 0.01775587722659111, 0.016315553337335587, 0.01493201032280922], "(3, 5, 3, 3)": [0.01752147637307644, 0.016645580530166626, 0.018593043088912964, 0.01951020397245884, 0.018372830003499985], "(3, 5, 4, 3)": [0.01444582361727953, 0.01987926848232746, 0.015528855845332146, 0.014360136352479458, 0.016161009669303894], "(3, 5, 3, 2)": [0.01989859715104103, 0.01643195003271103, 0.016026383265852928, 0.015513256192207336, 0.017023403197526932], "(3, 5, 2, 2)": [0.019850902259349823, 0.017211908474564552, 0.019300265237689018, 0.019197331741452217, 0.019312843680381775], "(3, 5, 1, 2)": [0.019570473581552505, 0.019686123356223106, 0.01955416612327099, 0.01954004354774952, 0.019367288798093796], "(3, 5, 1, 1)": [0.019697215408086777, 0.019697587937116623, 0.019679861143231392, 0.01968482695519924, 0.019688893109560013], "(3, 5, 0, 1)": [0.01914132572710514, 0.019793687388300896, 0.01962832175195217, 0.019694536924362183, 0.018985150381922722], "(2, 5, 1, 1)": [0.019774097949266434, 0.01985938847064972, 0.019782718271017075, 0.019753944128751755, 0.019728871062397957], "(1, 4, 0, 1)": [0.015106304548680782, 0.01502723153680563, 0.01569029688835144, 0.01915399730205536, 0.015953075140714645], "(1, 4, 1, 2)": [0.01663852296769619, 0.016991911455988884, 0.01656070537865162, 0.01925242692232132, 0.018154237419366837], "(1, 4, 2, 2)": [0.017385045066475868, 0.018197691068053246, 0.015461373142898083, 0.015401553362607956, 0.019585201516747475], "(1, 4, 3, 2)": [0.018737753853201866, 0.01902730017900467, 0.019518353044986725, 0.018911970779299736, 0.01881972700357437], "(1, 4, 4, 3)": [0.01813821867108345, 0.018905509263277054, 0.01747686043381691, 0.016883278265595436, 0.019817747175693512], "(2, 4, 0, 2)": [0.017553133890032768, 0.018604597076773643, 0.019225917756557465, 0.01851353608071804, 0.019908104091882706], "(3, 5, 5, 3)": [0.015512457117438316, 0.019844014197587967, 0.015243558213114738, 0.014408283866941929, 0.014173825271427631], "(2, 5, 6, 4)": [-0.00013405142817646265, -0.0019615020137280226, 0.008864975534379482, 4.352256655693054e-05, -0.0003603195073083043], "(2, 4, 0, 0)": [-0.0005259689642116427, 0.002216198481619358, -0.003122141119092703, -0.0003105213399976492, 0.011185623705387115], "(2, 5, 6, 3)": [0.004571476951241493, 0.016568737104535103, 0.0035595190711319447, 0.007036528550088406, 0.007462448440492153], "(3, 4, 1, 1)": [0.016474667936563492, 0.015774115920066833, 0.015549508854746819, 0.01940940134227276, 0.016729610040783882], "(1, 5, 0, 2)": [0.01971489191055298, 0.019559288397431374, 0.019625533372163773, 0.01964074745774269, 0.018948491662740707], "(1, 5, 0, 1)": [0.019337715581059456, 0.019546449184417725, 0.01987798698246479, 0.019535845145583153, 0.019558414816856384], "(1, 4, 0, 2)": [0.01916232891380787, 0.01818162016570568, 0.01927238516509533, 0.019818194210529327, 0.019137632101774216], "(1, 4, 2, 3)": [0.01775965467095375, 0.01787523366510868, 0.019882654771208763, 0.018299780786037445, 0.018824145197868347], "(1, 5, 1, 2)": [0.019823599606752396, 0.01658712327480316, 0.01920332759618759, 0.019299210980534554, 0.019182240590453148], "(1, 5, 2, 2)": [0.01930958218872547, 0.01978452503681183, 0.019278470426797867, 0.019054990261793137, 0.019388727843761444], "(1, 5, 2, 3)": [0.01968085579574108, 0.013637429103255272, 0.01625603437423706, 0.01584969460964203, 0.013709910213947296], "(1, 5, 3, 3)": [0.01924043335020542, 0.019775468856096268, 0.01930386759340763, 0.019136909395456314, 0.019327715039253235], "(1, 4, 3, 3)": [0.019748300313949585, 0.019756276160478592, 0.01990966498851776, 0.019756590947508812, 0.01976029947400093], "(1, 5, 3, 2)": [0.019868656992912292, 0.019181665033102036, 0.019200896844267845, 0.019534872844815254, 0.019391922280192375], "(2, 4, -1, 0)": [-0.004341224208474159, -0.0028407247737050056, 0.004897848702967167, -0.003569390159100294, -0.003241859609261155], "(2, 4, 5, 4)": [0.0011992774670943618, 0.00872533954679966, 0.0, 0.0, 0.0019304488087072968], "(1, 5, 1, 3)": [0.018723569810390472, 0.0049010165967047215, -1.5361118130385876e-05, 0.0, 0.0005910387262701988], "(2, 5, -1, 1)": [0.0016273082001134753, 0.0025617252103984356, 0.016028080135583878, 0.0, 0.0009999776957556605], "(1, 4, 1, 1)": [0.01202694233506918, 0.017245260998606682, 0.012761194258928299, 0.011944137513637543, 0.011964106932282448], "(2, 5, 4, 2)": [0.019389266148209572, 0.01985197141766548, 0.019287969917058945, 0.01925782300531864, 0.018805239349603653], "(3, 4, 4, 3)": [0.01965600997209549, 0.019749706611037254, 0.019881924614310265, 0.019636500626802444, 0.019715461879968643], "(3, 5, 4, 2)": [0.019865645095705986, 0.019423656165599823, 0.01951139234006405, 0.01951051689684391, 0.019510887563228607], "(3, 5, 2, 1)": [0.011170249432325363, 0.019610943272709846, 0.015241282060742378, 0.01424406934529543, 0.015463723801076412], "(3, 4, 0, 1)": [0.017202263697981834, 0.01694473996758461, 0.015866443514823914, 0.016513274982571602, 0.018906855955719948],