{"q_values": {"(2, 5, 2, 2)": [0.01978980377316475, 0.018282664939761162, 0.019270990043878555, 0.018422909080982208, 0.01917414553463459], "(2, 5, 3, 2)": [0.019838254898786545, 0.019442999735474586, 0.01766151562333107, 0.019440649077296257, 0.019371258094906807], "(2, 5, 3, 3)": [0.017369423061609268, 0.019720014184713364, 0.017044955864548683, 0.017067203298211098, 0.018338698893785477], "(2, 4, 2, 2)": [0.01943540945649147, 0.018163293600082397, 0.01811690628528595, 0.01914852485060692, 0.01961895450949669], "(2, 4, 3, 2)": [0.017819074913859367, 0.019388535991311073, 0.0192745178937912, 0.01923743635416031, 0.01966012641787529], "(2, 4, 3, 3)": [0.01976609230041504, 0.01976718381047249, 0.01970607042312622, 0.019890038296580315, 0.019786391407251358], "(2, 4, 4, 3)": [0.01969057507812977, 0.019745411351323128, 0.019740646705031395, 0.01972058415412903, 0.019839482381939888], "(2, 4, 1, 1)": [0.017796533182263374, 0.01883304864168167, 0.01746421679854393, 0.019642429426312447, 0.018658995628356934], "(2, 4, 2, 1)": [0.011133297346532345, 0.01063968800008297, 0.008743911981582642, 0.012580952607095242, 0.019161636009812355], "(2, 5, 4, 3)": [0.019804630428552628, 0.018988095223903656, 0.01906907558441162, 0.019381608814001083, 0.01835385523736477], "(2, 4, 1, 2)": [0.018331265076994896, 0.01787543296813965, 0.017193300649523735, 0.018909256905317307, 0.019934818148612976], "(2, 5, 1, 2)": [0.01988068036735058, 0.018323156982660294, 0.018410831689834595, 0.01783629134297371, 0.0194547176361084], "(2, 5, 0, 2)": [0.019367480650544167, 0.019916975870728493, 0.019354574382305145, 0.019364360719919205, 0.019354285672307014], "(2, 5, 2, 3)": [0.019601935520768166, 0.01189418975263834, 0.014232311397790909, 0.012866864912211895, 0.012716110795736313], "(2, 4, 0, 1)": [0.018263693898916245, 0.01911712810397148, 0.01900678500533104, 0.01875719428062439, 0.01984526216983795], "(2, 4, 4, 2)": [0.019100479781627655, 0.019212890416383743, 0.018941497430205345, 0.019786885008215904, 0.01893501728773117], "(2, 4, 5, 3)": [0.0198665764182806, 0.018692385405302048, 0.01919703185558319, 0.01915273442864418, 0.018889930099248886], "(3, 4, 4, 2)": [0.019422441720962524, 0.019303180277347565, 0.016583023592829704, 0.01950145699083805, 0.01987520605325699], "(3, 4, 3, 2)": [0.018035463988780975, 0.017860081046819687, 0.01654019020497799, 0.01633923500776291, 0.019803063943982124], "(3, 4, 2, 1)": [0.01524011604487896, 0.015093405731022358, 0.01609896868467331, 0.015414929017424583, 0.019715435802936554], "(3, 4, 2, 2)": [0.019267719238996506, 0.018513379618525505, 0.017513219267129898, 0.019037757068872452, 0.019708169624209404], "(3, 4, 3, 1)": [0.0019379222067072988, 0.011703149415552616, 0.00024634029250591993, 0.0019380063749849796, 0.00023100781254470348], "(2, 5, 0, 1)": [0.019632287323474884, 0.019771888852119446, 0.019749196246266365, 0.01993684098124504, 0.019768472760915756], "(2, 5, 5, 3)": [0.014521217904984951, 0.019729500636458397, 0.01477057859301567, 0.014574609696865082, 0.01637079380452633], "(3, 5, 3, 3)": [0.019887223839759827, 0.01829712465405464, 0.01831822283565998, 0.017695464193820953, 0.016749612987041473], "(3, 5, 4, 3)": [0.01870070956647396, 0.019866378977894783, 0.01907428912818432, 0.018925819545984268, 0.018008379265666008], "(3, 5, 3, 2)": [0.01991778425872326, 0.01932290382683277, 0.017687568441033363, 0.01959332264959812, 0.01953183300793171], "(3, 5, 2, 2)": [0.019624823704361916, 0.019668621942400932, 0.019892076030373573, 0.01965472288429737, 0.01967582106590271], "(3, 5, 1, 2)": [0.01974673755466938, 0.019573859870433807, 0.01948687434196472, 0.019425394013524055, 0.019266277551651], "(3, 5, 1, 1)": [0.01983262412250042, 0.019723322242498398, 0.019717035815119743, 0.01970779336988926, 0.01967313513159752], "(3, 5, 0, 1)": [0.01872308738529682, 0.01977013610303402, 0.0192245002835989, 0.019505338743329048, 0.018376853317022324], "(2, 5, 1, 1)": [0.01975533552467823, 0.019891176372766495, 0.01974250189960003, 0.01975390687584877, 0.01974334754049778], "(1, 4, 0, 1)": [0.014503846876323223, 0.015050660818815231, 0.013643061742186546, 0.015725066885352135, 0.019898027181625366], "(1, 4, 1, 2)": [0.018396222963929176, 0.018439315259456635, 0.018428495153784752, 0.019934533163905144, 0.01845170184969902], "(1, 4, 2, 2)": [0.017907939851284027, 0.018342673778533936, 0.018838664516806602, 0.016793841496109962, 0.019956933334469795], "(1, 4, 3, 2)": [0.01896439492702484, 0.01931990496814251, 0.019421370700001717, 0.019381137564778328, 0.019956978037953377], "(1, 4, 4, 3)": [0.017940707504749298, 0.01882205717265606, 0.01747686043381691, 0.016541428864002228, 0.019892921671271324], "(2, 4, 0, 2)": [0.017553133890032768, 0.018604597076773643, 0.019084852188825607, 0.018352707847952843, 0.019913557916879654], "(3, 5, 5, 3)": [0.017241790890693665, 0.01987568289041519, 0.017307166010141373, 0.015148994512856007, 0.01754133403301239], "(2, 5, 6, 4)": [-0.00013405142817646265, -0.0019615020137280226, 0.0065563032403588295, 4.352256655693054e-05, -0.0003603195073083043], "(2, 4, 0, 0)": [-0.0005259689642116427, 0.002216198481619358, -0.003122141119092703, -0.0003105213399976492, 0.008239376358687878], "(2, 5, 6, 3)": [0.004571476951241493, 0.016592878848314285, 0.0035595190711319447, 0.007036528550088406, 0.007462448440492153], "(3, 4, 1, 1)": [0.0152857955545187, 0.016661839559674263, 0.017092444002628326, 0.016330905258655548, 0.01967792399227619], "(1, 5, 0, 2)": [0.01993556134402752, 0.019174175336956978, 0.019096098840236664, 0.018893973901867867, 0.016836995258927345], "(1, 5, 0, 1)": [0.019223418086767197, 0.01947955973446369, 0.019944658502936363, 0.019491419196128845, 0.019710494205355644], "(1, 4, 0, 2)": [0.019077826291322708, 0.017260195687413216, 0.019902903586626053, 0.019061367958784103, 0.019049575552344322], "(1, 4, 2, 3)": [0.01775965467095375, 0.017654061317443848, 0.019928785040974617, 0.018299780786037445, 0.018562814220786095], "(1, 5, 1, 2)": [0.01988564059138298, 0.019218917936086655, 0.017391925677657127, 0.018212638795375824, 0.01813274808228016], "(1, 5, 2, 2)": [0.01986987516283989, 0.019129596650600433, 0.0194003414362669, 0.018026823177933693, 0.018318602815270424], "(1, 5, 2, 3)": [0.019821811467409134, 0.01296878233551979, 0.012496712617576122, 0.012405108660459518, 0.013043571263551712], "(1, 5, 3, 3)": [0.017192168161273003, 0.01982506364583969, 0.017341531813144684, 0.01721671037375927, 0.018396368250250816], "(1, 4, 3, 3)": [0.019527174532413483, 0.019936319440603256, 0.019584238529205322, 0.01964600943028927, 0.0196782685816288], "(1, 5, 3, 2)": [0.019874338060617447, 0.019045718014240265, 0.019200896844267845, 0.019407691434025764, 0.019391922280192375], "(2, 4, -1, 0)": [-0.004341224208474159, -0.0028407247737050056, 0.0032390309497714043, -0.003569390159100294, -0.003241859609261155], "(2, 4, 5, 4)": [0.0011992774670943618, 0.007490725722163916, 0.0, 0.0, 0.0019304488087072968], "(1, 5, 1, 3)": [0.017923399806022644, 0.0049010165967047215, -1.5361118130385876e-05, 0.0, 0.0005910387262701988], "(2, 5, -1, 1)": [0.0016273082001134753, 0.0025617252103984356, 0.014614739455282688, 0.0, 0.0009999776957556605], "(1, 4, 1, 1)": [0.01202694233506918, 0.019434185698628426, 0.012056450359523296, 0.011147948913276196, 0.011481046676635742], "(2, 5, 4, 2)": [0.019389266148209572, 0.019896160811185837, 0.019218793138861656, 0.01900363713502884, 0.018805239349603653], "(3, 4, 4, 3)": [0.01971755176782608, 0.01972809061408043, 0.019772188737988472, 0.019890587776899338, 0.019757471978664398], "(3, 5, 4, 2)": [0.019463500007987022, 0.019897248595952988, 0.019582875072956085, 0.019431155174970627, 0.01949019730091095], "(3, 5, 2, 1)": [0.011170249432325363, 0.019870005548000336, 0.014723594300448895, 0.012908009812235832, 0.01497159618884325], "(3, 4, 0, 1)": [0.017306668683886528, 0.018220046535134315, 0.017789488658308983, 0.019566280767321587, 0.016447724774479866],