{"q_values": {"(2, 5, 2, 2)": [0.019573602825403214, 0.01861986517906189, 0.01885232888162136, 0.018439508974552155, 0.01862344890832901], "(2, 5, 3, 2)": [0.018728677183389664, 0.019471025094389915, 0.017353007569909096, 0.01763935200870037, 0.01662781834602356], "(2, 5, 3, 3)": [0.015847228467464447, 0.013529027812182903, 0.01883365772664547, 0.01629488728940487, 0.015264400281012058], "(2, 4, 2, 2)": [0.01734379678964615, 0.01879073493182659, 0.018841039389371872, 0.018815545365214348, 0.017635654658079147], "(2, 4, 3, 2)": [0.016514066606760025, 0.019288882613182068, 0.019051743671298027, 0.019319556653499603, 0.019530726596713066], "(2, 4, 3, 3)": [0.01941993273794651, 0.01952132023870945, 0.019340336322784424, 0.01937512867152691, 0.019677460193634033], "(2, 4, 4, 3)": [0.019423097372055054, 0.01952751725912094, 0.019446877762675285, 0.019458577036857605, 0.01942598819732666], "(2, 4, 1, 1)": [0.0169591773301363, 0.01674487255513668, 0.016959961503744125, 0.01559847965836525, 0.01740134507417679], "(2, 4, 2, 1)": [0.010536951944231987, 0.007200609892606735, 0.011647183448076248, 0.01230272464454174, 0.013232489116489887], "(2, 5, 4, 3)": [0.018260182812809944, 0.01651826873421669, 0.01712472178041935, 0.0174398235976696, 0.014723149128258228], "(2, 4, 1, 2)": [0.01871614344418049, 0.01918197236955166, 0.01919689029455185, 0.0191288311034441, 0.019194668158888817], "(2, 5, 1, 2)": [0.019666733220219612, 0.019238583743572235, 0.01913985051214695, 0.019426295533776283, 0.019212890416383743], "(2, 5, 0, 2)": [0.01956651732325554, 0.0194439347833395, 0.01935870572924614, 0.01924632117152214, 0.0194711796939373], "(2, 5, 2, 3)": [0.010862319730222225, 0.01650528609752655, 0.012672916054725647, 0.0121395792812109, 0.01175649743527174], "(2, 4, 0, 1)": [0.01912425272166729, 0.019153786823153496, 0.019226744771003723, 0.019261742010712624, 0.016858316957950592], "(2, 4, 4, 2)": [0.01918760873377323, 0.019100362434983253, 0.01909363828599453, 0.019136030226945877, 0.019257942214608192], "(2, 4, 5, 3)": [0.016761159524321556, 0.018108701333403587, 0.01766057498753071, 0.018568744882941246, 0.01802949048578739], "(3, 4, 4, 2)": [0.019358951598405838, 0.01915542036294937, 0.01920955628156662, 0.019148416817188263, 0.019276415929198265], "(3, 4, 3, 2)": [0.019182540476322174, 0.01707945391535759, 0.019680922850966454, 0.018516497686505318, 0.01747019961476326], "(3, 4, 2, 1)": [0.013310225680470467, 0.014257983304560184, 0.015289646573364735, 0.01371955219656229, 0.01670653559267521], "(3, 4, 2, 2)": [0.01708744280040264, 0.01888040266931057, 0.01886913552880287, 0.019565055146813393, 0.01797245256602764], "(3, 4, 3, 1)": [0.00017929531168192625, 0.009973389096558094, -0.0014014377957209945, 0.0035341638140380383, 0.00023100781254470348], "(2, 5, 0, 1)": [0.019432615488767624, 0.019779769703745842, 0.01966525986790657, 0.019673187285661697, 0.019703363999724388], "(2, 5, 5, 3)": [0.016623012721538544, 0.013468790799379349, 0.014750239439308643, 0.01399290282279253, 0.01316018681973219], "(3, 5, 3, 3)": [0.013493146747350693, 0.012689788825809956, 0.009432965889573097, 0.012094683013856411, 0.012782157398760319], "(3, 5, 4, 3)": [0.015594873577356339, 0.017892075702548027, 0.01712384819984436, 0.01726100966334343, 0.01583210751414299], "(3, 5, 3, 2)": [0.017529979348182678, 0.01732516661286354, 0.019166363403201103, 0.018975742161273956, 0.01870834082365036], "(3, 5, 2, 2)": [0.019357556477189064, 0.019059745594859123, 0.019746888428926468, 0.016852982342243195, 0.016658708453178406], "(3, 5, 1, 2)": [0.018161442130804062, 0.019233856350183487, 0.018057450652122498, 0.017098460346460342, 0.01757221855223179], "(3, 5, 1, 1)": [0.01889145001769066, 0.018469026312232018, 0.018534667789936066, 0.01852821558713913, 0.01945553906261921], "(3, 5, 0, 1)": [0.008368809707462788, 0.009417436085641384, 0.003055216744542122, 0.018022604286670685, 0.006475572474300861], "(2, 5, 1, 1)": [0.01971421204507351, 0.019652338698506355, 0.019632859155535698, 0.01965644210577011, 0.01965777948498726], "(1, 4, 0, 1)": [0.017469286918640137, 0.017880789935588837, 0.017661990597844124, 0.018171586096286774, 0.019281011074781418], "(1, 4, 1, 2)": [0.01937403902411461, 0.018574301153421402, 0.01916196383535862, 0.019299814477562904, 0.019365064799785614], "(1, 4, 2, 2)": [0.017815662547945976, 0.018664557486772537, 0.017932062968611717, 0.019192630425095558, 0.019126636907458305], "(1, 4, 3, 2)": [0.01807473786175251, 0.018306424841284752, 0.018950805068016052, 0.01900668628513813, 0.018146799877285957], "(1, 4, 4, 3)": [0.0042450688779354095, 0.010224709287285805, 0.0037771048955619335, 0.006344960071146488, 0.016688963398337364], "(2, 4, 0, 2)": [0.00997400376945734, 0.012395033612847328, 0.013833499513566494, 0.013167119584977627, 0.0196206197142601], "(3, 5, 5, 3)": [0.014852051623165607, 0.016046930104494095, 0.01588340289890766, 0.013705441728234291, 0.014293328858911991], "(2, 5, 6, 4)": [0.0, -0.0019615020137280226, 0.011161476373672485, -0.0017457380890846252, 0.004170795436948538], "(2, 4, 0, 0)": [0.0011253186967223883, 0.005155209451913834, 0.0, 0.0006994842551648617, 0.0], "(2, 5, 6, 3)": [0.0018843605648726225, 0.012018044479191303, 0.001776031800545752, 0.005721800960600376, 0.004862482193857431], "(3, 4, 1, 1)": [0.015463603660464287, 0.01739891618490219, 0.018236150965094566, 0.018251188099384308, 0.01906922087073326], "(1, 5, 0, 2)": [0.01924981363117695, 0.019601501524448395, 0.01934840902686119, 0.019360963255167007, 0.01925252377986908], "(1, 5, 0, 1)": [0.019223380833864212, 0.019228996708989143, 0.018741954118013382, 0.019243206828832626, 0.01952701434493065], "(1, 4, 0, 2)": [0.01818452961742878, 0.019703933969140053, 0.018974972888827324, 0.01822233386337757, 0.017763055860996246], "(1, 4, 2, 3)": [0.007689539808779955, 0.011033473536372185, 0.019596043974161148, 0.010149932466447353, 0.007127963472157717], "(1, 5, 1, 2)": [0.01934208907186985, 0.016345659270882607, 0.019111432135105133, 0.018987612798810005, 0.01906570978462696], "(1, 5, 2, 2)": [0.018945476040244102, 0.018965573981404305, 0.019026437774300575, 0.01614965684711933, 0.019105445593595505], "(1, 5, 2, 3)": [0.014806723222136497, 0.01594758778810501, 0.010232369415462017, 0.017504261806607246, 0.009057966992259026], "(1, 5, 3, 3)": [0.017171181738376617, 0.016307642683386803, 0.01862189918756485, 0.015714207664132118, 0.018725361675024033], "(1, 4, 3, 3)": [0.016591588035225868, 0.019120406359434128, 0.019664976745843887, 0.01807553879916668, 0.017642803490161896], "(1, 5, 3, 2)": [0.01199575699865818, 0.010192885994911194, 0.005016476381570101, 0.019485624507069588, 0.00917587336152792], "(2, 4, -1, 0)": [0.0, 0.0011086025042459369, 0.0, 0.0005039360839873552, -0.002052447758615017], "(2, 4, 5, 4)": [0.0011992774670943618, 0.0013986878329887986, 0.0, 0.0, 0.0], "(1, 5, 1, 3)": [0.006877344101667404, -3.715080674737692e-05, 0.0, 0.0, -0.0015513161197304726], "(2, 5, -1, 1)": [0.0, 0.0010775367263704538, 0.005494643002748489, 0.0, 0.0009999776957556605], "(1, 4, 1, 1)": [0.009560861624777317, 0.011279027909040451, 0.009729678742587566, 0.013959693722426891, 0.0095987468957901], "(2, 5, 4, 2)": [0.01580175757408142, 0.016338273882865906, 0.0165728610008955, 0.019597196951508522, 0.016749324277043343], "(3, 4, 4, 3)": [0.018416792154312134, 0.017664194107055664, 0.018448209390044212, 0.018034525215625763, 0.019266553223133087], "(3, 5, 4, 2)": [0.018851041793823242, 0.018699314445257187, 0.019322682172060013, 0.019046083092689514, 0.019203122705221176], "(3, 5, 2, 1)": [0.011170249432325363, 0.019520802423357964, 0.009819025173783302, 0.008595493622124195, 0.007505446672439575], "(3, 4, 0, 1)": [0.0068045007064938545, 0.01035333052277565, 0.013749008998274803, 0.013613452203571796, 0.017242250964045525], "(3, 4, 5, 3)": [0.01845097541809082, 0.012204018421471119, 0.011723330244421959, 0.010807299055159092, 0.014003059826791286], "(2, 5, 4, 4)": [0.001180133200250566, 0.0, 0.0, 0.0, 0.0],