{"q_values": {"(2, 5, 2, 2)": [0.01859605871140957, 0.018314804881811142, 0.016704823821783066, 0.018317893147468567, 0.015664253383874893], "(2, 5, 3, 2)": [0.01839294843375683, 0.01678217202425003, 0.017454106360673904, 0.018607085570693016, 0.01839209720492363], "(2, 5, 3, 3)": [0.01598852127790451, 0.016840049996972084, 0.01355025451630354, 0.016968989744782448, 0.01719450019299984], "(2, 4, 2, 2)": [0.018179846927523613, 0.016794584691524506, 0.018956216052174568, 0.0188619215041399, 0.01867498829960823], "(2, 4, 3, 2)": [0.018475601449608803, 0.018434623256325722, 0.018234094604849815, 0.018816262483596802, 0.01850895956158638], "(2, 4, 3, 3)": [0.010499432682991028, 0.013474210165441036, 0.014041511341929436, 0.014897297136485577, 0.013542999513447285], "(2, 4, 4, 3)": [0.014438340440392494, 0.01428506150841713, 0.0121095459908247, 0.01723959855735302, 0.015796532854437828], "(2, 4, 1, 1)": [0.01469217985868454, 0.014896385371685028, 0.012954259291291237, 0.015231373719871044, 0.016215341165661812], "(2, 4, 2, 1)": [-0.00106919021345675, 0.005868007428944111, 0.003371958155184984, 0.0002661612816154957, 0.00512512493878603], "(2, 5, 4, 3)": [0.01149185560643673, 0.014365830458700657, 0.015247946605086327, 0.013554958626627922, 0.014370450749993324], "(2, 4, 1, 2)": [0.013403558172285557, 0.018857933580875397, 0.01901043765246868, 0.01887965202331543, 0.018256839364767075], "(2, 5, 1, 2)": [0.01837288774549961, 0.018428778275847435, 0.01834309659898281, 0.01648275926709175, 0.018387529999017715], "(2, 5, 0, 2)": [0.009151894599199295, 0.007360492367297411, 0.015306107699871063, 0.007137037813663483, 0.00929257832467556], "(2, 5, 2, 3)": [0.004045917186886072, 0.0027729570865631104, 0.0057656364515423775, -0.0013161706738173962, 0.0020274051930755377], "(2, 4, 0, 1)": [0.011995813809335232, 0.0152928801253438, 0.014048728160560131, 0.01065897848457098, 0.011792980134487152], "(2, 4, 4, 2)": [0.0073799691163003445, 0.011550801806151867, 0.007919074967503548, 0.014112905599176884, 0.010787236504256725], "(2, 4, 5, 3)": [0.0013080146163702011, 0.006090484093874693, 0.004391121678054333, 0.0, 0.0063652340322732925], "(3, 4, 4, 2)": [0.0030800914391875267, 0.002954778727144003, 0.002216876717284322, 0.0010764553444460034, 0.0014027103316038847], "(3, 4, 3, 2)": [8.429540321230888e-05, 0.005911921616643667, 0.0070428322069346905, 0.005282930098474026, 0.008294167928397655], "(3, 4, 2, 1)": [0.001172953867353499, 0.0, 0.0, 0.0019865348003804684, 0.003445679321885109], "(3, 4, 2, 2)": [0.0039300816133618355, 0.0010458540637046099, 0.0019854160491377115, 0.0027030138298869133, 0.0023794849403202534], "(3, 4, 3, 1)": [0.0, 0.0, 0.0, 0.0, 0.0], "(2, 5, 0, 1)": [0.0149151012301445, 0.016397949308156967, 0.017024124041199684, 0.011245944537222385, 0.014048706740140915], "(2, 5, 5, 3)": [0.002109621651470661, 0.005525030195713043, 0.000783635419793427, 0.0063924118876457214, 0.0038967388682067394], "(3, 5, 3, 3)": [0.0, 0.00391722796484828, 0.0009332580375485122, 0.0, 0.0019030757248401642], "(3, 5, 4, 3)": [0.00709835160523653, 0.003996248356997967, 0.004499620757997036, 0.0035736265126615763, 0.004069571848958731], "(3, 5, 3, 2)": [0.006996890529990196, 0.0067075882107019424, 0.0032142249401658773, 0.00763871893286705, 0.0026741407345980406], "(3, 5, 2, 2)": [0.0028644255362451077, 0.005046128761023283, 0.005657954607158899, 0.00547744007781148, 0.008360289968550205], "(3, 5, 1, 2)": [0.0044575645588338375, 0.0, 0.001218069694004953, 0.0010349394287914038, 0.0030201957561075687], "(3, 5, 1, 1)": [0.0019001157488673925, 0.0011311651905998588, 0.0, 0.0, 0.0012342666741460562], "(3, 5, 0, 1)": [0.0009971605613827705, 0.0010498411720618606, 0.0, 0.0011128117330372334, 0.0010779526783153415], "(2, 5, 1, 1)": [0.012727407738566399, 0.01186982449144125, 0.007285228930413723, 0.011773728765547276, 0.012758771888911724], "(1, 4, 0, 1)": [0.002002785913646221, -0.000206636730581522, 0.0012277148198336363, 0.003336220048367977, 0.0058744498528540134], "(1, 4, 1, 2)": [0.001953513827174902, 0.004613336641341448, 0.0022273173090070486, 0.00433315709233284, 0.005946001503616571], "(1, 4, 2, 2)": [0.0028145695105195045, 0.0011555186938494444, 0.0038185466546565294, 0.004113797098398209, 0.00551917590200901], "(1, 4, 3, 2)": [0.0028869861271232367, 0.0025401024613529444, 0.00167650799266994, 0.0042295996099710464, 0.002707254607230425], "(1, 4, 4, 3)": [0.000990879605524242, 0.0, 0.0, 0.0, 0.0], "(2, 4, 0, 2)": [0.0, 0.0, 0.00165548303630203, 0.002148861065506935, 0.0033712771255522966], "(3, 5, 5, 3)": [0.0, 0.0, 0.0019208379089832306, 0.0, 0.0011064083082601428], "(2, 5, 6, 4)": [0.0, 0.0, 0.0010790054220706224, 0.0011451909085735679, 0.0], "(2, 4, 0, 0)": [0.0, 0.0, 0.0, 0.0016037080204114318, 0.0], "(2, 5, 6, 3)": [0.0009424472227692604, 0.0, 0.0, 0.0009496284765191376, 0.000967727683018893], "(3, 4, 1, 1)": [0.0, 0.0, 0.0, 0.0010363701730966568, 0.0], "(1, 5, 0, 2)": [0.005790970288217068, 0.0052528707310557365, 0.005273640155792236, 0.005948404315859079, 0.00317954970523715], "(1, 5, 0, 1)": [0.00463853357359767, 0.001231055473908782, 0.0031666094437241554, 0.001297352951951325, 0.0022210823372006416], "(1, 4, 0, 2)": [0.004655809607356787, 0.002981329569593072, 0.0010825336212292314, 0.0021788261365145445, 0.003145673079416156], "(1, 4, 2, 3)": [0.0, 0.0, 0.00294980825856328, 0.0, 0.0010857590241357684], "(1, 5, 1, 2)": [0.00822354480624199, 0.009647893719375134, 0.008115645498037338, 0.007134908344596624, 0.006030527409166098], "(1, 5, 2, 2)": [0.0022390244994312525, 0.004213662352412939, 0.0011057094670832157, 0.0038922110106796026, 0.003878737334161997], "(1, 5, 2, 3)": [0.0069700502790510654, 0.001982357120141387, 0.000884299399331212, 0.0010492682922631502, 0.002307445975020528], "(1, 5, 3, 3)": [0.0005483356071636081, 0.0009787882445380092, 0.0010270667262375355, 0.005897858180105686, 0.002335912548005581], "(1, 4, 3, 3)": [0.0, 0.0022172853350639343, 0.0, 0.0, 0.0], "(1, 5, 3, 2)": [0.0, 0.0, 0.0, 0.0011682040058076382, 0.0], "(2, 4, -1, 0)": [0.0, 0.0, 0.0, -0.0014810009161010385, 0.0], "(2, 4, 5, 4)": [0.0011992774670943618, 0.0, 0.0, 0.0, 0.0], "(1, 5, 1, 3)": [0.0, 0.0, 0.0, 0.0, -0.002070880262181163], "(2, 5, -1, 1)": [0.0, 0.0, 0.0017683443147689104, 0.0, 0.0], "(1, 4, 1, 1)": [-0.00214114086702466, 0.0019171806052327156, 0.0, 0.0, 0.0011207670904695988], "(2, 5, 4, 2)": [0.0, 0.0, 0.004207736346870661, 0.0030841820407658815, 0.002143602352589369], "(3, 4, 4, 3)": [0.0, 0.0009999964386224747, 0.0, 0.0, 0.0011472220066934824], "(3, 5, 4, 2)": [0.0023788551334291697, 0.0012383783468976617, 0.002498083049431443, 0.0012591560371220112, 0.0], "(3, 5, 2, 1)": [0.0, 0.0012327139265835285, 0.0, 0.0, 0.0]}}