{"q_values": {"(2, 5, 2, 2)": [0.019510678946971893, 0.018258586525917053, 0.018880460411310196, 0.01853976771235466, 0.018066570162773132], "(2, 5, 3, 2)": [0.01887083798646927, 0.019594699144363403, 0.018855158239603043, 0.019208412617444992, 0.019121533259749413], "(2, 5, 3, 3)": [0.01590179279446602, 0.019207965582609177, 0.015249849297106266, 0.018015451729297638, 0.017021464183926582], "(2, 4, 2, 2)": [0.018897783011198044, 0.017422839999198914, 0.018847119063138962, 0.01906425878405571, 0.019366838037967682], "(2, 4, 3, 2)": [0.019322406500577927, 0.017336128279566765, 0.01944858208298683, 0.019362574443221092, 0.01965879276394844], "(2, 4, 3, 3)": [0.019647281616926193, 0.019627943634986877, 0.01958795078098774, 0.01965489611029625, 0.01963244006037712], "(2, 4, 4, 3)": [0.01962234638631344, 0.019697731360793114, 0.01965690217912197, 0.019571799784898758, 0.019640272483229637], "(2, 4, 1, 1)": [0.01655222289264202, 0.015349321067333221, 0.01902875304222107, 0.015993090346455574, 0.01782572828233242], "(2, 4, 2, 1)": [0.008538441732525826, 0.010401296429336071, 0.01303340494632721, 0.017700500786304474, 0.012628029100596905], "(2, 5, 4, 3)": [0.019261954352259636, 0.016731569543480873, 0.017184190452098846, 0.015954092144966125, 0.01842402294278145], "(2, 4, 1, 2)": [0.019061272963881493, 0.019176922738552094, 0.019349895417690277, 0.01920381933450699, 0.017307227477431297], "(2, 5, 1, 2)": [0.01927037164568901, 0.019472936168313026, 0.019208699464797974, 0.01844051480293274, 0.01939869113266468], "(2, 5, 0, 2)": [0.019462985917925835, 0.019267845898866653, 0.019236864522099495, 0.0192320104688406, 0.019204623997211456], "(2, 5, 2, 3)": [0.012256075628101826, 0.01675700768828392, 0.012099030427634716, 0.011653894558548927, 0.010969862341880798], "(2, 4, 0, 1)": [0.01728973351418972, 0.016638286411762238, 0.016019640490412712, 0.017870740965008736, 0.015653550624847412], "(2, 4, 4, 2)": [0.01928589679300785, 0.01939094439148903, 0.019251417368650436, 0.0196122694760561, 0.019146135076880455], "(2, 4, 5, 3)": [0.016474386677145958, 0.017637262120842934, 0.017297819256782532, 0.017735324800014496, 0.018794817849993706], "(3, 4, 4, 2)": [0.019190505146980286, 0.019255731254816055, 0.01960424892604351, 0.017330527305603027, 0.017108745872974396], "(3, 4, 3, 2)": [0.016953041777014732, 0.018859559670090675, 0.01904383860528469, 0.019677216187119484, 0.01845870167016983], "(3, 4, 2, 1)": [0.010270426981151104, 0.010694184340536594, 0.012519762851297855, 0.012373950332403183, 0.018064403906464577], "(3, 4, 2, 2)": [0.018326353281736374, 0.017858045175671577, 0.016930298879742622, 0.017740828916430473, 0.019458293914794922], "(3, 4, 3, 1)": [0.00017929531168192625, 0.009086329489946365, -0.0014014377957209945, 0.0035341638140380383, 0.00023100781254470348], "(2, 5, 0, 1)": [0.019210662692785263, 0.019606467336416245, 0.019565662369132042, 0.019336391240358353, 0.019442368298768997], "(2, 5, 5, 3)": [0.018645815551280975, 0.012240574695169926, 0.013413136824965477, 0.015241474844515324, 0.013065163046121597], "(3, 5, 3, 3)": [0.015380161814391613, 0.011902610771358013, 0.008431192487478256, 0.010401466861367226, 0.011369084939360619], "(3, 5, 4, 3)": [0.015490097925066948, 0.01931643672287464, 0.015949886292219162, 0.015106849372386932, 0.016822203993797302], "(3, 5, 3, 2)": [0.019602349027991295, 0.01873392052948475, 0.019176529720425606, 0.018066072836518288, 0.01862356811761856], "(3, 5, 2, 2)": [0.01913088746368885, 0.019650869071483612, 0.01918852888047695, 0.019072799012064934, 0.018561990931630135], "(3, 5, 1, 2)": [0.017318954691290855, 0.01950881816446781, 0.01711750030517578, 0.017250705510377884, 0.016598103567957878], "(3, 5, 1, 1)": [0.018015408888459206, 0.018191803246736526, 0.017913125455379486, 0.01723404973745346, 0.019521696493029594], "(3, 5, 0, 1)": [0.007113505154848099, 0.008257242850959301, 0.001263606594875455, 0.016473757103085518, 0.006475572474300861], "(2, 5, 1, 1)": [0.01958085410296917, 0.019594179466366768, 0.01948261447250843, 0.01963423192501068, 0.01958739198744297], "(1, 4, 0, 1)": [0.014619124121963978, 0.01591394655406475, 0.014968047849833965, 0.013439239002764225, 0.018500834703445435], "(1, 4, 1, 2)": [0.01513407751917839, 0.01883729174733162, 0.016561485826969147, 0.016239318996667862, 0.016358425840735435], "(1, 4, 2, 2)": [0.018890535458922386, 0.018719594925642014, 0.018930505961179733, 0.018740065395832062, 0.018757924437522888], "(1, 4, 3, 2)": [0.017737362533807755, 0.016481010243296623, 0.018685083836317062, 0.01836741901934147, 0.017273996025323868], "(1, 4, 4, 3)": [0.0042450688779354095, 0.010224709287285805, 0.0037771048955619335, 0.006344960071146488, 0.016688963398337364], "(2, 4, 0, 2)": [0.006411675363779068, 0.008554059080779552, 0.013172551989555359, 0.01242406852543354, 0.01931617595255375], "(3, 5, 5, 3)": [0.018592488020658493, 0.01414011511951685, 0.01589263044297695, 0.012983960099518299, 0.016458380967378616], "(2, 5, 6, 4)": [0.0, -0.0019615020137280226, 0.00531516270712018, -0.0017457380890846252, 0.001147279399447143], "(2, 4, 0, 0)": [0.0011253186967223883, 0.004629228729754686, 0.0, 0.0006994842551648617, 0.0], "(2, 5, 6, 3)": [0.0018843605648726225, 0.010440640151500702, 0.001776031800545752, 0.005721800960600376, 0.004862482193857431], "(3, 4, 1, 1)": [0.017769526690244675, 0.018925510346889496, 0.01557669136673212, 0.017790552228689194, 0.017384182661771774], "(1, 5, 0, 2)": [0.019286543130874634, 0.019138092175126076, 0.019245358183979988, 0.01828814297914505, 0.018977751955389977], "(1, 5, 0, 1)": [0.018726684153079987, 0.01844961754977703, 0.017599981278181076, 0.017636142671108246, 0.018768638372421265], "(1, 4, 0, 2)": [0.014340698719024658, 0.018554510548710823, 0.017788005992770195, 0.015257643535733223, 0.015534494072198868], "(1, 4, 2, 3)": [0.003239109180867672, 0.003455804893746972, 0.017166921868920326, 0.006667498964816332, 0.005710898898541927], "(1, 5, 1, 2)": [0.019184650853276253, 0.016624584794044495, 0.01608375459909439, 0.019190218299627304, 0.019180988892912865], "(1, 5, 2, 2)": [0.019675549119710922, 0.015598999336361885, 0.018692173063755035, 0.017873162403702736, 0.019185099750757217], "(1, 5, 2, 3)": [0.018871888518333435, 0.01290744636207819, 0.010905535891652107, 0.012862575240433216, 0.007802998647093773], "(1, 5, 3, 3)": [0.019518639892339706, 0.017622195184230804, 0.017974741756916046, 0.017300035804510117, 0.017605315893888474], "(1, 4, 3, 3)": [0.016236793249845505, 0.01876962184906006, 0.019633349031209946, 0.017237190157175064, 0.016486000269651413], "(1, 5, 3, 2)": [0.011118332855403423, 0.010192885994911194, 0.005016476381570101, 0.01868790201842785, 0.0067160287871956825], "(2, 4, -1, 0)": [0.0, 0.0011086025042459369, 0.0, 0.002854544436559081, -0.002052447758615017], "(2, 4, 5, 4)": [0.0011992774670943618, 0.0013986878329887986, 0.0, 0.0, 0.0], "(1, 5, 1, 3)": [0.006877344101667404, -3.715080674737692e-05, 0.0, 0.0, -0.0015513161197304726], "(2, 5, -1, 1)": [0.0, 0.0010775367263704538, 0.004389860667288303, 0.0, 0.0009999776957556605], "(1, 4, 1, 1)": [0.008440567180514336, 0.010520000010728836, 0.007696282118558884, 0.015111923217773438, 0.004871833138167858], "(2, 5, 4, 2)": [0.014896111562848091, 0.015997979789972305, 0.015054105781018734, 0.0195417832583189, 0.016461722552776337], "(3, 4, 4, 3)": [0.01777750998735428, 0.016937734559178352, 0.01762169599533081, 0.016889825463294983, 0.019403336569666862], "(3, 5, 4, 2)": [0.017976950854063034, 0.017831945791840553, 0.01847698912024498, 0.018319766968488693, 0.019578980281949043], "(3, 5, 2, 1)": [0.00914980098605156, 0.018451523035764694, 0.008716321550309658, 0.006050636991858482, 0.006150845438241959], "(3, 4, 0, 1)": [0.008982250466942787, 0.00829914677888155, 0.013699937611818314, 0.0130319744348526, 0.018695449456572533], "(3, 4, 5, 3)": [0.019213354215025902, 0.012204018421471119, 0.010891278274357319, 0.010807299055159092, 0.013369446620345116],