{"q_values": {"(2, 5, 2, 2)": [0.019927717745304108, 0.018117673695087433, 0.01917649619281292, 0.01698887161910534, 0.01797115057706833], "(2, 5, 3, 2)": [0.019317559897899628, 0.01993737742304802, 0.019562946632504463, 0.01948043704032898, 0.019539635628461838], "(2, 5, 3, 3)": [0.019909009337425232, 0.015658117830753326, 0.017407137900590897, 0.016462063416838646, 0.015293431468307972], "(2, 4, 2, 2)": [0.019276196137070656, 0.0193482656031847, 0.019367806613445282, 0.01942666992545128, 0.01915530301630497], "(2, 4, 3, 2)": [0.018958481028676033, 0.01919025182723999, 0.01920260861515999, 0.019581565633416176, 0.019506869837641716], "(2, 4, 3, 3)": [0.0199127160012722, 0.01968545839190483, 0.019562577828764915, 0.01957583986222744, 0.01964017190039158], "(2, 4, 4, 3)": [0.019812986254692078, 0.01948261447250843, 0.019527824595570564, 0.019685503095388412, 0.019687427207827568], "(2, 4, 1, 1)": [0.018408671021461487, 0.017949042841792107, 0.018470920622348785, 0.0197162926197052, 0.017208732664585114], "(2, 4, 2, 1)": [0.009095581248402596, 0.009617825038731098, 0.008743911981582642, 0.012580952607095242, 0.018400754779577255], "(2, 5, 4, 3)": [0.019918711856007576, 0.01676306128501892, 0.016319844871759415, 0.016263630241155624, 0.015864474698901176], "(2, 4, 1, 2)": [0.017374780029058456, 0.018039952963590622, 0.018325893208384514, 0.01987517811357975, 0.019147038459777832], "(2, 5, 1, 2)": [0.019928906112909317, 0.019243668764829636, 0.019194284453988075, 0.019261375069618225, 0.019170604646205902], "(2, 5, 0, 2)": [0.019120678305625916, 0.019685616716742516, 0.0190819650888443, 0.019126197323203087, 0.019172383472323418], "(2, 5, 2, 3)": [0.013232266530394554, 0.012881267815828323, 0.012964996509253979, 0.012866864912211895, 0.011071804910898209], "(2, 4, 0, 1)": [0.018705060705542564, 0.018847625702619553, 0.018530787900090218, 0.01873202621936798, 0.019518230110406876], "(2, 4, 4, 2)": [0.019059330224990845, 0.019229069352149963, 0.01917501725256443, 0.01932910829782486, 0.019791223108768463], "(2, 4, 5, 3)": [0.01862093061208725, 0.019838375970721245, 0.01850629597902298, 0.018621381372213364, 0.01883554831147194], "(3, 4, 4, 2)": [0.018939705565571785, 0.018677163869142532, 0.017794009298086166, 0.01966717466711998, 0.019056806340813637], "(3, 4, 3, 2)": [0.01847265660762787, 0.01894940808415413, 0.019096389412879944, 0.018422454595565796, 0.019728364422917366], "(3, 4, 2, 1)": [0.012521149590611458, 0.011295967735350132, 0.012112212367355824, 0.010302278213202953, 0.019682541489601135], "(3, 4, 2, 2)": [0.01681666076183319, 0.019258622080087662, 0.019350185990333557, 0.019815510138869286, 0.019358666613698006], "(3, 4, 3, 1)": [0.0019379222067072988, 0.007456893566995859, 0.00024634029250591993, 0.0019380063749849796, 0.00023100781254470348], "(2, 5, 0, 1)": [0.01885051839053631, 0.019701486453413963, 0.019912151619791985, 0.019534261897206306, 0.019660981371998787], "(2, 5, 5, 3)": [0.019151804968714714, 0.010416886769235134, 0.011908622458577156, 0.010393938049674034, 0.010418654419481754], "(3, 5, 3, 3)": [0.01675662025809288, 0.014573988504707813, 0.013845769688487053, 0.014414440840482712, 0.014411818236112595], "(3, 5, 4, 3)": [0.019715920090675354, 0.014300622045993805, 0.016108160838484764, 0.015460368245840073, 0.016222551465034485], "(3, 5, 3, 2)": [0.01942357048392296, 0.019933504983782768, 0.019514748826622963, 0.01916070654988289, 0.01944645866751671], "(3, 5, 2, 2)": [0.019874023273587227, 0.019630158320069313, 0.017241396009922028, 0.01966157555580139, 0.01969095505774021], "(3, 5, 1, 2)": [0.01984236016869545, 0.019378088414669037, 0.019264759495854378, 0.019281458109617233, 0.019680822268128395], "(3, 5, 1, 1)": [0.019496478140354156, 0.019464874640107155, 0.0192523505538702, 0.019598480314016342, 0.019791044294834137], "(3, 5, 0, 1)": [0.016925254836678505, 0.018145214766263962, 0.01490624900907278, 0.019858796149492264, 0.016015972942113876], "(2, 5, 1, 1)": [0.01970554329454899, 0.01978132501244545, 0.01970730721950531, 0.019934948533773422, 0.019772926345467567], "(1, 4, 0, 1)": [0.018799476325511932, 0.018703604117035866, 0.01670112833380699, 0.016829730942845345, 0.019893759861588478], "(1, 4, 1, 2)": [0.017711054533720016, 0.019450204446911812, 0.01938517950475216, 0.019923130050301552, 0.01941005326807499], "(1, 4, 2, 2)": [0.01838907226920128, 0.019059307873249054, 0.016406377777457237, 0.019019393250346184, 0.019909698516130447], "(1, 4, 3, 2)": [0.01870064064860344, 0.01988227479159832, 0.019347146153450012, 0.01933855377137661, 0.01937521994113922], "(1, 4, 4, 3)": [0.017470717430114746, 0.018400918692350388, 0.016158539801836014, 0.015742527320981026, 0.01965590938925743], "(2, 4, 0, 2)": [0.0172914806753397, 0.018119413405656815, 0.018790297210216522, 0.017023572698235512, 0.019880203530192375], "(3, 5, 5, 3)": [0.013775539584457874, 0.0144246406853199, 0.017573243007063866, 0.014744076877832413, 0.014224824495613575], "(2, 5, 6, 4)": [-0.00013405142817646265, -0.0019615020137280226, 0.0020838058553636074, 4.352256655693054e-05, -0.0003603195073083043], "(2, 4, 0, 0)": [-0.0005259689642116427, 0.002216198481619358, -0.003122141119092703, -0.0003105213399976492, 0.00562809593975544], "(2, 5, 6, 3)": [0.004571476951241493, 0.014331179670989513, 0.001776031800545752, 0.007036528550088406, 0.007462448440492153], "(3, 4, 1, 1)": [0.01863016001880169, 0.017678234726190567, 0.017412260174751282, 0.016955580562353134, 0.016476284712553024], "(1, 5, 0, 2)": [0.016787327826023102, 0.019686629995703697, 0.019026940688490868, 0.019160473719239235, 0.01785111241042614], "(1, 5, 0, 1)": [0.019745290279388428, 0.01975041627883911, 0.019906463101506233, 0.019724328070878983, 0.019722899422049522], "(1, 4, 0, 2)": [0.01963837817311287, 0.019625568762421608, 0.019657403230667114, 0.01962265372276306, 0.01988997496664524], "(1, 4, 2, 3)": [0.017530066892504692, 0.01664099656045437, 0.01975935883820057, 0.01725172996520996, 0.017734307795763016], "(1, 5, 1, 2)": [0.019701670855283737, 0.01769183948636055, 0.018803609535098076, 0.01916370913386345, 0.018711822107434273], "(1, 5, 2, 2)": [0.019043216481804848, 0.019536685198545456, 0.01900431327521801, 0.01839783601462841, 0.019049417227506638], "(1, 5, 2, 3)": [0.014126341789960861, 0.019049132242798805, 0.012325895018875599, 0.015510957688093185, 0.012717878445982933], "(1, 5, 3, 3)": [0.01661190576851368, 0.019593076780438423, 0.01630152389407158, 0.016941659152507782, 0.017052333801984787], "(1, 4, 3, 3)": [0.019580744206905365, 0.019621988758444786, 0.019647033885121346, 0.019833369180560112, 0.01964113861322403], "(1, 5, 3, 2)": [0.019671034067869186, 0.017482636496424675, 0.01854676753282547, 0.01901697739958763, 0.018946651369333267], "(2, 4, -1, 0)": [-0.002278189640492201, -0.0020775876473635435, 0.004549695178866386, -0.003569390159100294, -0.003241859609261155], "(2, 4, 5, 4)": [0.0011992774670943618, 0.004549320787191391, 0.0, 0.0, 0.0019304488087072968], "(1, 5, 1, 3)": [0.015753263607621193, 0.0049010165967047215, -1.5361118130385876e-05, 0.0, 0.0005910387262701988], "(2, 5, -1, 1)": [0.0, 0.0025617252103984356, 0.011292604729533195, 0.0, 0.0009999776957556605], "(1, 4, 1, 1)": [0.015057920478284359, 0.013290739618241787, 0.012964344583451748, 0.015173973515629768, 0.019703542813658714], "(2, 5, 4, 2)": [0.018933895975351334, 0.019263815134763718, 0.01912185177206993, 0.01986883021891117, 0.01872163638472557], "(3, 4, 4, 3)": [0.019812751561403275, 0.01960347220301628, 0.019600745290517807, 0.019602160900831223, 0.019653890281915665], "(3, 5, 4, 2)": [0.019847113639116287, 0.01950777694582939, 0.01888292469084263, 0.019635116681456566, 0.018907485529780388], "(3, 5, 2, 1)": [0.011170249432325363, 0.019852418452501297, 0.014209596440196037, 0.012908009812235832, 0.013835066929459572], "(3, 4, 0, 1)": [0.013871870934963226, 0.016553163528442383, 0.015690075233578682, 0.013891173526644707, 0.015932932496070862],