{"q_values": {"(2, 5, 2, 2)": [0.01708998717367649, 0.018973451107740402, 0.01612049713730812, 0.018231505528092384, 0.015673330053687096], "(2, 5, 3, 2)": [0.014908412471413612, 0.016138749197125435, 0.018783502280712128, 0.018393710255622864, 0.018311548978090286], "(2, 5, 3, 3)": [0.008827676996588707, 0.011882081627845764, 0.009925163350999355, 0.01222790963947773, 0.013856532983481884], "(2, 4, 2, 2)": [0.017423737794160843, 0.018393268808722496, 0.01866304874420166, 0.017173372209072113, 0.01906738057732582], "(2, 4, 3, 2)": [0.019181719049811363, 0.01919974759221077, 0.019239788874983788, 0.019186317920684814, 0.01943214237689972], "(2, 4, 3, 3)": [0.019508138298988342, 0.019523989409208298, 0.019590578973293304, 0.019533909857273102, 0.019530996680259705], "(2, 4, 4, 3)": [0.01960025168955326, 0.01958402991294861, 0.01952989026904106, 0.019599927589297295, 0.01959005557000637], "(2, 4, 1, 1)": [0.01833421178162098, 0.018409602344036102, 0.015294858254492283, 0.016258008778095245, 0.015541959553956985], "(2, 4, 2, 1)": [0.009093654341995716, 0.004889759235084057, 0.012422488071024418, 0.009221943095326424, 0.01008333545178175], "(2, 5, 4, 3)": [0.017925987020134926, 0.016355251893401146, 0.015916911885142326, 0.015344062820076942, 0.015442540869116783], "(2, 4, 1, 2)": [0.01910059154033661, 0.01710982620716095, 0.01935705728828907, 0.016592461615800858, 0.019446684047579765], "(2, 5, 1, 2)": [0.01914428360760212, 0.019168172031641006, 0.01913866400718689, 0.019116580486297607, 0.019102521240711212], "(2, 5, 0, 2)": [0.019376803189516068, 0.01947173662483692, 0.01940896175801754, 0.01930779404938221, 0.01959833689033985], "(2, 5, 2, 3)": [0.011016588658094406, 0.010026810690760612, 0.011752894148230553, 0.012759746983647346, 0.01406192872673273], "(2, 4, 0, 1)": [0.016450075432658195, 0.015465245582163334, 0.017883628606796265, 0.016021771356463432, 0.013479241169989109], "(2, 4, 4, 2)": [0.01958773471415043, 0.01896210014820099, 0.01892853155732155, 0.0189751535654068, 0.0190373994410038], "(2, 4, 5, 3)": [0.01786298304796219, 0.01817423664033413, 0.018639078363776207, 0.01859833486378193, 0.018347984179854393], "(3, 4, 4, 2)": [0.019215041771531105, 0.019008954986929893, 0.01809002086520195, 0.019145671278238297, 0.01938345469534397], "(3, 4, 3, 2)": [0.01926356554031372, 0.019160335883498192, 0.01752261072397232, 0.019416751340031624, 0.019252579659223557], "(3, 4, 2, 1)": [0.013618729077279568, 0.015441270545125008, 0.012773310765624046, 0.010172304697334766, 0.01869388297200203], "(3, 4, 2, 2)": [0.019267739728093147, 0.019052883610129356, 0.016383126378059387, 0.018825281411409378, 0.01916944794356823], "(3, 4, 3, 1)": [0.00017929531168192625, 0.011391343548893929, -0.0014014377957209945, 0.0035341638140380383, 0.00023100781254470348], "(2, 5, 0, 1)": [0.01963682845234871, 0.019362039864063263, 0.019599905237555504, 0.01964447647333145, 0.019618265330791473], "(2, 5, 5, 3)": [0.015469091013073921, 0.01577403023838997, 0.01416588481515646, 0.017118098214268684, 0.013683867640793324], "(3, 5, 3, 3)": [0.015237148851156235, 0.014969573356211185, 0.012044037692248821, 0.013225071132183075, 0.014082332141697407], "(3, 5, 4, 3)": [0.018315911293029785, 0.018826352432370186, 0.018799833953380585, 0.01858573406934738, 0.018679196015000343], "(3, 5, 3, 2)": [0.018769031390547752, 0.01900370419025421, 0.01895306445658207, 0.015849387273192406, 0.019014211371541023], "(3, 5, 2, 2)": [0.019311632961034775, 0.01618863269686699, 0.019132226705551147, 0.018983209505677223, 0.017694871872663498], "(3, 5, 1, 2)": [0.018953239545226097, 0.018982697278261185, 0.01852189376950264, 0.0193477813154459, 0.019179286435246468], "(3, 5, 1, 1)": [0.0195610448718071, 0.01938869245350361, 0.019371366128325462, 0.019284503534436226, 0.019467417150735855], "(3, 5, 0, 1)": [0.01142835058271885, 0.012904660776257515, 0.006129065062850714, 0.019309666007757187, 0.010067863389849663], "(2, 5, 1, 1)": [0.01969120278954506, 0.019774634391069412, 0.019562257453799248, 0.019665980711579323, 0.019706960767507553], "(1, 4, 0, 1)": [0.017047027125954628, 0.019450288265943527, 0.01925836130976677, 0.01862478256225586, 0.019742513075470924], "(1, 4, 1, 2)": [0.01951839029788971, 0.019589463248848915, 0.01969781704246998, 0.01973159983754158, 0.019646162167191505], "(1, 4, 2, 2)": [0.019307997077703476, 0.019653435796499252, 0.019596325233578682, 0.01931408978998661, 0.01983770728111267], "(1, 4, 3, 2)": [0.018422219902276993, 0.018378792330622673, 0.019040444865822792, 0.019736628979444504, 0.017881160601973534], "(1, 4, 4, 3)": [0.005784775596112013, 0.010224709287285805, 0.0037771048955619335, 0.007979891262948513, 0.01873834989964962], "(2, 4, 0, 2)": [0.00997400376945734, 0.013120419345796108, 0.014964623376727104, 0.014407149516046047, 0.019700912758708], "(3, 5, 5, 3)": [0.016356129199266434, 0.01929347775876522, 0.01682139001786709, 0.01616198942065239, 0.015250594355165958], "(2, 5, 6, 4)": [0.0018957502907142043, -0.0019615020137280226, 0.010542583651840687, -0.0017457380890846252, 0.004170795436948538], "(2, 4, 0, 0)": [0.0011253186967223883, 0.00770647544413805, 0.0, 0.0006994842551648617, 0.0], "(2, 5, 6, 3)": [0.0018843605648726225, 0.012366271577775478, 0.001776031800545752, 0.005721800960600376, 0.004862482193857431], "(3, 4, 1, 1)": [0.018487296998500824, 0.015664447098970413, 0.015891222283244133, 0.017560597509145737, 0.016407549381256104], "(1, 5, 0, 2)": [0.019424917176365852, 0.01950920559465885, 0.019329681992530823, 0.019451992586255074, 0.01929868757724762], "(1, 5, 0, 1)": [0.019646409898996353, 0.019658014178276062, 0.019443778321146965, 0.019562233239412308, 0.01983621157705784], "(1, 4, 0, 2)": [0.018997909501194954, 0.019771911203861237, 0.019037028774619102, 0.019118424504995346, 0.018581029027700424], "(1, 4, 2, 3)": [0.00890339259058237, 0.011909553781151772, 0.01961268112063408, 0.010149932466447353, 0.011404808610677719], "(1, 5, 1, 2)": [0.01896423101425171, 0.016141075640916824, 0.016604501754045486, 0.016007855534553528, 0.019105877727270126], "(1, 5, 2, 2)": [0.019507529214024544, 0.019232021644711494, 0.019419318065047264, 0.019206108525395393, 0.01935233362019062], "(1, 5, 2, 3)": [0.01909308135509491, 0.015717005357146263, 0.011780211701989174, 0.014406648464500904, 0.012455468997359276], "(1, 5, 3, 3)": [0.019370250403881073, 0.018113337457180023, 0.018543275073170662, 0.01537710428237915, 0.01805862970650196], "(1, 4, 3, 3)": [0.01861243136227131, 0.019145675003528595, 0.019722098484635353, 0.019149307161569595, 0.01859658770263195], "(1, 5, 3, 2)": [0.012716871686279774, 0.010192885994911194, 0.005016476381570101, 0.019692201167345047, 0.00917587336152792], "(2, 4, -1, 0)": [0.0, 0.0006926609203219414, 0.0, 0.0005039360839873552, -0.0009008282795548439], "(2, 4, 5, 4)": [0.0011992774670943618, 0.002891961485147476, 0.0, 0.0, 0.0], "(1, 5, 1, 3)": [0.0048723723739385605, -3.715080674737692e-05, 0.0, 0.0, -0.0015513161197304726], "(2, 5, -1, 1)": [0.0, 0.0010775367263704538, 0.005494643002748489, 0.0, 0.0009999776957556605], "(1, 4, 1, 1)": [0.01129187736660242, 0.014752719551324844, 0.011129308491945267, 0.012141728773713112, 0.010502002201974392], "(2, 5, 4, 2)": [0.016407368704676628, 0.018064256757497787, 0.0168911125510931, 0.019436165690422058, 0.017184073105454445], "(3, 4, 4, 3)": [0.018810151144862175, 0.01881108060479164, 0.01925428956747055, 0.0189044289290905, 0.019714104011654854], "(3, 5, 4, 2)": [0.019218996167182922, 0.019051359966397285, 0.019622771069407463, 0.019306939095258713, 0.019199013710021973], "(3, 5, 2, 1)": [0.011170249432325363, 0.019633343443274498, 0.011525800451636314, 0.008595493622124195, 0.007505446672439575], "(3, 4, 0, 1)": [0.009048729203641415, 0.014308791607618332, 0.014114169403910637, 0.014090030454099178, 0.015384114347398281], "(3, 4, 5, 3)": [0.019697949290275574, 0.015208158642053604, 0.014390647411346436, 0.014874186366796494, 0.01543134544044733],