{"q_values": {"(2, 5, 2, 2)": [0.019718512892723083, 0.018482601270079613, 0.0180291049182415, 0.018802307546138763, 0.018648579716682434], "(2, 5, 3, 2)": [0.01987604983150959, 0.019615033641457558, 0.019612232223153114, 0.019625550135970116, 0.019618410617113113], "(2, 5, 3, 3)": [0.018068457022309303, 0.01984616182744503, 0.019159432500600815, 0.01933894492685795, 0.017815284430980682], "(2, 4, 2, 2)": [0.018582729622721672, 0.018515171483159065, 0.01914043352007866, 0.018930276855826378, 0.019677557051181793], "(2, 4, 3, 2)": [0.0190928652882576, 0.019511708989739418, 0.019389772787690163, 0.019822463393211365, 0.019545748829841614], "(2, 4, 3, 3)": [0.019813915714621544, 0.019824111834168434, 0.019940562546253204, 0.01981021836400032, 0.01977352797985077], "(2, 4, 4, 3)": [0.019788935780525208, 0.019792139530181885, 0.019774820655584335, 0.01991875097155571, 0.019731588661670685], "(2, 4, 1, 1)": [0.01557356957346201, 0.01638709008693695, 0.015460249036550522, 0.015748165547847748, 0.019649965688586235], "(2, 4, 2, 1)": [0.012816439382731915, 0.01460740901529789, 0.014421515166759491, 0.01454540528357029, 0.01784593053162098], "(2, 5, 4, 3)": [0.019850924611091614, 0.019688498228788376, 0.019661840051412582, 0.01853671669960022, 0.019566966220736504], "(2, 4, 1, 2)": [0.01870962418615818, 0.019733496010303497, 0.018116258084774017, 0.018530230969190598, 0.018224718049168587], "(2, 5, 1, 2)": [0.019216420128941536, 0.01923905499279499, 0.01958313398063183, 0.01931009627878666, 0.018759051337838173], "(2, 5, 0, 2)": [0.01972373202443123, 0.019604677334427834, 0.01962018385529518, 0.019571973010897636, 0.019583316519856453], "(2, 5, 2, 3)": [0.01973264291882515, 0.016116704791784286, 0.01501627080142498, 0.015082123689353466, 0.016916893422603607], "(2, 4, 0, 1)": [0.01689930632710457, 0.017399828881025314, 0.01788048818707466, 0.01687418483197689, 0.019681714475154877], "(2, 4, 4, 2)": [0.019365688785910606, 0.019351623952388763, 0.01930106431245804, 0.019330676645040512, 0.01982826553285122], "(2, 4, 5, 3)": [0.01927570253610611, 0.019304810091853142, 0.019879242405295372, 0.019368041306734085, 0.019154591485857964], "(3, 4, 4, 2)": [0.018775109201669693, 0.01955312490463257, 0.019428536295890808, 0.019563185051083565, 0.019749173894524574], "(3, 4, 3, 2)": [0.017415333539247513, 0.017516667023301125, 0.019024407491087914, 0.01988048106431961, 0.01819092594087124], "(3, 4, 2, 1)": [0.015590301714837551, 0.015427320264279842, 0.015865350142121315, 0.015808122232556343, 0.01784098893404007], "(3, 4, 2, 2)": [0.017794504761695862, 0.019196243956685066, 0.019174883142113686, 0.019174693152308464, 0.019851652905344963], "(3, 4, 3, 1)": [0.0012098937295377254, 0.0009228945709764957, 0.014683687128126621, 0.0033063788432627916, -4.6110013499855995e-05], "(2, 5, 0, 1)": [0.019586587324738503, 0.01984105259180069, 0.019640160724520683, 0.01957579515874386, 0.01958155818283558], "(2, 5, 5, 3)": [0.019808035343885422, 0.017610574141144753, 0.016602233052253723, 0.017652004957199097, 0.017166033387184143], "(3, 5, 4, 3)": [0.01988082379102707, 0.0187104232609272, 0.017903685569763184, 0.01854378543794155, 0.01817404106259346], "(3, 5, 3, 2)": [0.019879337400197983, 0.01935206726193428, 0.01937616802752018, 0.019247442483901978, 0.019159991294145584], "(3, 5, 2, 2)": [0.01813908852636814, 0.01981632597744465, 0.018488068133592606, 0.01769058220088482, 0.017212744802236557], "(3, 5, 1, 1)": [0.01964988186955452, 0.019680948927998543, 0.019682705402374268, 0.019654735922813416, 0.01974702626466751], "(3, 5, 1, 2)": [0.019738417118787766, 0.01971709169447422, 0.019556647166609764, 0.01971498131752014, 0.019712170585989952], "(3, 4, 1, 1)": [0.017050156369805336, 0.016724271699786186, 0.01694473810493946, 0.019413376227021217, 0.017134852707386017], "(2, 4, 0, 0)": [0.00047364109195768833, 0.0007532310555689037, 0.001401175046339631, 0.011572275310754776, -0.0010647918097674847], "(2, 5, 1, 1)": [0.019902097061276436, 0.019727030768990517, 0.019717976450920105, 0.019702980294823647, 0.019711095839738846], "(2, 5, 4, 2)": [0.018904810771346092, 0.018296830356121063, 0.019833991304039955, 0.018156908452510834, 0.018238365650177002], "(2, 4, 0, 2)": [0.01797638274729252, 0.018539387732744217, 0.01840469054877758, 0.017422616481781006, 0.019687887281179428], "(1, 4, 0, 1)": [0.01807497814297676, 0.019045593217015266, 0.019133249297738075, 0.018991433084011078, 0.019887953996658325], "(3, 4, 4, 3)": [0.019887976348400116, 0.019754683598876, 0.01975676603615284, 0.01974616013467312, 0.01975272037088871], "(3, 4, 5, 3)": [0.018860014155507088, 0.019264914095401764, 0.01980995014309883, 0.01876411959528923, 0.018684109672904015], "(3, 5, 4, 2)": [0.01968984678387642, 0.019672762602567673, 0.01988217793405056, 0.019666824489831924, 0.019641298800706863], "(3, 5, 3, 3)": [0.019874868914484978, 0.016976162791252136, 0.017855551093816757, 0.017794404178857803, 0.016997089609503746], "(3, 4, 1, 2)": [0.019685812294483185, 0.019765734672546387, 0.019775891676545143, 0.019778860732913017, 0.01977253518998623], "(2, 5, 2, 1)": [0.019923022016882896, 0.0035029537975788116, 0.0043660663068294525, 0.005915886722505093, 0.005212893709540367], "(1, 4, 1, 2)": [0.019856296479701996, 0.019809912890195847, 0.019756736233830452, 0.019431721419095993, 0.01992720738053322], "(1, 4, 0, 2)": [0.019485559314489365, 0.01979086548089981, 0.01982477493584156, 0.019921479746699333, 0.01981925405561924], "(1, 4, 1, 1)": [0.017109163105487823, 0.017965000122785568, 0.016324542462825775, 0.017981907352805138, 0.019891895353794098], "(1, 4, 2, 2)": [0.019766217097640038, 0.019676627591252327, 0.019302621483802795, 0.01962479203939438, 0.01992245949804783], "(1, 5, 2, 2)": [0.018443208187818527, 0.0199015773832798, 0.019667884334921837, 0.019607355818152428, 0.019395742565393448], "(1, 5, 3, 3)": [0.01988597773015499, 0.01952625811100006, 0.019541915506124496, 0.019570481032133102, 0.01966916397213936], "(3, 5, 0, 1)": [0.019591793417930603, 0.019633503630757332, 0.01964201219379902, 0.019632108509540558, 0.019776776432991028], "(3, 4, 0, 1)": [0.014835999347269535, 0.015309343114495277, 0.015319321304559708, 0.015428215265274048, 0.017078349366784096], "(1, 4, 3, 3)": [0.019853662699460983, 0.019925439730286598, 0.019832637161016464, 0.01984606496989727, 0.01986215077340603], "(1, 5, 0, 1)": [0.019854368641972542, 0.019888198003172874, 0.01988290250301361, 0.019870389252901077, 0.019949031993746758], "(1, 5, -1, 1)": [0.0, 0.000667367537971586, 0.0014647687785327435, 0.002660901751369238, 0.01825210452079773], "(1, 5, 0, 2)": [0.019966449588537216, 0.01960655301809311, 0.019586924463510513, 0.01962779089808464, 0.019566241651773453], "(1, 5, 1, 2)": [0.019690489396452904, 0.01992039941251278, 0.01963718794286251, 0.01962995156645775, 0.01947185769677162], "(1, 5, 2, 3)": [0.019865205511450768, 0.016267701983451843, 0.015880251303315163, 0.016662025824189186, 0.01598755642771721], "(1, 5, 1, 3)": [0.0010900786146521568, 0.002290942007675767, -0.0008729660767130554, 0.001859776908531785, 0.01176101341843605], "(2, 5, 5, 4)": [0.0018027970800176263, 0.0024602985940873623, 0.013090145774185658, 0.0005735806189477444, 0.0032706724014133215], "(2, 4, 2, 3)": [0.01992008462548256, 0.008485812693834305, 0.007651847787201405, 0.0028285773005336523, 0.00281406007707119], "(2, 5, 1, 3)": [0.0, 0.0, 0.0, 0.006784491240978241, -0.001628825906664133], "(3, 5, 5, 3)": [0.018180789425969124, 0.01801600120961666, 0.019822996109724045, 0.018503526225686073, 0.01765141263604164], "(1, 4, 3, 2)": [0.01923917792737484, 0.019548704847693443, 0.019460607320070267, 0.019516602158546448, 0.019906142726540565], "(1, 4, 4, 3)": [0.019948456436395645, 0.019230758771300316, 0.01922033168375492, 0.018872978165745735, 0.01942913793027401], "(3, 4, 5, 2)": [0.008622892200946808, 0.009643497876822948, 0.0047180564142763615, 0.007844191044569016, 0.019623903557658195],