{"q_values": {"(2, 5, 2, 2)": [0.01880619116127491, 0.01753864623606205, 0.018811050802469254, 0.018802808597683907, 0.01745273731648922], "(2, 5, 3, 2)": [0.017845936119556427, 0.01922212727367878, 0.019146645441651344, 0.01815374381840229, 0.017639199271798134], "(2, 5, 3, 3)": [0.017548875883221626, 0.016674038022756577, 0.016560640186071396, 0.017277464270591736, 0.018015241250395775], "(2, 4, 2, 2)": [0.01917964778840542, 0.018933743238449097, 0.018817011266946793, 0.019033117219805717, 0.01951991394162178], "(2, 4, 3, 2)": [0.01826765574514866, 0.018909715116024017, 0.01889444701373577, 0.019406385719776154, 0.019607098773121834], "(2, 4, 3, 3)": [0.0197764802724123, 0.019775856286287308, 0.01974252425134182, 0.019737573340535164, 0.019747916609048843], "(2, 4, 4, 3)": [0.019725311547517776, 0.019681697711348534, 0.019677944481372833, 0.019674008712172508, 0.01968953385949135], "(2, 4, 1, 1)": [0.01653011329472065, 0.01711845025420189, 0.017850574105978012, 0.017410852015018463, 0.01985224522650242], "(2, 4, 2, 1)": [0.012469463981688023, 0.013645892031490803, 0.014173263683915138, 0.01403125561773777, 0.018960099667310715], "(2, 5, 4, 3)": [0.01670737750828266, 0.01794678531587124, 0.016608674079179764, 0.016377728432416916, 0.017268778756260872], "(2, 4, 1, 2)": [0.018572522327303886, 0.01935868337750435, 0.019689884036779404, 0.019137166440486908, 0.01906667649745941], "(2, 5, 1, 2)": [0.019282035529613495, 0.01895769312977791, 0.018912019208073616, 0.01902032643556595, 0.018887851387262344], "(2, 5, 0, 2)": [0.01913452334702015, 0.019161904230713844, 0.01918356865644455, 0.01910324953496456, 0.01912742666900158], "(2, 5, 2, 3)": [0.016380395740270615, 0.01488485373556614, 0.014279832132160664, 0.01349516212940216, 0.01553994882851839], "(2, 4, 0, 1)": [0.017858006060123444, 0.01775199919939041, 0.018468597903847694, 0.017489591613411903, 0.01959620602428913], "(2, 4, 4, 2)": [0.01924937590956688, 0.019234951585531235, 0.01922116056084633, 0.019739530980587006, 0.01915314979851246], "(2, 4, 5, 3)": [0.0186040960252285, 0.0191207118332386, 0.01954078860580921, 0.019207444041967392, 0.018987393006682396], "(3, 4, 4, 2)": [0.019356559962034225, 0.01825384981930256, 0.01988268457353115, 0.019088104367256165, 0.019355809316039085], "(3, 4, 3, 2)": [0.01787017472088337, 0.017855968326330185, 0.01807180792093277, 0.018134938552975655, 0.019943347200751305], "(3, 4, 2, 1)": [0.014065318740904331, 0.01316703949123621, 0.013835025951266289, 0.01745682768523693, 0.012834982015192509], "(3, 4, 2, 2)": [0.018320752307772636, 0.018259840086102486, 0.018679022789001465, 0.018099317327141762, 0.019940098747611046], "(3, 4, 3, 1)": [0.0012098937295377254, 0.0009228945709764957, 0.01699526607990265, 0.0033063788432627916, -4.6110013499855995e-05], "(2, 5, 0, 1)": [0.01947646401822567, 0.019576625898480415, 0.01957785151898861, 0.01960807852447033, 0.019577402621507645], "(2, 5, 5, 3)": [0.01715279370546341, 0.016788706183433533, 0.01596934162080288, 0.016942759975790977, 0.016611315310001373], "(3, 5, 4, 3)": [0.018550552427768707, 0.019238745793700218, 0.01791742816567421, 0.018694058060646057, 0.018370017409324646], "(3, 5, 3, 2)": [0.019556092098355293, 0.018291842192411423, 0.019597230479121208, 0.01960846409201622, 0.019625667482614517], "(3, 5, 2, 2)": [0.019581738859415054, 0.019571606069803238, 0.019247833639383316, 0.019395096227526665, 0.019477026537060738], "(3, 5, 1, 1)": [0.019732071086764336, 0.019751084968447685, 0.019926143810153008, 0.01975361816585064, 0.019758976995944977], "(3, 5, 1, 2)": [0.019534900784492493, 0.01853247918188572, 0.019485987722873688, 0.019551152363419533, 0.01956164836883545], "(3, 4, 1, 1)": [0.017505504190921783, 0.017558518797159195, 0.017230357974767685, 0.017156926915049553, 0.019853666424751282], "(2, 4, 0, 0)": [0.00047364109195768833, 0.0007532310555689037, 0.001401175046339631, 0.00785910990089178, -0.0010647918097674847], "(2, 5, 1, 1)": [0.0196777805685997, 0.019644305109977722, 0.01968870684504509, 0.01963695138692856, 0.019765906035900116], "(2, 5, 4, 2)": [0.018546057865023613, 0.018042489886283875, 0.019806360825896263, 0.017277410253882408, 0.017964031547307968], "(2, 4, 0, 2)": [0.01650651916861534, 0.017645731568336487, 0.01740780845284462, 0.015799714252352715, 0.019669948145747185], "(1, 4, 0, 1)": [0.016643716022372246, 0.016752859577536583, 0.017385341227054596, 0.017579935491085052, 0.019824426621198654], "(3, 4, 4, 3)": [0.019715484231710434, 0.019703149795532227, 0.019741931930184364, 0.019920676946640015, 0.019645914435386658], "(3, 4, 5, 3)": [0.018323883414268494, 0.01874726451933384, 0.019230348989367485, 0.01852690428495407, 0.017774276435375214], "(3, 5, 4, 2)": [0.019579706713557243, 0.019528154283761978, 0.019770506769418716, 0.019557658582925797, 0.019518282264471054], "(3, 5, 3, 3)": [0.017918284982442856, 0.01756465435028076, 0.01632605493068695, 0.01771051436662674, 0.017307782545685768], "(3, 4, 1, 2)": [0.019465383142232895, 0.019322825595736504, 0.01937129534780979, 0.01991390250623226, 0.01950663886964321], "(2, 5, 2, 1)": [0.0194513201713562, 0.0035029537975788116, 0.0043660663068294525, 0.0051812767051160336, 0.005212893709540367], "(1, 4, 1, 2)": [0.01764124631881714, 0.018265072256326675, 0.01789846271276474, 0.01948312483727932, 0.01858784258365631], "(1, 4, 0, 2)": [0.019655155017971992, 0.019677406176924706, 0.019648874178528786, 0.019853446632623672, 0.019644666463136673], "(1, 4, 1, 1)": [0.017688889056444168, 0.017286596819758415, 0.016252657398581505, 0.019284306094050407, 0.017908278852701187], "(1, 4, 2, 2)": [0.019141172990202904, 0.018185332417488098, 0.018515972420573235, 0.018804119899868965, 0.019865533336997032], "(1, 5, 2, 2)": [0.019634408876299858, 0.01937965676188469, 0.01952713541686535, 0.01929629221558571, 0.019391868263483047], "(1, 5, 3, 3)": [0.018091285601258278, 0.019024008885025978, 0.017716601490974426, 0.01765347830951214, 0.01799631491303444], "(3, 5, 0, 1)": [0.018791286274790764, 0.019357509911060333, 0.019230837002396584, 0.01917377859354019, 0.019819751381874084], "(3, 4, 0, 1)": [0.017650730907917023, 0.016720063984394073, 0.01704932563006878, 0.019867688417434692, 0.017446046695113182], "(1, 4, 3, 3)": [0.019724108278751373, 0.019732577726244926, 0.019730187952518463, 0.019735392183065414, 0.019734781235456467], "(1, 5, 0, 1)": [0.01965366117656231, 0.019659526646137238, 0.0196684580296278, 0.019718924537301064, 0.01969020999968052], "(1, 5, -1, 1)": [0.0, 0.000667367537971586, 0.0014647687785327435, 0.002660901751369238, 0.015002904459834099], "(1, 5, 0, 2)": [0.019784890115261078, 0.019555354490876198, 0.019297992810606956, 0.019545042887330055, 0.019500242546200752], "(1, 5, 1, 2)": [0.019731182605028152, 0.019478263333439827, 0.018376855179667473, 0.01924700103700161, 0.019381098449230194], "(1, 5, 2, 3)": [0.019455984234809875, 0.017445938661694527, 0.017278768122196198, 0.01667685993015766, 0.017316890880465508], "(1, 5, 1, 3)": [0.0010900786146521568, 0.002290942007675767, -0.0008729660767130554, 0.0009255807963199914, 0.009323074482381344], "(2, 5, 5, 4)": [0.0018027970800176263, 0.0024602985940873623, 0.007492670789361, 0.0005735806189477444, 0.0032706724014133215], "(2, 4, 2, 3)": [0.019593847915530205, 0.007250646594911814, 0.00632813572883606, 0.0019316580146551132, 0.0019148965366184711], "(2, 5, 1, 3)": [0.0, 0.0, 0.0, 0.003024814883247018, -0.001628825906664133], "(3, 5, 5, 3)": [0.016989756375551224, 0.01952914521098137, 0.017644129693508148, 0.017577558755874634, 0.016442913562059402], "(1, 4, 3, 2)": [0.019485943019390106, 0.019513530656695366, 0.019216055050492287, 0.019764045253396034, 0.01949196495115757], "(1, 4, 4, 3)": [0.019772052764892578, 0.017751524224877357, 0.018142979592084885, 0.017630159854888916, 0.018951650708913803], "(3, 4, 5, 2)": [0.008622892200946808, 0.009101909585297108, 0.0047180564142763615, 0.007217403966933489, 0.01921023800969124],