{"q_values": {"(2, 5, 2, 2)": [0.01975215971469879, 0.017753146588802338, 0.017357558012008667, 0.018365345895290375, 0.018288908526301384], "(2, 5, 3, 2)": [0.019771618768572807, 0.019605185836553574, 0.0195583775639534, 0.019583994522690773, 0.0195604395121336], "(2, 5, 3, 3)": [0.01787864975631237, 0.019737055525183678, 0.019159432500600815, 0.01929406449198723, 0.017815284430980682], "(2, 4, 2, 2)": [0.017575062811374664, 0.017498072236776352, 0.018806934356689453, 0.01848439872264862, 0.01985565759241581], "(2, 4, 3, 2)": [0.018930666148662567, 0.019460946321487427, 0.019187774509191513, 0.019483255222439766, 0.01979566551744938], "(2, 4, 3, 3)": [0.01981252059340477, 0.01980550028383732, 0.01979590766131878, 0.019917447119951248, 0.01975516602396965], "(2, 4, 4, 3)": [0.019718501716852188, 0.019700517877936363, 0.019734345376491547, 0.019883504137396812, 0.019700895994901657], "(2, 4, 1, 1)": [0.015133011154830456, 0.015681937336921692, 0.015237925574183464, 0.01533194538205862, 0.019663125276565552], "(2, 4, 2, 1)": [0.012816439382731915, 0.01460740901529789, 0.014421515166759491, 0.01454540528357029, 0.018533244729042053], "(2, 5, 4, 3)": [0.01976778730750084, 0.01963622309267521, 0.01962953619658947, 0.018185654655098915, 0.0195173230022192], "(2, 4, 1, 2)": [0.018649470061063766, 0.01982511766254902, 0.017862774431705475, 0.01810154877603054, 0.017878636717796326], "(2, 5, 1, 2)": [0.01920805685222149, 0.01913279853761196, 0.019814997911453247, 0.019216157495975494, 0.018206123262643814], "(2, 5, 0, 2)": [0.019863180816173553, 0.019604677334427834, 0.01960405707359314, 0.019571973010897636, 0.019583316519856453], "(2, 5, 2, 3)": [0.019725289195775986, 0.016116704791784286, 0.01501627080142498, 0.015082123689353466, 0.016916893422603607], "(2, 4, 0, 1)": [0.015901735052466393, 0.01657717488706112, 0.016510412096977234, 0.015858357772231102, 0.01977888122200966], "(2, 4, 4, 2)": [0.019365688785910606, 0.01933123730123043, 0.01930106431245804, 0.019330676645040512, 0.019795432686805725], "(2, 4, 5, 3)": [0.01927570253610611, 0.019200442358851433, 0.019903449341654778, 0.019224373623728752, 0.019154591485857964], "(3, 4, 4, 2)": [0.018712064251303673, 0.0196981243789196, 0.019671855494379997, 0.019883543252944946, 0.019650094211101532], "(3, 4, 3, 2)": [0.01903858222067356, 0.019059928134083748, 0.019153550267219543, 0.018811050802469254, 0.01992451399564743], "(3, 4, 2, 1)": [0.017022036015987396, 0.015217090025544167, 0.01701030507683754, 0.019603366032242775, 0.01697084680199623], "(3, 4, 2, 2)": [0.019802087917923927, 0.019694859161973, 0.01976468414068222, 0.01982733979821205, 0.019951555877923965], "(3, 4, 3, 1)": [0.0012098937295377254, 0.0009228945709764957, 0.014683687128126621, 0.0033063788432627916, -4.6110013499855995e-05], "(2, 5, 0, 1)": [0.01953412964940071, 0.01989397592842579, 0.01954307034611702, 0.019525645300745964, 0.01951843500137329], "(2, 5, 5, 3)": [0.01976350136101246, 0.01737874560058117, 0.016602233052253723, 0.017542298883199692, 0.016879862174391747], "(3, 5, 4, 3)": [0.01970347948372364, 0.018369214609265327, 0.017684388905763626, 0.018165409564971924, 0.01788993924856186], "(3, 5, 3, 2)": [0.01978129893541336, 0.019087404012680054, 0.019133079797029495, 0.019052689895033836, 0.019031396135687828], "(3, 5, 2, 2)": [0.017720501869916916, 0.019858630374073982, 0.017966706305742264, 0.017444472759962082, 0.016416864469647408], "(3, 5, 1, 1)": [0.01987607218325138, 0.019810495898127556, 0.01982387900352478, 0.019855542108416557, 0.01982039026916027], "(3, 5, 1, 2)": [0.019743621349334717, 0.01992787979543209, 0.01951708272099495, 0.019765764474868774, 0.019783319905400276], "(3, 4, 1, 1)": [0.01815624162554741, 0.01888512261211872, 0.018949227407574654, 0.018641332164406776, 0.019939737394452095], "(2, 4, 0, 0)": [0.00047364109195768833, 0.0007532310555689037, 0.001401175046339631, 0.009806911461055279, -0.0010647918097674847], "(2, 5, 1, 1)": [0.019908985123038292, 0.019683390855789185, 0.019669288769364357, 0.019663847982883453, 0.01969311386346817], "(2, 5, 4, 2)": [0.018904810771346092, 0.01821734756231308, 0.01984238624572754, 0.018068812787532806, 0.018238365650177002], "(2, 4, 0, 2)": [0.01797638274729252, 0.018539387732744217, 0.01840469054877758, 0.017422616481781006, 0.019715432077646255], "(1, 4, 0, 1)": [0.017981307581067085, 0.018997929990291595, 0.019045153632760048, 0.01888752542436123, 0.019938049837946892], "(3, 4, 4, 3)": [0.01978226937353611, 0.019727451726794243, 0.019813721999526024, 0.019785931333899498, 0.019852789118885994], "(3, 4, 5, 3)": [0.018860014155507088, 0.019264914095401764, 0.01979556865990162, 0.01872110180556774, 0.018684109672904015], "(3, 5, 4, 2)": [0.019627053290605545, 0.019651688635349274, 0.019766518846154213, 0.019653096795082092, 0.019626613706350327], "(3, 5, 3, 3)": [0.019818028435111046, 0.016976162791252136, 0.01774672046303749, 0.017570095136761665, 0.016997089609503746], "(3, 4, 1, 2)": [0.019795510917901993, 0.019760334864258766, 0.019775891676545143, 0.019948793575167656, 0.019847437739372253], "(2, 5, 2, 1)": [0.019886203110218048, 0.0035029537975788116, 0.0043660663068294525, 0.005915886722505093, 0.005212893709540367], "(1, 4, 1, 2)": [0.01984713412821293, 0.019802086055278778, 0.019756736233830452, 0.019344119355082512, 0.01995956152677536], "(1, 4, 0, 2)": [0.019485559314489365, 0.019782494753599167, 0.01982477493584156, 0.019944069907069206, 0.01981925405561924], "(1, 4, 1, 1)": [0.017109163105487823, 0.017965000122785568, 0.016324542462825775, 0.017981907352805138, 0.019855186343193054], "(1, 4, 2, 2)": [0.019756048917770386, 0.01964578405022621, 0.019235098734498024, 0.01955324038863182, 0.019954079762101173], "(1, 5, 2, 2)": [0.018443208187818527, 0.019894512370228767, 0.019631462171673775, 0.019536670297384262, 0.019341155886650085], "(1, 5, 3, 3)": [0.01987374760210514, 0.01950877346098423, 0.01952511817216873, 0.019555281847715378, 0.01965937577188015], "(3, 5, 0, 1)": [0.019591793417930603, 0.019618259742856026, 0.01964201219379902, 0.019632108509540558, 0.019963378086686134], "(3, 4, 0, 1)": [0.01626654900610447, 0.016128016635775566, 0.01598811149597168, 0.016328705474734306, 0.01994696445763111], "(1, 4, 3, 3)": [0.019853662699460983, 0.01992003247141838, 0.019832637161016464, 0.01984606496989727, 0.01985970325767994], "(1, 5, 0, 1)": [0.019849201664328575, 0.019890403375029564, 0.019874991849064827, 0.019949913024902344, 0.01988677866756916], "(1, 5, -1, 1)": [0.0, 0.000667367537971586, 0.0014647687785327435, 0.002660901751369238, 0.01825210452079773], "(1, 5, 0, 2)": [0.019961554557085037, 0.01960655301809311, 0.019546978175640106, 0.019609695300459862, 0.01954682171344757], "(1, 5, 1, 2)": [0.019629353657364845, 0.019864914938807487, 0.019591771066188812, 0.01959383673965931, 0.019420113414525986], "(1, 5, 2, 3)": [0.01984776183962822, 0.016267701983451843, 0.015880251303315163, 0.016662025824189186, 0.01598755642771721], "(1, 5, 1, 3)": [0.0010900786146521568, 0.002290942007675767, -0.0008729660767130554, 0.001859776908531785, 0.01176101341843605], "(2, 5, 5, 4)": [0.0018027970800176263, 0.0024602985940873623, 0.013090145774185658, 0.0005735806189477444, 0.0032706724014133215], "(2, 4, 2, 3)": [0.019916901364922523, 0.008485812693834305, 0.007651847787201405, 0.0028285773005336523, 0.00281406007707119], "(2, 5, 1, 3)": [0.0, 0.0, 0.0, 0.006784491240978241, -0.001628825906664133], "(3, 5, 5, 3)": [0.018180789425969124, 0.01801600120961666, 0.019544091075658798, 0.018503526225686073, 0.01765141263604164], "(1, 4, 3, 2)": [0.01923917792737484, 0.019548704847693443, 0.019460607320070267, 0.019516602158546448, 0.019923299551010132], "(1, 4, 4, 3)": [0.019920915365219116, 0.019230758771300316, 0.01922033168375492, 0.018872978165745735, 0.01942913793027401], "(3, 4, 5, 2)": [0.008622892200946808, 0.009643497876822948, 0.0047180564142763615, 0.007844191044569016, 0.019632574170827866],