{"q_values": {"(2, 5, 2, 2)": [0.019659731537103653, 0.019682753831148148, 0.019660895690321922, 0.019649935886263847, 0.01967284455895424], "(2, 5, 3, 2)": [0.01976078189909458, 0.01974906213581562, 0.019745860248804092, 0.019694756716489792, 0.019753389060497284], "(2, 5, 3, 3)": [0.019743522629141808, 0.01966268941760063, 0.01919473707675934, 0.019406158477067947, 0.019267894327640533], "(2, 4, 2, 2)": [0.01943816803395748, 0.019180279225111008, 0.01813824474811554, 0.018786394968628883, 0.019816961139440536], "(2, 4, 3, 2)": [0.018932409584522247, 0.018416523933410645, 0.017885610461235046, 0.01930059865117073, 0.01979084499180317], "(2, 4, 3, 3)": [0.019832896068692207, 0.01981901377439499, 0.019797829911112785, 0.019834289327263832, 0.01984895020723343], "(2, 4, 4, 3)": [0.0197382103651762, 0.019746752455830574, 0.019738519564270973, 0.019800232723355293, 0.019762873649597168], "(2, 4, 1, 1)": [0.018528858199715614, 0.01825384795665741, 0.01856532320380211, 0.018750086426734924, 0.019648632034659386], "(2, 4, 2, 1)": [0.011361265555024147, 0.014053194783627987, 0.014717388898134232, 0.01467691920697689, 0.01811353676021099], "(2, 5, 4, 3)": [0.019715165719389915, 0.01958874799311161, 0.01969085820019245, 0.019606899470090866, 0.019688187167048454], "(2, 4, 1, 2)": [0.019736647605895996, 0.019773047417402267, 0.019782936200499535, 0.019757628440856934, 0.019864831119775772], "(2, 5, 1, 2)": [0.019803961738944054, 0.01973535679280758, 0.018840132281184196, 0.019696637988090515, 0.01975831761956215], "(2, 5, 0, 2)": [0.019450893625617027, 0.019417310133576393, 0.01984196901321411, 0.019464800134301186, 0.019468391314148903], "(2, 5, 2, 3)": [0.01758626103401184, 0.01406062487512827, 0.013207860291004181, 0.013074751012027264, 0.016660461202263832], "(2, 4, 0, 1)": [0.01958201453089714, 0.019648030400276184, 0.01967359147965908, 0.019675949588418007, 0.019840329885482788], "(2, 4, 4, 2)": [0.01943248324096203, 0.019438505172729492, 0.019417932257056236, 0.019582483917474747, 0.01941744238138199], "(2, 4, 5, 3)": [0.017975222319364548, 0.018696602433919907, 0.01971498876810074, 0.018520856276154518, 0.0186443030834198], "(3, 4, 4, 2)": [0.019509902223944664, 0.019355325028300285, 0.019429221749305725, 0.01908530294895172, 0.019580096006393433], "(3, 4, 3, 2)": [0.019151415675878525, 0.017776094377040863, 0.01889745518565178, 0.01934247836470604, 0.01918855495750904], "(3, 4, 2, 1)": [0.014636047184467316, 0.016503149643540382, 0.014139213599264622, 0.0150448651984334, 0.014895031228661537], "(3, 4, 2, 2)": [0.018685273826122284, 0.019229598343372345, 0.01873038336634636, 0.018737398087978363, 0.01800760067999363], "(3, 4, 3, 1)": [0.0012098937295377254, 2.869870513677597e-06, 0.010419433005154133, 0.0033063788432627916, -4.6110013499855995e-05], "(2, 5, 0, 1)": [0.019805992022156715, 0.01985391229391098, 0.019829578697681427, 0.019826455041766167, 0.019847964867949486], "(2, 5, 5, 3)": [0.01968289539217949, 0.01484807301312685, 0.015540501102805138, 0.014249072410166264, 0.016047434881329536], "(3, 5, 4, 3)": [0.019531546160578728, 0.019816983491182327, 0.019558854401111603, 0.019411036744713783, 0.019628440961241722], "(3, 5, 3, 2)": [0.01977822557091713, 0.019594041630625725, 0.019582420587539673, 0.01931559294462204, 0.019485238939523697], "(3, 5, 2, 2)": [0.019500628113746643, 0.019858045503497124, 0.019490469247102737, 0.019671650603413582, 0.019549589604139328], "(3, 5, 1, 1)": [0.019748248159885406, 0.019682154059410095, 0.01971270889043808, 0.01976972073316574, 0.019802585244178772], "(3, 5, 1, 2)": [0.019822658970952034, 0.019830118864774704, 0.019771097227931023, 0.019738249480724335, 0.019722649827599525], "(3, 4, 1, 1)": [0.016278719529509544, 0.01692151091992855, 0.016484178602695465, 0.01677648350596428, 0.01716291531920433], "(2, 4, 0, 0)": [0.0009297060896642506, 0.0007532310555689037, 0.000866190530359745, 0.006685399916023016, -0.0010647918097674847], "(2, 5, 1, 1)": [0.019862379878759384, 0.019856948405504227, 0.019916066899895668, 0.01984541304409504, 0.019863691180944443], "(2, 5, 4, 2)": [0.018057039007544518, 0.017538469284772873, 0.019873622804880142, 0.01670204848051071, 0.017417684197425842], "(2, 4, 0, 2)": [0.015529472380876541, 0.017018474638462067, 0.016719121485948563, 0.01461532711982727, 0.019900523126125336], "(1, 4, 0, 1)": [0.017277227714657784, 0.01689044013619423, 0.017720689997076988, 0.01961727812886238, 0.017792070284485817], "(3, 4, 4, 3)": [0.019624022766947746, 0.019564813002943993, 0.01963835209608078, 0.01967179961502552, 0.019810441881418228], "(3, 4, 5, 3)": [0.017163753509521484, 0.016835082322359085, 0.019427312538027763, 0.01702728308737278, 0.014745419844985008], "(3, 5, 4, 2)": [0.019216477870941162, 0.018816130235791206, 0.01984589733183384, 0.019267315044999123, 0.018746256828308105], "(3, 5, 3, 3)": [0.019801966845989227, 0.0170571468770504, 0.01759207434952259, 0.01595665141940117, 0.01629083976149559], "(3, 4, 1, 2)": [0.01887401193380356, 0.018195245414972305, 0.01850595325231552, 0.01953095942735672, 0.018738599494099617], "(2, 5, 2, 1)": [0.0173737034201622, 0.002638419857248664, 0.0026848202105611563, 0.0051812767051160336, 0.004440435208380222], "(1, 4, 1, 2)": [0.018029378727078438, 0.018062667921185493, 0.017560195177793503, 0.01814386621117592, 0.019739842042326927], "(1, 4, 0, 2)": [0.01912793703377247, 0.01930919662117958, 0.019712399691343307, 0.019308563321828842, 0.019380133599042892], "(1, 4, 1, 1)": [0.01647794060409069, 0.016341520473361015, 0.017176099121570587, 0.01623869314789772, 0.015386365354061127], "(1, 4, 2, 2)": [0.01763082854449749, 0.01811544969677925, 0.016941513866186142, 0.01756953075528145, 0.019622376188635826], "(1, 5, 2, 2)": [0.019401665776968002, 0.019149189814925194, 0.018815945833921432, 0.019015133380889893, 0.018982356414198875], "(1, 5, 3, 3)": [0.019396400079131126, 0.017733080312609673, 0.017992187291383743, 0.01715601421892643, 0.017888974398374557], "(3, 5, 0, 1)": [0.017855791375041008, 0.018438324332237244, 0.018574602901935577, 0.01822143979370594, 0.019912149757146835], "(3, 4, 0, 1)": [0.01702306419610977, 0.018562620505690575, 0.01875763013958931, 0.019488366320729256, 0.017978280782699585], "(1, 4, 3, 3)": [0.01970251277089119, 0.0197327621281147, 0.01970953494310379, 0.019712159410119057, 0.019764339551329613], "(1, 5, 0, 1)": [0.019588477909564972, 0.019570088014006615, 0.019714713096618652, 0.0195176899433136, 0.019673362374305725], "(1, 5, -1, 1)": [0.0, 0.000667367537971586, 0.0014647687785327435, 0.002660901751369238, 0.013916036114096642], "(1, 5, 0, 2)": [0.019461380317807198, 0.0194415170699358, 0.019572600722312927, 0.01943802461028099, 0.01944824680685997], "(1, 5, 1, 2)": [0.0194720346480608, 0.018991902470588684, 0.018526306375861168, 0.01868802309036255, 0.01889200694859028], "(1, 5, 2, 3)": [0.017336569726467133, 0.016735592857003212, 0.019159657880663872, 0.01696971245110035, 0.01698601059615612], "(1, 5, 1, 3)": [0.0010900786146521568, 0.0014104939764365554, -0.0008729660767130554, 0.0009255807963199914, 0.008395101875066757], "(2, 5, 5, 4)": [0.00019882479682564735, 0.0024602985940873623, 0.010968443006277084, 0.0014353957958519459, 0.002484672237187624], "(2, 4, 2, 3)": [0.01967891864478588, 0.005882850848138332, 0.004859787877649069, 0.0019316580146551132, 0.0009680773364380002], "(2, 5, 1, 3)": [0.0, 0.0, 0.0, 0.0014897864311933517, -0.001628825906664133], "(3, 5, 5, 3)": [0.0197383351624012, 0.01702609658241272, 0.016801849007606506, 0.015990907326340675, 0.017151236534118652], "(1, 4, 3, 2)": [0.019052626565098763, 0.01941143348813057, 0.01935572922229767, 0.018214643001556396, 0.01932813972234726], "(1, 4, 4, 3)": [0.019646627828478813, 0.014112278819084167, 0.013078156858682632, 0.013960734941065311, 0.014304236508905888], "(3, 4, 5, 2)": [0.0074423132464289665, 0.007421182468533516, 0.0047180564142763615, 0.006570815574377775, 0.019160035997629166],