{"q_values": {"(2, 5, 2, 2)": [0.019852612167596817, 0.019517267122864723, 0.01950553059577942, 0.01962967962026596, 0.019378211349248886], "(2, 5, 3, 2)": [0.019820723682641983, 0.019451774656772614, 0.018688151612877846, 0.019425643607974052, 0.019467543810606003], "(2, 5, 3, 3)": [0.01853485405445099, 0.019786786288022995, 0.01811944879591465, 0.018030280247330666, 0.01861594058573246], "(2, 4, 2, 2)": [0.01932772807776928, 0.019172843545675278, 0.019045211374759674, 0.01944703795015812, 0.019690515473484993], "(2, 4, 3, 2)": [0.01954459585249424, 0.01955668441951275, 0.019607584923505783, 0.019550349563360214, 0.019774427637457848], "(2, 4, 3, 3)": [0.019628943875432014, 0.01985788159072399, 0.01964624784886837, 0.01974114589393139, 0.01973051205277443], "(2, 4, 4, 3)": [0.019773341715335846, 0.019696170464158058, 0.019882358610630035, 0.01975541189312935, 0.019760722294449806], "(2, 4, 1, 1)": [0.018699130043387413, 0.018790414556860924, 0.018692221492528915, 0.019675297662615776, 0.019046330824494362], "(2, 4, 2, 1)": [0.012610123492777348, 0.012829910032451153, 0.013066453859210014, 0.014027096331119537, 0.013281648978590965], "(2, 5, 4, 3)": [0.019824832677841187, 0.019306665286421776, 0.0193216260522604, 0.01926923170685768, 0.01946563832461834], "(2, 4, 1, 2)": [0.0195054579526186, 0.019474970176815987, 0.019572818651795387, 0.019771285355091095, 0.019545050337910652], "(2, 5, 1, 2)": [0.019663717597723007, 0.019843406975269318, 0.019674109295010567, 0.01930398680269718, 0.019670695066452026], "(2, 5, 0, 2)": [0.019686641171574593, 0.01943334937095642, 0.019298667088150978, 0.019480418413877487, 0.019482308998703957], "(2, 5, 2, 3)": [0.018617236986756325, 0.010618085972964764, 0.010146256536245346, 0.010944921523332596, 0.012758641503751278], "(2, 4, 0, 1)": [0.018939495086669922, 0.018512513488531113, 0.01893375813961029, 0.018901856616139412, 0.019626477733254433], "(2, 4, 4, 2)": [0.019538691267371178, 0.017897939309477806, 0.019122665748000145, 0.019000044092535973, 0.019114824011921883], "(2, 4, 5, 3)": [0.016093172132968903, 0.017537754029035568, 0.01967860385775566, 0.016228793188929558, 0.017363354563713074], "(3, 4, 4, 2)": [0.0186204444617033, 0.018598830327391624, 0.01824943721294403, 0.019260233268141747, 0.018308207392692566], "(3, 4, 3, 2)": [0.017057213932275772, 0.017237450927495956, 0.017335763201117516, 0.016817566007375717, 0.018173115327954292], "(3, 4, 2, 1)": [0.009184795431792736, 0.012222565710544586, 0.009419119916856289, 0.011585443280637264, 0.01864667236804962], "(3, 4, 2, 2)": [0.01773432455956936, 0.016854170709848404, 0.016798600554466248, 0.017512943595647812, 0.018742498010396957], "(3, 4, 3, 1)": [0.0012098937295377254, 2.869870513677597e-06, 0.007433503400534391, 0.0009292609174735844, -4.6110013499855995e-05], "(2, 5, 0, 1)": [0.01952468790113926, 0.019571702927350998, 0.01961224526166916, 0.019784681499004364, 0.019253399223089218], "(2, 5, 5, 3)": [0.015031121671199799, 0.01941503770649433, 0.015820112079381943, 0.01232987642288208, 0.016487421467900276], "(3, 5, 4, 3)": [0.017142783850431442, 0.019602451473474503, 0.01732000708580017, 0.017289668321609497, 0.017424751073122025], "(3, 5, 3, 2)": [0.01879948005080223, 0.019630586728453636, 0.019069204106926918, 0.01890517771244049, 0.019060811027884483], "(3, 5, 2, 2)": [0.019472284242510796, 0.01913728564977646, 0.01864159293472767, 0.01901184394955635, 0.018960949033498764], "(3, 5, 1, 1)": [0.014533095061779022, 0.018993468955159187, 0.013720127753913403, 0.013789309188723564, 0.01487294863909483], "(3, 5, 1, 2)": [0.01907878927886486, 0.01717989519238472, 0.017091361805796623, 0.01640370488166809, 0.017517900094389915], "(3, 4, 1, 1)": [0.01628662273287773, 0.014399176463484764, 0.017466269433498383, 0.01421312429010868, 0.014019573107361794], "(2, 4, 0, 0)": [0.0, 0.0007532310555689037, 0.000866190530359745, 0.006497638300061226, -0.0010647918097674847], "(2, 5, 1, 1)": [0.019728275015950203, 0.019716037437319756, 0.01983167789876461, 0.01972217485308647, 0.01972593553364277], "(2, 5, 4, 2)": [0.016175316646695137, 0.0159804318100214, 0.019731761887669563, 0.01499676238745451, 0.016008658334612846], "(2, 4, 0, 2)": [0.012345868162810802, 0.012761157937347889, 0.011995629407465458, 0.011530561372637749, 0.019623205065727234], "(1, 4, 0, 1)": [0.014185641892254353, 0.014611761085689068, 0.015159607864916325, 0.013950767926871777, 0.016558924689888954], "(3, 4, 4, 3)": [0.014775492250919342, 0.014988530427217484, 0.014276777394115925, 0.019442450255155563, 0.015435030683875084], "(3, 4, 5, 3)": [0.008097011595964432, 0.007298430427908897, 0.019233331084251404, 0.0062521290965378284, 0.0048644691705703735], "(3, 5, 4, 2)": [0.016650913283228874, 0.016301192343235016, 0.01957915537059307, 0.01601761020720005, 0.014260509982705116], "(3, 5, 3, 3)": [0.017535492777824402, 0.00958307459950447, 0.008232904598116875, 0.003976975101977587, 0.00537787564098835], "(3, 4, 1, 2)": [0.006448851432651281, 0.004547323565930128, 0.006093283649533987, 0.01822359673678875, 0.005568024702370167], "(2, 5, 2, 1)": [0.010012399405241013, 0.002638419857248664, 0.0009907798375934362, 0.004405815154314041, 0.0027962257154285908], "(1, 4, 1, 2)": [0.01742764189839363, 0.01842282898724079, 0.017591435462236404, 0.019071944057941437, 0.018615875393152237], "(1, 4, 0, 2)": [0.010734342969954014, 0.008866543881595135, 0.01933443173766136, 0.01004563458263874, 0.01264058705419302], "(1, 4, 1, 1)": [0.009787892922759056, 0.009620614349842072, 0.010345482267439365, 0.015561332926154137, 0.007465810049325228], "(1, 4, 2, 2)": [0.018632929772138596, 0.017308739945292473, 0.018185501918196678, 0.017771532759070396, 0.019105300307273865], "(1, 5, 2, 2)": [0.01896984502673149, 0.017651092261075974, 0.019137375056743622, 0.017666496336460114, 0.01851562224328518], "(1, 5, 3, 3)": [0.018966954201459885, 0.014983567409217358, 0.0150912432000041, 0.014713200740516186, 0.015446184203028679], "(3, 5, 0, 1)": [0.004691167734563351, 0.0058625228703022, 0.007904442958533764, 0.009808766655623913, 0.018476732075214386], "(3, 4, 0, 1)": [0.010532603599131107, 0.010369203984737396, 0.015936605632305145, 0.01111095305532217, 0.01126654539257288], "(1, 4, 3, 3)": [0.01558599341660738, 0.01929660327732563, 0.015144982375204563, 0.013584873639047146, 0.016471993178129196], "(1, 5, 0, 1)": [0.013261971063911915, 0.015658589079976082, 0.016295477747917175, 0.019247910007834435, 0.013183079659938812], "(1, 5, -1, 1)": [0.0, 0.0, 0.0004965879488736391, 0.0009810634655877948, 0.0019085230305790901], "(1, 5, 0, 2)": [0.01887911558151245, 0.01752489246428013, 0.017827440053224564, 0.018058476969599724, 0.017661266028881073], "(1, 5, 1, 2)": [0.01744997873902321, 0.018970677629113197, 0.018977630883455276, 0.01881474256515503, 0.017990443855524063], "(1, 5, 2, 3)": [0.017685506492853165, 0.009898084215819836, 0.013047996908426285, 0.012731636874377728, 0.010948995128273964], "(1, 5, 1, 3)": [0.0010900786146521568, 0.0007370655075646937, 0.0, 0.0, 0.00618987949565053], "(2, 5, 5, 4)": [-0.000772280793171376, 0.0015191955026239157, 0.0014295565197244287, -0.0006669595604762435, 0.003324885619804263], "(2, 4, 2, 3)": [0.009529601782560349, 0.0036336909979581833, 0.0, 0.0, 0.0009680773364380002], "(2, 5, 1, 3)": [0.0, 0.0, 0.0, 0.0005926907761022449, -0.0010797756258398294], "(3, 5, 5, 3)": [0.01930014044046402, 0.009499752894043922, 0.008240314200520515, 0.004600022919476032, 0.010916383937001228], "(1, 4, 3, 2)": [0.017893726006150246, 0.018862878903746605, 0.016992921009659767, 0.01730208471417427, 0.01737147383391857], "(1, 4, 4, 3)": [0.016199111938476562, 0.0037005499470978975, 0.0014226940693333745, 0.0026118974201381207, 0.001702786423265934], "(3, 4, 5, 2)": [0.004835266154259443, 0.003176901489496231, 0.002299720887094736, 0.0029316511936485767, 0.015298351645469666], "(2, 4, 5, 2)": [0.0, 0.0, 0.0075030578300356865, 0.0009393923101015389, 0.0013979111099615693],