{"q_values": {"(2, 5, 2, 2)": [0.01956215128302574, 0.019120164215564728, 0.018512358888983727, 0.019152125343680382, 0.018967609852552414], "(2, 5, 3, 2)": [0.019687185063958168, 0.019673049449920654, 0.019373729825019836, 0.0196920707821846, 0.019649038091301918], "(2, 5, 3, 3)": [0.01899207942187786, 0.019692346453666687, 0.018819579854607582, 0.01906392350792885, 0.018999889492988586], "(2, 4, 2, 2)": [0.01933709904551506, 0.01880691386759281, 0.019298851490020752, 0.01853783056139946, 0.019847579300403595], "(2, 4, 3, 2)": [0.018341533839702606, 0.019518017768859863, 0.0183279849588871, 0.019502999261021614, 0.01981005072593689], "(2, 4, 3, 3)": [0.019805824384093285, 0.019813567399978638, 0.019818788394331932, 0.01991918683052063, 0.019798623397946358], "(2, 4, 4, 3)": [0.019811080768704414, 0.019788499921560287, 0.01977580040693283, 0.019857970997691154, 0.019793616607785225], "(2, 4, 1, 1)": [0.017923559993505478, 0.018633542582392693, 0.018543438985943794, 0.01858287863433361, 0.01973196305334568], "(2, 4, 2, 1)": [0.012816439382731915, 0.01460740901529789, 0.014421515166759491, 0.01454540528357029, 0.019060898572206497], "(2, 5, 4, 3)": [0.01973707042634487, 0.019611578434705734, 0.019575946033000946, 0.01961737684905529, 0.019635435193777084], "(2, 4, 1, 2)": [0.01963748224079609, 0.019630473107099533, 0.01905433088541031, 0.019648971036076546, 0.01979118585586548], "(2, 5, 1, 2)": [0.019792044535279274, 0.019588733091950417, 0.01963217183947563, 0.01958019658923149, 0.01959926262497902], "(2, 5, 0, 2)": [0.01986224390566349, 0.01954847387969494, 0.01953227072954178, 0.019504187628626823, 0.019592471420764923], "(2, 5, 2, 3)": [0.019641706719994545, 0.01593250036239624, 0.014523214660584927, 0.015082123689353466, 0.01626589149236679], "(2, 4, 0, 1)": [0.01887456700205803, 0.018916485831141472, 0.0187417883425951, 0.018669581040740013, 0.019781487062573433], "(2, 4, 4, 2)": [0.01933095045387745, 0.01928054168820381, 0.01927369460463524, 0.01927362196147442, 0.019918128848075867], "(2, 4, 5, 3)": [0.019245320931077003, 0.019200442358851433, 0.019874347373843193, 0.019191790372133255, 0.019154591485857964], "(3, 4, 4, 2)": [0.018712064251303673, 0.01967189460992813, 0.01966186985373497, 0.019925283268094063, 0.019650094211101532], "(3, 4, 3, 2)": [0.018774496391415596, 0.01880054548382759, 0.01868627406656742, 0.018479328602552414, 0.01994016394019127], "(3, 4, 2, 1)": [0.017022036015987396, 0.015217090025544167, 0.01701030507683754, 0.019802561029791832, 0.016812914982438087], "(3, 4, 2, 2)": [0.01949465274810791, 0.019399326294660568, 0.019501306116580963, 0.01957765221595764, 0.019967811182141304], "(3, 4, 3, 1)": [0.0012098937295377254, 0.0009228945709764957, 0.013139242306351662, 0.0033063788432627916, -4.6110013499855995e-05], "(2, 5, 0, 1)": [0.01978546380996704, 0.01987231709063053, 0.019799090921878815, 0.01978112943470478, 0.019804563373327255], "(2, 5, 5, 3)": [0.019774179905653, 0.017255349084734917, 0.016443517059087753, 0.01742425747215748, 0.016879862174391747], "(3, 5, 4, 3)": [0.01872805878520012, 0.019853726029396057, 0.018627412617206573, 0.01928904838860035, 0.019301509484648705], "(3, 5, 3, 2)": [0.01990194246172905, 0.019498849287629128, 0.01948997564613819, 0.01853278838098049, 0.018152710050344467], "(3, 5, 2, 2)": [0.01881852000951767, 0.019909508526325226, 0.018275460228323936, 0.018334684893488884, 0.018730424344539642], "(3, 5, 1, 1)": [0.019831733778119087, 0.019729476422071457, 0.019773373380303383, 0.01996876858174801, 0.01974242553114891], "(3, 5, 1, 2)": [0.01923007145524025, 0.01992674171924591, 0.018834540620446205, 0.01937730610370636, 0.01951938308775425], "(3, 4, 1, 1)": [0.017963053658604622, 0.018427889794111252, 0.018191171810030937, 0.018498701974749565, 0.01995544694364071], "(2, 4, 0, 0)": [0.00047364109195768833, 0.0007532310555689037, 0.001401175046339631, 0.008286694996058941, -0.0010647918097674847], "(2, 5, 1, 1)": [0.01975233107805252, 0.019873186945915222, 0.019778713583946228, 0.019767869263887405, 0.019798070192337036], "(2, 5, 4, 2)": [0.01885191537439823, 0.01821734756231308, 0.019874148070812225, 0.018068812787532806, 0.018238365650177002], "(2, 4, 0, 2)": [0.017659517005085945, 0.01840784028172493, 0.01824820414185524, 0.0170176699757576, 0.019917072728276253], "(1, 4, 0, 1)": [0.017768677324056625, 0.01846625842154026, 0.01865997537970543, 0.01788666844367981, 0.019937526434659958], "(3, 4, 4, 3)": [0.01978226937353611, 0.01980065181851387, 0.019824668765068054, 0.019785931333899498, 0.01988808810710907], "(3, 4, 5, 3)": [0.018811922520399094, 0.019235599786043167, 0.019851060584187508, 0.01872110180556774, 0.018684109672904015], "(3, 5, 4, 2)": [0.01962938718497753, 0.019695701077580452, 0.019766168668866158, 0.019694022834300995, 0.019692333415150642], "(3, 5, 3, 3)": [0.01985112763941288, 0.01766255497932434, 0.017256809398531914, 0.017393065616488457, 0.01755085214972496], "(3, 4, 1, 2)": [0.019713999703526497, 0.01967228576540947, 0.01966906525194645, 0.019967736676335335, 0.019757362082600594], "(2, 5, 2, 1)": [0.01992594264447689, 0.0035029537975788116, 0.0043660663068294525, 0.005915886722505093, 0.005212893709540367], "(1, 4, 1, 2)": [0.019677139818668365, 0.019659576937556267, 0.01964298076927662, 0.01892443187534809, 0.01996462047100067], "(1, 4, 0, 2)": [0.019485559314489365, 0.019732298329472542, 0.01977115496993065, 0.019954564049839973, 0.019756963476538658], "(1, 4, 1, 1)": [0.017109163105487823, 0.017965000122785568, 0.015941638499498367, 0.017981907352805138, 0.019902484491467476], "(1, 4, 2, 2)": [0.019520550966262817, 0.019517594948410988, 0.018925761803984642, 0.019204359501600266, 0.01996554248034954], "(1, 5, 2, 2)": [0.019952334463596344, 0.01943976804614067, 0.019492801278829575, 0.01928844302892685, 0.018894756212830544], "(1, 5, 3, 3)": [0.01992103084921837, 0.019301878288388252, 0.019213702529668808, 0.019063949584960938, 0.01941096782684326], "(3, 5, 0, 1)": [0.019481562077999115, 0.01959948055446148, 0.019588816910982132, 0.01959468610584736, 0.019976818934082985], "(3, 4, 0, 1)": [0.015432619489729404, 0.015013032592833042, 0.01556174922734499, 0.01572500914335251, 0.019955387338995934], "(1, 4, 3, 3)": [0.019945692270994186, 0.019830184057354927, 0.01981707103550434, 0.019804326817393303, 0.019830593839287758], "(1, 5, 0, 1)": [0.01977846771478653, 0.019821753725409508, 0.019828444346785545, 0.019805068150162697, 0.019962972030043602], "(1, 5, -1, 1)": [0.0, 0.000667367537971586, 0.0014647687785327435, 0.002660901751369238, 0.01825210452079773], "(1, 5, 0, 2)": [0.019553301855921745, 0.019601143896579742, 0.01994100585579872, 0.019591543823480606, 0.019501637667417526], "(1, 5, 1, 2)": [0.019955288618803024, 0.019527778029441833, 0.01861736923456192, 0.01896686479449272, 0.01925581321120262], "(1, 5, 2, 3)": [0.01986738294363022, 0.015878887847065926, 0.015880251303315163, 0.016488471999764442, 0.015568658709526062], "(1, 5, 1, 3)": [0.0010900786146521568, 0.002290942007675767, -0.0008729660767130554, 0.001859776908531785, 0.012243397533893585], "(2, 5, 5, 4)": [0.0018027970800176263, 0.0024602985940873623, 0.014159468933939934, 0.0005735806189477444, 0.0032706724014133215], "(2, 4, 2, 3)": [0.019881591200828552, 0.008485812693834305, 0.007651847787201405, 0.0019316580146551132, 0.00281406007707119], "(2, 5, 1, 3)": [0.0, 0.0, 0.0, 0.006784491240978241, -0.001628825906664133], "(3, 5, 5, 3)": [0.018180789425969124, 0.019724328070878983, 0.018587946891784668, 0.0184397604316473, 0.01743263751268387], "(1, 4, 3, 2)": [0.01923917792737484, 0.019482627511024475, 0.019406046718358994, 0.019516602158546448, 0.01994209736585617], "(1, 4, 4, 3)": [0.01993851363658905, 0.01919194683432579, 0.0191439688205719, 0.018872978165745735, 0.01942913793027401], "(3, 4, 5, 2)": [0.008622892200946808, 0.009643497876822948, 0.0047180564142763615, 0.007844191044569016, 0.019489388912916183],