{"q_values": {"(2, 5, 2, 2)": [0.019192779436707497, 0.01982930302619934, 0.018905626609921455, 0.01928011327981949, 0.01948823221027851], "(2, 5, 3, 2)": [0.019867507740855217, 0.01888139918446541, 0.01938200742006302, 0.01926732435822487, 0.018486514687538147], "(2, 5, 3, 3)": [0.018388058990240097, 0.019842462614178658, 0.016899636015295982, 0.01849491521716118, 0.018364233896136284], "(2, 4, 2, 2)": [0.019303400069475174, 0.01943913847208023, 0.01941514015197754, 0.019411252811551094, 0.019818980246782303], "(2, 4, 3, 2)": [0.019365234300494194, 0.019369082525372505, 0.01937105320394039, 0.01938696950674057, 0.019703449681401253], "(2, 4, 3, 3)": [0.01974870078265667, 0.019731629639863968, 0.019923880696296692, 0.01974845863878727, 0.019711485132575035], "(2, 4, 4, 3)": [0.019662676379084587, 0.019694369286298752, 0.01967782899737358, 0.01982155255973339, 0.019734909757971764], "(2, 4, 1, 1)": [0.018562426790595055, 0.018331073224544525, 0.018214108422398567, 0.017882704734802246, 0.019623402506113052], "(2, 4, 2, 1)": [0.011709025129675865, 0.013645892031490803, 0.013944459147751331, 0.01403125561773777, 0.015191398561000824], "(2, 5, 4, 3)": [0.019849533215165138, 0.01808282919228077, 0.018552808091044426, 0.017464056611061096, 0.018693435937166214], "(2, 4, 1, 2)": [0.01973450928926468, 0.019472956657409668, 0.019707754254341125, 0.019852949306368828, 0.019670842215418816], "(2, 5, 1, 2)": [0.019701901823282242, 0.019889017567038536, 0.019747503101825714, 0.01975145749747753, 0.019729651510715485], "(2, 5, 0, 2)": [0.019478602334856987, 0.019489798694849014, 0.0194915272295475, 0.019478198140859604, 0.019813165068626404], "(2, 5, 2, 3)": [0.016596194356679916, 0.01488485373556614, 0.014279832132160664, 0.014103698544204235, 0.015447854995727539], "(2, 4, 0, 1)": [0.017697656527161598, 0.017536109313368797, 0.018413186073303223, 0.0186772421002388, 0.019836176186800003], "(2, 4, 4, 2)": [0.01930229179561138, 0.01932411454617977, 0.01920756883919239, 0.019285190850496292, 0.019296547397971153], "(2, 4, 5, 3)": [0.01850709319114685, 0.018992239609360695, 0.019367514178156853, 0.019135301932692528, 0.01927703619003296], "(3, 4, 4, 2)": [0.019886597990989685, 0.01946376822888851, 0.018410520628094673, 0.018560314550995827, 0.019510896876454353], "(3, 4, 3, 2)": [0.018722953274846077, 0.01921420358121395, 0.01835421472787857, 0.019904721528291702, 0.01889517344534397], "(3, 4, 2, 1)": [0.016205810010433197, 0.01520450972020626, 0.014685160480439663, 0.018625102937221527, 0.015760773792862892], "(3, 4, 2, 2)": [0.01829596608877182, 0.018571823835372925, 0.018457623198628426, 0.0185954961925745, 0.019886359572410583], "(3, 4, 3, 1)": [0.0012098937295377254, 0.0009228945709764957, 0.01490294560790062, 0.0033063788432627916, -4.6110013499855995e-05], "(2, 5, 0, 1)": [0.019702637568116188, 0.019764592871069908, 0.01973797380924225, 0.019698558375239372, 0.019911035895347595], "(2, 5, 5, 3)": [0.019753510132431984, 0.01707572303712368, 0.016992919147014618, 0.016233768314123154, 0.01754428632557392], "(3, 5, 4, 3)": [0.01987968198955059, 0.019697995856404305, 0.01967720314860344, 0.01963350549340248, 0.01947338879108429], "(3, 5, 3, 2)": [0.019930044189095497, 0.019763479009270668, 0.019673636183142662, 0.01972934417426586, 0.019718360155820847], "(3, 5, 2, 2)": [0.019893202930688858, 0.01868794485926628, 0.019448962062597275, 0.019573276862502098, 0.019368518143892288], "(3, 5, 1, 1)": [0.019701169803738594, 0.019695386290550232, 0.019839521497488022, 0.019681470468640327, 0.01968998834490776], "(3, 5, 1, 2)": [0.019519319757819176, 0.019850604236125946, 0.019489405676722527, 0.019487837329506874, 0.01948881521821022], "(3, 4, 1, 1)": [0.016675859689712524, 0.017840467393398285, 0.018011750653386116, 0.01771138422191143, 0.019800087437033653], "(2, 4, 0, 0)": [-8.64375033415854e-05, 0.0007532310555689037, 0.001401175046339631, 0.004207662306725979, -0.0010647918097674847], "(2, 5, 1, 1)": [0.01980523206293583, 0.0199151448905468, 0.01980050466954708, 0.01985989324748516, 0.019814729690551758], "(2, 5, 4, 2)": [0.0184743944555521, 0.018042489886283875, 0.019803650677204132, 0.017138518393039703, 0.017760861665010452], "(2, 4, 0, 2)": [0.016333112493157387, 0.017542537301778793, 0.017293330281972885, 0.015799714252352715, 0.019884590059518814], "(1, 4, 0, 1)": [0.01957518793642521, 0.018890608102083206, 0.01946355774998665, 0.019882844761013985, 0.019157620146870613], "(3, 4, 4, 3)": [0.019809069111943245, 0.01976327784359455, 0.01994956098496914, 0.01969805546104908, 0.0197584368288517], "(3, 4, 5, 3)": [0.017987310886383057, 0.018299082294106483, 0.019393309950828552, 0.018338194116950035, 0.017538022249937057], "(3, 5, 4, 2)": [0.019554801285266876, 0.019409656524658203, 0.019930390641093254, 0.01953539066016674, 0.01944071240723133], "(3, 5, 3, 3)": [0.018822424113750458, 0.016780484467744827, 0.015343873761594296, 0.01649126596748829, 0.016084609553217888], "(3, 4, 1, 2)": [0.019237689673900604, 0.018777186051011086, 0.0189515370875597, 0.01977393589913845, 0.019071107730269432], "(2, 5, 2, 1)": [0.01929338276386261, 0.0035029537975788116, 0.003548698965460062, 0.0051812767051160336, 0.005212893709540367], "(1, 4, 1, 2)": [0.01951787807047367, 0.019772272557020187, 0.019774209707975388, 0.019903413951396942, 0.019750747829675674], "(1, 4, 0, 2)": [0.01962103508412838, 0.019670866429805756, 0.019911736249923706, 0.0197247676551342, 0.019704394042491913], "(1, 4, 1, 1)": [0.01736491732299328, 0.017057744786143303, 0.01654808595776558, 0.01971556432545185, 0.017559830099344254], "(1, 4, 2, 2)": [0.019721008837223053, 0.01969970390200615, 0.019578834995627403, 0.019660985097289085, 0.019876642152667046], "(1, 5, 2, 2)": [0.019691914319992065, 0.018892554566264153, 0.018979480490088463, 0.018830982968211174, 0.018974319100379944], "(1, 5, 3, 3)": [0.019025258719921112, 0.01968337781727314, 0.019246909767389297, 0.019423723220825195, 0.019227340817451477], "(3, 5, 0, 1)": [0.017855791375041008, 0.018753986805677414, 0.018790684640407562, 0.01844751089811325, 0.019737495109438896], "(3, 4, 0, 1)": [0.01641838438808918, 0.017296450212597847, 0.01654437743127346, 0.016596108675003052, 0.019318846985697746], "(1, 4, 3, 3)": [0.019781991839408875, 0.019766906276345253, 0.019852835685014725, 0.01979714073240757, 0.019762160256505013], "(1, 5, 0, 1)": [0.019736476242542267, 0.01981666311621666, 0.019894685596227646, 0.01978997327387333, 0.019799206405878067], "(1, 5, -1, 1)": [0.0, 0.000667367537971586, 0.0014647687785327435, 0.002660901751369238, 0.014613939449191093], "(1, 5, 0, 2)": [0.01959707960486412, 0.01969994232058525, 0.019679104909300804, 0.019798381254076958, 0.019517457112669945], "(1, 5, 1, 2)": [0.019734110683202744, 0.019411955028772354, 0.019268913194537163, 0.0181148499250412, 0.01950044557452202], "(1, 5, 2, 3)": [0.016836415976285934, 0.01960408128798008, 0.016882697120308876, 0.01651725172996521, 0.017060011625289917], "(1, 5, 1, 3)": [0.0010900786146521568, 0.0014104939764365554, -0.0008729660767130554, 0.0009255807963199914, 0.008442908525466919], "(2, 5, 5, 4)": [0.0018027970800176263, 0.0024602985940873623, 0.011704704724252224, 0.0005735806189477444, 0.0032706724014133215], "(2, 4, 2, 3)": [0.01976226642727852, 0.006582887377589941, 0.005611978936940432, 0.0019316580146551132, 0.0019148965366184711], "(2, 5, 1, 3)": [0.0, 0.0, 0.0, 0.002270248718559742, -0.001628825906664133], "(3, 5, 5, 3)": [0.01795225590467453, 0.01899862103164196, 0.017230022698640823, 0.01708902046084404, 0.017756426706910133], "(1, 4, 3, 2)": [0.019446585327386856, 0.01940583810210228, 0.018876638263463974, 0.01942620612680912, 0.019852735102176666], "(1, 4, 4, 3)": [0.019866952672600746, 0.01763957552611828, 0.01795131154358387, 0.01724844239652157, 0.018502473831176758], "(3, 4, 5, 2)": [0.008054113015532494, 0.008591288700699806, 0.0047180564142763615, 0.007217403966933489, 0.01926443539559841],