{"q_values": {"(2, 5, 2, 2)": [0.01932268589735031, 0.01840098947286606, 0.018609583377838135, 0.018651999533176422, 0.01814047433435917], "(2, 5, 3, 2)": [0.019723713397979736, 0.01907644420862198, 0.018334029242396355, 0.01841372437775135, 0.018162962049245834], "(2, 5, 3, 3)": [0.017641359940171242, 0.019023500382900238, 0.017473701387643814, 0.018144220113754272, 0.016832105815410614], "(2, 4, 2, 2)": [0.018591875210404396, 0.018543174490332603, 0.01938849687576294, 0.019455567002296448, 0.019340762868523598], "(2, 4, 3, 2)": [0.019415901973843575, 0.017928533256053925, 0.019387390464544296, 0.0194252822548151, 0.01948554255068302], "(2, 4, 3, 3)": [0.019660135731101036, 0.019700337201356888, 0.019634488970041275, 0.01964520663022995, 0.019657645374536514], "(2, 4, 4, 3)": [0.019615642726421356, 0.01975179649889469, 0.01965094357728958, 0.019628046080470085, 0.019502200186252594], "(2, 4, 1, 1)": [0.01734190061688423, 0.018211424350738525, 0.018369929865002632, 0.017580049112439156, 0.017664730548858643], "(2, 4, 2, 1)": [0.012729148380458355, 0.010778886266052723, 0.015589824877679348, 0.012343527749180794, 0.010287587530910969], "(2, 5, 4, 3)": [0.019133303314447403, 0.01829623058438301, 0.01817125268280506, 0.017001571133732796, 0.017664026468992233], "(2, 4, 1, 2)": [0.018751448020339012, 0.018812080845236778, 0.01932337135076523, 0.01913757063448429, 0.019099893048405647], "(2, 5, 1, 2)": [0.01889197900891304, 0.01913026161491871, 0.0193660706281662, 0.018344761803746223, 0.01924419403076172], "(2, 5, 0, 2)": [0.01912090741097927, 0.01913043111562729, 0.019215697422623634, 0.01907564513385296, 0.019130153581500053], "(2, 5, 2, 3)": [0.01447097584605217, 0.009029770269989967, 0.009548671543598175, 0.00982062891125679, 0.009655251167714596], "(2, 4, 0, 1)": [0.01772899553179741, 0.017088621854782104, 0.013685137033462524, 0.01880468800663948, 0.01768648996949196], "(2, 4, 4, 2)": [0.019243314862251282, 0.01932406611740589, 0.019381791353225708, 0.019435107707977295, 0.019450390711426735], "(2, 4, 5, 3)": [0.014935585670173168, 0.014782780781388283, 0.019330454990267754, 0.01339542493224144, 0.015345524065196514], "(3, 4, 4, 2)": [0.018173905089497566, 0.01489920262247324, 0.014099928550422192, 0.01551159005612135, 0.014219364151358604], "(3, 4, 3, 2)": [0.016148753464221954, 0.018025554716587067, 0.01625167950987816, 0.016582446172833443, 0.015270196832716465], "(3, 4, 2, 1)": [0.006993144750595093, 0.0061384206637740135, 0.006210735999047756, 0.014658462256193161, 0.012927274219691753], "(3, 4, 2, 2)": [0.014813599176704884, 0.014504486694931984, 0.014735392294824123, 0.013884080573916435, 0.014986219815909863], "(3, 4, 3, 1)": [0.0012098937295377254, -0.00012438686098903418, 0.00522308936342597, 1.0439951438456774e-05, -0.0010868555400520563], "(2, 5, 0, 1)": [0.019529158249497414, 0.019567478448152542, 0.019618963822722435, 0.019556714221835136, 0.019349355250597], "(2, 5, 5, 3)": [0.013825887814164162, 0.019145267084240913, 0.012829756364226341, 0.00872438307851553, 0.015150588005781174], "(3, 5, 4, 3)": [0.012087163515388966, 0.015043387189507484, 0.013278631493449211, 0.016073239967226982, 0.012575986795127392], "(3, 5, 3, 2)": [0.017122043296694756, 0.01832415536046028, 0.01675201579928398, 0.017212331295013428, 0.017087707296013832], "(3, 5, 2, 2)": [0.018110444769263268, 0.017660366371273994, 0.01781655289232731, 0.017232241109013557, 0.015839187428355217], "(3, 5, 1, 1)": [0.0091856075450778, 0.017870018258690834, 0.007729596924036741, 0.009442626498639584, 0.00960392877459526], "(3, 5, 1, 2)": [0.014965669251978397, 0.014160904102027416, 0.013556007295846939, 0.011774902231991291, 0.017918173223733902], "(3, 4, 1, 1)": [0.011475203558802605, 0.01514405943453312, 0.012067577801644802, 0.01252491120249033, 0.008966916240751743], "(2, 4, 0, 0)": [0.0, 0.0007532310555689037, 0.0, 0.006004982627928257, -0.0010647918097674847], "(2, 5, 1, 1)": [0.01940597966313362, 0.01947171613574028, 0.019531965255737305, 0.01931987889111042, 0.019574910402297974], "(2, 5, 4, 2)": [0.013575955294072628, 0.014339041896164417, 0.01956447958946228, 0.013649933971464634, 0.014210052788257599], "(2, 4, 0, 2)": [0.009787632152438164, 0.009259584359824657, 0.011589652858674526, 0.009188634343445301, 0.01921137236058712], "(1, 4, 0, 1)": [0.013322237879037857, 0.012751013040542603, 0.015136473812162876, 0.013122082687914371, 0.01784348487854004], "(3, 4, 4, 3)": [0.008281386457383633, 0.00859860796481371, 0.005177193321287632, 0.01586638018488884, 0.00511069456115365], "(3, 4, 5, 3)": [0.001631037681363523, 0.0014139697887003422, 0.009416871704161167, 0.0005643104086630046, 0.001933348597958684], "(3, 5, 4, 2)": [0.013562982901930809, 0.012556677684187889, 0.018294811248779297, 0.011165917851030827, 0.011261358857154846], "(3, 5, 3, 3)": [0.014142262749373913, 0.006414240226149559, 0.00459889555349946, 0.0026154210790991783, 0.002471792045980692], "(3, 4, 1, 2)": [0.002623611828312278, 0.0038564675487577915, 0.0006890922086313367, 0.013386397622525692, 0.0017678242875263095], "(2, 5, 2, 1)": [0.006537817884236574, 0.002638419857248664, 0.0009907798375934362, 0.0035960436798632145, 0.0019222977571189404], "(1, 4, 1, 2)": [0.018649451434612274, 0.018377449363470078, 0.018355051055550575, 0.018725868314504623, 0.01909150369465351], "(1, 4, 0, 2)": [0.007656631991267204, 0.005759105086326599, 0.017504606395959854, 0.005618470720946789, 0.007417222484946251], "(1, 4, 1, 1)": [0.005242682062089443, 0.0076559558510780334, 0.009013677015900612, 0.01539977639913559, 0.006014293059706688], "(1, 4, 2, 2)": [0.018407737836241722, 0.017664270475506783, 0.018418192863464355, 0.018499279394745827, 0.01898120902478695], "(1, 5, 2, 2)": [0.01809750869870186, 0.018838759511709213, 0.01813114993274212, 0.01814299263060093, 0.018221084028482437], "(1, 5, 3, 3)": [0.01719454675912857, 0.01369480974972248, 0.013769772835075855, 0.014428877271711826, 0.011803269386291504], "(3, 5, 0, 1)": [0.0008870855090208352, 0.001344095915555954, 0.004724177997559309, 0.0059594446793198586, 0.013885987922549248], "(3, 4, 0, 1)": [0.007971039041876793, 0.005439962260425091, 0.013413339853286743, 0.00851055234670639, 0.007783259265124798], "(1, 4, 3, 3)": [0.012731824070215225, 0.018636440858244896, 0.01126355491578579, 0.008970694616436958, 0.011932088062167168], "(1, 5, 0, 1)": [0.010072018019855022, 0.011592891998589039, 0.011428127996623516, 0.01869310811161995, 0.007953750900924206], "(1, 5, -1, 1)": [0.0, 0.0, 0.0004965879488736391, 0.0, 0.0009969340171664953], "(1, 5, 0, 2)": [0.015828918665647507, 0.012033394537866116, 0.014008588157594204, 0.018738875165581703, 0.01575600355863571], "(1, 5, 1, 2)": [0.018798531964421272, 0.018367759883403778, 0.018661854788661003, 0.017890892922878265, 0.017792757600545883], "(1, 5, 2, 3)": [0.008574244566261768, 0.008547788485884666, 0.010155771858990192, 0.013390257954597473, 0.008673100732266903], "(1, 5, 1, 3)": [0.0010900786146521568, 0.0005232497351244092, 0.0, 0.0, 0.0011359249474480748], "(2, 5, 5, 4)": [-0.000772280793171376, 0.0015191955026239157, 0.0014295565197244287, -2.6749330572783947e-05, 0.002539183711633086], "(2, 4, 2, 3)": [0.005855714902281761, 0.0, 0.0, 0.0, 0.0009680773364380002], "(2, 5, 1, 3)": [0.0, 0.0, 0.0, 0.0005926907761022449, -0.0010797756258398294], "(3, 5, 5, 3)": [0.01299239695072174, 0.004175584297627211, 0.005838605109602213, 0.001910897553898394, 0.005764349829405546], "(1, 4, 3, 2)": [0.018214821815490723, 0.0158728938549757, 0.014620034955441952, 0.014892213977873325, 0.014365129172801971], "(1, 4, 4, 3)": [0.010413147509098053, 0.0028707915917038918, 0.0014226940693333745, 0.001782212988473475, 0.001702786423265934], "(3, 4, 5, 2)": [0.0018629573751240969, 0.0014355829916894436, 0.00102591747418046, 0.0005054649082012475, 0.004949149675667286], "(2, 4, 5, 2)": [0.0, 0.0, 0.001398271881043911, 0.0, 0.0013979111099615693], "(2, 4, -1, 1)": [0.0017045708373188972, 0.0, 0.0009680400835350156, 0.0, 0.0],