{"q_values": {"(2, 5, 2, 2)": [0.018358876928687096, 0.019822875037789345, 0.018058303743600845, 0.018730372190475464, 0.018017515540122986], "(2, 5, 3, 2)": [0.019025661051273346, 0.019173013046383858, 0.019780680537223816, 0.018925944343209267, 0.018494809046387672], "(2, 5, 3, 3)": [0.019775820896029472, 0.01835036650300026, 0.01835581846535206, 0.018254507333040237, 0.018515441566705704], "(2, 4, 2, 2)": [0.018019184470176697, 0.017617041245102882, 0.017867673188447952, 0.01892346329987049, 0.01895991712808609], "(2, 4, 3, 2)": [0.01923183538019657, 0.01927129551768303, 0.01926487311720848, 0.0192277729511261, 0.019409136846661568], "(2, 4, 3, 3)": [0.019735289737582207, 0.019717412069439888, 0.01973700523376465, 0.01976008154451847, 0.01969406194984913], "(2, 4, 4, 3)": [0.019678756594657898, 0.019689422100782394, 0.01969757489860058, 0.01968541368842125, 0.019721219316124916], "(2, 4, 1, 1)": [0.01813954859972, 0.017805321142077446, 0.01787860505282879, 0.019079791381955147, 0.018251631408929825], "(2, 4, 2, 1)": [0.012816439382731915, 0.014361726120114326, 0.014421515166759491, 0.01428227685391903, 0.01736610196530819], "(2, 5, 4, 3)": [0.019871225580573082, 0.0183720663189888, 0.018508324399590492, 0.018640486523509026, 0.018486542627215385], "(2, 4, 1, 2)": [0.01936337910592556, 0.019378015771508217, 0.01936999149620533, 0.019344139844179153, 0.01933347061276436], "(2, 5, 1, 2)": [0.019768355414271355, 0.017954980954527855, 0.019424866884946823, 0.019429825246334076, 0.019477302208542824], "(2, 5, 0, 2)": [0.019470373168587685, 0.019785935059189796, 0.019429083913564682, 0.01944349892437458, 0.019546780735254288], "(2, 5, 2, 3)": [0.016802577301859856, 0.015721933916211128, 0.014523214660584927, 0.014833273366093636, 0.015901466831564903], "(2, 4, 0, 1)": [0.019118983298540115, 0.017715051770210266, 0.019238416105508804, 0.0178674329072237, 0.0192102063447237], "(2, 4, 4, 2)": [0.019423557445406914, 0.019399382174015045, 0.019350074231624603, 0.01960989087820053, 0.01945055089890957], "(2, 4, 5, 3)": [0.01920912228524685, 0.019824596121907234, 0.0190484207123518, 0.019142504781484604, 0.01894201524555683], "(3, 4, 4, 2)": [0.019711460918188095, 0.01968500390648842, 0.01968800276517868, 0.019689295440912247, 0.019919641315937042], "(3, 4, 3, 2)": [0.018390001729130745, 0.019524304196238518, 0.019477859139442444, 0.01952234096825123, 0.019689442589879036], "(3, 4, 2, 1)": [0.016303446143865585, 0.014178792014718056, 0.01620035618543625, 0.019650688394904137, 0.01602802239358425], "(3, 4, 2, 2)": [0.01955161988735199, 0.01919502764940262, 0.019105520099401474, 0.019582489505410194, 0.019718270748853683], "(3, 4, 3, 1)": [0.0012098937295377254, 0.0009228945709764957, 0.016182560473680496, 0.0033063788432627916, -4.6110013499855995e-05], "(2, 5, 0, 1)": [0.01958691142499447, 0.019790085032582283, 0.019741082563996315, 0.01975848898291588, 0.01976270228624344], "(2, 5, 5, 3)": [0.01772232912480831, 0.01975180208683014, 0.016634315252304077, 0.017352931201457977, 0.017415015026926994], "(3, 5, 4, 3)": [0.019897282123565674, 0.018754063174128532, 0.019016841426491737, 0.01915331743657589, 0.019412513822317123], "(3, 5, 3, 2)": [0.01993585005402565, 0.01947222463786602, 0.0194774828851223, 0.01981344446539879, 0.01955919712781906], "(3, 5, 2, 2)": [0.019911019131541252, 0.019321512430906296, 0.019650494679808617, 0.01972154714167118, 0.019379081204533577], "(3, 5, 1, 1)": [0.019726591184735298, 0.019840843975543976, 0.019743388518691063, 0.019762400537729263, 0.019747355952858925], "(3, 5, 1, 2)": [0.019896337762475014, 0.01968633197247982, 0.0196883175522089, 0.01963420957326889, 0.019589336588978767], "(3, 4, 1, 1)": [0.01893608272075653, 0.019106360152363777, 0.019285965710878372, 0.019176708534359932, 0.019671538844704628], "(2, 4, 0, 0)": [0.00047364109195768833, 0.0007532310555689037, 0.001401175046339631, 0.00979628600180149, -0.0010647918097674847], "(2, 5, 1, 1)": [0.019777383655309677, 0.019773593172430992, 0.019769804552197456, 0.01972823031246662, 0.01976912096142769], "(2, 5, 4, 2)": [0.018614504486322403, 0.018125182017683983, 0.019888704642653465, 0.017651144415140152, 0.018238365650177002], "(2, 4, 0, 2)": [0.017281660810112953, 0.01832708716392517, 0.018067048862576485, 0.01673061214387417, 0.01980661414563656], "(1, 4, 0, 1)": [0.019258789718151093, 0.019102055579423904, 0.019544178619980812, 0.019165901467204094, 0.019930372014641762], "(3, 4, 4, 3)": [0.01986582763493061, 0.019877159968018532, 0.0199403315782547, 0.019857944920659065, 0.019868776202201843], "(3, 4, 5, 3)": [0.0184010062366724, 0.018840093165636063, 0.019951602444052696, 0.01859384775161743, 0.018178502097725868], "(3, 5, 4, 2)": [0.019726185128092766, 0.01991955377161503, 0.019661597907543182, 0.019761452451348305, 0.019751552492380142], "(3, 5, 3, 3)": [0.019863231107592583, 0.017941566184163094, 0.017724841833114624, 0.01762094534933567, 0.017529569566249847], "(3, 4, 1, 2)": [0.019600003957748413, 0.019801588729023933, 0.019610146060585976, 0.01959702931344509, 0.01958133466541767], "(2, 5, 2, 1)": [0.01977076195180416, 0.0035029537975788116, 0.0043660663068294525, 0.0051812767051160336, 0.005212893709540367], "(1, 4, 1, 2)": [0.019533542916178703, 0.019657084718346596, 0.01970713771879673, 0.019949164241552353, 0.019673477858304977], "(1, 4, 0, 2)": [0.019052134826779366, 0.019804054871201515, 0.019823899492621422, 0.01981082744896412, 0.01993553526699543], "(1, 4, 1, 1)": [0.017136238515377045, 0.017110345885157585, 0.01395927183330059, 0.01986944116652012, 0.01694725826382637], "(1, 4, 2, 2)": [0.019745860248804092, 0.019771629944443703, 0.01982462778687477, 0.019843239337205887, 0.019944479689002037], "(1, 5, 2, 2)": [0.019830521196126938, 0.019400347024202347, 0.019315432757139206, 0.017706455662846565, 0.019466618075966835], "(1, 5, 3, 3)": [0.019819535315036774, 0.018675383180379868, 0.018041932955384254, 0.01813918724656105, 0.01760230027139187], "(3, 5, 0, 1)": [0.019035881385207176, 0.019495373591780663, 0.019282832741737366, 0.019339973106980324, 0.019864587113261223], "(3, 4, 0, 1)": [0.017575455829501152, 0.01743512600660324, 0.017507240176200867, 0.017256740480661392, 0.019690729677677155], "(1, 4, 3, 3)": [0.019802937284111977, 0.019793234765529633, 0.019895892590284348, 0.019797833636403084, 0.019803285598754883], "(1, 5, 0, 1)": [0.019810086116194725, 0.01978294551372528, 0.019943786785006523, 0.019807197153568268, 0.019819792360067368], "(1, 5, -1, 1)": [0.0, 0.000667367537971586, 0.0014647687785327435, 0.002660901751369238, 0.01678997464478016], "(1, 5, 0, 2)": [0.019938768818974495, 0.01951344683766365, 0.019566936418414116, 0.01951983943581581, 0.019643880426883698], "(1, 5, 1, 2)": [0.018566135317087173, 0.019871124997735023, 0.017902594059705734, 0.01822771690785885, 0.01800067536532879], "(1, 5, 2, 3)": [0.01981661468744278, 0.017342733219265938, 0.01780075579881668, 0.01752990111708641, 0.01758001372218132], "(1, 5, 1, 3)": [0.0010900786146521568, 0.002290942007675767, -0.0008729660767130554, 0.001859776908531785, 0.011392389424145222], "(2, 5, 5, 4)": [0.0018027970800176263, 0.0024602985940873623, 0.0128382109105587, 0.0005735806189477444, 0.0032706724014133215], "(2, 4, 2, 3)": [0.019811969250440598, 0.007250646594911814, 0.007651847787201405, 0.0019316580146551132, 0.00281406007707119], "(2, 5, 1, 3)": [0.0, 0.0, 0.0, 0.005234628915786743, -0.001628825906664133], "(3, 5, 5, 3)": [0.017387859523296356, 0.019857127219438553, 0.018131153658032417, 0.017957577481865883, 0.016442913562059402], "(1, 4, 3, 2)": [0.019588911905884743, 0.019547944888472557, 0.01952815055847168, 0.01954934000968933, 0.019908923655748367], "(1, 4, 4, 3)": [0.01990300789475441, 0.018152931705117226, 0.0183170847594738, 0.017960326746106148, 0.01904059574007988], "(3, 4, 5, 2)": [0.008622892200946808, 0.009101909585297108, 0.0047180564142763615, 0.007217403966933489, 0.019623801112174988],