{"q_values": {"(2, 5, 2, 2)": [0.01984735205769539, 0.019314803183078766, 0.019177980720996857, 0.01937785930931568, 0.019133402034640312], "(2, 5, 3, 2)": [0.019852207973599434, 0.019641472026705742, 0.019441289827227592, 0.01961052417755127, 0.0196053609251976], "(2, 5, 3, 3)": [0.019208073616027832, 0.01980852149426937, 0.018948180601000786, 0.019303159788250923, 0.01911238580942154], "(2, 4, 2, 2)": [0.019490491598844528, 0.019231654703617096, 0.01948707550764084, 0.01885143294930458, 0.01994474232196808], "(2, 4, 3, 2)": [0.018565203994512558, 0.01959231123328209, 0.01855694316327572, 0.019546201452612877, 0.01992683671414852], "(2, 4, 3, 3)": [0.019806908443570137, 0.019819431006908417, 0.019824188202619553, 0.019903607666492462, 0.019809331744909286], "(2, 4, 4, 3)": [0.01989600621163845, 0.019747795537114143, 0.019768722355365753, 0.01976480521261692, 0.019776755943894386], "(2, 4, 1, 1)": [0.01812071166932583, 0.01873958297073841, 0.018730133771896362, 0.018650898709893227, 0.01990971527993679], "(2, 4, 2, 1)": [0.012816439382731915, 0.01460740901529789, 0.014421515166759491, 0.01454540528357029, 0.019357603043317795], "(2, 5, 4, 3)": [0.01982608437538147, 0.019677195698022842, 0.019618507474660873, 0.019642481580376625, 0.019651426002383232], "(2, 4, 1, 2)": [0.019686810672283173, 0.019691262394189835, 0.019281351938843727, 0.019686313346028328, 0.01994769275188446], "(2, 5, 1, 2)": [0.019646449014544487, 0.01990009844303131, 0.019657017663121223, 0.01963651366531849, 0.019653214141726494], "(2, 5, 0, 2)": [0.0198455061763525, 0.01956900581717491, 0.019611738622188568, 0.019579069688916206, 0.01965179853141308], "(2, 5, 2, 3)": [0.01975770853459835, 0.016116704791784286, 0.01501627080142498, 0.015082123689353466, 0.016764026135206223], "(2, 4, 0, 1)": [0.01904573291540146, 0.018967071548104286, 0.01889897882938385, 0.018838072195649147, 0.019924521446228027], "(2, 4, 4, 2)": [0.019335772842168808, 0.01931324228644371, 0.01927369460463524, 0.01927362196147442, 0.019936705008149147], "(2, 4, 5, 3)": [0.019245320931077003, 0.019200442358851433, 0.019923312589526176, 0.019224373623728752, 0.019154591485857964], "(3, 4, 4, 2)": [0.018712064251303673, 0.01967189460992813, 0.01966186985373497, 0.019924916326999664, 0.019650094211101532], "(3, 4, 3, 2)": [0.018774496391415596, 0.01885811612010002, 0.018920252099633217, 0.01868705451488495, 0.019944295287132263], "(3, 4, 2, 1)": [0.017022036015987396, 0.015217090025544167, 0.01701030507683754, 0.019852766767144203, 0.01697084680199623], "(3, 4, 2, 2)": [0.019582191482186317, 0.01947886124253273, 0.019568031653761864, 0.019664693623781204, 0.019972195848822594], "(3, 4, 3, 1)": [0.0012098937295377254, 0.0009228945709764957, 0.013139242306351662, 0.0033063788432627916, -4.6110013499855995e-05], "(2, 5, 0, 1)": [0.019614815711975098, 0.019773289561271667, 0.01981455460190773, 0.019800249487161636, 0.01994488202035427], "(2, 5, 5, 3)": [0.019797397777438164, 0.01737874560058117, 0.016443517059087753, 0.01742425747215748, 0.016879862174391747], "(3, 5, 4, 3)": [0.018835656344890594, 0.019845739006996155, 0.018940167501568794, 0.01931569166481495, 0.01935882866382599], "(3, 5, 3, 2)": [0.019892340525984764, 0.019575733691453934, 0.0195846538990736, 0.018786605447530746, 0.018383890390396118], "(3, 5, 2, 2)": [0.018928788602352142, 0.019901249557733536, 0.018357815220952034, 0.01875973679125309, 0.019043494015932083], "(3, 5, 1, 1)": [0.019851304590702057, 0.01975320465862751, 0.019789380952715874, 0.01996554061770439, 0.019773131236433983], "(3, 5, 1, 2)": [0.019571594893932343, 0.019949758425354958, 0.019046632573008537, 0.01958756521344185, 0.01965152658522129], "(3, 4, 1, 1)": [0.018063083291053772, 0.018771149218082428, 0.018279651179909706, 0.018498701974749565, 0.0199584923684597], "(2, 4, 0, 0)": [0.00047364109195768833, 0.0007532310555689037, 0.001401175046339631, 0.008286694996058941, -0.0010647918097674847], "(2, 5, 1, 1)": [0.01975233107805252, 0.019939860329031944, 0.019761987030506134, 0.019767869263887405, 0.019813349470496178], "(2, 5, 4, 2)": [0.01885191537439823, 0.01821734756231308, 0.01990661583840847, 0.018068812787532806, 0.018238365650177002], "(2, 4, 0, 2)": [0.017773669213056564, 0.01840784028172493, 0.01824820414185524, 0.017302364110946655, 0.019945960491895676], "(1, 4, 0, 1)": [0.0178767591714859, 0.018540050834417343, 0.018785512074828148, 0.01843218319118023, 0.01995723880827427], "(3, 4, 4, 3)": [0.01978226937353611, 0.01980985328555107, 0.019824668765068054, 0.019785931333899498, 0.01990172453224659], "(3, 4, 5, 3)": [0.018811922520399094, 0.019235599786043167, 0.019858263432979584, 0.01872110180556774, 0.018684109672904015], "(3, 5, 4, 2)": [0.019627053290605545, 0.019695701077580452, 0.019723206758499146, 0.019694022834300995, 0.019692333415150642], "(3, 5, 3, 3)": [0.019857974722981453, 0.017978664487600327, 0.017256809398531914, 0.017844032496213913, 0.017666341736912727], "(3, 4, 1, 2)": [0.019771816208958626, 0.019701091572642326, 0.019698016345500946, 0.01996798999607563, 0.019795643165707588], "(2, 5, 2, 1)": [0.019932439550757408, 0.0035029537975788116, 0.0043660663068294525, 0.005915886722505093, 0.005212893709540367], "(1, 4, 1, 2)": [0.019763626158237457, 0.019742297008633614, 0.019683945924043655, 0.019117362797260284, 0.019969331100583076], "(1, 4, 0, 2)": [0.019485559314489365, 0.019763166084885597, 0.01979758031666279, 0.019964979961514473, 0.019795270636677742], "(1, 4, 1, 1)": [0.017109163105487823, 0.017965000122785568, 0.016134852543473244, 0.017981907352805138, 0.01992325484752655], "(1, 4, 2, 2)": [0.019578639417886734, 0.019578497856855392, 0.018925761803984642, 0.019372353330254555, 0.019940756261348724], "(1, 5, 2, 2)": [0.01989162154495716, 0.019547011703252792, 0.019565919414162636, 0.019374530762434006, 0.01904168166220188], "(1, 5, 3, 3)": [0.019856879487633705, 0.019424423575401306, 0.01930422894656658, 0.01929902657866478, 0.019542576745152473], "(3, 5, 0, 1)": [0.019529642537236214, 0.01959948055446148, 0.01962539739906788, 0.01959468610584736, 0.019977718591690063], "(3, 4, 0, 1)": [0.015659045428037643, 0.015260769985616207, 0.01556174922734499, 0.016137730330228806, 0.019960474222898483], "(1, 4, 3, 3)": [0.019916249439120293, 0.019833380356431007, 0.019823793321847916, 0.019826924428343773, 0.019830593839287758], "(1, 5, 0, 1)": [0.019797349348664284, 0.01985563337802887, 0.019832909107208252, 0.0198405422270298, 0.019954727962613106], "(1, 5, -1, 1)": [0.0, 0.000667367537971586, 0.0014647687785327435, 0.002660901751369238, 0.01825210452079773], "(1, 5, 0, 2)": [0.019675010815262794, 0.01970932073891163, 0.01995333470404148, 0.01968849077820778, 0.019629068672657013], "(1, 5, 1, 2)": [0.019943391904234886, 0.019717777147889137, 0.019227629527449608, 0.01944078877568245, 0.019601209089159966], "(1, 5, 2, 3)": [0.01986216939985752, 0.015878887847065926, 0.015880251303315163, 0.016488471999764442, 0.01598755642771721], "(1, 5, 1, 3)": [0.0010900786146521568, 0.002290942007675767, -0.0008729660767130554, 0.001859776908531785, 0.012243397533893585], "(2, 5, 5, 4)": [0.0018027970800176263, 0.0024602985940873623, 0.014159468933939934, 0.0005735806189477444, 0.0032706724014133215], "(2, 4, 2, 3)": [0.01989596337080002, 0.008485812693834305, 0.007651847787201405, 0.0028285773005336523, 0.00281406007707119], "(2, 5, 1, 3)": [0.0, 0.0, 0.0, 0.006784491240978241, -0.001628825906664133], "(3, 5, 5, 3)": [0.018180789425969124, 0.01974545419216156, 0.018644094467163086, 0.0184397604316473, 0.01754317618906498], "(1, 4, 3, 2)": [0.01923917792737484, 0.019482627511024475, 0.019406046718358994, 0.019516602158546448, 0.019947873428463936], "(1, 4, 4, 3)": [0.019930575042963028, 0.01919194683432579, 0.019181424751877785, 0.018872978165745735, 0.01942913793027401], "(3, 4, 5, 2)": [0.008622892200946808, 0.009643497876822948, 0.0047180564142763615, 0.007844191044569016, 0.019489388912916183],