{"q_values": {"(2, 5, 2, 2)": [0.01886809431016445, 0.019807694479823112, 0.01931854709982872, 0.01889122650027275, 0.019092697650194168], "(2, 5, 3, 2)": [0.018719498068094254, 0.018404850736260414, 0.018428249284625053, 0.019767802208662033, 0.018946416676044464], "(2, 5, 3, 3)": [0.019810019060969353, 0.017302216961979866, 0.018588684499263763, 0.017982926219701767, 0.017438258975744247], "(2, 4, 2, 2)": [0.019414862617850304, 0.019479328766465187, 0.019354986026883125, 0.01967582292854786, 0.019563429057598114], "(2, 4, 3, 2)": [0.019465580582618713, 0.019620127975940704, 0.019626997411251068, 0.01961962878704071, 0.019865702837705612], "(2, 4, 3, 3)": [0.019827522337436676, 0.01979360356926918, 0.019792983308434486, 0.019930081441998482, 0.01977640390396118], "(2, 4, 4, 3)": [0.019744334742426872, 0.019933348521590233, 0.019756987690925598, 0.019722649827599525, 0.01973702944815159], "(2, 4, 1, 1)": [0.018661150708794594, 0.018168853595852852, 0.01834378018975258, 0.019676033407449722, 0.018505634739995003], "(2, 4, 2, 1)": [0.012816439382731915, 0.014361726120114326, 0.014421515166759491, 0.01428227685391903, 0.018270019441843033], "(2, 5, 4, 3)": [0.019785238429903984, 0.019111989066004753, 0.01918327808380127, 0.019179178401827812, 0.019045308232307434], "(2, 4, 1, 2)": [0.01846144162118435, 0.01949540339410305, 0.01942845806479454, 0.019634703174233437, 0.019496383145451546], "(2, 5, 1, 2)": [0.01989232562482357, 0.018875429406762123, 0.019482474774122238, 0.019468994811177254, 0.019291037693619728], "(2, 5, 0, 2)": [0.019847141578793526, 0.01945144310593605, 0.019429083913564682, 0.019404759630560875, 0.019466735422611237], "(2, 5, 2, 3)": [0.018611928448081017, 0.015721933916211128, 0.014523214660584927, 0.014833273366093636, 0.015901466831564903], "(2, 4, 0, 1)": [0.019523579627275467, 0.01926046796143055, 0.019582629203796387, 0.01909203827381134, 0.019648471847176552], "(2, 4, 4, 2)": [0.019423557445406914, 0.019399382174015045, 0.019350074231624603, 0.019835442304611206, 0.01945055089890957], "(2, 4, 5, 3)": [0.019329950213432312, 0.019127732142806053, 0.019081220030784607, 0.019142504781484604, 0.01894201524555683], "(3, 4, 4, 2)": [0.019731389358639717, 0.019718049094080925, 0.019711192697286606, 0.019720761105418205, 0.019913505762815475], "(3, 4, 3, 2)": [0.018876399844884872, 0.019591135904192924, 0.01960967853665352, 0.01959865726530552, 0.019843224436044693], "(3, 4, 2, 1)": [0.016303446143865585, 0.014178792014718056, 0.01620035618543625, 0.019640350714325905, 0.016209052875638008], "(3, 4, 2, 2)": [0.01961059495806694, 0.019309017807245255, 0.019255131483078003, 0.019656799733638763, 0.019753042608499527], "(3, 4, 3, 1)": [0.0012098937295377254, 0.0009228945709764957, 0.016182560473680496, 0.0033063788432627916, -4.6110013499855995e-05], "(2, 5, 0, 1)": [0.019683165475726128, 0.01985231414437294, 0.019736547023057938, 0.019762292504310608, 0.019745133817195892], "(2, 5, 5, 3)": [0.01815357618033886, 0.019614798948168755, 0.016932837665081024, 0.017694231122732162, 0.01772479899227619], "(3, 5, 4, 3)": [0.0199313722550869, 0.019142724573612213, 0.019220707938075066, 0.019320061430335045, 0.019548244774341583], "(3, 5, 3, 2)": [0.019942985847592354, 0.019627101719379425, 0.0195225290954113, 0.01981636881828308, 0.019681856036186218], "(3, 5, 2, 2)": [0.019933894276618958, 0.019371898844838142, 0.01970461755990982, 0.01979360170662403, 0.0195660050958395], "(3, 5, 1, 1)": [0.019747011363506317, 0.019858477637171745, 0.019772004336118698, 0.019787125289440155, 0.01976925879716873], "(3, 5, 1, 2)": [0.019916947931051254, 0.01968633197247982, 0.0196883175522089, 0.01963420957326889, 0.019589336588978767], "(3, 4, 1, 1)": [0.019116884097456932, 0.01930311881005764, 0.01946878992021084, 0.01937508024275303, 0.01973608136177063], "(2, 4, 0, 0)": [0.00047364109195768833, 0.0007532310555689037, 0.001401175046339631, 0.010265933349728584, -0.0010647918097674847], "(2, 5, 1, 1)": [0.019873611629009247, 0.019777465611696243, 0.019783422350883484, 0.019762717187404633, 0.01976774074137211], "(2, 5, 4, 2)": [0.018614504486322403, 0.018125182017683983, 0.01969430409371853, 0.01776205562055111, 0.018238365650177002], "(2, 4, 0, 2)": [0.017281660810112953, 0.01832708716392517, 0.018067048862576485, 0.01673061214387417, 0.019936729222536087], "(1, 4, 0, 1)": [0.019514989107847214, 0.01934509538114071, 0.019614659249782562, 0.01959565095603466, 0.01992051489651203], "(3, 4, 4, 3)": [0.01989341527223587, 0.019896255806088448, 0.019945409148931503, 0.019904354587197304, 0.019894933328032494], "(3, 4, 5, 3)": [0.01855240762233734, 0.018950585275888443, 0.019960913807153702, 0.01859384775161743, 0.01835177093744278], "(3, 5, 4, 2)": [0.019726185128092766, 0.01993245631456375, 0.01967536099255085, 0.01977030746638775, 0.019771622493863106], "(3, 5, 3, 3)": [0.019833631813526154, 0.017941566184163094, 0.017724841833114624, 0.01762094534933567, 0.017529569566249847], "(3, 4, 1, 2)": [0.01961185410618782, 0.01979159563779831, 0.019610146060585976, 0.01959702931344509, 0.01958133466541767], "(2, 5, 2, 1)": [0.019793659448623657, 0.0035029537975788116, 0.0043660663068294525, 0.0051812767051160336, 0.005212893709540367], "(1, 4, 1, 2)": [0.0197254940867424, 0.019783401861786842, 0.019754648208618164, 0.01959429308772087, 0.019959576427936554], "(1, 4, 0, 2)": [0.019220059737563133, 0.019818253815174103, 0.019840439781546593, 0.019817009568214417, 0.01996641792356968], "(1, 4, 1, 1)": [0.017136238515377045, 0.017248257994651794, 0.01395927183330059, 0.019875457510352135, 0.01694725826382637], "(1, 4, 2, 2)": [0.019841443747282028, 0.01984408125281334, 0.019868973642587662, 0.019831987097859383, 0.01994289457798004], "(1, 5, 2, 2)": [0.019902829080820084, 0.019636327400803566, 0.0195718165487051, 0.018705355003476143, 0.019633851945400238], "(1, 5, 3, 3)": [0.01985429786145687, 0.019344475120306015, 0.019155487418174744, 0.01923280581831932, 0.018799468874931335], "(3, 5, 0, 1)": [0.019035881385207176, 0.019510196521878242, 0.019315842539072037, 0.019431106746196747, 0.019853387027978897], "(3, 4, 0, 1)": [0.018134014680981636, 0.01754910871386528, 0.018193254247307777, 0.017721956595778465, 0.019733816385269165], "(1, 4, 3, 3)": [0.01982066035270691, 0.019824188202619553, 0.019918734207749367, 0.019825788214802742, 0.019818872213363647], "(1, 5, 0, 1)": [0.019880201667547226, 0.019847381860017776, 0.019856369122862816, 0.019843924790620804, 0.019969172775745392], "(1, 5, -1, 1)": [0.0, 0.000667367537971586, 0.0014647687785327435, 0.002660901751369238, 0.01730928011238575], "(1, 5, 0, 2)": [0.019953981041908264, 0.019693903625011444, 0.01971016637980938, 0.01962004229426384, 0.019819892942905426], "(1, 5, 1, 2)": [0.01939212530851364, 0.01994505152106285, 0.019341861829161644, 0.01928083598613739, 0.01946299336850643], "(1, 5, 2, 3)": [0.01985771767795086, 0.017467167228460312, 0.01790294609963894, 0.01775345578789711, 0.0180844496935606], "(1, 5, 1, 3)": [0.0010900786146521568, 0.002290942007675767, -0.0008729660767130554, 0.001859776908531785, 0.011805111542344093], "(2, 5, 5, 4)": [0.0018027970800176263, 0.0024602985940873623, 0.0137511370703578, 0.0005735806189477444, 0.0032706724014133215], "(2, 4, 2, 3)": [0.0198696069419384, 0.007250646594911814, 0.007651847787201405, 0.0019316580146551132, 0.00281406007707119], "(2, 5, 1, 3)": [0.0, 0.0, 0.0, 0.005234628915786743, -0.001628825906664133], "(3, 5, 5, 3)": [0.017387859523296356, 0.01986652798950672, 0.018131153658032417, 0.017957577481865883, 0.016609758138656616], "(1, 4, 3, 2)": [0.01965203508734703, 0.019566582515835762, 0.019569674506783485, 0.019566182047128677, 0.019926639273762703], "(1, 4, 4, 3)": [0.019910166040062904, 0.018328366801142693, 0.01839502714574337, 0.018059996888041496, 0.01904059574007988], "(3, 4, 5, 2)": [0.008622892200946808, 0.009101909585297108, 0.0047180564142763615, 0.007217403966933489, 0.019623801112174988],