{"q_values": {"(2, 5, 2, 2)": [0.019913066178560257, 0.01775360479950905, 0.018757149577140808, 0.017917649820446968, 0.018407979980111122], "(2, 5, 3, 2)": [0.018667805939912796, 0.019901515915989876, 0.01924118958413601, 0.0181754007935524, 0.019197341054677963], "(2, 5, 3, 3)": [0.01989326812326908, 0.018131423741579056, 0.018134089186787605, 0.017683956772089005, 0.01707971841096878], "(2, 4, 2, 2)": [0.018594911321997643, 0.019518816843628883, 0.01846899464726448, 0.019465960562229156, 0.019790343940258026], "(2, 4, 3, 2)": [0.019031411036849022, 0.019604604691267014, 0.019591152667999268, 0.019608477130532265, 0.01991111785173416], "(2, 4, 3, 3)": [0.019923627376556396, 0.019784636795520782, 0.01973326876759529, 0.019753452390432358, 0.019735662266612053], "(2, 4, 4, 3)": [0.019708268344402313, 0.019933337345719337, 0.01973605528473854, 0.019709063693881035, 0.01967175118625164], "(2, 4, 1, 1)": [0.018327930942177773, 0.018813595175743103, 0.0189365167170763, 0.018584763631224632, 0.019678428769111633], "(2, 4, 2, 1)": [0.012816439382731915, 0.014361726120114326, 0.014421515166759491, 0.01428227685391903, 0.01872251369059086], "(2, 5, 4, 3)": [0.01791503094136715, 0.019894052296876907, 0.01737993210554123, 0.01577772945165634, 0.016765102744102478], "(2, 4, 1, 2)": [0.019021129235625267, 0.0195007361471653, 0.01959461346268654, 0.01969277486205101, 0.019759321585297585], "(2, 5, 1, 2)": [0.019892888143658638, 0.019119201228022575, 0.019230978563427925, 0.019184250384569168, 0.017629580572247505], "(2, 5, 0, 2)": [0.019406389445066452, 0.01947593130171299, 0.019480092450976372, 0.019404759630560875, 0.019630329683423042], "(2, 5, 2, 3)": [0.017437506467103958, 0.015721933916211128, 0.014523214660584927, 0.014833273366093636, 0.015901466831564903], "(2, 4, 0, 1)": [0.018383534625172615, 0.018455246463418007, 0.01933794654905796, 0.01972793973982334, 0.018720613792538643], "(2, 4, 4, 2)": [0.019423557445406914, 0.019422389566898346, 0.019350074231624603, 0.01987786591053009, 0.019472356885671616], "(2, 4, 5, 3)": [0.019602308049798012, 0.019127732142806053, 0.019081220030784607, 0.019142504781484604, 0.01894201524555683], "(3, 4, 4, 2)": [0.019752271473407745, 0.019750187173485756, 0.019730456173419952, 0.019731808453798294, 0.019948069006204605], "(3, 4, 3, 2)": [0.019303685054183006, 0.019684497267007828, 0.019717073068022728, 0.019720377400517464, 0.019965242594480515], "(3, 4, 2, 1)": [0.016466448083519936, 0.014722214080393314, 0.01620035618543625, 0.019574983045458794, 0.016209052875638008], "(3, 4, 2, 2)": [0.01978561095893383, 0.01966179721057415, 0.019594596698880196, 0.019795631989836693, 0.019937003031373024], "(3, 4, 3, 1)": [0.0012098937295377254, 0.0009228945709764957, 0.016182560473680496, 0.0033063788432627916, -4.6110013499855995e-05], "(2, 5, 0, 1)": [0.01957591436803341, 0.019661210477352142, 0.01969619281589985, 0.019630152732133865, 0.019825560972094536], "(2, 5, 5, 3)": [0.01766863837838173, 0.016535762697458267, 0.015480590984225273, 0.016271011903882027, 0.016048088669776917], "(3, 5, 4, 3)": [0.019871314987540245, 0.01803518645465374, 0.018196025863289833, 0.018154092133045197, 0.01823342777788639], "(3, 5, 3, 2)": [0.019537143409252167, 0.019230687990784645, 0.019936051219701767, 0.0191090889275074, 0.01961563155055046], "(3, 5, 2, 2)": [0.019957998767495155, 0.019386569038033485, 0.01908019743859768, 0.019297096878290176, 0.019070399925112724], "(3, 5, 1, 1)": [0.019822560250759125, 0.019836898893117905, 0.019808176904916763, 0.019833629950881004, 0.019944315776228905], "(3, 5, 1, 2)": [0.019903596490621567, 0.019556621089577675, 0.019497772678732872, 0.018564842641353607, 0.019349554553627968], "(3, 4, 1, 1)": [0.019360868260264397, 0.019523808732628822, 0.019544487819075584, 0.019527271389961243, 0.019892696291208267], "(2, 4, 0, 0)": [0.00047364109195768833, 0.0007532310555689037, 0.001401175046339631, 0.010265933349728584, -0.0010647918097674847], "(2, 5, 1, 1)": [0.019868742674589157, 0.01978241838514805, 0.01979566365480423, 0.01978059485554695, 0.019762525334954262], "(2, 5, 4, 2)": [0.018737712875008583, 0.018125182017683983, 0.019854066893458366, 0.01776205562055111, 0.018238365650177002], "(2, 4, 0, 2)": [0.017281660810112953, 0.01832708716392517, 0.01815829612314701, 0.016869906336069107, 0.019916724413633347], "(1, 4, 0, 1)": [0.017827583476901054, 0.017980432137846947, 0.01964959129691124, 0.019131658598780632, 0.018039565533399582], "(3, 4, 4, 3)": [0.019953783601522446, 0.01983833685517311, 0.019853927195072174, 0.019846349954605103, 0.019836658611893654], "(3, 4, 5, 3)": [0.01855240762233734, 0.018950585275888443, 0.019928935915231705, 0.018659694120287895, 0.01835177093744278], "(3, 5, 4, 2)": [0.01969500444829464, 0.01993369497358799, 0.01968981698155403, 0.019635941833257675, 0.019678158685564995], "(3, 5, 3, 3)": [0.01758098416030407, 0.019845008850097656, 0.018017876893281937, 0.018021846190094948, 0.018122218549251556], "(3, 4, 1, 2)": [0.01970677822828293, 0.019689440727233887, 0.019927743822336197, 0.019709382206201553, 0.019676947966217995], "(2, 5, 2, 1)": [0.01979239098727703, 0.0035029537975788116, 0.0043660663068294525, 0.0051812767051160336, 0.005212893709540367], "(1, 4, 1, 2)": [0.01942804828286171, 0.019397716969251633, 0.019867490977048874, 0.018278365954756737, 0.018471628427505493], "(1, 4, 0, 2)": [0.019278509542346, 0.019747432321310043, 0.019908415153622627, 0.01970813423395157, 0.019607942551374435], "(1, 4, 1, 1)": [0.017136238515377045, 0.017248257994651794, 0.01395927183330059, 0.019497500732541084, 0.01694725826382637], "(1, 4, 2, 2)": [0.018286364153027534, 0.01811005175113678, 0.01946297101676464, 0.018008865416049957, 0.019851254299283028], "(1, 5, 2, 2)": [0.019767072051763535, 0.019402163103222847, 0.017857912927865982, 0.01908138394355774, 0.01935688778758049], "(1, 5, 3, 3)": [0.01735980622470379, 0.01969900168478489, 0.01792084611952305, 0.017798909917473793, 0.017543204128742218], "(3, 5, 0, 1)": [0.01927223801612854, 0.019588463008403778, 0.01949920877814293, 0.019556453451514244, 0.01988893374800682], "(3, 4, 0, 1)": [0.018444811925292015, 0.018453752622008324, 0.018742917105555534, 0.01841093599796295, 0.019860537722706795], "(1, 4, 3, 3)": [0.019747519865632057, 0.019746003672480583, 0.0198490209877491, 0.019754670560359955, 0.019743291661143303], "(1, 5, 0, 1)": [0.019784091040492058, 0.01977536268532276, 0.01975676789879799, 0.019910402595996857, 0.019790854305028915], "(1, 5, -1, 1)": [0.0, 0.000667367537971586, 0.0014647687785327435, 0.002660901751369238, 0.018167242407798767], "(1, 5, 0, 2)": [0.019552744925022125, 0.01955435797572136, 0.019917074590921402, 0.01957540400326252, 0.019574034959077835], "(1, 5, 1, 2)": [0.018734924495220184, 0.019835300743579865, 0.019437821581959724, 0.019331345334649086, 0.01939164102077484], "(1, 5, 2, 3)": [0.01746826060116291, 0.019153617322444916, 0.01714332588016987, 0.01702074520289898, 0.017424574121832848], "(1, 5, 1, 3)": [0.0010900786146521568, 0.002290942007675767, -0.0008729660767130554, 0.001859776908531785, 0.01268469262868166], "(2, 5, 5, 4)": [0.0018027970800176263, 0.0024602985940873623, 0.0137511370703578, 0.0005735806189477444, 0.0032706724014133215], "(2, 4, 2, 3)": [0.01982487365603447, 0.007250646594911814, 0.007651847787201405, 0.0019316580146551132, 0.00281406007707119], "(2, 5, 1, 3)": [0.0, 0.0, 0.0, 0.006784491240978241, -0.001628825906664133], "(3, 5, 5, 3)": [0.017387859523296356, 0.019890662282705307, 0.018295105546712875, 0.018053021281957626, 0.016609758138656616], "(1, 4, 3, 2)": [0.019457543268799782, 0.019479012116789818, 0.019507277756929398, 0.019551729783415794, 0.019878065213561058], "(1, 4, 4, 3)": [0.019830062985420227, 0.01847689040005207, 0.01839502714574337, 0.018059996888041496, 0.019086508080363274], "(3, 4, 5, 2)": [0.008622892200946808, 0.009101909585297108, 0.0047180564142763615, 0.007217403966933489, 0.019623801112174988],