{"q_values": {"(2, 5, 2, 2)": [0.019778937101364136, 0.019020244479179382, 0.018361464142799377, 0.018912777304649353, 0.018870342522859573], "(2, 5, 3, 2)": [0.019903384149074554, 0.019673049449920654, 0.019373729825019836, 0.019688695669174194, 0.019635573029518127], "(2, 5, 3, 3)": [0.018816059455275536, 0.01976441964507103, 0.018606672063469887, 0.018862176686525345, 0.018920084461569786], "(2, 4, 2, 2)": [0.019214868545532227, 0.01841464266180992, 0.01913747377693653, 0.018136518076062202, 0.019850313663482666], "(2, 4, 3, 2)": [0.017913857474923134, 0.01947242207825184, 0.018252575770020485, 0.01945718564093113, 0.01979850046336651], "(2, 4, 3, 3)": [0.019801843911409378, 0.019808411598205566, 0.019821465015411377, 0.01989029347896576, 0.019811835139989853], "(2, 4, 4, 3)": [0.019799036905169487, 0.019850747659802437, 0.019766250625252724, 0.019782323390245438, 0.019782129675149918], "(2, 4, 1, 1)": [0.017923559993505478, 0.018514377996325493, 0.01847296580672264, 0.01851993054151535, 0.019839847460389137], "(2, 4, 2, 1)": [0.012816439382731915, 0.01460740901529789, 0.014421515166759491, 0.01454540528357029, 0.0189812071621418], "(2, 5, 4, 3)": [0.019827814772725105, 0.01959902048110962, 0.019575946033000946, 0.01961737684905529, 0.019635435193777084], "(2, 4, 1, 2)": [0.019621949642896652, 0.01959971711039543, 0.018748383969068527, 0.019603891298174858, 0.019910180941224098], "(2, 5, 1, 2)": [0.019856423139572144, 0.01955626718699932, 0.019670074805617332, 0.01953236199915409, 0.019555306062102318], "(2, 5, 0, 2)": [0.01992500014603138, 0.01954847387969494, 0.019517676904797554, 0.019504187628626823, 0.019573578611016273], "(2, 5, 2, 3)": [0.01973612606525421, 0.01593250036239624, 0.014523214660584927, 0.015082123689353466, 0.01626589149236679], "(2, 4, 0, 1)": [0.01858770102262497, 0.01864674501121044, 0.018418172374367714, 0.018537091091275215, 0.019893167540431023], "(2, 4, 4, 2)": [0.01930151879787445, 0.01928054168820381, 0.01927369460463524, 0.01927362196147442, 0.019901815801858902], "(2, 4, 5, 3)": [0.019245320931077003, 0.019200442358851433, 0.019902586936950684, 0.019191790372133255, 0.019154591485857964], "(3, 4, 4, 2)": [0.018712064251303673, 0.01967189460992813, 0.01966186985373497, 0.01991674117743969, 0.019650094211101532], "(3, 4, 3, 2)": [0.0185792725533247, 0.018677763640880585, 0.018550630658864975, 0.018479328602552414, 0.019943997263908386], "(3, 4, 2, 1)": [0.017022036015987396, 0.015217090025544167, 0.016855617985129356, 0.019653234630823135, 0.016812914982438087], "(3, 4, 2, 2)": [0.019357845187187195, 0.01927304081618786, 0.019301006570458412, 0.019412532448768616, 0.019971104338765144], "(3, 4, 3, 1)": [0.0012098937295377254, 0.0009228945709764957, 0.013139242306351662, 0.0033063788432627916, -4.6110013499855995e-05], "(2, 5, 0, 1)": [0.019713029265403748, 0.019780965521931648, 0.01995345763862133, 0.01978888362646103, 0.019776323810219765], "(2, 5, 5, 3)": [0.01975652016699314, 0.017255349084734917, 0.016443517059087753, 0.01742425747215748, 0.016879862174391747], "(3, 5, 4, 3)": [0.018480440601706505, 0.019843094050884247, 0.01844116486608982, 0.019234618172049522, 0.019209058955311775], "(3, 5, 3, 2)": [0.019884716719388962, 0.019353890791535378, 0.01944570615887642, 0.018396977335214615, 0.01787012256681919], "(3, 5, 2, 2)": [0.018628031015396118, 0.019916746765375137, 0.01809428632259369, 0.018091807141900063, 0.018387090414762497], "(3, 5, 1, 1)": [0.01981685869395733, 0.01971718855202198, 0.01975160464644432, 0.01996498741209507, 0.019704166799783707], "(3, 5, 1, 2)": [0.018874187022447586, 0.019948914647102356, 0.01865522749722004, 0.01934560015797615, 0.019300853833556175], "(3, 4, 1, 1)": [0.01785859651863575, 0.018427889794111252, 0.01809859275817871, 0.018498701974749565, 0.019956938922405243], "(2, 4, 0, 0)": [0.00047364109195768833, 0.0007532310555689037, 0.001401175046339631, 0.008286694996058941, -0.0010647918097674847], "(2, 5, 1, 1)": [0.01975233107805252, 0.01991966925561428, 0.019772248342633247, 0.019767869263887405, 0.019798070192337036], "(2, 5, 4, 2)": [0.01885191537439823, 0.01821734756231308, 0.019892247393727303, 0.017973512411117554, 0.018238365650177002], "(2, 4, 0, 2)": [0.01741163060069084, 0.01840784028172493, 0.01824820414185524, 0.0170176699757576, 0.01993565820157528], "(1, 4, 0, 1)": [0.017768677324056625, 0.01838841289281845, 0.01857195608317852, 0.017777591943740845, 0.019950615242123604], "(3, 4, 4, 3)": [0.01978226937353611, 0.01980065181851387, 0.01982209086418152, 0.019785931333899498, 0.0198944304138422], "(3, 4, 5, 3)": [0.018811922520399094, 0.019235599786043167, 0.019805334508419037, 0.01872110180556774, 0.018684109672904015], "(3, 5, 4, 2)": [0.01962938718497753, 0.019695701077580452, 0.019741645082831383, 0.019694022834300995, 0.019692333415150642], "(3, 5, 3, 3)": [0.01986207254230976, 0.01766255497932434, 0.017119795083999634, 0.017263252288103104, 0.017428694292902946], "(3, 4, 1, 2)": [0.019690288230776787, 0.019642174243927002, 0.019637562334537506, 0.019967198371887207, 0.019708702340722084], "(2, 5, 2, 1)": [0.019923444837331772, 0.0035029537975788116, 0.0043660663068294525, 0.005915886722505093, 0.005212893709540367], "(1, 4, 1, 2)": [0.01963421329855919, 0.019628003239631653, 0.019610406830906868, 0.018752697855234146, 0.01996569149196148], "(1, 4, 0, 2)": [0.01945938542485237, 0.0196942500770092, 0.01976144313812256, 0.019937559962272644, 0.019756963476538658], "(1, 4, 1, 1)": [0.017109163105487823, 0.017965000122785568, 0.015941638499498367, 0.017981907352805138, 0.019915616139769554], "(1, 4, 2, 2)": [0.019497431814670563, 0.019469384104013443, 0.018753787502646446, 0.019080862402915955, 0.019938353449106216], "(1, 5, 2, 2)": [0.019872277975082397, 0.019354965537786484, 0.019427673891186714, 0.019226646050810814, 0.01884208247065544], "(1, 5, 3, 3)": [0.019830241799354553, 0.019210468977689743, 0.019063754007220268, 0.01888093166053295, 0.019277149811387062], "(3, 5, 0, 1)": [0.01945505663752556, 0.01959948055446148, 0.019588816910982132, 0.01959468610584736, 0.01997452788054943], "(3, 4, 0, 1)": [0.015432619489729404, 0.015013032592833042, 0.01556174922734499, 0.015502243302762508, 0.019960761070251465], "(1, 4, 3, 3)": [0.019922083243727684, 0.019826747477054596, 0.019815996289253235, 0.019799187779426575, 0.0198221392929554], "(1, 5, 0, 1)": [0.019746823236346245, 0.01981392130255699, 0.019796114414930344, 0.019779114052653313, 0.01995358057320118], "(1, 5, -1, 1)": [0.0, 0.000667367537971586, 0.0014647687785327435, 0.002660901751369238, 0.01825210452079773], "(1, 5, 0, 2)": [0.019532451406121254, 0.01950935274362564, 0.01994612254202366, 0.019485244527459145, 0.019501637667417526], "(1, 5, 1, 2)": [0.01991460844874382, 0.019341973587870598, 0.01831434667110443, 0.018466098234057426, 0.0191376730799675], "(1, 5, 2, 3)": [0.01983732543885708, 0.01544913835823536, 0.015676531940698624, 0.01631178893148899, 0.015568658709526062], "(1, 5, 1, 3)": [0.0010900786146521568, 0.002290942007675767, -0.0008729660767130554, 0.001859776908531785, 0.012243397533893585], "(2, 5, 5, 4)": [0.0018027970800176263, 0.0024602985940873623, 0.014159468933939934, 0.0005735806189477444, 0.0032706724014133215], "(2, 4, 2, 3)": [0.019908688962459564, 0.008485812693834305, 0.007651847787201405, 0.0019316580146551132, 0.00281406007707119], "(2, 5, 1, 3)": [0.0, 0.0, 0.0, 0.006784491240978241, -0.001628825906664133], "(3, 5, 5, 3)": [0.0180966779589653, 0.019722608849406242, 0.018587946891784668, 0.0184397604316473, 0.01743263751268387], "(1, 4, 3, 2)": [0.01923917792737484, 0.019482627511024475, 0.019406046718358994, 0.019516602158546448, 0.019952215254306793], "(1, 4, 4, 3)": [0.019950557500123978, 0.01919194683432579, 0.0191439688205719, 0.018872978165745735, 0.01942913793027401], "(3, 4, 5, 2)": [0.008622892200946808, 0.009643497876822948, 0.0047180564142763615, 0.007844191044569016, 0.019489388912916183],