{"q_values": {"(2, 5, 2, 2)": [0.019923634827136993, 0.018280675634741783, 0.017886344343423843, 0.018198635429143906, 0.018001407384872437], "(2, 5, 3, 2)": [0.01990312710404396, 0.01961286924779415, 0.01932179182767868, 0.01961156353354454, 0.019618337973952293], "(2, 5, 3, 3)": [0.018113452941179276, 0.019902106374502182, 0.01817135326564312, 0.018590234220027924, 0.018583200871944427], "(2, 4, 2, 2)": [0.018785586580634117, 0.01935974694788456, 0.01882348023355007, 0.019802462309598923, 0.019165826961398125], "(2, 4, 3, 2)": [0.019569335505366325, 0.01945333182811737, 0.019481519237160683, 0.01990034244954586, 0.019415415823459625], "(2, 4, 3, 3)": [0.01977401040494442, 0.019951708614826202, 0.019821910187602043, 0.019814426079392433, 0.019788794219493866], "(2, 4, 4, 3)": [0.019799472764134407, 0.019780725240707397, 0.019785979762673378, 0.019800469279289246, 0.019903622567653656], "(2, 4, 1, 1)": [0.01760517992079258, 0.018117647618055344, 0.01815391331911087, 0.01821138896048069, 0.019869687035679817], "(2, 4, 2, 1)": [0.012816439382731915, 0.01460740901529789, 0.014421515166759491, 0.01454540528357029, 0.017941247671842575], "(2, 5, 4, 3)": [0.019860634580254555, 0.019526761025190353, 0.019518960267305374, 0.01953689567744732, 0.01961592398583889], "(2, 4, 1, 2)": [0.019579969346523285, 0.019574347883462906, 0.018350154161453247, 0.01955188810825348, 0.019898835569620132], "(2, 5, 1, 2)": [0.019924448803067207, 0.01934163086116314, 0.019496889784932137, 0.0193587988615036, 0.01941773295402527], "(2, 5, 0, 2)": [0.019950561225414276, 0.019527040421962738, 0.019517676904797554, 0.01945643313229084, 0.019534030929207802], "(2, 5, 2, 3)": [0.019753875210881233, 0.015721933916211128, 0.014523214660584927, 0.014833273366093636, 0.015901466831564903], "(2, 4, 0, 1)": [0.01793625019490719, 0.017932141199707985, 0.018173007294535637, 0.018148399889469147, 0.019873620942234993], "(2, 4, 4, 2)": [0.01930151879787445, 0.01928054168820381, 0.01927369460463524, 0.01927362196147442, 0.019858630374073982], "(2, 4, 5, 3)": [0.01919236220419407, 0.019164660945534706, 0.01983937807381153, 0.019191790372133255, 0.019154591485857964], "(3, 4, 4, 2)": [0.018712064251303673, 0.01965806633234024, 0.01966186985373497, 0.019813816994428635, 0.019650094211101532], "(3, 4, 3, 2)": [0.018084343522787094, 0.018473513424396515, 0.01784474588930607, 0.01823687180876732, 0.01989402063190937], "(3, 4, 2, 1)": [0.017022036015987396, 0.015217090025544167, 0.016855617985129356, 0.018909353762865067, 0.016812914982438087], "(3, 4, 2, 2)": [0.01918746531009674, 0.019042659550905228, 0.01901344209909439, 0.01913709193468094, 0.01994452252984047], "(3, 4, 3, 1)": [0.0012098937295377254, 0.0009228945709764957, 0.013139242306351662, 0.0033063788432627916, -4.6110013499855995e-05], "(2, 5, 0, 1)": [0.019499707967042923, 0.019692260771989822, 0.019694101065397263, 0.019668366760015488, 0.01989450491964817], "(2, 5, 5, 3)": [0.019797295331954956, 0.017255349084734917, 0.016443517059087753, 0.017174744978547096, 0.016879862174391747], "(3, 5, 4, 3)": [0.0182502381503582, 0.019187498837709427, 0.019618701189756393, 0.019128423184156418, 0.019076239317655563], "(3, 5, 3, 2)": [0.019478796049952507, 0.019332198426127434, 0.019380170851945877, 0.019415833055973053, 0.019363779574632645], "(3, 5, 2, 2)": [0.017792418599128723, 0.01831996813416481, 0.01760677807033062, 0.0173050444573164, 0.017530135810375214], "(3, 5, 1, 1)": [0.019731946289539337, 0.019676927477121353, 0.01971016451716423, 0.01994190737605095, 0.01963089033961296], "(3, 5, 1, 2)": [0.018146907910704613, 0.019820649176836014, 0.01799258217215538, 0.019042452797293663, 0.018920324742794037], "(3, 4, 1, 1)": [0.01751047745347023, 0.01826726645231247, 0.017899073660373688, 0.018169302493333817, 0.019941285252571106], "(2, 4, 0, 0)": [0.00047364109195768833, 0.0007532310555689037, 0.001401175046339631, 0.008286694996058941, -0.0010647918097674847], "(2, 5, 1, 1)": [0.01970839872956276, 0.01992885023355484, 0.019733022898435593, 0.019741958007216454, 0.019756542518734932], "(2, 5, 4, 2)": [0.01885191537439823, 0.01821734756231308, 0.019788390025496483, 0.017973512411117554, 0.018238365650177002], "(2, 4, 0, 2)": [0.017281660810112953, 0.01840784028172493, 0.01824820414185524, 0.0170176699757576, 0.01992843858897686], "(1, 4, 0, 1)": [0.01732926070690155, 0.01804257556796074, 0.018181489780545235, 0.017291046679019928, 0.01986977644264698], "(3, 4, 4, 3)": [0.019822781905531883, 0.019846459850668907, 0.019816026091575623, 0.019806822761893272, 0.019818415865302086], "(3, 4, 5, 3)": [0.018811922520399094, 0.019235599786043167, 0.019781678915023804, 0.01872110180556774, 0.018684109672904015], "(3, 5, 4, 2)": [0.01962938718497753, 0.019695701077580452, 0.019703565165400505, 0.019691474735736847, 0.019692333415150642], "(3, 5, 3, 3)": [0.01769622229039669, 0.01934359222650528, 0.016820643097162247, 0.016987120732665062, 0.017302632331848145], "(3, 4, 1, 2)": [0.019575905054807663, 0.019625911489129066, 0.019621295854449272, 0.019945908337831497, 0.019613023847341537], "(2, 5, 2, 1)": [0.019920602440834045, 0.0035029537975788116, 0.0043660663068294525, 0.005915886722505093, 0.005212893709540367], "(1, 4, 1, 2)": [0.019494259729981422, 0.019552864134311676, 0.01949237287044525, 0.018142208456993103, 0.019922729581594467], "(1, 4, 0, 2)": [0.01945938542485237, 0.019680209457874298, 0.019729970023036003, 0.01989632286131382, 0.019737493246793747], "(1, 4, 1, 1)": [0.01680975966155529, 0.017862237989902496, 0.015941638499498367, 0.01787904091179371, 0.019899148494005203], "(1, 4, 2, 2)": [0.01942324824631214, 0.01923164539039135, 0.018476266413927078, 0.018569374457001686, 0.01995135098695755], "(1, 5, 2, 2)": [0.01995786838233471, 0.019057899713516235, 0.0192002784460783, 0.018968874588608742, 0.01860130950808525], "(1, 5, 3, 3)": [0.019933033734560013, 0.01913168467581272, 0.0187034010887146, 0.018650829792022705, 0.018984179943799973], "(3, 5, 0, 1)": [0.019427593797445297, 0.01959948055446148, 0.019588816910982132, 0.019574763253331184, 0.019843274727463722], "(3, 4, 0, 1)": [0.015432619489729404, 0.015013032592833042, 0.015330919995903969, 0.015022767707705498, 0.019899116829037666], "(1, 4, 3, 3)": [0.019958030432462692, 0.01980956830084324, 0.019802389666438103, 0.019790619611740112, 0.01981702446937561], "(1, 5, 0, 1)": [0.019770242273807526, 0.019933223724365234, 0.019771313294768333, 0.019769158214330673, 0.019766202196478844], "(1, 5, -1, 1)": [0.0, 0.000667367537971586, 0.0014647687785327435, 0.002660901751369238, 0.01825210452079773], "(1, 5, 0, 2)": [0.019437775015830994, 0.019432639703154564, 0.01991129480302334, 0.019413746893405914, 0.019402755424380302], "(1, 5, 1, 2)": [0.01995529979467392, 0.01899760030210018, 0.017605239525437355, 0.017824212089180946, 0.018854821100831032], "(1, 5, 2, 3)": [0.01880819723010063, 0.01544913835823536, 0.015676531940698624, 0.015928246080875397, 0.015352366492152214], "(1, 5, 1, 3)": [0.0010900786146521568, 0.002290942007675767, -0.0008729660767130554, 0.001859776908531785, 0.012243397533893585], "(2, 5, 5, 4)": [0.0018027970800176263, 0.0024602985940873623, 0.014159468933939934, 0.0005735806189477444, 0.0032706724014133215], "(2, 4, 2, 3)": [0.019928866997361183, 0.007881012745201588, 0.007651847787201405, 0.0019316580146551132, 0.00281406007707119], "(2, 5, 1, 3)": [0.0, 0.0, 0.0, 0.006784491240978241, -0.001628825906664133], "(3, 5, 5, 3)": [0.0180966779589653, 0.0196254663169384, 0.01852387562394142, 0.018372295424342155, 0.01743263751268387], "(1, 4, 3, 2)": [0.019199835136532784, 0.01942852884531021, 0.019343631342053413, 0.019442548975348473, 0.019943932071328163], "(1, 4, 4, 3)": [0.01994021050632, 0.019150301814079285, 0.019056111574172974, 0.01875574141740799, 0.01940479688346386], "(3, 4, 5, 2)": [0.008622892200946808, 0.009643497876822948, 0.0047180564142763615, 0.007844191044569016, 0.019489388912916183],