{"q_values": {"(2, 5, 2, 2)": [0.01740412414073944, 0.017941711470484734, 0.01705940254032612, 0.017599215731024742, 0.01717725768685341], "(2, 5, 3, 2)": [0.019352449104189873, 0.01931525021791458, 0.019272366538643837, 0.01934186927974224, 0.019213136285543442], "(2, 5, 3, 3)": [0.01879812404513359, 0.01751001924276352, 0.017668254673480988, 0.017372455447912216, 0.018839461728930473], "(2, 4, 2, 2)": [0.01815514639019966, 0.019329572096467018, 0.019440339878201485, 0.01942727155983448, 0.019599584862589836], "(2, 4, 3, 2)": [0.019527141004800797, 0.01953280158340931, 0.01954992301762104, 0.019565468654036522, 0.019678769633173943], "(2, 4, 3, 3)": [0.01979011669754982, 0.01977265067398548, 0.019785704091191292, 0.019772345200181007, 0.01981840841472149], "(2, 4, 4, 3)": [0.019753992557525635, 0.019711891189217567, 0.019747180864214897, 0.019749272614717484, 0.01973738521337509], "(2, 4, 1, 1)": [0.01913352869451046, 0.01943645067512989, 0.017699815332889557, 0.019130444154143333, 0.016347704455256462], "(2, 4, 2, 1)": [0.011361265555024147, 0.014334442093968391, 0.01497609168291092, 0.014925971627235413, 0.018872886896133423], "(2, 5, 4, 3)": [0.018866633996367455, 0.017821915447711945, 0.018933648243546486, 0.018341470509767532, 0.018869595602154732], "(2, 4, 1, 2)": [0.01925487071275711, 0.019432920962572098, 0.01965709589421749, 0.019663330167531967, 0.019689086824655533], "(2, 5, 1, 2)": [0.019253859296441078, 0.019392572343349457, 0.019255666062235832, 0.01830967701971531, 0.019290797412395477], "(2, 5, 0, 2)": [0.019639447331428528, 0.01953068934381008, 0.01949864625930786, 0.01943255588412285, 0.01936515048146248], "(2, 5, 2, 3)": [0.0176992304623127, 0.014462008140981197, 0.013789721764624119, 0.01391057949513197, 0.015216628089547157], "(2, 4, 0, 1)": [0.019436011090874672, 0.019465703517198563, 0.019603881984949112, 0.019417405128479004, 0.019740348681807518], "(2, 4, 4, 2)": [0.019499560818076134, 0.019457854330539703, 0.01943829096853733, 0.019580261781811714, 0.01947914995253086], "(2, 4, 5, 3)": [0.018372341990470886, 0.018905367702245712, 0.019724536687135696, 0.019008934497833252, 0.019193295389413834], "(3, 4, 4, 2)": [0.01925395056605339, 0.019267691299319267, 0.01932605169713497, 0.019183019176125526, 0.01924728974699974], "(3, 4, 3, 2)": [0.019100356847047806, 0.018591834232211113, 0.019173195585608482, 0.017720447853207588, 0.019149601459503174], "(3, 4, 2, 1)": [0.014793485403060913, 0.015208025462925434, 0.014139213599264622, 0.014907640404999256, 0.01604093611240387], "(3, 4, 2, 2)": [0.019019650295376778, 0.01839282177388668, 0.01819419302046299, 0.019500957801938057, 0.01852516271173954], "(3, 4, 3, 1)": [0.0012098937295377254, 2.869870513677597e-06, 0.011973921209573746, 0.0033063788432627916, -4.6110013499855995e-05], "(2, 5, 0, 1)": [0.019429199397563934, 0.019762327894568443, 0.01970801129937172, 0.019714169204235077, 0.019409986212849617], "(2, 5, 5, 3)": [0.019069720059633255, 0.016674527898430824, 0.016404801979660988, 0.01605004444718361, 0.017317550256848335], "(3, 5, 4, 3)": [0.01960749737918377, 0.019282521679997444, 0.01931535266339779, 0.019320214167237282, 0.018000289797782898], "(3, 5, 3, 2)": [0.019749971106648445, 0.019269105046987534, 0.019269896671175957, 0.01778535358607769, 0.018480028957128525], "(3, 5, 2, 2)": [0.019732849672436714, 0.01826813444495201, 0.019267259165644646, 0.01925831474363804, 0.019248653203248978], "(3, 5, 1, 1)": [0.01984480582177639, 0.01970958523452282, 0.019653385505080223, 0.01964769884943962, 0.019681092351675034], "(3, 5, 1, 2)": [0.019611578434705734, 0.019550777971744537, 0.0196135975420475, 0.019718362018465996, 0.01958184316754341], "(3, 4, 1, 1)": [0.016853783279657364, 0.01753285899758339, 0.017627988010644913, 0.01785755716264248, 0.019515831023454666], "(2, 4, 0, 0)": [0.0009297060896642506, 0.0007532310555689037, 0.000866190530359745, 0.00732324318960309, -0.0010647918097674847], "(2, 5, 1, 1)": [0.019791768863797188, 0.019792640581727028, 0.0198166836053133, 0.01983131654560566, 0.019833404570817947], "(2, 5, 4, 2)": [0.018305020406842232, 0.017538469284772873, 0.019762413576245308, 0.016859006136655807, 0.017417684197425842], "(2, 4, 0, 2)": [0.01614346355199814, 0.017162568867206573, 0.017015140503644943, 0.015132785774767399, 0.019822852686047554], "(1, 4, 0, 1)": [0.019223036244511604, 0.019180504605174065, 0.018482688814401627, 0.01920343190431595, 0.019868742674589157], "(3, 4, 4, 3)": [0.019694073125720024, 0.019618777558207512, 0.01970735378563404, 0.01981165260076523, 0.01952316239476204], "(3, 4, 5, 3)": [0.017548395320773125, 0.017621805891394615, 0.019789541140198708, 0.017292099073529243, 0.016394807025790215], "(3, 5, 4, 2)": [0.019252536818385124, 0.018986551091074944, 0.019772984087467194, 0.019302215427160263, 0.018746256828308105], "(3, 5, 3, 3)": [0.01938081532716751, 0.01644551195204258, 0.01510690525174141, 0.01649126596748829, 0.01595098339021206], "(3, 4, 1, 2)": [0.01894957199692726, 0.018341055139899254, 0.018624339252710342, 0.019765395671129227, 0.01883557252585888], "(2, 5, 2, 1)": [0.01889297552406788, 0.0035029537975788116, 0.003548698965460062, 0.0051812767051160336, 0.004440435208380222], "(1, 4, 1, 2)": [0.019826266914606094, 0.01970173791050911, 0.01975526660680771, 0.019761962816119194, 0.01993471384048462], "(1, 4, 0, 2)": [0.019526077434420586, 0.019539881497621536, 0.01991930417716503, 0.0196060948073864, 0.01961781457066536], "(1, 4, 1, 1)": [0.016832396388053894, 0.0181354358792305, 0.01654808595776558, 0.019625116139650345, 0.01732824370265007], "(1, 4, 2, 2)": [0.01977911964058876, 0.01973172277212143, 0.01959957554936409, 0.019679149612784386, 0.019922785460948944], "(1, 5, 2, 2)": [0.019795328378677368, 0.019640088081359863, 0.01964624784886837, 0.019648076966404915, 0.01968085579574108], "(1, 5, 3, 3)": [0.01836104691028595, 0.017932778224349022, 0.018366025760769844, 0.019060488790273666, 0.019068200141191483], "(3, 5, 0, 1)": [0.017855791375041008, 0.01850373111665249, 0.018631648272275925, 0.01822143979370594, 0.019845865666866302], "(3, 4, 0, 1)": [0.017408370971679688, 0.018697090446949005, 0.019028563052415848, 0.019688479602336884, 0.018330171704292297], "(1, 4, 3, 3)": [0.019831571727991104, 0.019836682826280594, 0.019840963184833527, 0.019841792061924934, 0.019835390150547028], "(1, 5, 0, 1)": [0.019727984443306923, 0.019825128838419914, 0.019825072959065437, 0.01981310360133648, 0.0198964923620224], "(1, 5, -1, 1)": [0.0, 0.000667367537971586, 0.0014647687785327435, 0.002660901751369238, 0.014211148023605347], "(1, 5, 0, 2)": [0.019842859357595444, 0.019673246890306473, 0.019694069400429726, 0.019695360213518143, 0.01964830607175827], "(1, 5, 1, 2)": [0.019812535494565964, 0.018371067941188812, 0.019509466364979744, 0.018557503819465637, 0.019376665353775024], "(1, 5, 2, 3)": [0.01954730413854122, 0.017260326072573662, 0.017255058512091637, 0.01749003678560257, 0.01738019473850727], "(1, 5, 1, 3)": [0.0010900786146521568, 0.0014104939764365554, -0.0008729660767130554, 0.0009255807963199914, 0.0098064374178648], "(2, 5, 5, 4)": [0.0010989964939653873, 0.0024602985940873623, 0.011910626664757729, 0.0005735806189477444, 0.0032706724014133215], "(2, 4, 2, 3)": [0.019735362380743027, 0.006582887377589941, 0.005611978936940432, 0.0019316580146551132, 0.0009680773364380002], "(2, 5, 1, 3)": [0.0, 0.0, 0.0, 0.0014897864311933517, -0.001628825906664133], "(3, 5, 5, 3)": [0.01968604512512684, 0.01779235154390335, 0.01695193536579609, 0.01694653369486332, 0.017229396849870682], "(1, 4, 3, 2)": [0.01948327012360096, 0.01914847269654274, 0.01954159140586853, 0.019323308020830154, 0.01991894468665123], "(1, 4, 4, 3)": [0.019884852692484856, 0.016417942941188812, 0.016384851187467575, 0.016331376507878304, 0.017772380262613297], "(3, 4, 5, 2)": [0.0074423132464289665, 0.008591288700699806, 0.0047180564142763615, 0.006570815574377775, 0.01913902722299099],