{"q_values": {"(2, 5, 2, 2)": [0.019919689744710922, 0.019417783245444298, 0.019538002088665962, 0.01951528899371624, 0.01895260252058506], "(2, 5, 3, 2)": [0.01990317739546299, 0.01855722814798355, 0.019828688353300095, 0.019755270332098007, 0.01981344074010849], "(2, 5, 3, 3)": [0.01987372152507305, 0.019261110574007034, 0.01925005577504635, 0.019175268709659576, 0.01931087113916874], "(2, 4, 2, 2)": [0.01972021348774433, 0.019599860534071922, 0.019739285111427307, 0.01979973167181015, 0.019944312050938606], "(2, 4, 3, 2)": [0.01977146975696087, 0.019399011507630348, 0.01982991211116314, 0.019943850114941597, 0.019808966666460037], "(2, 4, 3, 3)": [0.019810495898127556, 0.019927410408854485, 0.0198256466537714, 0.019842255860567093, 0.01984444633126259], "(2, 4, 4, 3)": [0.019815925508737564, 0.01995089277625084, 0.019833676517009735, 0.019847379997372627, 0.01980430632829666], "(2, 4, 1, 1)": [0.01909877359867096, 0.019286800175905228, 0.01907149702310562, 0.019290445372462273, 0.019867228344082832], "(2, 4, 2, 1)": [0.011361265555024147, 0.01480590645223856, 0.015322525054216385, 0.015409042127430439, 0.018803196027874947], "(2, 5, 4, 3)": [0.019184434786438942, 0.019873905926942825, 0.01935015432536602, 0.018974093720316887, 0.018840109929442406], "(2, 4, 1, 2)": [0.019265564158558846, 0.019761763513088226, 0.019734347239136696, 0.019939305260777473, 0.019750677049160004], "(2, 5, 1, 2)": [0.019671747460961342, 0.01994103007018566, 0.019642423838377, 0.018274663016200066, 0.019688397645950317], "(2, 5, 0, 2)": [0.01958583854138851, 0.01976359263062477, 0.01957925409078598, 0.01955406740307808, 0.01951526291668415], "(2, 5, 2, 3)": [0.018431156873703003, 0.014684668742120266, 0.013789721764624119, 0.01391057949513197, 0.015447854995727539], "(2, 4, 0, 1)": [0.018294570967555046, 0.018853461369872093, 0.018621712923049927, 0.01869501918554306, 0.01992187090218067], "(2, 4, 4, 2)": [0.019931599497795105, 0.019503626972436905, 0.019563814625144005, 0.019482456147670746, 0.019532231613993645], "(2, 4, 5, 3)": [0.018372341990470886, 0.018905367702245712, 0.019680138677358627, 0.019008934497833252, 0.019193295389413834], "(3, 4, 4, 2)": [0.019383003935217857, 0.0193906519562006, 0.019423574209213257, 0.019421905279159546, 0.019842272624373436], "(3, 4, 3, 2)": [0.019621938467025757, 0.01968168281018734, 0.019080985337495804, 0.01956978067755699, 0.019906621426343918], "(3, 4, 2, 1)": [0.015696672722697258, 0.014021644368767738, 0.014475216157734394, 0.0157545767724514, 0.019741738215088844], "(3, 4, 2, 2)": [0.018649840727448463, 0.019289378076791763, 0.019375616684556007, 0.01894676685333252, 0.01987960934638977], "(3, 4, 3, 1)": [0.0012098937295377254, 2.869870513677597e-06, 0.013272453099489212, 0.0033063788432627916, -4.6110013499855995e-05], "(2, 5, 0, 1)": [0.01974160596728325, 0.019805358722805977, 0.019941549748182297, 0.01984596624970436, 0.019785040989518166], "(2, 5, 5, 3)": [0.019041500985622406, 0.01678640954196453, 0.016705743968486786, 0.01605004444718361, 0.01743466593325138], "(3, 5, 4, 3)": [0.01985875889658928, 0.019547346979379654, 0.01965184696018696, 0.019622018560767174, 0.01920955255627632], "(3, 5, 3, 2)": [0.019930627197027206, 0.019711114466190338, 0.01971988007426262, 0.019060546532273293, 0.019480597227811813], "(3, 5, 2, 2)": [0.01995081640779972, 0.01944199576973915, 0.019664768129587173, 0.019671490415930748, 0.019619304686784744], "(3, 5, 1, 1)": [0.01977822557091713, 0.019747477024793625, 0.01978014037013054, 0.019740480929613113, 0.01990574225783348], "(3, 5, 1, 2)": [0.01992703042924404, 0.019609009847044945, 0.019656360149383545, 0.01963658444583416, 0.01961265318095684], "(3, 4, 1, 1)": [0.019038958474993706, 0.01868344098329544, 0.01903488300740719, 0.01977834664285183, 0.018563898280262947], "(2, 4, 0, 0)": [0.0009297060896642506, 0.0007532310555689037, 0.000866190530359745, 0.00595950847491622, -0.0010647918097674847], "(2, 5, 1, 1)": [0.019844798371195793, 0.019824087619781494, 0.019932858645915985, 0.01984143629670143, 0.019894398748874664], "(2, 5, 4, 2)": [0.0184743944555521, 0.0178508497774601, 0.019877329468727112, 0.017138518393039703, 0.01753385178744793], "(2, 4, 0, 2)": [0.016333112493157387, 0.017300814390182495, 0.01716019958257675, 0.015371283516287804, 0.019922401756048203], "(1, 4, 0, 1)": [0.019208740442991257, 0.018322501331567764, 0.019175907596945763, 0.019825927913188934, 0.01869603618979454], "(3, 4, 4, 3)": [0.01973506435751915, 0.019735585898160934, 0.019770324230194092, 0.01973157562315464, 0.019527336582541466], "(3, 4, 5, 3)": [0.017775868996977806, 0.018228288739919662, 0.01967298611998558, 0.018288077786564827, 0.017538022249937057], "(3, 5, 4, 2)": [0.019363615661859512, 0.01914959028363228, 0.019920099526643753, 0.019433792680501938, 0.019120823591947556], "(3, 5, 3, 3)": [0.019809411838650703, 0.01644551195204258, 0.015343873761594296, 0.01649126596748829, 0.01595098339021206], "(3, 4, 1, 2)": [0.019152559340000153, 0.018536260351538658, 0.018737737089395523, 0.01979278028011322, 0.019027864560484886], "(2, 5, 2, 1)": [0.018933337181806564, 0.0035029537975788116, 0.003548698965460062, 0.0051812767051160336, 0.005212893709540367], "(1, 4, 1, 2)": [0.018923800438642502, 0.019495312124490738, 0.01946267858147621, 0.01989850401878357, 0.019472559913992882], "(1, 4, 0, 2)": [0.01955711655318737, 0.01963568665087223, 0.01985098049044609, 0.01964069902896881, 0.019626319408416748], "(1, 4, 1, 1)": [0.017253579571843147, 0.017057744786143303, 0.01654808595776558, 0.019725345075130463, 0.017559830099344254], "(1, 4, 2, 2)": [0.019301027059555054, 0.01935763657093048, 0.01865077205002308, 0.01941884309053421, 0.019873961806297302], "(1, 5, 2, 2)": [0.018427865579724312, 0.019459279254078865, 0.018326446413993835, 0.017782272771000862, 0.01903580315411091], "(1, 5, 3, 3)": [0.01819945126771927, 0.019538622349500656, 0.018803656101226807, 0.01888759434223175, 0.01837010867893696], "(3, 5, 0, 1)": [0.017855791375041008, 0.018694516271352768, 0.018790684640407562, 0.018370969220995903, 0.019886989146471024], "(3, 4, 0, 1)": [0.018279289826750755, 0.018891923129558563, 0.019109711050987244, 0.019748220220208168, 0.01863853819668293], "(1, 4, 3, 3)": [0.019644850865006447, 0.019691184163093567, 0.019788220524787903, 0.019703485071659088, 0.01971454918384552], "(1, 5, 0, 1)": [0.01968211680650711, 0.0197491142898798, 0.019868625327944756, 0.019736062735319138, 0.01974368840456009], "(1, 5, -1, 1)": [0.0, 0.000667367537971586, 0.0014647687785327435, 0.002660901751369238, 0.014211148023605347], "(1, 5, 0, 2)": [0.019671035930514336, 0.019641011953353882, 0.019693944603204727, 0.019649270921945572, 0.01965996064245701], "(1, 5, 1, 2)": [0.01966041699051857, 0.0180521197617054, 0.018366077914834023, 0.01791740581393242, 0.018347447738051414], "(1, 5, 2, 3)": [0.016535785049200058, 0.019032025709748268, 0.016303302720189095, 0.016184022650122643, 0.016347365453839302], "(1, 5, 1, 3)": [0.0010900786146521568, 0.0014104939764365554, -0.0008729660767130554, 0.0009255807963199914, 0.0098064374178648], "(2, 5, 5, 4)": [0.0018027970800176263, 0.0024602985940873623, 0.011286932975053787, 0.0005735806189477444, 0.0032706724014133215], "(2, 4, 2, 3)": [0.01969984360039234, 0.006582887377589941, 0.005611978936940432, 0.0019316580146551132, 0.0019148965366184711], "(2, 5, 1, 3)": [0.0, 0.0, 0.0, 0.0014897864311933517, -0.001628825906664133], "(3, 5, 5, 3)": [0.019849080592393875, 0.01808253303170204, 0.017230022698640823, 0.01708902046084404, 0.01755715161561966], "(1, 4, 3, 2)": [0.019373537972569466, 0.01938886009156704, 0.018717363476753235, 0.019375205039978027, 0.01984403282403946], "(1, 4, 4, 3)": [0.019526232033967972, 0.01753287948668003, 0.017138754948973656, 0.01680614985525608, 0.018353745341300964], "(3, 4, 5, 2)": [0.008054113015532494, 0.008591288700699806, 0.0047180564142763615, 0.007217403966933489, 0.01912442408502102],