{"q_values": {"(2, 5, 2, 2)": [0.01931421458721161, 0.019564829766750336, 0.019267145544290543, 0.019343456253409386, 0.01936694048345089], "(2, 5, 3, 2)": [0.01937994919717312, 0.019726455211639404, 0.01838430017232895, 0.019330915063619614, 0.01852015219628811], "(2, 5, 3, 3)": [0.019714541733264923, 0.01833781972527504, 0.018338685855269432, 0.018310433253645897, 0.017350122332572937], "(2, 4, 2, 2)": [0.019577309489250183, 0.018777573481202126, 0.019473841413855553, 0.019538871943950653, 0.01981242001056671], "(2, 4, 3, 2)": [0.01948872208595276, 0.01925915852189064, 0.01904432103037834, 0.019553549587726593, 0.019745897501707077], "(2, 4, 3, 3)": [0.019833358004689217, 0.019761936739087105, 0.01977364346385002, 0.019758770242333412, 0.019749272614717484], "(2, 4, 4, 3)": [0.019707441329956055, 0.01970856636762619, 0.01969417929649353, 0.0197176281362772, 0.01977991685271263], "(2, 4, 1, 1)": [0.01910615712404251, 0.019029859453439713, 0.018890880048274994, 0.01897994987666607, 0.019646259024739265], "(2, 4, 2, 1)": [0.011361265555024147, 0.014334442093968391, 0.01497609168291092, 0.014925971627235413, 0.01886630803346634], "(2, 5, 4, 3)": [0.01800684630870819, 0.01958456076681614, 0.018106242641806602, 0.01698540523648262, 0.01834581047296524], "(2, 4, 1, 2)": [0.019658859819173813, 0.018217578530311584, 0.019710347056388855, 0.01982223615050316, 0.01970580779016018], "(2, 5, 1, 2)": [0.019682347774505615, 0.019614042714238167, 0.019546855241060257, 0.019487114623188972, 0.019102567806839943], "(2, 5, 0, 2)": [0.01976979523897171, 0.019390229135751724, 0.01942933164536953, 0.019377626478672028, 0.019311979413032532], "(2, 5, 2, 3)": [0.018800705671310425, 0.01406062487512827, 0.013207860291004181, 0.013074751012027264, 0.016660461202263832], "(2, 4, 0, 1)": [0.01946219615638256, 0.01895434781908989, 0.0195334292948246, 0.019530311226844788, 0.019819268956780434], "(2, 4, 4, 2)": [0.019499560818076134, 0.01945185475051403, 0.01943829096853733, 0.019743232056498528, 0.01947914995253086], "(2, 4, 5, 3)": [0.018132541328668594, 0.018755702301859856, 0.01947839930653572, 0.018863240256905556, 0.018908444792032242], "(3, 4, 4, 2)": [0.01952284947037697, 0.01938771642744541, 0.01944641023874283, 0.019116371870040894, 0.019675906747579575], "(3, 4, 3, 2)": [0.019210226833820343, 0.01810099184513092, 0.0190289206802845, 0.01918754167854786, 0.01957133412361145], "(3, 4, 2, 1)": [0.014793485403060913, 0.015208025462925434, 0.014139213599264622, 0.018674880266189575, 0.015529480762779713], "(3, 4, 2, 2)": [0.018855886533856392, 0.01782902143895626, 0.01756080985069275, 0.019621308892965317, 0.018128247931599617], "(3, 4, 3, 1)": [0.0012098937295377254, 2.869870513677597e-06, 0.010540296323597431, 0.0033063788432627916, -4.6110013499855995e-05], "(2, 5, 0, 1)": [0.01977219060063362, 0.019777143374085426, 0.019749587401747704, 0.019793838262557983, 0.019770830869674683], "(2, 5, 5, 3)": [0.019293369725346565, 0.015671279281377792, 0.015732843428850174, 0.014998916536569595, 0.016822710633277893], "(3, 5, 4, 3)": [0.019323477521538734, 0.01920652575790882, 0.019205288961529732, 0.019147194921970367, 0.01781262643635273], "(3, 5, 3, 2)": [0.019409339874982834, 0.019095880910754204, 0.019155707210302353, 0.01778535358607769, 0.01791311800479889], "(3, 5, 2, 2)": [0.019366949796676636, 0.01800481416285038, 0.019161680713295937, 0.01915334165096283, 0.01900232397019863], "(3, 5, 1, 1)": [0.019756129011511803, 0.0196467787027359, 0.019630052149295807, 0.01965230703353882, 0.0196535661816597], "(3, 5, 1, 2)": [0.019559040665626526, 0.019536271691322327, 0.019544746726751328, 0.019619496539235115, 0.019522132351994514], "(3, 4, 1, 1)": [0.016373157501220703, 0.01703762076795101, 0.016898032277822495, 0.01729237660765648, 0.019351810216903687], "(2, 4, 0, 0)": [0.0009297060896642506, 0.0007532310555689037, 0.000866190530359745, 0.006685399916023016, -0.0010647918097674847], "(2, 5, 1, 1)": [0.01987917348742485, 0.01981997862458229, 0.019825734198093414, 0.019813623279333115, 0.019831610843539238], "(2, 5, 4, 2)": [0.01822621002793312, 0.017538469284772873, 0.01976274885237217, 0.016859006136655807, 0.017417684197425842], "(2, 4, 0, 2)": [0.015951020643115044, 0.017018474638462067, 0.016875555738806725, 0.014880254864692688, 0.019861603155732155], "(1, 4, 0, 1)": [0.018750684335827827, 0.01839137263596058, 0.017991187050938606, 0.01858033426105976, 0.01967790350317955], "(3, 4, 4, 3)": [0.019657356664538383, 0.019564813002943993, 0.01965547911822796, 0.019683746621012688, 0.019481675699353218], "(3, 4, 5, 3)": [0.01729883812367916, 0.017252551391720772, 0.019470693543553352, 0.01702728308737278, 0.01545380987226963], "(3, 5, 4, 2)": [0.019252536818385124, 0.01894189603626728, 0.01971423625946045, 0.019275953993201256, 0.018746256828308105], "(3, 5, 3, 3)": [0.016947653144598007, 0.016271334141492844, 0.014860997907817364, 0.01612951047718525, 0.01595098339021206], "(3, 4, 1, 2)": [0.018908150494098663, 0.018195245414972305, 0.01850595325231552, 0.019636359065771103, 0.01873183809220791], "(2, 5, 2, 1)": [0.018836820498108864, 0.0035029537975788116, 0.003548698965460062, 0.0051812767051160336, 0.004440435208380222], "(1, 4, 1, 2)": [0.019520392641425133, 0.01920071803033352, 0.01929166540503502, 0.01950952038168907, 0.019873391836881638], "(1, 4, 0, 2)": [0.019280968233942986, 0.019426271319389343, 0.01982681266963482, 0.01944272592663765, 0.019493093714118004], "(1, 4, 1, 1)": [0.016672279685735703, 0.017847783863544464, 0.01637508161365986, 0.018786847591400146, 0.01720537059009075], "(1, 4, 2, 2)": [0.019258005544543266, 0.019293174147605896, 0.019030841067433357, 0.019337302073836327, 0.019901132211089134], "(1, 5, 2, 2)": [0.01984674669802189, 0.019631268456578255, 0.019627925008535385, 0.019550221040844917, 0.019624784588813782], "(1, 5, 3, 3)": [0.019663721323013306, 0.01913486421108246, 0.01863163709640503, 0.018397072330117226, 0.019086986780166626], "(3, 5, 0, 1)": [0.017855791375041008, 0.018438324332237244, 0.018574602901935577, 0.01822143979370594, 0.019702177494764328], "(3, 4, 0, 1)": [0.01702306419610977, 0.018646439537405968, 0.018799912184476852, 0.019314266741275787, 0.01812889613211155], "(1, 4, 3, 3)": [0.019791163504123688, 0.019876573234796524, 0.01980087161064148, 0.01980656385421753, 0.019813109189271927], "(1, 5, 0, 1)": [0.019753649830818176, 0.019695278257131577, 0.019763674587011337, 0.019703036174178123, 0.01989385299384594], "(1, 5, -1, 1)": [0.0, 0.000667367537971586, 0.0014647687785327435, 0.002660901751369238, 0.013916036114096642], "(1, 5, 0, 2)": [0.01962665654718876, 0.019564317539334297, 0.019920215010643005, 0.019614502787590027, 0.0195610374212265], "(1, 5, 1, 2)": [0.019810590893030167, 0.019551435485482216, 0.01935833878815174, 0.019536413252353668, 0.018139105290174484], "(1, 5, 2, 3)": [0.01820247806608677, 0.016886359080672264, 0.016661696135997772, 0.01710088923573494, 0.017124809324741364], "(1, 5, 1, 3)": [0.0010900786146521568, 0.0014104939764365554, -0.0008729660767130554, 0.0009255807963199914, 0.008588671684265137], "(2, 5, 5, 4)": [0.00019882479682564735, 0.0024602985940873623, 0.012079599313437939, 0.0014353957958519459, 0.0032706724014133215], "(2, 4, 2, 3)": [0.01969972811639309, 0.006582887377589941, 0.004859787877649069, 0.0019316580146551132, 0.0009680773364380002], "(2, 5, 1, 3)": [0.0, 0.0, 0.0, 0.0014897864311933517, -0.001628825906664133], "(3, 5, 5, 3)": [0.0194238293915987, 0.017496295273303986, 0.01695193536579609, 0.016492297872900963, 0.017229396849870682], "(1, 4, 3, 2)": [0.019404659047722816, 0.019106116145849228, 0.01954159140586853, 0.019221797585487366, 0.019841598346829414], "(1, 4, 4, 3)": [0.019822165369987488, 0.0160391703248024, 0.015582539141178131, 0.01529354602098465, 0.017419105395674706], "(3, 4, 5, 2)": [0.0074423132464289665, 0.008040851913392544, 0.0047180564142763615, 0.006570815574377775, 0.019343016669154167],