{"q_values": {"(2, 5, 2, 2)": [0.017258165404200554, 0.01860658824443817, 0.01762741059064865, 0.018233036622405052, 0.01715281791985035], "(2, 5, 3, 2)": [0.014763833954930305, 0.017346274107694626, 0.017360351979732513, 0.017602529376745224, 0.018070153892040253], "(2, 5, 3, 3)": [0.015020078979432583, 0.014241528697311878, 0.014872753992676735, 0.01301981694996357, 0.013128378428518772], "(2, 4, 2, 2)": [0.016858916729688644, 0.017138008028268814, 0.018599858507514, 0.018324142321944237, 0.018720261752605438], "(2, 4, 3, 2)": [0.018446676433086395, 0.01859978586435318, 0.018741002306342125, 0.01838173158466816, 0.018313435837626457], "(2, 4, 3, 3)": [0.011831862851977348, 0.012049288488924503, 0.015193777158856392, 0.011756972409784794, 0.011655449867248535], "(2, 4, 4, 3)": [0.012102162465453148, 0.016052737832069397, 0.011502021923661232, 0.012749605812132359, 0.013731407932937145], "(2, 4, 1, 1)": [0.013960931450128555, 0.013487136922776699, 0.014288896694779396, 0.012384637258946896, 0.016591276973485947], "(2, 4, 2, 1)": [0.004972551949322224, 0.005029236897826195, 0.001841772347688675, 0.0016976834740489721, 0.0005121437134221196], "(2, 5, 4, 3)": [0.012273233383893967, 0.014332660473883152, 0.015057864598929882, 0.011574619449675083, 0.01194769423455], "(2, 4, 1, 2)": [0.018361907452344894, 0.014858443289995193, 0.017989402636885643, 0.018178971484303474, 0.018264131620526314], "(2, 5, 1, 2)": [0.0181005597114563, 0.017366088926792145, 0.0176816638559103, 0.01772197335958481, 0.017701083794236183], "(2, 5, 0, 2)": [0.012234816327691078, 0.010343976318836212, 0.013061189092695713, 0.009046895429491997, 0.009900285862386227], "(2, 5, 2, 3)": [0.005245110485702753, 0.0020196777768433094, 0.006038056220859289, 0.0008070006733760238, 0.0015180188929662108], "(2, 4, 0, 1)": [0.011034809984266758, 0.013985668309032917, 0.01147007942199707, 0.013464072719216347, 0.015256213024258614], "(2, 4, 4, 2)": [0.008375504054129124, 0.006819318979978561, 0.009942717850208282, 0.010416406206786633, 0.012929708696901798], "(2, 4, 5, 3)": [0.0011979008559137583, 0.003932193387299776, 0.006045926362276077, 0.00340489624068141, 0.0030360822565853596], "(3, 4, 4, 2)": [0.004812490660697222, 0.00368434633128345, 0.0023948035668581724, 0.002111622132360935, 0.0031560661736875772], "(3, 4, 3, 2)": [0.005122513975948095, 0.005616585724055767, 0.010317246429622173, 0.006259427405893803, 0.00821915827691555], "(3, 4, 2, 1)": [-8.10832716524601e-06, 0.0, -0.000577310100197792, 0.002745578531175852, 0.0031819751020520926], "(3, 4, 2, 2)": [0.004931824281811714, 0.006922392640262842, 0.0027186672668904066, 0.0029749188106507063, 0.004193305969238281], "(3, 4, 3, 1)": [0.00041892952867783606, 0.0009564106585457921, 0.0004980778903700411, 0.0004523864481598139, -0.0010236698435619473], "(2, 5, 0, 1)": [0.013272015377879143, 0.01619674079120159, 0.011973331682384014, 0.013142457231879234, 0.01348222978413105], "(2, 5, 5, 3)": [0.0045462786220014095, 0.00857816357165575, 0.004734398797154427, -0.00032024155370891094, 0.0017596427351236343], "(3, 5, 4, 3)": [0.004411825444549322, 0.0015297839418053627, 0.0035708588548004627, 0.0034779023844748735, 0.002016732469201088], "(3, 5, 3, 2)": [0.005926927551627159, 0.007107391022145748, 0.007163971662521362, 0.010294651612639427, 0.0075445049442350864], "(3, 5, 2, 2)": [0.0073663629591465, 0.003912116400897503, 0.003367027500644326, 0.004341834224760532, 0.0032476524356752634], "(3, 5, 1, 1)": [0.0009738020598888397, 0.002068041590973735, 0.0, 0.0010546576231718063, 0.0010007022647187114], "(3, 5, 1, 2)": [0.0010724856983870268, 0.0005091999773867428, 0.0, 0.0004995387862436473, 0.0015355051727965474], "(3, 4, 1, 1)": [0.005024693440645933, 0.002068271627649665, 0.002935633761808276, 0.002829980570822954, 0.0015263688983395696], "(2, 4, 0, 0)": [0.0, 0.0005438378429971635, 0.0, 0.0, 0.0], "(2, 5, 1, 1)": [0.010948725044727325, 0.009905107319355011, 0.014306074008345604, 0.008872561156749725, 0.009855811484158039], "(2, 5, 4, 2)": [0.0036572059616446495, 0.001241669524461031, 0.003987543284893036, 0.0013830472016707063, 0.0024631056003272533], "(2, 4, 0, 2)": [0.0023253154940903187, 0.0020958082750439644, 0.002151892986148596, 0.0016344829928129911, 0.0029700323939323425], "(1, 4, 0, 1)": [0.004016353283077478, -0.0005195284611545503, 0.0031010168604552746, 0.0014888725709170103, 0.00495687173679471], "(3, 4, 4, 3)": [0.0005356712499633431, 0.0012124823406338692, 0.0, 0.001976436236873269, 0.0], "(3, 4, 5, 3)": [0.0, 0.0, 0.0005237444420345128, 0.0, 0.0], "(3, 5, 4, 2)": [0.001580348121933639, 0.0005012372857891023, 0.0019842118490487337, 0.0, 0.0010142035316675901], "(3, 5, 3, 3)": [0.0003291532048024237, 0.0006252788589335978, 0.0, -0.0005020001553930342, 0.0005566428881138563], "(3, 4, 1, 2)": [0.0, 0.0005219769082032144, 0.0, 0.0005803282256238163, 0.0010488537373021245], "(2, 5, 2, 1)": [0.0, 0.0, 0.0, 0.0013673407956957817, 0.0], "(1, 4, 1, 2)": [0.003962129354476929, 0.0020325796213001013, 0.005914277862757444, -6.519816815853119e-05, 0.002606167457997799], "(1, 4, 0, 2)": [0.0, 0.0004958493518643081, 0.0005072451895102859, 0.0005541890859603882, 0.0], "(1, 4, 1, 1)": [-0.0005083606811240315, 0.0006187509861774743, 0.0005990319768898189, 0.002026008442044258, 0.0009588785469532013], "(1, 4, 2, 2)": [0.002374795963987708, 0.0004612382617779076, 0.001824552658945322, 0.0014258173760026693, 0.006377077661454678], "(1, 5, 2, 2)": [0.0, 0.0010159198427572846, 0.0, 0.0014482775004580617, 0.002316084923222661], "(1, 5, 3, 3)": [0.0005093968356959522, 0.0017082536360248923, -0.0005909809842705727, 0.0009317880030721426, 0.0], "(3, 5, 0, 1)": [0.0, 0.0005096324603073299, 0.0009929673979058862, 0.0, 0.0014041700633242726], "(3, 4, 0, 1)": [0.001004549441859126, 0.0005150997894816101, 0.0023533920757472515, 0.000962459365837276, 0.0005382397212088108], "(1, 4, 3, 3)": [0.0011539808474481106, 0.0017274122219532728, 0.0, 0.0009890692308545113, 0.0009921940509229898], "(1, 5, 0, 1)": [0.0004923661472275853, 0.0, 0.0, 0.0014983117580413818, 0.0], "(1, 5, -1, 1)": [0.0, 0.0, 0.0004965879488736391, 0.0, 0.0009969340171664953], "(1, 5, 0, 2)": [0.001627465127967298, 0.0005978704430162907, 0.001616614405065775, 0.002981203142553568, 0.0015238221967592835], "(1, 5, 1, 2)": [0.0032651503570377827, 0.006294496823102236, 0.002496329601854086, 0.004047120455652475, 0.0026643197052180767], "(1, 5, 2, 3)": [0.0008971911738626659, 0.0005702459602616727, 0.00047271177754737437, 0.0023780001793056726, 0.0004523315583355725], "(1, 5, 1, 3)": [0.0005441595567390323, 0.0005232497351244092, 0.0, 0.0, 0.00046402099542319775], "(2, 5, 5, 4)": [-0.000772280793171376, 0.0, 0.0, 0.0, 0.0], "(2, 4, 2, 3)": [0.0009682285017333925, 0.0, 0.0, 0.0, 0.0009680773364380002], "(2, 5, 1, 3)": [0.0, 0.0, 0.0, 0.0005926907761022449, 0.0], "(3, 5, 5, 3)": [0.0004444815858732909, 0.0, 0.0005050559411756694, 0.0, 0.00044540406088344753], "(1, 4, 3, 2)": [0.002357427030801773, 0.0005104095907881856, 0.00140071427449584, 0.0, 0.0005548690096475184], "(1, 4, 4, 3)": [0.0009686375269666314, 0.0, 0.0005133353406563401, 0.0, 0.0], "(3, 4, 5, 2)": [0.00045972937368787825, 0.0, 0.0005415023188106716, 0.0, 0.0015953418333083391], "(2, 4, 5, 2)": [0.0, 0.0, 0.001398271881043911, 0.0, 0.0]}}