{"q_values": {"(2, 5, 2, 2)": [0.019882408902049065, 0.019636986777186394, 0.019698208197951317, 0.01949889585375786, 0.019585061818361282], "(2, 5, 3, 2)": [0.01923057623207569, 0.019894840195775032, 0.019648754969239235, 0.01909537799656391, 0.019631825387477875], "(2, 5, 3, 3)": [0.019883081316947937, 0.019216787070035934, 0.018883150070905685, 0.01872573234140873, 0.018404487520456314], "(2, 4, 2, 2)": [0.019618306308984756, 0.019592730328440666, 0.01927581988275051, 0.019682686775922775, 0.01985197141766548], "(2, 4, 3, 2)": [0.01945786364376545, 0.018854061141610146, 0.018568668514490128, 0.01951516419649124, 0.01991141028702259], "(2, 4, 3, 3)": [0.019818084314465523, 0.01982644945383072, 0.019935939460992813, 0.019799362868070602, 0.01981242187321186], "(2, 4, 4, 3)": [0.019953323528170586, 0.01981019228696823, 0.019791703671216965, 0.019818944856524467, 0.01974981091916561], "(2, 4, 1, 1)": [0.01901623047888279, 0.0191496592015028, 0.019446812570095062, 0.01932120881974697, 0.0197752695530653], "(2, 4, 2, 1)": [0.012816439382731915, 0.01460740901529789, 0.014421515166759491, 0.01454540528357029, 0.019626861438155174], "(2, 5, 4, 3)": [0.01878567785024643, 0.019880685955286026, 0.01897643879055977, 0.018427656963467598, 0.018153218552470207], "(2, 4, 1, 2)": [0.019409216940402985, 0.019706403836607933, 0.01978153921663761, 0.019716884940862656, 0.01987265609204769], "(2, 5, 1, 2)": [0.019921716302633286, 0.019539110362529755, 0.01963508129119873, 0.019711345434188843, 0.01917988620698452], "(2, 5, 0, 2)": [0.019486378878355026, 0.019515827298164368, 0.019503973424434662, 0.019404759630560875, 0.019941823557019234], "(2, 5, 2, 3)": [0.019296390935778618, 0.015721933916211128, 0.014523214660584927, 0.014833273366093636, 0.015901466831564903], "(2, 4, 0, 1)": [0.019040396437048912, 0.019289536401629448, 0.019566962495446205, 0.019836295396089554, 0.019294580444693565], "(2, 4, 4, 2)": [0.0193791426718235, 0.019332190975546837, 0.019409092143177986, 0.019919155165553093, 0.019451569765806198], "(2, 4, 5, 3)": [0.01989232935011387, 0.019168030470609665, 0.019127191975712776, 0.019208518788218498, 0.01899229921400547], "(3, 4, 4, 2)": [0.01971559040248394, 0.019766915589571, 0.01985836774110794, 0.01975322514772415, 0.01973561942577362], "(3, 4, 3, 2)": [0.019547568634152412, 0.01955195888876915, 0.01956050843000412, 0.019816631451249123, 0.019594021141529083], "(3, 4, 2, 1)": [0.017652077600359917, 0.014722214080393314, 0.016386698931455612, 0.016500668600201607, 0.016209052875638008], "(3, 4, 2, 2)": [0.019559824839234352, 0.019608337432146072, 0.019604306668043137, 0.019597383216023445, 0.01959681697189808], "(3, 4, 3, 1)": [0.0012098937295377254, 0.0009228945709764957, 0.017068738117814064, 0.0033063788432627916, -4.6110013499855995e-05], "(2, 5, 0, 1)": [0.01974034681916237, 0.019832901656627655, 0.019788745790719986, 0.019778743386268616, 0.019918661564588547], "(2, 5, 5, 3)": [0.019769661128520966, 0.016690604388713837, 0.015693703666329384, 0.01660969667136669, 0.016048088669776917], "(3, 5, 4, 3)": [0.0198981836438179, 0.018530523404479027, 0.018777715042233467, 0.01862056739628315, 0.018604185432195663], "(3, 5, 3, 2)": [0.019945155829191208, 0.01958470232784748, 0.019720962271094322, 0.019505590200424194, 0.019635619595646858], "(3, 5, 2, 2)": [0.019834794104099274, 0.019493240863084793, 0.0194573774933815, 0.019515013322234154, 0.019398096948862076], "(3, 5, 1, 1)": [0.01983909122645855, 0.019863629713654518, 0.019849147647619247, 0.01988360658288002, 0.019854379817843437], "(3, 5, 1, 2)": [0.019921792671084404, 0.019577519968152046, 0.019519584253430367, 0.018564842641353607, 0.019409693777561188], "(3, 4, 1, 1)": [0.01930510438978672, 0.01937488093972206, 0.01793503761291504, 0.01795591413974762, 0.018012940883636475], "(2, 4, 0, 0)": [0.00047364109195768833, 0.0007532310555689037, 0.001401175046339631, 0.010265933349728584, -0.0010647918097674847], "(2, 5, 1, 1)": [0.01983102783560753, 0.01990203559398651, 0.019845573231577873, 0.01981843262910843, 0.01983635686337948], "(2, 5, 4, 2)": [0.018737712875008583, 0.01821734756231308, 0.01989324949681759, 0.01776205562055111, 0.018238365650177002], "(2, 4, 0, 2)": [0.017281660810112953, 0.01832708716392517, 0.01824820414185524, 0.0170176699757576, 0.019945302978157997], "(1, 4, 0, 1)": [0.018200622871518135, 0.018322071060538292, 0.018527651205658913, 0.019867535680532455, 0.018376288935542107], "(3, 4, 4, 3)": [0.019873162731528282, 0.019874926656484604, 0.019923800602555275, 0.019857557490468025, 0.01986454799771309], "(3, 4, 5, 3)": [0.018622027710080147, 0.01899951510131359, 0.019821081310510635, 0.018659694120287895, 0.01835177093744278], "(3, 5, 4, 2)": [0.01972031593322754, 0.019944248721003532, 0.01972406543791294, 0.019693514332175255, 0.019688187167048454], "(3, 5, 3, 3)": [0.01758098416030407, 0.019838474690914154, 0.018017876893281937, 0.018021846190094948, 0.018122218549251556], "(3, 4, 1, 2)": [0.01970677822828293, 0.019689440727233887, 0.01982654258608818, 0.019727395847439766, 0.019676947966217995], "(2, 5, 2, 1)": [0.019825637340545654, 0.0035029537975788116, 0.0043660663068294525, 0.0051812767051160336, 0.005212893709540367], "(1, 4, 1, 2)": [0.019141245633363724, 0.019542191177606583, 0.019576316699385643, 0.019595997408032417, 0.019702250137925148], "(1, 4, 0, 2)": [0.019334914162755013, 0.019752705469727516, 0.019887469708919525, 0.019729439169168472, 0.019653355702757835], "(1, 4, 1, 1)": [0.01806899718940258, 0.018188536167144775, 0.015049584209918976, 0.019817886874079704, 0.017718231305480003], "(1, 4, 2, 2)": [0.01920393481850624, 0.019238226115703583, 0.019728615880012512, 0.019361605867743492, 0.019805803894996643], "(1, 5, 2, 2)": [0.01984350010752678, 0.01962738111615181, 0.0187524426728487, 0.019242428243160248, 0.01964854635298252], "(1, 5, 3, 3)": [0.018024450168013573, 0.019793635234236717, 0.018350299447774887, 0.018250782042741776, 0.017957063391804695], "(3, 5, 0, 1)": [0.019360026344656944, 0.019619707018136978, 0.019523099064826965, 0.019556453451514244, 0.01992148719727993], "(3, 4, 0, 1)": [0.018444811925292015, 0.018453752622008324, 0.0188001599162817, 0.01848595030605793, 0.01804475113749504], "(1, 4, 3, 3)": [0.019818078726530075, 0.01980963721871376, 0.0199140552431345, 0.01979161612689495, 0.01982615329325199], "(1, 5, 0, 1)": [0.019821977242827415, 0.01980387419462204, 0.0197864081710577, 0.01995280757546425, 0.019814852625131607], "(1, 5, -1, 1)": [0.0, 0.000667367537971586, 0.0014647687785327435, 0.002660901751369238, 0.018167242407798767], "(1, 5, 0, 2)": [0.019552744925022125, 0.019572000950574875, 0.019823206588625908, 0.019675876945257187, 0.019574034959077835], "(1, 5, 1, 2)": [0.019232504069805145, 0.01987755112349987, 0.019688306376338005, 0.019691133871674538, 0.019598370417952538], "(1, 5, 2, 3)": [0.01746826060116291, 0.01969308592379093, 0.01714332588016987, 0.01702074520289898, 0.017424574121832848], "(1, 5, 1, 3)": [0.0010900786146521568, 0.002290942007675767, -0.0008729660767130554, 0.001859776908531785, 0.01268469262868166], "(2, 5, 5, 4)": [0.0018027970800176263, 0.0024602985940873623, 0.0137511370703578, 0.0005735806189477444, 0.0032706724014133215], "(2, 4, 2, 3)": [0.019854847341775894, 0.007250646594911814, 0.007651847787201405, 0.0019316580146551132, 0.00281406007707119], "(2, 5, 1, 3)": [0.0, 0.0, 0.0, 0.006784491240978241, -0.001628825906664133], "(3, 5, 5, 3)": [0.017510464414954185, 0.01985134556889534, 0.018295105546712875, 0.018218429759144783, 0.016925547271966934], "(1, 4, 3, 2)": [0.01962810568511486, 0.019660091027617455, 0.01966269500553608, 0.019678445532917976, 0.019878163933753967], "(1, 4, 4, 3)": [0.01992673985660076, 0.019066043198108673, 0.01901063323020935, 0.01869482547044754, 0.019376905634999275], "(3, 4, 5, 2)": [0.008622892200946808, 0.009101909585297108, 0.0047180564142763615, 0.007217403966933489, 0.01964586414396763],