{"q_values": {"(2, 5, 2, 2)": [0.019734248518943787, 0.019056353718042374, 0.018971985206007957, 0.019501185044646263, 0.018997155129909515], "(2, 5, 3, 2)": [0.018557773903012276, 0.019252493977546692, 0.019715679809451103, 0.018581928685307503, 0.018407419323921204], "(2, 5, 3, 3)": [0.019707556813955307, 0.01803750731050968, 0.01814654842019081, 0.018304409459233284, 0.017572814598679543], "(2, 4, 2, 2)": [0.019634561613202095, 0.01944536529481411, 0.01951570250093937, 0.019654706120491028, 0.019925124943256378], "(2, 4, 3, 2)": [0.018813522532582283, 0.01916808821260929, 0.019292892888188362, 0.01951822079718113, 0.019875578582286835], "(2, 4, 3, 3)": [0.01971401832997799, 0.01966439001262188, 0.019700679928064346, 0.01968025043606758, 0.01984499767422676], "(2, 4, 4, 3)": [0.01960041932761669, 0.01960233598947525, 0.01982886902987957, 0.019633417949080467, 0.019661778584122658], "(2, 4, 1, 1)": [0.01715744100511074, 0.017247941344976425, 0.018140293657779694, 0.01765456795692444, 0.019924096763134003], "(2, 4, 2, 1)": [0.012469463981688023, 0.013645892031490803, 0.014173263683915138, 0.01403125561773777, 0.018960099667310715], "(2, 5, 4, 3)": [0.019711731001734734, 0.0180960725992918, 0.018740125000476837, 0.018165910616517067, 0.01786073110997677], "(2, 4, 1, 2)": [0.01945153996348381, 0.019508855417370796, 0.01949639990925789, 0.019941629841923714, 0.01947103627026081], "(2, 5, 1, 2)": [0.01989906094968319, 0.019575906917452812, 0.019497347995638847, 0.019697535783052444, 0.01943211257457733], "(2, 5, 0, 2)": [0.019307859241962433, 0.019307712092995644, 0.019925637170672417, 0.019202034920454025, 0.019236309453845024], "(2, 5, 2, 3)": [0.019115855917334557, 0.01488485373556614, 0.014547211118042469, 0.013797816820442677, 0.01553994882851839], "(2, 4, 0, 1)": [0.018714485689997673, 0.01859193667769432, 0.018975241109728813, 0.01829592138528824, 0.01992597058415413], "(2, 4, 4, 2)": [0.01924937590956688, 0.019234951585531235, 0.01922116056084633, 0.019715985283255577, 0.01915314979851246], "(2, 4, 5, 3)": [0.0186040960252285, 0.0191207118332386, 0.01962432637810707, 0.019207444041967392, 0.018987393006682396], "(3, 4, 4, 2)": [0.019356559962034225, 0.01825384981930256, 0.019888227805495262, 0.019088104367256165, 0.019355809316039085], "(3, 4, 3, 2)": [0.018160026520490646, 0.018052510917186737, 0.018164802342653275, 0.018308240920305252, 0.019898615777492523], "(3, 4, 2, 1)": [0.014065318740904331, 0.01316703949123621, 0.013835025951266289, 0.01758149452507496, 0.012834982015192509], "(3, 4, 2, 2)": [0.018398892134428024, 0.01841161400079727, 0.01885477639734745, 0.018441997468471527, 0.019934620708227158], "(3, 4, 3, 1)": [0.0012098937295377254, 0.0009228945709764957, 0.01699526607990265, 0.0033063788432627916, -4.6110013499855995e-05], "(2, 5, 0, 1)": [0.019779520109295845, 0.019760500639677048, 0.019829142838716507, 0.019936272874474525, 0.019775571301579475], "(2, 5, 5, 3)": [0.01849212311208248, 0.016931606456637383, 0.01596934162080288, 0.016942759975790977, 0.016611315310001373], "(3, 5, 4, 3)": [0.018670912832021713, 0.019750267267227173, 0.018148502334952354, 0.018858322873711586, 0.01847623661160469], "(3, 5, 3, 2)": [0.019812868908047676, 0.018397700041532516, 0.018200859427452087, 0.019068971276283264, 0.018167655915021896], "(3, 5, 2, 2)": [0.019908972084522247, 0.017976511269807816, 0.01915585994720459, 0.019229847937822342, 0.018116794526576996], "(3, 5, 1, 1)": [0.01973625458776951, 0.019751084968447685, 0.01994360238313675, 0.0197608582675457, 0.019792849197983742], "(3, 5, 1, 2)": [0.019431956112384796, 0.0187855027616024, 0.019949091598391533, 0.017923124134540558, 0.019480546936392784], "(3, 4, 1, 1)": [0.01773967035114765, 0.017672965303063393, 0.017363283783197403, 0.017156926915049553, 0.0199026707559824], "(2, 4, 0, 0)": [0.00047364109195768833, 0.0007532310555689037, 0.001401175046339631, 0.00785910990089178, -0.0010647918097674847], "(2, 5, 1, 1)": [0.01971583068370819, 0.01969452202320099, 0.0197550468146801, 0.019718904048204422, 0.0199067872017622], "(2, 5, 4, 2)": [0.018546057865023613, 0.018042489886283875, 0.019794803112745285, 0.017277410253882408, 0.017964031547307968], "(2, 4, 0, 2)": [0.01667759194970131, 0.01775946095585823, 0.017529837787151337, 0.015799714252352715, 0.019933659583330154], "(1, 4, 0, 1)": [0.018277833238244057, 0.017334848642349243, 0.018055688589811325, 0.018367331475019455, 0.01991300657391548], "(3, 4, 4, 3)": [0.019715484231710434, 0.019716428592801094, 0.019739894196391106, 0.01984625868499279, 0.019670365378260612], "(3, 4, 5, 3)": [0.018323883414268494, 0.01874726451933384, 0.019274450838565826, 0.01852690428495407, 0.017774276435375214], "(3, 5, 4, 2)": [0.019555969163775444, 0.019528154283761978, 0.01954909972846508, 0.019559115171432495, 0.01951424404978752], "(3, 5, 3, 3)": [0.016787715256214142, 0.01978018321096897, 0.01666373945772648, 0.016504894942045212, 0.017616000026464462], "(3, 4, 1, 2)": [0.019465383142232895, 0.019354501739144325, 0.019473273307085037, 0.019951624795794487, 0.01950663886964321], "(2, 5, 2, 1)": [0.0194513201713562, 0.0035029537975788116, 0.0043660663068294525, 0.0051812767051160336, 0.005212893709540367], "(1, 4, 1, 2)": [0.018688756972551346, 0.019076354801654816, 0.019034653902053833, 0.01994859240949154, 0.019247472286224365], "(1, 4, 0, 2)": [0.019706441089510918, 0.019702933728694916, 0.019760606810450554, 0.019944021478295326, 0.019698772579431534], "(1, 4, 1, 1)": [0.017688889056444168, 0.017286596819758415, 0.016252657398581505, 0.01931649260222912, 0.017908278852701187], "(1, 4, 2, 2)": [0.01947605237364769, 0.01888199895620346, 0.018940681591629982, 0.019135301932692528, 0.019914677366614342], "(1, 5, 2, 2)": [0.019765974953770638, 0.019487734884023666, 0.019620560109615326, 0.019536759704351425, 0.019504686817526817], "(1, 5, 3, 3)": [0.01888233795762062, 0.019715961068868637, 0.01874251291155815, 0.018647002056241035, 0.018513992428779602], "(3, 5, 0, 1)": [0.018845846876502037, 0.019357509911060333, 0.019230837002396584, 0.01917377859354019, 0.019899841398000717], "(3, 4, 0, 1)": [0.017650730907917023, 0.016720063984394073, 0.01704932563006878, 0.019889043644070625, 0.017446046695113182], "(1, 4, 3, 3)": [0.0197550468146801, 0.0197345819324255, 0.01985270529985428, 0.019727155566215515, 0.0197489894926548], "(1, 5, 0, 1)": [0.01977681554853916, 0.019774192944169044, 0.019812114536762238, 0.01977371610701084, 0.019927533343434334], "(1, 5, -1, 1)": [0.0, 0.000667367537971586, 0.0014647687785327435, 0.002660901751369238, 0.01524766068905592], "(1, 5, 0, 2)": [0.019874494522809982, 0.019723232835531235, 0.01966114714741707, 0.019748490303754807, 0.0196307972073555], "(1, 5, 1, 2)": [0.019822463393211365, 0.019741468131542206, 0.019422946497797966, 0.01953638345003128, 0.019715752452611923], "(1, 5, 2, 3)": [0.019672846421599388, 0.01755596324801445, 0.01782308518886566, 0.017356030642986298, 0.01755739189684391], "(1, 5, 1, 3)": [0.0010900786146521568, 0.002290942007675767, -0.0008729660767130554, 0.0009255807963199914, 0.009323074482381344], "(2, 5, 5, 4)": [0.0018027970800176263, 0.0024602985940873623, 0.008036344312131405, 0.0005735806189477444, 0.0032706724014133215], "(2, 4, 2, 3)": [0.019721392542123795, 0.007250646594911814, 0.00632813572883606, 0.0019316580146551132, 0.0019148965366184711], "(2, 5, 1, 3)": [0.0, 0.0, 0.0, 0.003024814883247018, -0.001628825906664133], "(3, 5, 5, 3)": [0.016989756375551224, 0.01954282633960247, 0.017644129693508148, 0.017577558755874634, 0.016442913562059402], "(1, 4, 3, 2)": [0.019524047151207924, 0.019513530656695366, 0.019251255318522453, 0.019868595525622368, 0.01951317861676216], "(1, 4, 4, 3)": [0.01979517564177513, 0.017855403944849968, 0.018142979592084885, 0.017630159854888916, 0.018951650708913803], "(3, 4, 5, 2)": [0.008622892200946808, 0.009101909585297108, 0.0047180564142763615, 0.007217403966933489, 0.01921023800969124],