{"q_values": {"(2, 5, 2, 2)": [0.01956741325557232, 0.019514143466949463, 0.019517304375767708, 0.019376114010810852, 0.019444385543465614], "(2, 5, 3, 2)": [0.019598297774791718, 0.019629986956715584, 0.019760729745030403, 0.01958261802792549, 0.019610188901424408], "(2, 5, 3, 3)": [0.017971396446228027, 0.017626017332077026, 0.01791214942932129, 0.018705613911151886, 0.017831189557909966], "(2, 4, 2, 2)": [0.01926603727042675, 0.01816265471279621, 0.01952621154487133, 0.018399018794298172, 0.01976008526980877], "(2, 4, 3, 2)": [0.01923447474837303, 0.019335733726620674, 0.017940087243914604, 0.01937601901590824, 0.01981489174067974], "(2, 4, 3, 3)": [0.019799163565039635, 0.019775068387389183, 0.019798051565885544, 0.019888192415237427, 0.019787995144724846], "(2, 4, 4, 3)": [0.019771896302700043, 0.01979786716401577, 0.019878264516592026, 0.019765418022871017, 0.019761022180318832], "(2, 4, 1, 1)": [0.018757974728941917, 0.018814101815223694, 0.01874442771077156, 0.018238844349980354, 0.019641170278191566], "(2, 4, 2, 1)": [0.012816439382731915, 0.014361726120114326, 0.014421515166759491, 0.01428227685391903, 0.018269777297973633], "(2, 5, 4, 3)": [0.019685041159391403, 0.018566709011793137, 0.01901550218462944, 0.019068431109189987, 0.018705181777477264], "(2, 4, 1, 2)": [0.019588204100728035, 0.01902083121240139, 0.01863013580441475, 0.019842104986310005, 0.019468175247311592], "(2, 5, 1, 2)": [0.019563784822821617, 0.019572939723730087, 0.019697465002536774, 0.019120322540402412, 0.019573397934436798], "(2, 5, 0, 2)": [0.019451811909675598, 0.019829880446195602, 0.019429083913564682, 0.019426066428422928, 0.019473528489470482], "(2, 5, 2, 3)": [0.015924055129289627, 0.015532043762505054, 0.01431085541844368, 0.014833273366093636, 0.016690492630004883], "(2, 4, 0, 1)": [0.018119262531399727, 0.018960360437631607, 0.01863539218902588, 0.01972968690097332, 0.01850331760942936], "(2, 4, 4, 2)": [0.019353214651346207, 0.019876012578606606, 0.01930060051381588, 0.019460411742329597, 0.019426560029387474], "(2, 4, 5, 3)": [0.0191220510751009, 0.019636765122413635, 0.018958423286676407, 0.019110385328531265, 0.018909309059381485], "(3, 4, 4, 2)": [0.019729647785425186, 0.019664019346237183, 0.0197388157248497, 0.019879519939422607, 0.019732197746634483], "(3, 4, 3, 2)": [0.019643809646368027, 0.019643399864435196, 0.01970556750893593, 0.01971190981566906, 0.019857438281178474], "(3, 4, 2, 1)": [0.015720516443252563, 0.01492626778781414, 0.01580692082643509, 0.019765198230743408, 0.015630843117833138], "(3, 4, 2, 2)": [0.019467106088995934, 0.019061820581555367, 0.019041256979107857, 0.019770152866840363, 0.01957024820148945], "(3, 4, 3, 1)": [0.0012098937295377254, 0.0009228945709764957, 0.01594524271786213, 0.0033063788432627916, -4.6110013499855995e-05], "(2, 5, 0, 1)": [0.019713740795850754, 0.019664132967591286, 0.019757993519306183, 0.01971738412976265, 0.01972237601876259], "(2, 5, 5, 3)": [0.017501693218946457, 0.0195951908826828, 0.016483217477798462, 0.01696663163602352, 0.0172943864017725], "(3, 5, 4, 3)": [0.019938349723815918, 0.018491167575120926, 0.018942516297101974, 0.019031506031751633, 0.019273238256573677], "(3, 5, 3, 2)": [0.01995568536221981, 0.01920497603714466, 0.01927400380373001, 0.019682882353663445, 0.019457858055830002], "(3, 5, 2, 2)": [0.01991509459912777, 0.019075635820627213, 0.019564317539334297, 0.01959853619337082, 0.01910034753382206], "(3, 5, 1, 1)": [0.01968587376177311, 0.01986047439277172, 0.019713448360562325, 0.019709143787622452, 0.019716991111636162], "(3, 5, 1, 2)": [0.019907159730792046, 0.0196735430508852, 0.01967517100274563, 0.01962205395102501, 0.01955987885594368], "(3, 4, 1, 1)": [0.01871531642973423, 0.01879085786640644, 0.018984287977218628, 0.018952475860714912, 0.019765479490160942], "(2, 4, 0, 0)": [0.00047364109195768833, 0.0007532310555689037, 0.001401175046339631, 0.009305261075496674, -0.0010647918097674847], "(2, 5, 1, 1)": [0.01983719691634178, 0.019797973334789276, 0.01975652202963829, 0.01979113556444645, 0.019791746512055397], "(2, 5, 4, 2)": [0.018546057865023613, 0.018125182017683983, 0.01989642344415188, 0.017651144415140152, 0.018238365650177002], "(2, 4, 0, 2)": [0.017281660810112953, 0.018244251608848572, 0.018067048862576485, 0.01673061214387417, 0.019870582967996597], "(1, 4, 0, 1)": [0.01879187673330307, 0.0188289824873209, 0.019267188385128975, 0.018655814230442047, 0.01992778666317463], "(3, 4, 4, 3)": [0.01981022022664547, 0.019925978034734726, 0.019848700612783432, 0.019846376031637192, 0.019826484844088554], "(3, 4, 5, 3)": [0.018323883414268494, 0.018840093165636063, 0.019695911556482315, 0.01859384775161743, 0.017774276435375214], "(3, 5, 4, 2)": [0.01968899741768837, 0.019947655498981476, 0.01964760012924671, 0.019733788445591927, 0.019709676504135132], "(3, 5, 3, 3)": [0.019852889701724052, 0.017849676311016083, 0.017610948532819748, 0.01762094534933567, 0.017529569566249847], "(3, 4, 1, 2)": [0.019586144015192986, 0.019808277487754822, 0.019610146060585976, 0.01959702931344509, 0.01958133466541767], "(2, 5, 2, 1)": [0.01976240985095501, 0.0035029537975788116, 0.0043660663068294525, 0.0051812767051160336, 0.005212893709540367], "(1, 4, 1, 2)": [0.019272862002253532, 0.01955500617623329, 0.019593216478824615, 0.019948456436395645, 0.019508611410856247], "(1, 4, 0, 2)": [0.018852384760975838, 0.01979174092411995, 0.0198057871311903, 0.019798602908849716, 0.019926751032471657], "(1, 4, 1, 1)": [0.017136238515377045, 0.01696222834289074, 0.01395927183330059, 0.019576696678996086, 0.01679118350148201], "(1, 4, 2, 2)": [0.01959497481584549, 0.019629226997494698, 0.019806241616606712, 0.01974969170987606, 0.01996837742626667], "(1, 5, 2, 2)": [0.019892483949661255, 0.01954130455851555, 0.019529622048139572, 0.01951873116195202, 0.019579671323299408], "(1, 5, 3, 3)": [0.01987016201019287, 0.017886850982904434, 0.01740397699177265, 0.01717078499495983, 0.016881631687283516], "(3, 5, 0, 1)": [0.019035881385207176, 0.019495373591780663, 0.019251959398388863, 0.019339973106980324, 0.019884832203388214], "(3, 4, 0, 1)": [0.01733960397541523, 0.0171818770468235, 0.01683737337589264, 0.017127780243754387, 0.019731638953089714], "(1, 4, 3, 3)": [0.019940247759222984, 0.019796574488282204, 0.01978677324950695, 0.019763164222240448, 0.019741712138056755], "(1, 5, 0, 1)": [0.019792798906564713, 0.01983359456062317, 0.01993419975042343, 0.019755732268095016, 0.01982894539833069], "(1, 5, -1, 1)": [0.0, 0.000667367537971586, 0.0014647687785327435, 0.002660901751369238, 0.016565557569265366], "(1, 5, 0, 2)": [0.01993916928768158, 0.01964803971350193, 0.019470373168587685, 0.019588623195886612, 0.01950080506503582], "(1, 5, 1, 2)": [0.01959700509905815, 0.019884489476680756, 0.019491754472255707, 0.019312767311930656, 0.01870044693350792], "(1, 5, 2, 3)": [0.019894767552614212, 0.017210952937602997, 0.0176941379904747, 0.01752990111708641, 0.017195353284478188], "(1, 5, 1, 3)": [0.0010900786146521568, 0.002290942007675767, -0.0008729660767130554, 0.001859776908531785, 0.011392389424145222], "(2, 5, 5, 4)": [0.0018027970800176263, 0.0024602985940873623, 0.012540261261165142, 0.0005735806189477444, 0.0032706724014133215], "(2, 4, 2, 3)": [0.01981024630367756, 0.007250646594911814, 0.007651847787201405, 0.0019316580146551132, 0.00281406007707119], "(2, 5, 1, 3)": [0.0, 0.0, 0.0, 0.005234628915786743, -0.001628825906664133], "(3, 5, 5, 3)": [0.017387859523296356, 0.019764412194490433, 0.017853444442152977, 0.01774992235004902, 0.016442913562059402], "(1, 4, 3, 2)": [0.019529147073626518, 0.019528720527887344, 0.019435083493590355, 0.019524384289979935, 0.01995721273124218], "(1, 4, 4, 3)": [0.019867707043886185, 0.01805799826979637, 0.018233560025691986, 0.017960326746106148, 0.018991747871041298], "(3, 4, 5, 2)": [0.008622892200946808, 0.009101909585297108, 0.0047180564142763615, 0.007217403966933489, 0.01949184201657772],