{"q_values": {"(2, 5, 2, 2)": [0.017919063568115234, 0.018918456509709358, 0.017296794801950455, 0.016532626003026962, 0.01828191988170147], "(2, 5, 3, 2)": [0.019305642694234848, 0.017802245914936066, 0.01881261169910431, 0.018659966066479683, 0.018859634175896645], "(2, 5, 3, 3)": [0.019413189962506294, 0.017339639365673065, 0.018012559041380882, 0.017334051430225372, 0.017952140420675278], "(2, 4, 2, 2)": [0.017137806862592697, 0.017062915489077568, 0.01766122877597809, 0.018311237916350365, 0.017078056931495667], "(2, 4, 3, 2)": [0.019257061183452606, 0.01926882192492485, 0.019108375534415245, 0.019423648715019226, 0.01840640977025032], "(2, 4, 3, 3)": [0.01963133178651333, 0.01981520652770996, 0.019589735195040703, 0.019610637798905373, 0.01961076818406582], "(2, 4, 4, 3)": [0.01960318721830845, 0.019574560225009918, 0.019514596089720726, 0.019513357430696487, 0.019689979031682014], "(2, 4, 1, 1)": [0.01776285469532013, 0.017251117154955864, 0.017525091767311096, 0.01713058352470398, 0.01897299662232399], "(2, 4, 2, 1)": [0.01135475654155016, 0.01137486007064581, 0.011927763931453228, 0.014149289578199387, 0.008395952172577381], "(2, 5, 4, 3)": [0.019341591745615005, 0.01768699660897255, 0.017313135787844658, 0.017187878489494324, 0.01714029721915722], "(2, 4, 1, 2)": [0.019356191158294678, 0.019239211454987526, 0.01929006166756153, 0.01932760328054428, 0.01932670921087265], "(2, 5, 1, 2)": [0.01922032982110977, 0.01931019127368927, 0.018201570957899094, 0.01921711675822735, 0.019234299659729004], "(2, 5, 0, 2)": [0.019031796604394913, 0.019180860370397568, 0.019383354112505913, 0.01894482597708702, 0.019017044454813004], "(2, 5, 2, 3)": [0.010866460390388966, 0.008194651454687119, 0.009029627777636051, 0.008893284946680069, 0.009655251167714596], "(2, 4, 0, 1)": [0.017853304743766785, 0.018275244161486626, 0.018277684226632118, 0.019049599766731262, 0.01944194920361042], "(2, 4, 4, 2)": [0.018976641818881035, 0.019110461696982384, 0.019551387056708336, 0.01932547055184841, 0.019235694780945778], "(2, 4, 5, 3)": [0.014689122326672077, 0.014782780781388283, 0.019383857026696205, 0.011974094435572624, 0.014867049641907215], "(3, 4, 4, 2)": [0.017772525548934937, 0.014073198661208153, 0.01385315041989088, 0.015337339602410793, 0.01402957271784544], "(3, 4, 3, 2)": [0.015315205790102482, 0.016421182081103325, 0.01679738610982895, 0.017857495695352554, 0.015025550499558449], "(3, 4, 2, 1)": [0.006773758213967085, 0.007198723964393139, 0.007321814075112343, 0.013279786333441734, 0.011588947847485542], "(3, 4, 2, 2)": [0.013714615255594254, 0.0176820307970047, 0.013994883745908737, 0.013098941184580326, 0.014306589961051941], "(3, 4, 3, 1)": [0.0012098937295377254, -0.00012438686098903418, 0.004574621096253395, 1.0439951438456774e-05, -0.0010868555400520563], "(2, 5, 0, 1)": [0.01949213445186615, 0.019617849960923195, 0.019720133394002914, 0.019653815776109695, 0.019312221556901932], "(2, 5, 5, 3)": [0.01351670641452074, 0.018934883177280426, 0.012099791318178177, 0.008147074840962887, 0.01494520902633667], "(3, 5, 4, 3)": [0.012066934257745743, 0.014054377563297749, 0.012153618037700653, 0.01731398142874241, 0.012361292727291584], "(3, 5, 3, 2)": [0.016553757712244987, 0.017243150621652603, 0.01713530160486698, 0.017398744821548462, 0.017766250297427177], "(3, 5, 2, 2)": [0.01859286241233349, 0.017424939200282097, 0.017724938690662384, 0.017207499593496323, 0.015782026574015617], "(3, 5, 1, 1)": [0.008625027723610401, 0.017869578674435616, 0.007729596924036741, 0.009442626498639584, 0.00960392877459526], "(3, 5, 1, 2)": [0.014965669251978397, 0.013606798835098743, 0.013556007295846939, 0.011774902231991291, 0.017973346635699272], "(3, 4, 1, 1)": [0.00963650457561016, 0.015330667607486248, 0.011091465130448341, 0.01187964528799057, 0.008298113942146301], "(2, 4, 0, 0)": [0.0, -0.000190339342225343, 0.0, 0.005343903321772814, -0.0010647918097674847], "(2, 5, 1, 1)": [0.01967298611998558, 0.019404027611017227, 0.01953880488872528, 0.019570011645555496, 0.01957099139690399], "(2, 5, 4, 2)": [0.01291582640260458, 0.013104158453643322, 0.019239459186792374, 0.011860249564051628, 0.01391739770770073], "(2, 4, 0, 2)": [0.009787632152438164, 0.008736592717468739, 0.011172449216246605, 0.008647613227367401, 0.01912735588848591], "(1, 4, 0, 1)": [0.012696878053247929, 0.012126988731324673, 0.014216436073184013, 0.01194294448941946, 0.016902834177017212], "(3, 4, 4, 3)": [0.007787913084030151, 0.008054153062403202, 0.004462038166821003, 0.01573844440281391, 0.00463560875505209], "(3, 4, 5, 3)": [0.001631037681363523, 0.0014139697887003422, 0.006908589042723179, 0.0005643104086630046, 0.0005905050202272832], "(3, 5, 4, 2)": [0.01218575518578291, 0.009096956811845303, 0.016736654564738274, 0.009617381729185581, 0.009091191925108433], "(3, 5, 3, 3)": [0.013734196312725544, 0.006414240226149559, 0.00459889555349946, 0.003427730640396476, 0.002471792045980692], "(3, 4, 1, 2)": [0.002623611828312278, 0.0038564675487577915, 0.0006890922086313367, 0.012654316611588001, 0.0017678242875263095], "(2, 5, 2, 1)": [0.004420510493218899, 0.002638419857248664, 0.0, 0.0018461007857695222, 0.000985498889349401], "(1, 4, 1, 2)": [0.01818232238292694, 0.018170509487390518, 0.018052158877253532, 0.018452920019626617, 0.018628614023327827], "(1, 4, 0, 2)": [0.007038922049105167, 0.005045787431299686, 0.01589767076075077, 0.004909848794341087, 0.005456086248159409], "(1, 4, 1, 1)": [0.005242682062089443, 0.0076559558510780334, 0.009013677015900612, 0.014876673929393291, 0.006014293059706688], "(1, 4, 2, 2)": [0.018201317638158798, 0.01712372712790966, 0.01810654066503048, 0.01833212934434414, 0.01882006600499153], "(1, 5, 2, 2)": [0.017785821110010147, 0.01879267394542694, 0.017895996570587158, 0.018095705658197403, 0.017855660989880562], "(1, 5, 3, 3)": [0.017355145886540413, 0.013158551417291164, 0.013356195762753487, 0.012884705327451229, 0.011274630203843117], "(3, 5, 0, 1)": [0.0008870855090208352, 0.0005096324603073299, 0.004724177997559309, 0.0059594446793198586, 0.013544855639338493], "(3, 4, 0, 1)": [0.007971039041876793, 0.005439962260425091, 0.014348038472235203, 0.007647928316146135, 0.006862247362732887], "(1, 4, 3, 3)": [0.012400113046169281, 0.018087320029735565, 0.010647321119904518, 0.007823529653251171, 0.010693316347897053], "(1, 5, 0, 1)": [0.007996758446097374, 0.00989240501075983, 0.009707306511700153, 0.017783859744668007, 0.0054811411537230015], "(1, 5, -1, 1)": [0.0, 0.0, 0.0004965879488736391, 0.0, 0.0009969340171664953], "(1, 5, 0, 2)": [0.012547696940600872, 0.010914981365203857, 0.011480902321636677, 0.017574964091181755, 0.013425905257463455], "(1, 5, 1, 2)": [0.01839536242187023, 0.017857685685157776, 0.018330903723835945, 0.017695646733045578, 0.016728024929761887], "(1, 5, 2, 3)": [0.007116333581507206, 0.008547788485884666, 0.009668847545981407, 0.015770895406603813, 0.007515857461839914], "(1, 5, 1, 3)": [0.00236236909404397, 0.0005232497351244092, 0.0, 0.0, 0.0011359249474480748], "(2, 5, 5, 4)": [-0.000772280793171376, 0.0015191955026239157, 0.0014295565197244287, -2.6749330572783947e-05, 0.002539183711633086], "(2, 4, 2, 3)": [0.005855714902281761, 0.0, 0.0, 0.0, 0.0009680773364380002], "(2, 5, 1, 3)": [0.0, 0.0, 0.0, 0.0005926907761022449, -0.0010797756258398294], "(3, 5, 5, 3)": [0.011773724108934402, 0.004175584297627211, 0.005270514637231827, 0.00127582554705441, 0.005139079876244068], "(1, 4, 3, 2)": [0.01769579015672207, 0.015305562876164913, 0.014368130825459957, 0.014682610519230366, 0.014113648794591427], "(1, 4, 4, 3)": [0.008974127471446991, 0.0028707915917038918, 0.0014226940693333745, 0.001782212988473475, 0.001702786423265934], "(3, 4, 5, 2)": [0.0018629573751240969, 0.0014355829916894436, 0.00102591747418046, 0.0005054649082012475, 0.004949149675667286], "(2, 4, 5, 2)": [0.0, 0.0, 0.001398271881043911, 0.0, 0.0013979111099615693], "(2, 4, -1, 1)": [0.0017045708373188972, 0.0, 0.0009680400835350156, 0.0, 0.0],