{"q_values": {"(2, 5, 2, 2)": [0.019378773868083954, 0.019932886585593224, 0.019274557009339333, 0.018365347757935524, 0.019013619050383568], "(2, 5, 3, 2)": [0.01911046914756298, 0.019375035539269447, 0.019899897277355194, 0.019235461950302124, 0.019119570031762123], "(2, 5, 3, 3)": [0.019894272089004517, 0.016546299681067467, 0.017220301553606987, 0.01764826290309429, 0.017512397840619087], "(2, 4, 2, 2)": [0.017950477078557014, 0.018481098115444183, 0.01921072229743004, 0.019174320623278618, 0.019732866436243057], "(2, 4, 3, 2)": [0.01849471777677536, 0.019113169983029366, 0.018222922459244728, 0.018644656985998154, 0.019882619380950928], "(2, 4, 3, 3)": [0.019737888127565384, 0.01992957852780819, 0.019775617867708206, 0.019776199012994766, 0.019793828949332237], "(2, 4, 4, 3)": [0.019772138446569443, 0.019705288112163544, 0.019927075132727623, 0.019733089953660965, 0.019690148532390594], "(2, 4, 1, 1)": [0.01749843917787075, 0.01802026480436325, 0.018062114715576172, 0.017317524179816246, 0.01975456438958645], "(2, 4, 2, 1)": [0.012816439382731915, 0.014361726120114326, 0.014421515166759491, 0.01428227685391903, 0.018349843099713326], "(2, 5, 4, 3)": [0.01990019902586937, 0.017915211617946625, 0.01823974959552288, 0.018607983365654945, 0.017954885959625244], "(2, 4, 1, 2)": [0.019296817481517792, 0.018038742244243622, 0.01801622100174427, 0.019742876291275024, 0.019169632345438004], "(2, 5, 1, 2)": [0.01990271545946598, 0.01944502256810665, 0.019340360537171364, 0.018844254314899445, 0.019345426931977272], "(2, 5, 0, 2)": [0.019451811909675598, 0.019660798832774162, 0.019429083913564682, 0.019426066428422928, 0.019463762640953064], "(2, 5, 2, 3)": [0.015924055129289627, 0.015532043762505054, 0.014059673063457012, 0.014833273366093636, 0.01666893996298313], "(2, 4, 0, 1)": [0.017509764060378075, 0.018246158957481384, 0.017765777185559273, 0.019756469875574112, 0.017636416479945183], "(2, 4, 4, 2)": [0.019326169043779373, 0.01943093165755272, 0.019279945641756058, 0.01984698697924614, 0.01931317336857319], "(2, 4, 5, 3)": [0.0191220510751009, 0.019517099484801292, 0.018958423286676407, 0.019065821543335915, 0.018909309059381485], "(3, 4, 4, 2)": [0.019587494432926178, 0.019298246130347252, 0.01988646760582924, 0.019594764336943626, 0.019564278423786163], "(3, 4, 3, 2)": [0.019033707678318024, 0.019430695101618767, 0.019488409161567688, 0.01989869400858879, 0.019373202696442604], "(3, 4, 2, 1)": [0.015275266952812672, 0.013817768543958664, 0.01559603400528431, 0.01983998902142048, 0.01517543476074934], "(3, 4, 2, 2)": [0.019299276173114777, 0.018407171592116356, 0.018659908324480057, 0.01983451098203659, 0.01940409652888775], "(3, 4, 3, 1)": [0.0012098937295377254, 0.0009228945709764957, 0.015663854777812958, 0.0033063788432627916, -4.6110013499855995e-05], "(2, 5, 0, 1)": [0.01953226700425148, 0.019552120938897133, 0.01982046477496624, 0.019700847566127777, 0.01966600865125656], "(2, 5, 5, 3)": [0.017378507182002068, 0.01912197284400463, 0.016483217477798462, 0.01696663163602352, 0.0172943864017725], "(3, 5, 4, 3)": [0.01993842050433159, 0.018333936110138893, 0.018942516297101974, 0.018824592232704163, 0.019163426011800766], "(3, 5, 3, 2)": [0.019965749233961105, 0.01888221874833107, 0.018879886716604233, 0.019547922536730766, 0.01877664215862751], "(3, 5, 2, 2)": [0.019924310967326164, 0.018769653514027596, 0.019436413422226906, 0.0195006113499403, 0.01874806359410286], "(3, 5, 1, 1)": [0.019677238538861275, 0.01988595351576805, 0.019678613170981407, 0.019700296223163605, 0.019711703062057495], "(3, 5, 1, 2)": [0.01992109976708889, 0.0196735430508852, 0.019664369523525238, 0.01962205395102501, 0.01952340640127659], "(3, 4, 1, 1)": [0.01808498054742813, 0.018200824037194252, 0.017774000763893127, 0.01799267902970314, 0.019817404448986053], "(2, 4, 0, 0)": [0.00047364109195768833, 0.0007532310555689037, 0.001401175046339631, 0.009305261075496674, -0.0010647918097674847], "(2, 5, 1, 1)": [0.01977926678955555, 0.01986623927950859, 0.019744873046875, 0.01976880058646202, 0.019756123423576355], "(2, 5, 4, 2)": [0.018546057865023613, 0.018125182017683983, 0.019869914278388023, 0.017533423379063606, 0.018059302121400833], "(2, 4, 0, 2)": [0.017281660810112953, 0.018244251608848572, 0.018067048862576485, 0.016564644873142242, 0.019761823117733], "(1, 4, 0, 1)": [0.018603309988975525, 0.018009057268500328, 0.01888834312558174, 0.018286414444446564, 0.019856344908475876], "(3, 4, 4, 3)": [0.01978321559727192, 0.01996753178536892, 0.019795803353190422, 0.01980385184288025, 0.019806375727057457], "(3, 4, 5, 3)": [0.018323883414268494, 0.018840093165636063, 0.01950197108089924, 0.01859384775161743, 0.017774276435375214], "(3, 5, 4, 2)": [0.019658831879496574, 0.0199691504240036, 0.019612038508057594, 0.019615737721323967, 0.019653046503663063], "(3, 5, 3, 3)": [0.01978488080203533, 0.01773868128657341, 0.017610948532819748, 0.01762094534933567, 0.017529569566249847], "(3, 4, 1, 2)": [0.019586144015192986, 0.019787315279245377, 0.019610146060585976, 0.01959702931344509, 0.01958133466541767], "(2, 5, 2, 1)": [0.01976005546748638, 0.0035029537975788116, 0.0043660663068294525, 0.0051812767051160336, 0.005212893709540367], "(1, 4, 1, 2)": [0.018831949681043625, 0.01945192739367485, 0.019468361511826515, 0.01988377422094345, 0.019206250086426735], "(1, 4, 0, 2)": [0.018736448138952255, 0.01978319324553013, 0.01979302242398262, 0.019798602908849716, 0.019905751571059227], "(1, 4, 1, 1)": [0.017136238515377045, 0.01696222834289074, 0.01395927183330059, 0.019440127536654472, 0.01679118350148201], "(1, 4, 2, 2)": [0.01946822553873062, 0.019430749118328094, 0.019657764583826065, 0.01965728960931301, 0.019888337701559067], "(1, 5, 2, 2)": [0.019857263192534447, 0.019394082948565483, 0.019372887909412384, 0.019364621490240097, 0.01942344941198826], "(1, 5, 3, 3)": [0.019830944016575813, 0.017300553619861603, 0.01666741631925106, 0.015801172703504562, 0.016380980610847473], "(3, 5, 0, 1)": [0.019035881385207176, 0.019495373591780663, 0.019251959398388863, 0.019339973106980324, 0.019894614815711975], "(3, 4, 0, 1)": [0.016782592982053757, 0.0171818770468235, 0.016518225893378258, 0.01699364185333252, 0.019793014973402023], "(1, 4, 3, 3)": [0.0198521725833416, 0.019736679270863533, 0.0197385773062706, 0.019721001386642456, 0.019678648561239243], "(1, 5, 0, 1)": [0.019737176597118378, 0.01977395825088024, 0.019923128187656403, 0.019694926217198372, 0.019773883745074272], "(1, 5, -1, 1)": [0.0, 0.000667367537971586, 0.0014647687785327435, 0.002660901751369238, 0.016392618417739868], "(1, 5, 0, 2)": [0.019897036254405975, 0.019536999985575676, 0.019444379955530167, 0.019548386335372925, 0.019334735348820686], "(1, 5, 1, 2)": [0.019397282972931862, 0.019940437749028206, 0.01933870278298855, 0.018853984773159027, 0.01849176734685898], "(1, 5, 2, 3)": [0.019758079200983047, 0.017210952937602997, 0.017576612532138824, 0.01752990111708641, 0.016746731474995613], "(1, 5, 1, 3)": [0.0010900786146521568, 0.002290942007675767, -0.0008729660767130554, 0.001859776908531785, 0.011392389424145222], "(2, 5, 5, 4)": [0.0018027970800176263, 0.0024602985940873623, 0.012540261261165142, 0.0005735806189477444, 0.0032706724014133215], "(2, 4, 2, 3)": [0.019797896966338158, 0.007250646594911814, 0.007651847787201405, 0.0019316580146551132, 0.00281406007707119], "(2, 5, 1, 3)": [0.0, 0.0, 0.0, 0.005234628915786743, -0.001628825906664133], "(3, 5, 5, 3)": [0.01725192740559578, 0.019659336656332016, 0.017853444442152977, 0.01774992235004902, 0.016442913562059402], "(1, 4, 3, 2)": [0.019529147073626518, 0.019528720527887344, 0.019407762214541435, 0.019524384289979935, 0.019877532497048378], "(1, 4, 4, 3)": [0.019770842045545578, 0.01805799826979637, 0.018233560025691986, 0.017960326746106148, 0.018991747871041298], "(3, 4, 5, 2)": [0.008622892200946808, 0.009101909585297108, 0.0047180564142763615, 0.007217403966933489, 0.01949184201657772],