{"q_values": {"(2, 5, 2, 2)": [0.019759992137551308, 0.018066270276904106, 0.01803610287606716, 0.01829111948609352, 0.01886744238436222], "(2, 5, 3, 2)": [0.019743816927075386, 0.018537908792495728, 0.018519990146160126, 0.01864609494805336, 0.01929420977830887], "(2, 5, 3, 3)": [0.017516393214464188, 0.019673656672239304, 0.017970532178878784, 0.01752636395394802, 0.018260307610034943], "(2, 4, 2, 2)": [0.018634963780641556, 0.01840493455529213, 0.017967339605093002, 0.01871076039969921, 0.019701464101672173], "(2, 4, 3, 2)": [0.019372791051864624, 0.019271694123744965, 0.01950930990278721, 0.019274357706308365, 0.019773852080106735], "(2, 4, 3, 3)": [0.019793810322880745, 0.019780462607741356, 0.019778816029429436, 0.01988139934837818, 0.01979670114815235], "(2, 4, 4, 3)": [0.0197199285030365, 0.019711287692189217, 0.01972443237900734, 0.01986868865787983, 0.019726568832993507], "(2, 4, 1, 1)": [0.018701821565628052, 0.018255777657032013, 0.018668871372938156, 0.019704123958945274, 0.01841454766690731], "(2, 4, 2, 1)": [0.012469463981688023, 0.01416227500885725, 0.014421515166759491, 0.01403125561773777, 0.01935710199177265], "(2, 5, 4, 3)": [0.01974714733660221, 0.018028974533081055, 0.01943507418036461, 0.019534872844815254, 0.01840769499540329], "(2, 4, 1, 2)": [0.019535446539521217, 0.01910862885415554, 0.019589779898524284, 0.01983032375574112, 0.018478162586688995], "(2, 5, 1, 2)": [0.019412683323025703, 0.01983609050512314, 0.01946232281625271, 0.01914042979478836, 0.01946069300174713], "(2, 5, 0, 2)": [0.019412469118833542, 0.019439704716205597, 0.01935720629990101, 0.01988396793603897, 0.01940256543457508], "(2, 5, 2, 3)": [0.019032806158065796, 0.015532043762505054, 0.014059673063457012, 0.014833273366093636, 0.015928417444229126], "(2, 4, 0, 1)": [0.01775222271680832, 0.018058419227600098, 0.01817336305975914, 0.017982855439186096, 0.019722186028957367], "(2, 4, 4, 2)": [0.019326169043779373, 0.019380096346139908, 0.01925237476825714, 0.019716350361704826, 0.01931317336857319], "(2, 4, 5, 3)": [0.019051996991038322, 0.0197733324021101, 0.01890735886991024, 0.018981238827109337, 0.018855653703212738], "(3, 4, 4, 2)": [0.019657833501696587, 0.01910385489463806, 0.019369816407561302, 0.019370321184396744, 0.01937158778309822], "(3, 4, 3, 2)": [0.017516369000077248, 0.017630578950047493, 0.017687153071165085, 0.019035277888178825, 0.019505193457007408], "(3, 4, 2, 1)": [0.015275266952812672, 0.013817768543958664, 0.014675339683890343, 0.01798108033835888, 0.014423767104744911], "(3, 4, 2, 2)": [0.019095318391919136, 0.01910543441772461, 0.017880763858556747, 0.019318673759698868, 0.019061047583818436], "(3, 4, 3, 1)": [0.0012098937295377254, 0.0009228945709764957, 0.017058098688721657, 0.0033063788432627916, -4.6110013499855995e-05], "(2, 5, 0, 1)": [0.019613008946180344, 0.01988978311419487, 0.01975174807012081, 0.01976008340716362, 0.019769098609685898], "(2, 5, 5, 3)": [0.019614120945334435, 0.0178353413939476, 0.016483217477798462, 0.01681702584028244, 0.01690579578280449], "(3, 5, 4, 3)": [0.019809938967227936, 0.017797190696001053, 0.01842053420841694, 0.018663935363292694, 0.018896155059337616], "(3, 5, 3, 2)": [0.019390765577554703, 0.019849419593811035, 0.019391139969229698, 0.019587544724345207, 0.01935967616736889], "(3, 5, 2, 2)": [0.01941123977303505, 0.01976257562637329, 0.019025539979338646, 0.01950838789343834, 0.019602952525019646], "(3, 5, 1, 1)": [0.019781991839408875, 0.019781719893217087, 0.01979670859873295, 0.019770672544836998, 0.019762281328439713], "(3, 5, 1, 2)": [0.01984218694269657, 0.019707687199115753, 0.019724680110812187, 0.019694296643137932, 0.01948828250169754], "(3, 4, 1, 1)": [0.018537359312176704, 0.01728386990725994, 0.01683245599269867, 0.01687696762382984, 0.017224397510290146], "(2, 4, 0, 0)": [0.00047364109195768833, 0.0007532310555689037, 0.001401175046339631, 0.009305261075496674, -0.0010647918097674847], "(2, 5, 1, 1)": [0.019846072420477867, 0.019750820472836494, 0.019743606448173523, 0.019735345616936684, 0.019709298387169838], "(2, 5, 4, 2)": [0.018546057865023613, 0.018125182017683983, 0.019870074465870857, 0.017410507425665855, 0.018059302121400833], "(2, 4, 0, 2)": [0.017281660810112953, 0.01815822906792164, 0.01787274330854416, 0.01638682931661606, 0.0198964923620224], "(1, 4, 0, 1)": [0.019611353054642677, 0.019512251019477844, 0.018322812393307686, 0.019885914400219917, 0.019571928307414055], "(3, 4, 4, 3)": [0.019745059311389923, 0.01975560560822487, 0.019777996465563774, 0.019756553694605827, 0.01975504867732525], "(3, 4, 5, 3)": [0.018323883414268494, 0.018789293244481087, 0.01964057981967926, 0.01852690428495407, 0.017774276435375214], "(3, 5, 4, 2)": [0.019589275121688843, 0.019896479323506355, 0.01958533003926277, 0.01956026628613472, 0.01961054466664791], "(3, 5, 3, 3)": [0.017929011955857277, 0.019853567704558372, 0.017610948532819748, 0.01762094534933567, 0.017412642017006874], "(3, 4, 1, 2)": [0.019640013575553894, 0.01961776427924633, 0.01962095871567726, 0.01964021474123001, 0.019617926329374313], "(2, 5, 2, 1)": [0.01970062591135502, 0.0035029537975788116, 0.0043660663068294525, 0.0051812767051160336, 0.005212893709540367], "(1, 4, 1, 2)": [0.0197198074311018, 0.01970038190484047, 0.01902303844690323, 0.01986672915518284, 0.018843263387680054], "(1, 4, 0, 2)": [0.018479006364941597, 0.019770583137869835, 0.01981276646256447, 0.01990552246570587, 0.019820550456643105], "(1, 4, 1, 1)": [0.01699356734752655, 0.016817491501569748, 0.01395927183330059, 0.018427517265081406, 0.01679118350148201], "(1, 4, 2, 2)": [0.019752878695726395, 0.019735759124159813, 0.019686058163642883, 0.01974988542497158, 0.019959593191742897], "(1, 5, 2, 2)": [0.019538767635822296, 0.019922396168112755, 0.019574638456106186, 0.019633706659078598, 0.019509274512529373], "(1, 5, 3, 3)": [0.019886881113052368, 0.019244376569986343, 0.0187469981610775, 0.018703075125813484, 0.019081629812717438], "(3, 5, 0, 1)": [0.01888556219637394, 0.01945587247610092, 0.019230837002396584, 0.019282376393675804, 0.01987665705382824], "(3, 4, 0, 1)": [0.016787033528089523, 0.01642763987183571, 0.01584930345416069, 0.015999553725123405, 0.01676330901682377], "(1, 4, 3, 3)": [0.0199409369379282, 0.019853562116622925, 0.01981481723487377, 0.01984190195798874, 0.019831780344247818], "(1, 5, 0, 1)": [0.01978127844631672, 0.019864559173583984, 0.01985834166407585, 0.019778858870267868, 0.019914528355002403], "(1, 5, -1, 1)": [0.0, 0.000667367537971586, 0.0014647687785327435, 0.002660901751369238, 0.016013549640774727], "(1, 5, 0, 2)": [0.019941452890634537, 0.019513092935085297, 0.01953413151204586, 0.019536031410098076, 0.019426358863711357], "(1, 5, 1, 2)": [0.01959766261279583, 0.01996268518269062, 0.019231773912906647, 0.019203055649995804, 0.019335659220814705], "(1, 5, 2, 3)": [0.019862337037920952, 0.017210952937602997, 0.01745755970478058, 0.017290228977799416, 0.017840201035141945], "(1, 5, 1, 3)": [0.0010900786146521568, 0.002290942007675767, -0.0008729660767130554, 0.001859776908531785, 0.010532605461776257], "(2, 5, 5, 4)": [0.0018027970800176263, 0.0024602985940873623, 0.011940657161176205, 0.0005735806189477444, 0.0032706724014133215], "(2, 4, 2, 3)": [0.019864514470100403, 0.007250646594911814, 0.007008117623627186, 0.0019316580146551132, 0.00281406007707119], "(2, 5, 1, 3)": [0.0, 0.0, 0.0, 0.005234628915786743, -0.001628825906664133], "(3, 5, 5, 3)": [0.01725192740559578, 0.01949981227517128, 0.017644129693508148, 0.017577558755874634, 0.016442913562059402], "(1, 4, 3, 2)": [0.019608493894338608, 0.01961548440158367, 0.019407762214541435, 0.019949687644839287, 0.019611189141869545], "(1, 4, 4, 3)": [0.019874559715390205, 0.01805799826979637, 0.018233560025691986, 0.017960326746106148, 0.018951650708913803], "(3, 4, 5, 2)": [0.008622892200946808, 0.009101909585297108, 0.0047180564142763615, 0.007217403966933489, 0.01928693614900112],