{"q_values": {"(2, 5, 2, 2)": [0.019855454564094543, 0.019416438415646553, 0.019411612302064896, 0.019398141652345657, 0.019090378656983376], "(2, 5, 3, 2)": [0.01988980546593666, 0.01946917548775673, 0.01802256889641285, 0.019459819421172142, 0.019519111141562462], "(2, 5, 3, 3)": [0.018269816413521767, 0.019785314798355103, 0.01925382949411869, 0.019010527059435844, 0.01900320127606392], "(2, 4, 2, 2)": [0.01863357424736023, 0.018758442252874374, 0.017941100522875786, 0.019937757402658463, 0.018799932673573494], "(2, 4, 3, 2)": [0.019495461136102676, 0.01946539804339409, 0.019291063770651817, 0.018770989030599594, 0.01995120197534561], "(2, 4, 3, 3)": [0.01980380155146122, 0.01980515755712986, 0.01978909783065319, 0.019759774208068848, 0.019912205636501312], "(2, 4, 4, 3)": [0.019899604842066765, 0.019715655595064163, 0.019714243710041046, 0.01972915045917034, 0.019724616780877113], "(2, 4, 1, 1)": [0.0192237701267004, 0.019407710060477257, 0.01946079358458519, 0.019528789445757866, 0.019875172525644302], "(2, 4, 2, 1)": [0.012816439382731915, 0.01460740901529789, 0.014421515166759491, 0.01454540528357029, 0.019142962992191315], "(2, 5, 4, 3)": [0.0198424831032753, 0.01911274902522564, 0.018481574952602386, 0.019099174067378044, 0.018831858411431313], "(2, 4, 1, 2)": [0.01959715224802494, 0.01896495185792446, 0.019596461206674576, 0.019582567736506462, 0.019922669976949692], "(2, 5, 1, 2)": [0.01990406960248947, 0.01959323324263096, 0.019475802779197693, 0.01887167990207672, 0.01944737695157528], "(2, 5, 0, 2)": [0.01953796297311783, 0.01954284869134426, 0.019503973424434662, 0.019431553781032562, 0.01990903541445732], "(2, 5, 2, 3)": [0.019647400826215744, 0.015721933916211128, 0.014523214660584927, 0.014833273366093636, 0.015901466831564903], "(2, 4, 0, 1)": [0.01828835904598236, 0.018324311822652817, 0.01844477839767933, 0.017949985340237617, 0.01989317499101162], "(2, 4, 4, 2)": [0.01928352378308773, 0.019228117540478706, 0.01920664869248867, 0.01933259330689907, 0.019887227565050125], "(2, 4, 5, 3)": [0.019852343946695328, 0.01920482888817787, 0.019166037440299988, 0.019268179312348366, 0.01911185309290886], "(3, 4, 4, 2)": [0.01808137446641922, 0.019573835656046867, 0.019573627039790154, 0.019606392830610275, 0.01990504190325737], "(3, 4, 3, 2)": [0.019328473135828972, 0.01934010721743107, 0.01943722367286682, 0.019865594804286957, 0.019403764978051186], "(3, 4, 2, 1)": [0.016267593950033188, 0.015217090025544167, 0.016386698931455612, 0.01977025717496872, 0.016209052875638008], "(3, 4, 2, 2)": [0.017833294346928596, 0.017598506063222885, 0.0179684367030859, 0.018011484295129776, 0.019803088158369064], "(3, 4, 3, 1)": [0.0012098937295377254, 0.0009228945709764957, 0.017068738117814064, 0.0033063788432627916, -4.6110013499855995e-05], "(2, 5, 0, 1)": [0.019769759848713875, 0.019748685881495476, 0.01993652619421482, 0.01975945197045803, 0.01978355087339878], "(2, 5, 5, 3)": [0.019740508869290352, 0.016690604388713837, 0.01608898863196373, 0.016762729734182358, 0.01623419113457203], "(3, 5, 4, 3)": [0.0198839008808136, 0.018971722573041916, 0.019247807562351227, 0.018802523612976074, 0.018723906949162483], "(3, 5, 3, 2)": [0.019895240664482117, 0.019686531275510788, 0.01977742463350296, 0.01959652453660965, 0.019697457551956177], "(3, 5, 2, 2)": [0.019906867295503616, 0.019634660333395004, 0.019582435488700867, 0.019653335213661194, 0.01950957253575325], "(3, 5, 1, 1)": [0.01968284510076046, 0.01968356966972351, 0.019876856356859207, 0.019696295261383057, 0.01968541368842125], "(3, 5, 1, 2)": [0.019942406564950943, 0.019631408154964447, 0.019519584253430367, 0.01862998493015766, 0.019409693777561188], "(3, 4, 1, 1)": [0.017686959356069565, 0.016965245828032494, 0.016851898282766342, 0.018163055181503296, 0.019795188680291176], "(2, 4, 0, 0)": [0.00047364109195768833, 0.0007532310555689037, 0.001401175046339631, 0.009343869984149933, -0.0010647918097674847], "(2, 5, 1, 1)": [0.019777216017246246, 0.01979406364262104, 0.019937613978981972, 0.019799144938588142, 0.019805269315838814], "(2, 5, 4, 2)": [0.018737712875008583, 0.01821734756231308, 0.01991654559969902, 0.01776205562055111, 0.018238365650177002], "(2, 4, 0, 2)": [0.017281660810112953, 0.01840784028172493, 0.01824820414185524, 0.0170176699757576, 0.019938316196203232], "(1, 4, 0, 1)": [0.018286369740962982, 0.018477315083146095, 0.019881723448634148, 0.018387446179986, 0.018518907949328423], "(3, 4, 4, 3)": [0.019844479858875275, 0.01974928006529808, 0.019944632425904274, 0.019839998334646225, 0.019845131784677505], "(3, 4, 5, 3)": [0.018622027710080147, 0.0191144198179245, 0.01993521675467491, 0.01872110180556774, 0.018574979156255722], "(3, 5, 4, 2)": [0.019753994420170784, 0.019916269928216934, 0.01975288987159729, 0.019717438146471977, 0.019700367003679276], "(3, 5, 3, 3)": [0.01758098416030407, 0.019874207675457, 0.018017876893281937, 0.018112964928150177, 0.018206624314188957], "(3, 4, 1, 2)": [0.01970641128718853, 0.019698210060596466, 0.019718969240784645, 0.019697846844792366, 0.019689125940203667], "(2, 5, 2, 1)": [0.01987091824412346, 0.0035029537975788116, 0.0043660663068294525, 0.005915886722505093, 0.005212893709540367], "(1, 4, 1, 2)": [0.01940736547112465, 0.019692054018378258, 0.019782358780503273, 0.019919224083423615, 0.019796792417764664], "(1, 4, 0, 2)": [0.01937992312014103, 0.019752705469727516, 0.01992439292371273, 0.019750231876969337, 0.01972470059990883], "(1, 4, 1, 1)": [0.01816139742732048, 0.018188536167144775, 0.015049584209918976, 0.01990484446287155, 0.01799876056611538], "(1, 4, 2, 2)": [0.019544241949915886, 0.018829526379704475, 0.01959201507270336, 0.01942296326160431, 0.01994362287223339], "(1, 5, 2, 2)": [0.019542967900633812, 0.019939368590712547, 0.019109906628727913, 0.019545959308743477, 0.01945526897907257], "(1, 5, 3, 3)": [0.019917208701372147, 0.018551142886281013, 0.017816470935940742, 0.017386317253112793, 0.017641443759202957], "(3, 5, 0, 1)": [0.019427593797445297, 0.019677916541695595, 0.019523099064826965, 0.019556453451514244, 0.01992037519812584], "(3, 4, 0, 1)": [0.01717795804142952, 0.016570692881941795, 0.019581472501158714, 0.01654803194105625, 0.016752826049923897], "(1, 4, 3, 3)": [0.01977701671421528, 0.01996579021215439, 0.019795354455709457, 0.01978415437042713, 0.019778694957494736], "(1, 5, 0, 1)": [0.019732682034373283, 0.019725516438484192, 0.019744183868169785, 0.019725315272808075, 0.01996121183037758], "(1, 5, -1, 1)": [0.0, 0.000667367537971586, 0.0014647687785327435, 0.002660901751369238, 0.01825210452079773], "(1, 5, 0, 2)": [0.019645260646939278, 0.019627846777439117, 0.01988118886947632, 0.019576488062739372, 0.01959240809082985], "(1, 5, 1, 2)": [0.019484350457787514, 0.019911354407668114, 0.0195894967764616, 0.01956326700747013, 0.019341720268130302], "(1, 5, 2, 3)": [0.01757158897817135, 0.019869234412908554, 0.01714332588016987, 0.017382917925715446, 0.01771434023976326], "(1, 5, 1, 3)": [0.0010900786146521568, 0.002290942007675767, -0.0008729660767130554, 0.001859776908531785, 0.010831143707036972], "(2, 5, 5, 4)": [0.0018027970800176263, 0.0024602985940873623, 0.012561879120767117, 0.0005735806189477444, 0.0032706724014133215], "(2, 4, 2, 3)": [0.01990087889134884, 0.007250646594911814, 0.007651847787201405, 0.0019316580146551132, 0.00281406007707119], "(2, 5, 1, 3)": [0.0, 0.0, 0.0, 0.006784491240978241, -0.001628825906664133], "(3, 5, 5, 3)": [0.017691873013973236, 0.01987351104617119, 0.018449455499649048, 0.018300579860806465, 0.017209285870194435], "(1, 4, 3, 2)": [0.019692616537213326, 0.01966434344649315, 0.01997983083128929, 0.01965540461242199, 0.019679255783557892], "(1, 4, 4, 3)": [0.019934173673391342, 0.019066043198108673, 0.01901063323020935, 0.01869482547044754, 0.019376905634999275], "(3, 4, 5, 2)": [0.008622892200946808, 0.009101909585297108, 0.0047180564142763615, 0.007217403966933489, 0.01959066279232502],