{"q_values": {"(2, 5, 2, 2)": [0.019454848021268845, 0.019779788330197334, 0.01865442655980587, 0.019482003524899483, 0.019353579729795456], "(2, 5, 3, 2)": [0.019730689004063606, 0.019543178379535675, 0.01828782446682453, 0.019483134150505066, 0.019595731049776077], "(2, 5, 3, 3)": [0.018428217619657516, 0.01972043327987194, 0.019280720502138138, 0.01907738670706749, 0.019161175936460495], "(2, 4, 2, 2)": [0.018336279317736626, 0.018280668184161186, 0.017312904819846153, 0.017593776807188988, 0.019648928195238113], "(2, 4, 3, 2)": [0.017448142170906067, 0.01900896057486534, 0.01815342903137207, 0.019785873591899872, 0.018221525475382805], "(2, 4, 3, 3)": [0.019751060754060745, 0.019850172102451324, 0.01977314054965973, 0.019732441753149033, 0.0197526216506958], "(2, 4, 4, 3)": [0.019641077145934105, 0.01968245767056942, 0.019676346331834793, 0.019685830920934677, 0.019863443449139595], "(2, 4, 1, 1)": [0.017816446721553802, 0.018068896606564522, 0.018181176856160164, 0.017588339745998383, 0.0196242518723011], "(2, 4, 2, 1)": [0.012816439382731915, 0.01460740901529789, 0.014421515166759491, 0.01454540528357029, 0.01772518828511238], "(2, 5, 4, 3)": [0.019705574959516525, 0.019185399636626244, 0.01888626255095005, 0.019136160612106323, 0.019083358347415924], "(2, 4, 1, 2)": [0.01944267936050892, 0.01909097097814083, 0.019371993839740753, 0.01967216655611992, 0.0193694569170475], "(2, 5, 1, 2)": [0.019826851785182953, 0.01937210001051426, 0.01819162257015705, 0.019286837428808212, 0.01937478594481945], "(2, 5, 0, 2)": [0.01953796297311783, 0.01954284869134426, 0.019503973424434662, 0.01945643313229084, 0.01971193589270115], "(2, 5, 2, 3)": [0.01908441260457039, 0.015721933916211128, 0.014523214660584927, 0.014833273366093636, 0.015901466831564903], "(2, 4, 0, 1)": [0.018624557182192802, 0.01880352757871151, 0.01880565658211708, 0.01822720468044281, 0.019634069874882698], "(2, 4, 4, 2)": [0.01915711537003517, 0.01913483254611492, 0.01920664869248867, 0.019206944853067398, 0.01978510059416294], "(2, 4, 5, 3)": [0.01915542595088482, 0.01912885345518589, 0.01974405348300934, 0.019135162234306335, 0.01911185309290886], "(3, 4, 4, 2)": [0.018175609409809113, 0.019573835656046867, 0.019613226875662804, 0.019606392830610275, 0.019827015697956085], "(3, 4, 3, 2)": [0.019454970955848694, 0.019446274265646935, 0.019401265308260918, 0.019486872479319572, 0.01982906274497509], "(3, 4, 2, 1)": [0.016267593950033188, 0.015217090025544167, 0.016386698931455612, 0.01977650821208954, 0.016209052875638008], "(3, 4, 2, 2)": [0.017833294346928596, 0.01810445822775364, 0.01821278966963291, 0.018279563635587692, 0.01981164701282978], "(3, 4, 3, 1)": [0.0012098937295377254, 0.0009228945709764957, 0.015292830765247345, 0.0033063788432627916, -4.6110013499855995e-05], "(2, 5, 0, 1)": [0.01956295222043991, 0.0198272205889225, 0.019756464287638664, 0.019764281809329987, 0.01976463384926319], "(2, 5, 5, 3)": [0.019645461812615395, 0.016987940296530724, 0.01608898863196373, 0.016762729734182358, 0.01673198491334915], "(3, 5, 4, 3)": [0.019870314747095108, 0.018971722573041916, 0.019316144287586212, 0.018858063966035843, 0.018895165994763374], "(3, 5, 3, 2)": [0.019758576527237892, 0.019757360219955444, 0.019930746406316757, 0.019673192873597145, 0.019732162356376648], "(3, 5, 2, 2)": [0.019920988008379936, 0.019687917083501816, 0.019653959199786186, 0.019733067601919174, 0.01957927644252777], "(3, 5, 1, 1)": [0.019714022055268288, 0.019716911017894745, 0.019883986562490463, 0.019696295261383057, 0.019727962091565132], "(3, 5, 1, 2)": [0.019914714619517326, 0.019631408154964447, 0.019519584253430367, 0.01875920034945011, 0.019409693777561188], "(3, 4, 1, 1)": [0.018168387934565544, 0.016965245828032494, 0.01751323975622654, 0.01839229092001915, 0.019781094044446945], "(2, 4, 0, 0)": [0.00047364109195768833, 0.0007532310555689037, 0.001401175046339631, 0.010520369745790958, -0.0010647918097674847], "(2, 5, 1, 1)": [0.019900307059288025, 0.019793998450040817, 0.019747238606214523, 0.0197658259421587, 0.0197537150233984], "(2, 5, 4, 2)": [0.018737712875008583, 0.01821734756231308, 0.01986665464937687, 0.01776205562055111, 0.018238365650177002], "(2, 4, 0, 2)": [0.017281660810112953, 0.01840784028172493, 0.01824820414185524, 0.0170176699757576, 0.01992710679769516], "(1, 4, 0, 1)": [0.018520258367061615, 0.01736374944448471, 0.01822391338646412, 0.018387446179986, 0.019835934042930603], "(3, 4, 4, 3)": [0.01992364414036274, 0.01976938545703888, 0.01985757425427437, 0.019862957298755646, 0.019851217046380043], "(3, 4, 5, 3)": [0.018622027710080147, 0.0191144198179245, 0.019887035712599754, 0.01872110180556774, 0.0186169371008873], "(3, 5, 4, 2)": [0.019934142008423805, 0.01966477371752262, 0.01975288987159729, 0.019725963473320007, 0.019700367003679276], "(3, 5, 3, 3)": [0.01758098416030407, 0.01987731270492077, 0.018114708364009857, 0.01820487156510353, 0.018206624314188957], "(3, 4, 1, 2)": [0.01970641128718853, 0.019698210060596466, 0.019812362268567085, 0.01969984732568264, 0.019689125940203667], "(2, 5, 2, 1)": [0.019878489896655083, 0.0035029537975788116, 0.0043660663068294525, 0.005915886722505093, 0.005212893709540367], "(1, 4, 1, 2)": [0.019435660913586617, 0.01967647299170494, 0.019616972655057907, 0.019615931436419487, 0.019905956462025642], "(1, 4, 0, 2)": [0.019403768703341484, 0.019708482548594475, 0.019737275317311287, 0.019958166405558586, 0.01972470059990883], "(1, 4, 1, 1)": [0.01816139742732048, 0.019762441515922546, 0.01529477909207344, 0.017772560939192772, 0.01799876056611538], "(1, 4, 2, 2)": [0.019294215366244316, 0.01888587512075901, 0.01796327345073223, 0.01798364520072937, 0.019842641428112984], "(1, 5, 2, 2)": [0.019387507811188698, 0.0198664553463459, 0.019247185438871384, 0.017999039962887764, 0.0178530253469944], "(1, 5, 3, 3)": [0.019845161586999893, 0.018798619508743286, 0.018011702224612236, 0.01773122325539589, 0.017856819555163383], "(3, 5, 0, 1)": [0.019427593797445297, 0.01969227008521557, 0.01954384706914425, 0.019556453451514244, 0.019904091954231262], "(3, 4, 0, 1)": [0.01717795804142952, 0.016570692881941795, 0.0197207760065794, 0.01654803194105625, 0.016752826049923897], "(1, 4, 3, 3)": [0.01977701671421528, 0.01994439773261547, 0.019803816452622414, 0.019790619611740112, 0.019786691293120384], "(1, 5, 0, 1)": [0.01973363570868969, 0.019725516438484192, 0.019744183868169785, 0.019735779613256454, 0.01994960941374302], "(1, 5, -1, 1)": [0.0, 0.000667367537971586, 0.0014647687785327435, 0.002660901751369238, 0.01825210452079773], "(1, 5, 0, 2)": [0.019586510956287384, 0.0199025459587574, 0.019608475267887115, 0.019552070647478104, 0.01955779269337654], "(1, 5, 1, 2)": [0.01815302111208439, 0.019802464172244072, 0.01852506957948208, 0.019302979111671448, 0.018184177577495575], "(1, 5, 2, 3)": [0.01757158897817135, 0.019813667982816696, 0.01714332588016987, 0.017382917925715446, 0.01771434023976326], "(1, 5, 1, 3)": [0.0010900786146521568, 0.002290942007675767, -0.0008729660767130554, 0.001859776908531785, 0.011409785598516464], "(2, 5, 5, 4)": [0.0018027970800176263, 0.0024602985940873623, 0.013561374507844448, 0.0005735806189477444, 0.0032706724014133215], "(2, 4, 2, 3)": [0.01989223249256611, 0.007250646594911814, 0.007651847787201405, 0.0019316580146551132, 0.00281406007707119], "(2, 5, 1, 3)": [0.0, 0.0, 0.0, 0.006784491240978241, -0.001628825906664133], "(3, 5, 5, 3)": [0.017691873013973236, 0.019836988300085068, 0.018449455499649048, 0.018300579860806465, 0.01730348728597164], "(1, 4, 3, 2)": [0.019520048052072525, 0.019529253244400024, 0.019496796652674675, 0.019661005586385727, 0.01952204667031765], "(1, 4, 4, 3)": [0.01992744207382202, 0.019066043198108673, 0.01901063323020935, 0.01869482547044754, 0.019376905634999275], "(3, 4, 5, 2)": [0.008622892200946808, 0.009643497876822948, 0.0047180564142763615, 0.007844191044569016, 0.019433414563536644],