{"q_values": {"(2, 6, 1, 1)": [-4.36129093170166, -4.36129093170166, -4.36129093170166, -4.36129093170166, -4.36129093170166, -4.36129093170166, -4.36129093170166], "(2, 6, 2, 1)": [-4.36129093170166, 0.0, -4.36129093170166, 0.0, 0.0, 0.0, 0.0], "(2, 7, 1, 1)": [-4.36129093170166, -4.361289024353027, 0.0, -4.36129093170166, 0.0, -4.361290454864502, -4.3612871170043945], "(2, 6, 0, 1)": [0.0, 0.0, 0.0, -4.361282825469971, 0.0, 0.0, 0.0], "(2, 7, 2, 1)": [0.0, 0.0, 0.0, 0.0, 0.0, -4.359161853790283, 0.0], "(2, 8, 2, 2)": [-4.344254970550537, 0.0, 0.0, 0.0, -4.327218532562256, 0.0, 0.0], "(2, 9, 2, 1)": [0.0, -4.293146133422852, 0.0, 0.0, 0.0, 0.0, 0.0], "(2, 10, 2, 1)": [0.0, 0.0, 0.0, -4.088710308074951, 0.0, 0.0, 0.0], "(2, 10, 1, 1)": [-3.816129684448242, 0.0, 0.0, 0.0, -3.270968198776245, 0.0, -2.18064546585083]}, "n_values": {"(2, 6, 1, 1)": [1.0, 1.0, 1.0, 1.0, 1.0, 1.0, 1.0], "(2, 6, 2, 1)": [1.0, 0.0, 1.0, 0.0, 0.0, 0.0, 0.0], "(2, 7, 1, 1)": [1.0, 1.0, 0.0, 1.0, 0.0, 1.0, 1.0], "(2, 6, 0, 1)": [0.0, 0.0, 0.0, 1.0, 0.0, 0.0, 0.0], "(2, 7, 2, 1)": [0.0, 0.0, 0.0, 0.0, 0.0, 1.0, 0.0], "(2, 8, 2, 2)": [1.0, 0.0, 0.0, 0.0, 1.0, 0.0, 0.0], "(2, 9, 2, 1)": [0.0, 1.0, 0.0, 0.0, 0.0, 0.0, 0.0], "(2, 10, 2, 1)": [0.0, 0.0, 0.0, 1.0, 0.0, 0.0, 0.0], "(2, 10, 1, 1)": [1.0, 0.0, 0.0, 0.0, 1.0, 0.0, 1.0]}}