{"q_values": {"(2, 5, 2, 2)": [0.0, -0.043860070407390594, -0.04319584742188454, 0.0, -0.043881453573703766], "(2, 5, 3, 2)": [0.0, -0.04388133063912392, -0.0438801571726799, -0.04353867098689079, -0.043880827724933624], "(2, 5, 3, 3)": [0.0, -0.04387881979346275, -0.043881163001060486, -0.04383864253759384, -0.038396310061216354]}, "n_values": {"(2, 5, 2, 2)": [0.0, 1.0, 1.0, 0.0, 1.0], "(2, 5, 3, 2)": [0.0, 1.0, 1.0, 1.0, 1.0], "(2, 5, 3, 3)": [0.0, 1.0, 1.0, 1.0, 1.0]}}