{"q_values": {"(4, 5, 4, 4)": [0.0, 0.0, 0.0, 0.0, 0.0, 0.0, 0.0, -0.03999999538064003, 0.0, 0.0], "(4, 5, 5, 5)": [0.0, 0.0, 0.0, 0.0, 0.0, 0.0, -0.03999999165534973, 0.0, 0.0, 0.0], "(4, 5, 6, 6)": [0.0, 0.0, 0.0, 0.0, 0.0, 0.0, -0.039999980479478836, 0.0, 0.0, 0.0], "(4, 5, 6, 7)": [0.0, 0.0, 0.0, 0.0, 0.0, 0.0, 0.0, -0.039999961853027344, 0.0, 0.0], "(4, 6, 7, 9)": [0.0, 0.0, 0.0, 0.0, 0.0, 0.0, 0.0, -0.03999992460012436, 0.0, 0.0], "(4, 6, 8, 10)": [0.0, 0.0, 0.0, 0.0, 0.0, -0.03999985009431839, 0.0, -0.03999969735741615, 0.0, 0.0], "(4, 6, 9, 12)": [0.0, 0.0, 0.0, 0.0, -0.03999878093600273, -0.03999939188361168, 0.0, 0.0, 0.0, 0.0], "(4, 6, 8, 11)": [0.0, 0.0, 0.0, 0.0, 0.0, 0.0, 0.0, 0.0, 0.0, -0.039997559040784836], "(4, 6, 10, 13)": [0.0, 0.0, 0.0, 0.0, 0.0, 0.0, 0.0, 0.0, -0.03999511897563934, 0.0], "(4, 7, 11, 15)": [0.0, 0.0, 0.0, -0.039960939437150955, 0.0, 0.0, 0.0, 0.0, 0.0, -0.03999023512005806], "(4, 7, 12, 17)": [0.0, 0.0, -0.03998047113418579, 0.0, 0.0, 0.0, 0.0, 0.0, 0.0, 0.0], "(4, 7, 10, 14)": [0.0, 0.0, -0.039921876043081284, 0.0, 0.0, 0.0, 0.0, 0.0, 0.0, 0.0], "(4, 8, 8, 12)": [0.0, 0.0, 0.0, 0.0, 0.0, 0.0, -0.03984374925494194, 0.0, 0.0, 0.0], "(4, 8, 9, 13)": [0.0, 0.0, 0.0, 0.0, 0.0, 0.0, -0.03968749940395355, 0.0, 0.0, 0.0], "(4, 8, 9, 14)": [0.0, 0.0, 0.0, 0.0, 0.0, 0.0, 0.0, 0.0, -0.039374999701976776, 0.0], "(4, 8, 10, 15)": [0.0, -0.038750000298023224, 0.0, 0.0, 0.0, 0.0, 0.0, 0.0, 0.0, 0.0], "(4, 9, 8, 13)": [0.0, 0.0, 0.0, 0.0, 0.0, 0.0, 0.0, 0.0, 0.0, -0.03750000149011612], "(4, 9, 10, 16)": [0.0, 0.0, 0.0, -0.03500000014901161, 0.0, 0.0, 0.0, 0.0, 0.0, 0.0], "(4, 9, 9, 15)": [0.0, 0.0, 0.0, 0.0, 0.0, 0.0, -0.029999999329447746, -0.019999999552965164, 0.0, 0.0]}, "n_values": {"(4, 5, 4, 4)": [0.0, 0.0, 0.0, 0.0, 0.0, 0.0, 0.0, 1.0, 0.0, 0.0], "(4, 5, 5, 5)": [0.0, 0.0, 0.0, 0.0, 0.0, 0.0, 1.0, 0.0, 0.0, 0.0], "(4, 5, 6, 6)": [0.0, 0.0, 0.0, 0.0, 0.0, 0.0, 1.0, 0.0, 0.0, 0.0], "(4, 5, 6, 7)": [0.0, 0.0, 0.0, 0.0, 0.0, 0.0, 0.0, 1.0, 0.0, 0.0], "(4, 6, 7, 9)": [0.0, 0.0, 0.0, 0.0, 0.0, 0.0, 0.0, 1.0, 0.0, 0.0], "(4, 6, 8, 10)": [0.0, 0.0, 0.0, 0.0, 0.0, 1.0, 0.0, 1.0, 0.0, 0.0], "(4, 6, 9, 12)": [0.0, 0.0, 0.0, 0.0, 1.0, 1.0, 0.0, 0.0, 0.0, 0.0], "(4, 6, 8, 11)": [0.0, 0.0, 0.0, 0.0, 0.0, 0.0, 0.0, 0.0, 0.0, 1.0], "(4, 6, 10, 13)": [0.0, 0.0, 0.0, 0.0, 0.0, 0.0, 0.0, 0.0, 1.0, 0.0], "(4, 7, 11, 15)": [0.0, 0.0, 0.0, 1.0, 0.0, 0.0, 0.0, 0.0, 0.0, 1.0], "(4, 7, 12, 17)": [0.0, 0.0, 1.0, 0.0, 0.0, 0.0, 0.0, 0.0, 0.0, 0.0], "(4, 7, 10, 14)": [0.0, 0.0, 1.0, 0.0, 0.0, 0.0, 0.0, 0.0, 0.0, 0.0], "(4, 8, 8, 12)": [0.0, 0.0, 0.0, 0.0, 0.0, 0.0, 1.0, 0.0, 0.0, 0.0], "(4, 8, 9, 13)": [0.0, 0.0, 0.0, 0.0, 0.0, 0.0, 1.0, 0.0, 0.0, 0.0], "(4, 8, 9, 14)": [0.0, 0.0, 0.0, 0.0, 0.0, 0.0, 0.0, 0.0, 1.0, 0.0], "(4, 8, 10, 15)": [0.0, 1.0, 0.0, 0.0, 0.0, 0.0, 0.0, 0.0, 0.0, 0.0], "(4, 9, 8, 13)": [0.0, 0.0, 0.0, 0.0, 0.0, 0.0, 0.0, 0.0, 0.0, 1.0], "(4, 9, 10, 16)": [0.0, 0.0, 0.0, 1.0, 0.0, 0.0, 0.0, 0.0, 0.0, 0.0], "(4, 9, 9, 15)": [0.0, 0.0, 0.0, 0.0, 0.0, 0.0, 1.0, 1.0, 0.0, 0.0]}}