{"q_values": {"(2, 5, 2, 2)": [-0.04327051714062691, -0.04283962771296501, -0.04291517287492752, -0.042343009263277054, -0.04166613891720772], "(2, 5, 3, 2)": [-0.04259073734283447, -0.042488276958465576, -0.041577812284231186, -0.04196718707680702, -0.04068382829427719], "(2, 5, 3, 3)": [-0.04129299148917198, -0.0398881733417511, -0.04063883051276207, -0.03797076269984245, -0.03917459025979042], "(2, 4, 2, 2)": [-0.041974954307079315, -0.042552169412374496, -0.042800892144441605, -0.04310295358300209, -0.04342036321759224], "(2, 4, 3, 2)": [-0.04347016662359238, -0.04323708638548851, -0.0437128022313118, -0.04361754283308983, -0.043764129281044006], "(2, 4, 3, 3)": [-0.04369403049349785, -0.04382561147212982, -0.04379330202937126, -0.04385627061128616, -0.043749790638685226], "(2, 4, 4, 3)": [-0.04387116804718971, -0.04379410296678543, -0.04387447237968445, -0.043919116258621216, -0.04391181841492653], "(2, 4, 1, 1)": [-0.03858492895960808, -0.03876810148358345, -0.03855961561203003, -0.04021802917122841, -0.039623212069272995], "(2, 4, 2, 1)": [-0.03789675980806351, -0.03604528680443764, -0.03498324006795883, -0.043798238039016724, -0.037036191672086716], "(2, 5, 4, 3)": [-0.03772878646850586, -0.0384475514292717, -0.037428539246320724, -0.03611144423484802, -0.03719836100935936], "(2, 4, 1, 2)": [-0.04090973734855652, -0.04063932225108147, -0.042315222322940826, -0.04134363681077957, -0.042724449187517166], "(2, 5, 1, 2)": [-0.04373955354094505, -0.043734993785619736, -0.04350985959172249, -0.0429072231054306, -0.04331282153725624], "(2, 5, 0, 2)": [-0.04310668632388115, -0.043757859617471695, -0.043697621673345566, -0.04374120756983757, -0.04305758327245712], "(2, 5, 2, 3)": [-0.04362582415342331, -0.04338735714554787, -0.043521296232938766, -0.033512819558382034, -0.04352067410945892], "(2, 4, 0, 1)": [-0.03543192520737648, -0.03763514757156372, -0.03558490797877312, -0.037934910506010056, -0.03814186528325081], "(3, 4, 3, 2)": [-0.03464889898896217, -0.04376686364412308, -0.04376079514622688, -0.04376078024506569, -0.04376819729804993], "(2, 4, 4, 2)": [-0.04364091902971268, -0.04376079887151718, -0.04372262954711914, -0.0438397042453289, -0.043921731412410736], "(2, 4, 5, 3)": [0.0, -0.044066376984119415, 0.0, -0.04405513033270836, -0.04390275478363037], "(3, 4, 4, 2)": [-0.0437607578933239, -0.04376079887151718, 0.0, -0.043760716915130615, -0.04457888752222061], "(3, 4, 2, 1)": [-0.0437394343316555, 0.0, 0.0, -0.04367532953619957, -0.04307703673839569], "(3, 4, 2, 2)": [-0.04397241026163101, -0.043754223734140396, -0.04377426207065582, -0.04377559572458267, -0.04373284801840782], "(2, 5, 1, 1)": [-0.043685432523489, -0.043865349143743515, -0.04380439594388008, -0.043824683874845505, -0.04378762096166611], "(2, 5, 0, 1)": [-0.04371967911720276, -0.04372413456439972, -0.043745007365942, -0.04371984675526619, -0.043692268431186676], "(2, 4, 0, 2)": [-0.043830506503582, -0.04383786767721176, -0.043677184730768204, -0.04377899318933487, -0.043649353086948395], "(1, 4, 2, 2)": [-0.04408266022801399, -0.0438799224793911, -0.04408266022801399, -0.04408266022801399, -0.0438799224793911], "(2, 4, 2, 3)": [0.0, 0.0, -0.043677184730768204, 0.0, 0.0], "(1, 5, 2, 2)": [0.0, -0.021838592365384102, 0.0, 0.0, 0.0], "(2, 5, 5, 3)": [-0.034585870802402496, -0.033317405730485916, -0.0363209992647171, -0.035682711750268936, -0.030086232349276543], "(1, 4, 0, 1)": [-0.0432756207883358, -0.03848078101873398, -0.04408266022801399, -0.027413779869675636, -0.04259064421057701], "(1, 4, 1, 2)": [-0.04349604621529579, 0.0, 0.0, -0.04408266022801399, -0.021814648061990738], "(1, 4, 3, 2)": [-0.04408266022801399, -0.04408266022801399, -0.04408266022801399, -0.04408266022801399, -0.04408266022801399], "(1, 4, 3, 3)": [0.0, -0.04408266022801399, 0.0, 0.0, 0.0], "(1, 4, 1, 1)": [0.0, 0.0, -0.032721973955631256, -0.04408266022801399, 0.0], "(2, 4, 0, 0)": [-0.022195709869265556, -0.023231441155076027, -0.03894726186990738, -0.02754957415163517, -0.02477722242474556], "(2, 5, 5, 4)": [-0.0330098494887352, -0.027591995894908905, -0.022184761241078377, -0.022291382774710655, -0.027726007625460625], "(3, 5, 1, 2)": [-0.04377555474638939, -0.044578805565834045, -0.04457888752222061, -0.04457752779126167, -0.04457888752222061], "(3, 4, 1, 1)": [-0.04304482415318489, -0.043433599174022675, -0.04240760952234268, -0.044382985681295395, -0.04377526417374611], "(3, 5, 4, 3)": [-0.04417724162340164, -0.04457888752222061, -0.027490809559822083, -0.02559426985681057, -0.0332174077630043], "(3, 5, 3, 2)": [-0.04417724162340164, -0.04457888752222061, -0.04457888752222061, -0.04457888752222061, -0.04457888752222061], "(3, 5, 2, 2)": [-0.044177114963531494, -0.04457888379693031, -0.04457888752222061, -0.04457854852080345, -0.044177234172821045], "(3, 4, 1, 2)": [0.0, 0.0, -0.04377543181180954, 0.0, 0.0], "(1, 4, 0, 2)": [-0.04341042414307594, 0.0, 0.0, 0.0, 0.0], "(3, 4, 5, 3)": [-0.04457888752222061, 0.0, 0.0, 0.0, 0.0], "(3, 4, 0, 1)": [-0.04156052693724632, 0.0, -0.04449182003736496, 0.0, 0.0], "(3, 4, 0, 0)": [-0.022289445623755455, 0.0, 0.0, 0.0, 0.0], "(3, 4, 4, 3)": [0.0, 0.0, 0.0, -0.04457888752222061, 0.0], "(3, 5, 5, 3)": [0.0, -0.04457888752222061, 0.0, 0.0, -0.04457888752222061], "(3, 5, 1, 1)": [0.0, 0.0, -0.04457820951938629, 0.0, 0.0], "(1, 4, 0, 0)": [0.0, 0.0, 0.0, 0.0, 0.0], "(3, 5, 3, 3)": [0.0, 0.0, 0.0, 0.0, 0.0], "(2, 4, -1, 0)": [-0.022308407351374626, -0.022214427590370178, -0.022046633064746857, -0.02187419682741165, -0.02197873219847679], "(2, 5, 6, 3)": [-0.02740759402513504, 0.0, 0.0, 0.0, 0.0], "(1, 4, -1, 0)": [0.0, 0.0, 0.0, 0.0, 0.0], "(2, 5, 6, 4)": [-0.022355103865265846, 0.0, 0.0, 0.0, 0.0]}, "n_values": {"(2, 5, 2, 2)": [233.0, 226.0, 247.0, 302.0, 1812.0], "(2, 5, 3, 2)": [97.0, 135.0, 127.0, 118.0, 818.0], "(2, 5, 3, 3)": [117.0, 106.0, 105.0, 780.0, 155.0], "(2, 4, 2, 2)": [2002.0, 357.0, 284.0, 259.0, 282.0], "(2, 4, 3, 2)": [93.0, 189.0, 69.0, 66.0, 53.0], "(2, 4, 3, 3)": [9.0, 9.0, 11.0, 10.0, 12.0], "(2, 4, 4, 3)": [13.0, 13.0, 13.0, 11.0, 10.0], "(2, 4, 1, 1)": [202.0, 155.0, 1264.0, 171.0, 168.0], "(2, 4, 2, 1)": [2.0, 6.0, 4.0, 2.0, 2.0], "(2, 5, 4, 3)": [154.0, 146.0, 160.0, 1396.0, 146.0], "(2, 4, 1, 2)": [205.0, 989.0, 125.0, 125.0, 142.0], "(2, 5, 1, 2)": [46.0, 40.0, 54.0, 169.0, 77.0], "(2, 5, 0, 2)": [4.0, 2.0, 4.0, 3.0, 2.0], "(2, 5, 2, 3)": [2.0, 2.0, 1.0, 7.0, 1.0], "(2, 4, 0, 1)": [1107.0, 108.0, 108.0, 126.0, 121.0], "(2, 4, 4, 2)": [6.0, 1.0, 2.0, 4.0, 2.0], "(2, 4, 5, 3)": [0.0, 2.0, 0.0, 1.0, 2.0], "(3, 4, 4, 2)": [1.0, 1.0, 0.0, 1.0, 1.0], "(3, 4, 3, 2)": [3.0, 2.0, 1.0, 1.0, 2.0], "(3, 4, 2, 1)": [1.0, 0.0, 0.0, 1.0, 1.0], "(3, 4, 2, 2)": [3.0, 1.0, 1.0, 1.0, 1.0], "(2, 5, 1, 1)": [13.0, 6.0, 7.0, 7.0, 6.0], "(2, 5, 0, 1)": [8.0, 4.0, 7.0, 5.0, 9.0], "(2, 4, 0, 2)": [2.0, 1.0, 1.0, 3.0, 4.0], "(1, 4, 2, 2)": [2.0, 2.0, 1.0, 1.0, 2.0], "(2, 4, 2, 3)": [0.0, 0.0, 1.0, 0.0, 0.0], "(1, 5, 2, 2)": [0.0, 1.0, 0.0, 0.0, 0.0], "(2, 5, 5, 3)": [40.0, 10.0, 16.0, 17.0, 129.0], "(1, 4, 0, 1)": [2.0, 2.0, 1.0, 3.0, 2.0], "(1, 4, 1, 2)": [1.0, 0.0, 0.0, 1.0, 1.0], "(1, 4, 3, 2)": [1.0, 1.0, 1.0, 1.0, 1.0], "(1, 4, 3, 3)": [0.0, 1.0, 0.0, 0.0, 0.0], "(1, 4, 1, 1)": [0.0, 0.0, 1.0, 1.0, 0.0], "(2, 4, 0, 0)": [3.0, 9.0, 1.0, 4.0, 4.0], "(2, 5, 5, 4)": [1.0, 2.0, 1.0, 1.0, 2.0], "(3, 5, 4, 3)": [2.0, 2.0, 2.0, 3.0, 2.0], "(3, 5, 3, 2)": [2.0, 4.0, 1.0, 1.0, 1.0], "(3, 5, 2, 2)": [2.0, 5.0, 1.0, 1.0, 2.0], "(3, 5, 1, 2)": [1.0, 1.0, 1.0, 1.0, 1.0], "(3, 4, 1, 2)": [0.0, 0.0, 1.0, 0.0, 0.0], "(3, 4, 1, 1)": [3.0, 1.0, 1.0, 2.0, 1.0], "(1, 4, 0, 2)": [2.0, 0.0, 0.0, 0.0, 0.0], "(3, 4, 4, 3)": [0.0, 0.0, 0.0, 1.0, 0.0], "(3, 4, 5, 3)": [1.0, 0.0, 0.0, 0.0, 0.0], "(3, 5, 5, 3)": [0.0, 1.0, 0.0, 0.0, 1.0], "(3, 5, 1, 1)": [0.0, 0.0, 1.0, 0.0, 0.0], "(3, 4, 0, 1)": [3.0, 0.0, 1.0, 0.0, 0.0], "(3, 4, 0, 0)": [1.0, 0.0, 0.0, 0.0, 0.0], "(2, 4, -1, 0)": [1.0, 2.0, 1.0, 1.0, 2.0], "(2, 5, 6, 3)": [2.0, 0.0, 0.0, 0.0, 0.0],