{"q_values": {"(2, 5, 2, 2)": [-0.043245043605566025, -0.0428449884057045, -0.042877551168203354, -0.0424627885222435, -0.041653744876384735], "(2, 5, 3, 2)": [-0.04267440363764763, -0.04253191500902176, -0.041646115481853485, -0.041956622153520584, -0.040771111845970154], "(2, 5, 3, 3)": [-0.041375719010829926, -0.04002043604850769, -0.04068306088447571, -0.0377519465982914, -0.039106059819459915], "(2, 4, 2, 2)": [-0.041907574981451035, -0.04253053292632103, -0.04277987778186798, -0.04310687258839607, -0.043415386229753494], "(2, 4, 3, 2)": [-0.04346698522567749, -0.04322872683405876, -0.0437128022313118, -0.04361554980278015, -0.043764129281044006], "(2, 4, 3, 3)": [-0.04369403049349785, -0.04382561147212982, -0.04379330202937126, -0.04385627061128616, -0.043749790638685226], "(2, 4, 4, 3)": [-0.04387116804718971, -0.04379410296678543, -0.04387447237968445, -0.043919116258621216, -0.04391181841492653], "(2, 4, 1, 1)": [-0.03860908001661301, -0.038938868790864944, -0.03855780512094498, -0.04025617241859436, -0.03979947045445442], "(2, 4, 2, 1)": [-0.03789675980806351, -0.03604528680443764, -0.03498324006795883, -0.043798238039016724, -0.037036191672086716], "(2, 5, 4, 3)": [-0.038012634962797165, -0.03863263875246048, -0.03733425214886665, -0.03614009916782379, -0.037095118314027786], "(2, 4, 1, 2)": [-0.04100925102829933, -0.040736787021160126, -0.042289093136787415, -0.041307754814624786, -0.04266136884689331], "(2, 5, 1, 2)": [-0.04373955354094505, -0.043734993785619736, -0.04350985959172249, -0.04288139194250107, -0.04331282153725624], "(2, 5, 0, 2)": [-0.04310668632388115, -0.043757859617471695, -0.043697621673345566, -0.04374120756983757, -0.04305758327245712], "(2, 5, 2, 3)": [-0.04362582415342331, -0.04338735714554787, -0.043521296232938766, -0.033512819558382034, -0.04352067410945892], "(2, 4, 0, 1)": [-0.03561859205365181, -0.037554457783699036, -0.03602144867181778, -0.0382668636739254, -0.037834640592336655], "(3, 4, 3, 2)": [-0.03464889898896217, -0.04376686364412308, -0.04376079514622688, -0.04376078024506569, -0.04376819729804993], "(2, 4, 4, 2)": [-0.04364091902971268, -0.04376079887151718, -0.04372262954711914, -0.0438397042453289, -0.043921731412410736], "(2, 4, 5, 3)": [0.0, -0.044066376984119415, 0.0, -0.04405513033270836, -0.04390275478363037], "(3, 4, 4, 2)": [-0.0437607578933239, -0.04376079887151718, 0.0, -0.043760716915130615, -0.04457888752222061], "(3, 4, 2, 1)": [-0.0437394343316555, 0.0, 0.0, -0.04367532953619957, -0.04307703673839569], "(3, 4, 2, 2)": [-0.04397241026163101, -0.043754223734140396, -0.04377426207065582, -0.04377559572458267, -0.04373284801840782], "(2, 5, 1, 1)": [-0.043685432523489, -0.043865349143743515, -0.04380439594388008, -0.043824683874845505, -0.04378762096166611], "(2, 5, 0, 1)": [-0.04371967911720276, -0.04372413456439972, -0.043745007365942, -0.04371984675526619, -0.043692268431186676], "(2, 4, 0, 2)": [-0.043830506503582, -0.04383786767721176, -0.043677184730768204, -0.04377899318933487, -0.043649353086948395], "(1, 4, 2, 2)": [-0.04408266022801399, -0.0438799224793911, -0.04408266022801399, -0.04408266022801399, -0.0438799224793911], "(2, 4, 2, 3)": [0.0, 0.0, -0.043677184730768204, 0.0, 0.0], "(1, 5, 2, 2)": [0.0, -0.021838592365384102, 0.0, 0.0, 0.0], "(2, 5, 5, 3)": [-0.03467748686671257, -0.032727696001529694, -0.036890659481287, -0.03536771610379219, -0.030285567045211792], "(1, 4, 0, 1)": [-0.0432756207883358, -0.03848078101873398, -0.04408266022801399, -0.027413779869675636, -0.04259064421057701], "(1, 4, 1, 2)": [-0.04349604621529579, 0.0, 0.0, -0.04408266022801399, -0.021814648061990738], "(1, 4, 3, 2)": [-0.04408266022801399, -0.04408266022801399, -0.04408266022801399, -0.04408266022801399, -0.04408266022801399], "(1, 4, 3, 3)": [0.0, -0.04408266022801399, 0.0, 0.0, 0.0], "(1, 4, 1, 1)": [0.0, 0.0, -0.032721973955631256, -0.04408266022801399, 0.0], "(2, 4, 0, 0)": [-0.02213454619050026, -0.021983645856380463, -0.03894726186990738, -0.025797702372074127, -0.02477722242474556], "(2, 5, 5, 4)": [-0.0330098494887352, -0.027591995894908905, -0.022184761241078377, -0.022291382774710655, 0.0], "(3, 5, 1, 2)": [-0.04377555474638939, -0.044578805565834045, -0.04457888752222061, -0.04457752779126167, -0.04457888752222061], "(3, 4, 1, 1)": [-0.04304482415318489, -0.043433599174022675, -0.04240760952234268, -0.044382985681295395, -0.04377526417374611], "(3, 5, 4, 3)": [-0.04417724162340164, -0.04457888752222061, -0.027490809559822083, -0.02559426985681057, -0.0332174077630043], "(3, 5, 3, 2)": [-0.04417724162340164, -0.04457888752222061, -0.04457888752222061, -0.04457888752222061, -0.04457888752222061], "(3, 5, 2, 2)": [-0.044177114963531494, -0.04457888379693031, -0.04457888752222061, -0.04457854852080345, -0.044177234172821045], "(3, 4, 1, 2)": [0.0, 0.0, -0.04377543181180954, 0.0, 0.0], "(1, 4, 0, 2)": [-0.04341042414307594, 0.0, 0.0, 0.0, 0.0], "(3, 4, 5, 3)": [-0.04457888752222061, 0.0, 0.0, 0.0, 0.0], "(3, 4, 0, 1)": [-0.04156052693724632, 0.0, -0.04449182003736496, 0.0, 0.0], "(3, 4, 0, 0)": [-0.022289445623755455, 0.0, 0.0, 0.0, 0.0], "(3, 4, 4, 3)": [0.0, 0.0, 0.0, -0.04457888752222061, 0.0], "(3, 5, 5, 3)": [0.0, -0.04457888752222061, 0.0, 0.0, -0.04457888752222061], "(3, 5, 1, 1)": [0.0, 0.0, -0.04457820951938629, 0.0, 0.0], "(1, 4, 0, 0)": [0.0, 0.0, 0.0, 0.0, 0.0], "(3, 5, 3, 3)": [0.0, 0.0, 0.0, 0.0, 0.0], "(2, 4, -1, 0)": [-0.022308407351374626, -0.022214427590370178, -0.022046633064746857, 0.0, 0.0], "(2, 5, 6, 3)": [-0.02182709611952305, 0.0, 0.0, 0.0, 0.0], "(1, 4, -1, 0)": [0.0, 0.0, 0.0, 0.0, 0.0]}, "n_values": {"(2, 5, 2, 2)": [220.0, 214.0, 234.0, 284.0, 1459.0], "(2, 5, 3, 2)": [91.0, 129.0, 119.0, 109.0, 657.0], "(2, 5, 3, 3)": [114.0, 102.0, 103.0, 659.0, 150.0], "(2, 4, 2, 2)": [1681.0, 342.0, 275.0, 251.0, 272.0], "(2, 4, 3, 2)": [92.0, 185.0, 69.0, 65.0, 53.0], "(2, 4, 3, 3)": [9.0, 9.0, 11.0, 10.0, 12.0], "(2, 4, 4, 3)": [13.0, 13.0, 13.0, 11.0, 10.0], "(2, 4, 1, 1)": [165.0, 141.0, 994.0, 159.0, 162.0], "(2, 4, 2, 1)": [2.0, 6.0, 4.0, 2.0, 2.0], "(2, 5, 4, 3)": [140.0, 131.0, 143.0, 1003.0, 132.0], "(2, 4, 1, 2)": [200.0, 820.0, 121.0, 123.0, 134.0], "(2, 5, 1, 2)": [46.0, 40.0, 54.0, 160.0, 77.0], "(2, 5, 0, 2)": [4.0, 2.0, 4.0, 3.0, 2.0], "(2, 5, 2, 3)": [2.0, 2.0, 1.0, 7.0, 1.0], "(2, 4, 0, 1)": [845.0, 99.0, 98.0, 110.0, 113.0], "(2, 4, 4, 2)": [6.0, 1.0, 2.0, 4.0, 2.0], "(2, 4, 5, 3)": [0.0, 2.0, 0.0, 1.0, 2.0], "(3, 4, 4, 2)": [1.0, 1.0, 0.0, 1.0, 1.0], "(3, 4, 3, 2)": [3.0, 2.0, 1.0, 1.0, 2.0], "(3, 4, 2, 1)": [1.0, 0.0, 0.0, 1.0, 1.0], "(3, 4, 2, 2)": [3.0, 1.0, 1.0, 1.0, 1.0], "(2, 5, 1, 1)": [13.0, 6.0, 7.0, 7.0, 6.0], "(2, 5, 0, 1)": [8.0, 4.0, 7.0, 5.0, 9.0], "(2, 4, 0, 2)": [2.0, 1.0, 1.0, 3.0, 4.0], "(1, 4, 2, 2)": [2.0, 2.0, 1.0, 1.0, 2.0], "(2, 4, 2, 3)": [0.0, 0.0, 1.0, 0.0, 0.0], "(1, 5, 2, 2)": [0.0, 1.0, 0.0, 0.0, 0.0], "(2, 5, 5, 3)": [35.0, 9.0, 14.0, 15.0, 67.0], "(1, 4, 0, 1)": [2.0, 2.0, 1.0, 3.0, 2.0], "(1, 4, 1, 2)": [1.0, 0.0, 0.0, 1.0, 1.0], "(1, 4, 3, 2)": [1.0, 1.0, 1.0, 1.0, 1.0], "(1, 4, 3, 3)": [0.0, 1.0, 0.0, 0.0, 0.0], "(1, 4, 1, 1)": [0.0, 0.0, 1.0, 1.0, 0.0], "(2, 4, 0, 0)": [2.0, 5.0, 1.0, 3.0, 4.0], "(2, 5, 5, 4)": [1.0, 2.0, 1.0, 1.0, 0.0], "(3, 5, 4, 3)": [2.0, 2.0, 2.0, 3.0, 2.0], "(3, 5, 3, 2)": [2.0, 4.0, 1.0, 1.0, 1.0], "(3, 5, 2, 2)": [2.0, 5.0, 1.0, 1.0, 2.0], "(3, 5, 1, 2)": [1.0, 1.0, 1.0, 1.0, 1.0], "(3, 4, 1, 2)": [0.0, 0.0, 1.0, 0.0, 0.0], "(3, 4, 1, 1)": [3.0, 1.0, 1.0, 2.0, 1.0], "(1, 4, 0, 2)": [2.0, 0.0, 0.0, 0.0, 0.0], "(3, 4, 4, 3)": [0.0, 0.0, 0.0, 1.0, 0.0], "(3, 4, 5, 3)": [1.0, 0.0, 0.0, 0.0, 0.0], "(3, 5, 5, 3)": [0.0, 1.0, 0.0, 0.0, 1.0], "(3, 5, 1, 1)": [0.0, 0.0, 1.0, 0.0, 0.0], "(3, 4, 0, 1)": [3.0, 0.0, 1.0, 0.0, 0.0], "(3, 4, 0, 0)": [1.0, 0.0, 0.0, 0.0, 0.0], "(2, 4, -1, 0)": [1.0, 2.0, 1.0, 0.0, 0.0], "(2, 5, 6, 3)": [1.0, 0.0, 0.0, 0.0, 0.0]}}