{"q_values": {"(2, 5, 2, 2)": [-0.04326750338077545, -0.04284152761101723, -0.04291555657982826, -0.042382754385471344, -0.04168185591697693], "(2, 5, 3, 2)": [-0.04262296110391617, -0.04238930344581604, -0.04154009744524956, -0.0419224314391613, -0.04065869748592377], "(2, 5, 3, 3)": [-0.04117994382977486, -0.03984014689922333, -0.04064900055527687, -0.03813828527927399, -0.03889371082186699], "(2, 4, 2, 2)": [-0.04187702387571335, -0.04254195839166641, -0.04277690872550011, -0.043054547160863876, -0.043428726494312286], "(2, 4, 3, 2)": [-0.04347016662359238, -0.0432327538728714, -0.0437128022313118, -0.04361754283308983, -0.043764129281044006], "(2, 4, 3, 3)": [-0.04369403049349785, -0.04382561147212982, -0.04379330202937126, -0.04385627061128616, -0.043749790638685226], "(2, 4, 4, 3)": [-0.04387116804718971, -0.04379410296678543, -0.04387447237968445, -0.043919116258621216, -0.04391181841492653], "(2, 4, 1, 1)": [-0.03865421935915947, -0.038805246353149414, -0.03853236883878708, -0.0402422770857811, -0.03973676264286041], "(2, 4, 2, 1)": [-0.03789675980806351, -0.03604528680443764, -0.03498324006795883, -0.043798238039016724, -0.037036191672086716], "(2, 5, 4, 3)": [-0.03761114925146103, -0.03851590305566788, -0.03756433725357056, -0.03614804148674011, -0.037133313715457916], "(2, 4, 1, 2)": [-0.040937162935733795, -0.040433842688798904, -0.04211219400167465, -0.04136279597878456, -0.04261334612965584], "(2, 5, 1, 2)": [-0.04373955354094505, -0.043734993785619736, -0.04350985959172249, -0.04291360080242157, -0.04331282153725624], "(2, 5, 0, 2)": [-0.04310668632388115, -0.043757859617471695, -0.043697621673345566, -0.04374120756983757, -0.04305758327245712], "(2, 5, 2, 3)": [-0.04362582415342331, -0.04338735714554787, -0.043521296232938766, -0.033512819558382034, -0.04352067410945892], "(2, 4, 0, 1)": [-0.035202886909246445, -0.03770354017615318, -0.03571387007832527, -0.03786047548055649, -0.03811804950237274], "(3, 4, 3, 2)": [-0.03464889898896217, -0.04376686364412308, -0.04376079514622688, -0.04376078024506569, -0.04376819729804993], "(2, 4, 4, 2)": [-0.04364091902971268, -0.04376079887151718, -0.04372262954711914, -0.0438397042453289, -0.043921731412410736], "(2, 4, 5, 3)": [0.0, -0.044066376984119415, 0.0, -0.04405513033270836, -0.04390275478363037], "(3, 4, 4, 2)": [-0.0437607578933239, -0.04376079887151718, 0.0, -0.043760716915130615, -0.04457888752222061], "(3, 4, 2, 1)": [-0.0437394343316555, 0.0, 0.0, -0.04367532953619957, -0.04307703673839569], "(3, 4, 2, 2)": [-0.04397241026163101, -0.043754223734140396, -0.04377426207065582, -0.04377559572458267, -0.04373284801840782], "(2, 5, 1, 1)": [-0.043685432523489, -0.043865349143743515, -0.04380439594388008, -0.043824683874845505, -0.04378762096166611], "(2, 5, 0, 1)": [-0.04371967911720276, -0.04372413456439972, -0.043745007365942, -0.04371984675526619, -0.043692268431186676], "(2, 4, 0, 2)": [-0.043830506503582, -0.04383786767721176, -0.043677184730768204, -0.04377899318933487, -0.043649353086948395], "(1, 4, 2, 2)": [-0.04408266022801399, -0.0438799224793911, -0.04408266022801399, -0.04408266022801399, -0.0438799224793911], "(2, 4, 2, 3)": [0.0, 0.0, -0.043677184730768204, 0.0, 0.0], "(1, 5, 2, 2)": [0.0, -0.021838592365384102, 0.0, 0.0, 0.0], "(2, 5, 5, 3)": [-0.034585870802402496, -0.03410794213414192, -0.0363209992647171, -0.035769376903772354, -0.03021063841879368], "(1, 4, 0, 1)": [-0.0432756207883358, -0.03848078101873398, -0.04408266022801399, -0.02745484746992588, -0.04259064421057701], "(1, 4, 1, 2)": [-0.04349604621529579, 0.0, 0.0, -0.04408266022801399, -0.021814648061990738], "(1, 4, 3, 2)": [-0.04408266022801399, -0.04408266022801399, -0.04408266022801399, -0.04408266022801399, -0.04408266022801399], "(1, 4, 3, 3)": [0.0, -0.04408266022801399, 0.0, 0.0, 0.0], "(1, 4, 1, 1)": [-0.02177642658352852, 0.0, -0.032721973955631256, -0.04408266022801399, 0.0], "(2, 4, 0, 0)": [-0.02344692312180996, -0.0231415294110775, -0.03894726186990738, -0.02754957415163517, -0.02477722242474556], "(2, 5, 5, 4)": [-0.0330098494887352, -0.027591995894908905, -0.022103285416960716, -0.022291382774710655, -0.027726007625460625], "(3, 5, 1, 2)": [-0.04377555474638939, -0.044578805565834045, -0.04457888752222061, -0.04457752779126167, -0.04457888752222061], "(3, 4, 1, 1)": [-0.04304482415318489, -0.043433599174022675, -0.04240760952234268, -0.044382985681295395, -0.04377526417374611], "(3, 5, 4, 3)": [-0.04417724162340164, -0.04457888752222061, -0.027490809559822083, -0.02559426985681057, -0.0332174077630043], "(3, 5, 3, 2)": [-0.04417724162340164, -0.04457888752222061, -0.04457888752222061, -0.04457888752222061, -0.04457888752222061], "(3, 5, 2, 2)": [-0.044177114963531494, -0.04457888379693031, -0.04457888752222061, -0.04457854852080345, -0.044177234172821045], "(3, 4, 1, 2)": [0.0, 0.0, -0.04377543181180954, 0.0, 0.0], "(1, 4, 0, 2)": [-0.04341042414307594, 0.0, 0.0, 0.0, 0.0], "(3, 4, 5, 3)": [-0.04457888752222061, 0.0, 0.0, 0.0, 0.0], "(3, 4, 0, 1)": [-0.04156052693724632, 0.0, -0.04449182003736496, 0.0, 0.0], "(3, 4, 0, 0)": [-0.022289445623755455, 0.0, 0.0, 0.0, 0.0], "(3, 4, 4, 3)": [0.0, 0.0, 0.0, -0.04457888752222061, 0.0], "(3, 5, 5, 3)": [0.0, -0.04457888752222061, 0.0, 0.0, -0.04457888752222061], "(3, 5, 1, 1)": [0.0, 0.0, -0.04457820951938629, 0.0, 0.0], "(1, 4, 0, 0)": [0.0, 0.0, 0.0, 0.0, 0.0], "(3, 5, 3, 3)": [0.0, 0.0, 0.0, 0.0, 0.0], "(2, 4, -1, 0)": [-0.022308407351374626, -0.022214427590370178, -0.022046633064746857, -0.024324683472514153, -0.022084102034568787], "(2, 5, 6, 3)": [-0.02740759402513504, -0.021908413618803024, 0.0, 0.0, 0.0], "(1, 4, -1, 0)": [0.0, 0.0, 0.0, 0.0, 0.0], "(2, 5, 6, 4)": [-0.027700275182724, -0.02206714265048504, 0.0, 0.0, 0.0], "(2, 4, -1, 1)": [0.0, 0.0, 0.0, 0.0, 0.0], "(3, 5, 6, 4)": [-0.0220302976667881, 0.0, 0.0, 0.0, 0.0]}, "n_values": {"(2, 5, 2, 2)": [243.0, 228.0, 257.0, 310.0, 2237.0], "(2, 5, 3, 2)": [99.0, 143.0, 130.0, 125.0, 1002.0], "(2, 5, 3, 3)": [121.0, 109.0, 112.0, 939.0, 160.0], "(2, 4, 2, 2)": [2496.0, 363.0, 293.0, 267.0, 290.0], "(2, 4, 3, 2)": [93.0, 192.0, 69.0, 66.0, 53.0], "(2, 4, 3, 3)": [9.0, 9.0, 11.0, 10.0, 12.0], "(2, 4, 4, 3)": [13.0, 13.0, 13.0, 11.0, 10.0], "(2, 4, 1, 1)": [212.0, 166.0, 1636.0, 177.0, 178.0], "(2, 4, 2, 1)": [2.0, 6.0, 4.0, 2.0, 2.0], "(2, 5, 4, 3)": [167.0, 156.0, 170.0, 1907.0, 158.0], "(2, 4, 1, 2)": [211.0, 1199.0, 130.0, 127.0, 148.0], "(2, 5, 1, 2)": [46.0, 40.0, 54.0, 171.0, 77.0], "(2, 5, 0, 2)": [4.0, 2.0, 4.0, 3.0, 2.0], "(2, 5, 2, 3)": [2.0, 2.0, 1.0, 7.0, 1.0], "(2, 4, 0, 1)": [1520.0, 115.0, 112.0, 138.0, 130.0], "(2, 4, 4, 2)": [6.0, 1.0, 2.0, 4.0, 2.0], "(2, 4, 5, 3)": [0.0, 2.0, 0.0, 1.0, 2.0], "(3, 4, 4, 2)": [1.0, 1.0, 0.0, 1.0, 1.0], "(3, 4, 3, 2)": [3.0, 2.0, 1.0, 1.0, 2.0], "(3, 4, 2, 1)": [1.0, 0.0, 0.0, 1.0, 1.0], "(3, 4, 2, 2)": [3.0, 1.0, 1.0, 1.0, 1.0], "(2, 5, 1, 1)": [13.0, 6.0, 7.0, 7.0, 6.0], "(2, 5, 0, 1)": [8.0, 4.0, 7.0, 5.0, 9.0], "(2, 4, 0, 2)": [2.0, 1.0, 1.0, 3.0, 4.0], "(1, 4, 2, 2)": [2.0, 2.0, 1.0, 1.0, 2.0], "(2, 4, 2, 3)": [0.0, 0.0, 1.0, 0.0, 0.0], "(1, 5, 2, 2)": [0.0, 1.0, 0.0, 0.0, 0.0], "(2, 5, 5, 3)": [40.0, 13.0, 16.0, 20.0, 209.0], "(1, 4, 0, 1)": [2.0, 2.0, 1.0, 5.0, 2.0], "(1, 4, 1, 2)": [1.0, 0.0, 0.0, 1.0, 1.0], "(1, 4, 3, 2)": [1.0, 1.0, 1.0, 1.0, 1.0], "(1, 4, 3, 3)": [0.0, 1.0, 0.0, 0.0, 0.0], "(1, 4, 1, 1)": [1.0, 0.0, 1.0, 1.0, 0.0], "(2, 4, 0, 0)": [9.0, 10.0, 1.0, 4.0, 4.0], "(2, 5, 5, 4)": [1.0, 2.0, 4.0, 1.0, 2.0], "(3, 5, 4, 3)": [2.0, 2.0, 2.0, 3.0, 2.0], "(3, 5, 3, 2)": [2.0, 4.0, 1.0, 1.0, 1.0], "(3, 5, 2, 2)": [2.0, 5.0, 1.0, 1.0, 2.0], "(3, 5, 1, 2)": [1.0, 1.0, 1.0, 1.0, 1.0], "(3, 4, 1, 2)": [0.0, 0.0, 1.0, 0.0, 0.0], "(3, 4, 1, 1)": [3.0, 1.0, 1.0, 2.0, 1.0], "(1, 4, 0, 2)": [2.0, 0.0, 0.0, 0.0, 0.0], "(3, 4, 4, 3)": [0.0, 0.0, 0.0, 1.0, 0.0], "(3, 4, 5, 3)": [1.0, 0.0, 0.0, 0.0, 0.0], "(3, 5, 5, 3)": [0.0, 1.0, 0.0, 0.0, 1.0], "(3, 5, 1, 1)": [0.0, 0.0, 1.0, 0.0, 0.0], "(3, 4, 0, 1)": [3.0, 0.0, 1.0, 0.0, 0.0],