{"q_values": {"(2, 6, 1, 1)": [-4.3774919509887695, -4.380839824676514, -4.380569934844971, -4.37975549697876, -4.37656831741333, -4.381381034851074, -4.377765655517578], "(2, 6, 2, 1)": [-4.377619743347168, -4.374638557434082, -4.3733296394348145, -4.375844478607178, -4.373740196228027, -4.372768878936768, -4.379135608673096], "(2, 7, 1, 1)": [-4.379033088684082, -4.375497817993164, -4.380868911743164, -4.378042221069336, -4.382063865661621, -4.372903347015381, -4.373669147491455], "(2, 6, 0, 1)": [-4.387308120727539, -4.373475551605225, -4.365782737731934, -4.369729042053223, -4.383302688598633, -4.3789963722229, -4.379877090454102], "(2, 7, 2, 1)": [-4.372477054595947, -4.371671676635742, -4.373012065887451, -4.371514320373535, -4.360360145568848, -4.366492748260498, -4.367367267608643], "(2, 8, 2, 2)": [-4.340022563934326, -4.337251663208008, -4.087440490722656, -4.241452217102051, -4.226917743682861, -4.178606986999512, -4.076545715332031], "(2, 9, 2, 1)": [-4.149632930755615, -4.201793193817139, -4.105947971343994, -4.234065532684326, -4.095642566680908, -3.941643238067627, -3.873300790786743], "(2, 10, 2, 1)": [-3.6940927505493164, -2.8558874130249023, -3.0438640117645264, -3.158942937850952, -3.0406246185302734, -2.917431354522705, -2.880857229232788], "(2, 10, 1, 1)": [-4.1981282234191895, -4.16498327255249, -3.737982749938965, -3.54148530960083, -3.930734157562256, -3.3926119804382324, -3.284825325012207], "(2, 0, 1, 1)": [-3.8036136627197266, -3.9594650268554688, -3.7787842750549316, -3.8305344581604004, -3.972836971282959, -3.795074939727783, -3.9538981914520264], "(2, 0, 2, 1)": [-4.344651222229004, -4.363534450531006, -4.383759498596191, -4.370237350463867, -4.34498929977417, -4.388490676879883, -4.366318225860596], "(2, 1, 2, 1)": [-4.36476993560791, -4.355924606323242, -4.355360507965088, -4.3454813957214355, -4.3548173904418945, -4.359057426452637, -4.36573600769043], "(2, 2, 2, 1)": [-4.357328414916992, -4.358173847198486, -4.37484884262085, -4.358915328979492, -4.369543552398682, -4.374685764312744, -4.365910530090332], "(2, 3, 2, 1)": [-4.359816074371338, -4.396876811981201, -4.369744777679443, -4.37506628036499, -4.362177848815918, -4.362863540649414, -4.383528232574463], "(2, 4, 2, 1)": [-4.371831893920898, -4.376770496368408, -4.38023567199707, -4.3717145919799805, -4.378049373626709, -4.382684707641602, -4.3741655349731445], "(2, 5, 2, 1)": [-4.3876633644104, -4.372583866119385, -4.372933864593506, -4.394501686096191, -4.375056743621826, -4.377899169921875, -4.378968238830566], "(2, 5, 1, 1)": [-4.3820295333862305, -4.384542942047119, -4.382050514221191, -4.381716728210449, -4.384914398193359, -4.382932662963867, -4.381663799285889], "(3, 6, 2, 1)": [-4.353297233581543, 0.0, 0.0, 0.0, 0.0, 0.0, -4.353297233581543], "(3, 6, 1, 1)": [-4.353297233581543, 0.0, 0.0, 0.0, 0.0, 0.0, -4.353297233581543], "(3, 5, 1, 1)": [-4.353297233581543, -4.353297233581543, 0.0, -4.353297233581543, 0.0, -4.353297233581543, 0.0], "(3, 4, 0, 0)": [0.0, 0.0, 0.0, 0.0, -4.353297233581543, 0.0, 0.0], "(3, 4, 1, 1)": [0.0, 0.0, -4.353297233581543, 0.0, 0.0, 0.0, -4.353297233581543], "(3, 3, 1, 1)": [-4.353296279907227, 0.0, -4.353297233581543, -4.353297233581543, 0.0, -4.353297233581543, 0.0], "(3, 2, 1, 1)": [-4.353281021118164, 0.0, 0.0, -4.353230953216553, -4.3532891273498535, -4.35329532623291, -4.3531646728515625], "(3, 2, 2, 1)": [0.0, 0.0, -4.352766036987305, 0.0, 0.0, 0.0, 0.0], "(3, 1, 1, 1)": [-3.8091354370117188, 0.0, 0.0, -4.081216335296631, -4.349046230316162, -4.351171970367432, 0.0], "(3, 1, 2, 1)": [-4.285277366638184, 0.0, -4.344794750213623, -4.319287300109863, -4.336292266845703, 0.0, 0.0], "(3, 0, 1, 1)": [0.0, 0.0, 0.0, -3.2649731636047363, -2.1766488552093506, 0.0, 0.0], "(2, 8, 1, 1)": [-4.370922088623047, -4.377731800079346, -4.377366065979004, -4.365040302276611, -4.356363773345947, -4.3501176834106445, -4.365597724914551], "(2, 8, 2, 1)": [-4.368419170379639, -4.340394020080566, -4.327889442443848, -4.335077285766602, -4.288870811462402, -4.329563140869141, -4.303819179534912], "(2, 2, 1, 1)": [-4.348237991333008, -4.341768264770508, -4.354723930358887, -4.358774185180664, -4.361029624938965, -4.369670867919922, -4.368500709533691], "(2, 3, 1, 1)": [-4.372865200042725, -4.378363132476807, -4.379974365234375, -4.384362697601318, -4.376802921295166, -4.376191139221191, -4.376820087432861], "(2, 1, 1, 1)": [-4.217402458190918, -4.286707401275635, -4.224643707275391, -4.302342891693115, -4.331660747528076, -4.325476169586182, -4.331377029418945], "(2, 1, 0, 1)": [-3.6535723209381104, -3.639519691467285, -3.9270999431610107, -3.9839625358581543, -4.061142444610596, -4.261560916900635, -4.233053684234619], "(2, 0, 0, 1)": [-2.7025210857391357, -2.5607810020446777, -2.8327293395996094, -2.87821626663208, -2.8218636512756348, -3.1113932132720947, -3.18874454498291], "(2, 9, 1, 1)": [-4.356013774871826, -4.319801330566406, -4.325194358825684, -4.270626544952393, -4.283063888549805, -4.222238540649414, -4.296841621398926], "(2, 4, 1, 1)": [-4.378343105316162, -4.382131576538086, -4.381454944610596, -4.380490303039551, -4.380396842956543, -4.380834102630615, -4.378964424133301], "(2, 3, 0, 1)": [-4.365979194641113, -4.361295700073242, -4.3793864250183105, -4.372006416320801, -4.3751068115234375, -4.362957000732422, -4.37357234954834], "(2, 2, 0, 1)": [-4.256043434143066, -4.296873092651367, -4.263129234313965, -4.334794044494629, -4.311944484710693, -4.3151631355285645, -4.348094940185547], "(2, 10, 0, 1)": [-4.316310405731201, -4.388307571411133, -4.388574123382568, -4.365467071533203, -4.378951549530029, -4.37308406829834, -4.411681175231934], "(2, 9, 0, 1)": [-4.377756595611572, -4.385949611663818, -4.383645057678223, -4.377249717712402, -4.380997180938721, -4.397220134735107, -4.352477073669434], "(2, 7, 2, 2)": [-4.362350940704346, -4.347169399261475, -4.354852199554443, -4.272781848907471, -4.3540754318237305, -4.291993141174316, -4.236852645874023], "(2, 8, 0, 1)": [-4.388574123382568, -4.377522945404053, -4.3870697021484375, -4.384550094604492, -4.386847972869873, -4.369495391845703, -4.376006126403809], "(2, 7, 0, 1)": [-4.384711742401123, -4.380908012390137, -4.373838424682617, -4.373859882354736, -4.381812572479248, -4.3765177726745605, -4.382519721984863], "(1, 10, 0, 1)": [-4.361204147338867, -4.22904634475708, -4.363335609436035, -4.348414897918701, -3.8197836875915527, 0.0, -4.356941223144531], "(2, 5, 0, 1)": [-4.381255149841309, -4.378847122192383, -4.391036033630371, -4.378539085388184, -4.384549140930176, -4.380633354187012, -4.362390518188477], "(1, 7, 1, 1)": [-4.368961334228516, -4.368961334228516, -4.368961334228516, 0.0, 0.0, 0.0, 0.0], "(1, 1, 1, 1)": [-4.290167808532715, -4.335056304931641, -4.3684282302856445, -4.365873336791992, -4.345975875854492, -4.364695072174072, -4.367321491241455], "(1, 7, 0, 1)": [-4.368961334228516, -4.368961334228516, -4.368961334228516, 0.0, -4.386013031005859, -4.368961334228516, -4.394448280334473], "(1, 8, 0, 1)": [-4.368961334228516, -4.368961334228516, -4.410604476928711, -4.40952730178833, 0.0, 0.0, 0.0], "(1, 6, 0, 1)": [-4.368961334228516, -4.368961334228516, -4.368961334228516, 0.0, 0.0, 0.0, 0.0], "(1, 5, 0, 1)": [-4.368961334228516, 0.0, 0.0, 0.0, 0.0, 0.0, 0.0], "(1, 5, 0, 0)": [0.0, 0.0, -4.368961334228516, -4.368961334228516, 0.0, 0.0, 0.0], "(1, 4, 0, 0)": [0.0, 0.0, -4.368961334228516, 0.0, 0.0, 0.0, 0.0], "(1, 3, 0, 0)": [0.0, -4.368961334228516, 0.0, 0.0, -4.368961334228516, 0.0, 0.0], "(1, 2, 0, 0)": [0.0, 0.0, 0.0, 0.0, -4.368961334228516, 0.0, 0.0], "(1, 2, 0, 1)": [0.0, 0.0, 0.0, 0.0, -4.368961334228516, 0.0, 0.0], "(1, 1, 0, 1)": [0.0, -4.368961334228516, -4.368961334228516, -4.0959014892578125, -4.368961334228516, -4.368961334228516, 0.0], "(1, 0, 0, 1)": [-4.368961334228516, -4.368961334228516, -4.368961334228516, -4.368961334228516, -4.368961334228516, -4.368961334228516, -3.2767210006713867],