{"q_values": {"(2, 5, 2, 2)": [-0.04328377544879913, -0.042880624532699585, -0.04291748255491257, -0.042394716292619705, -0.04174850136041641], "(2, 5, 3, 2)": [-0.042591679841279984, -0.04242229089140892, -0.041512299329042435, -0.041925154626369476, -0.04065787047147751], "(2, 5, 3, 3)": [-0.04117994382977486, -0.03984014689922333, -0.04060238599777222, -0.03835281729698181, -0.038926247507333755], "(2, 4, 2, 2)": [-0.04182165861129761, -0.04255747050046921, -0.042788296937942505, -0.04306289181113243, -0.043426763266325], "(2, 4, 3, 2)": [-0.04347016662359238, -0.04323602840304375, -0.0437128022313118, -0.04361754283308983, -0.043764129281044006], "(2, 4, 3, 3)": [-0.04369403049349785, -0.04382561147212982, -0.04379330202937126, -0.04385627061128616, -0.043749790638685226], "(2, 4, 4, 3)": [-0.04387116804718971, -0.04379410296678543, -0.04387447237968445, -0.043919116258621216, -0.04391181841492653], "(2, 4, 1, 1)": [-0.038652125746011734, -0.03879239410161972, -0.0386216901242733, -0.04037663713097572, -0.03952863812446594], "(2, 4, 2, 1)": [-0.03789675980806351, -0.03604528680443764, -0.032365623861551285, -0.043798238039016724, -0.037036191672086716], "(2, 5, 4, 3)": [-0.03754562512040138, -0.038522277027368546, -0.03757552430033684, -0.03604402393102646, -0.03711544722318649], "(2, 4, 1, 2)": [-0.04088442772626877, -0.04054327681660652, -0.042175814509391785, -0.04137113317847252, -0.04262040928006172], "(2, 5, 1, 2)": [-0.04373955354094505, -0.043734993785619736, -0.04350985959172249, -0.042926765978336334, -0.04331282153725624], "(2, 5, 0, 2)": [-0.04310668632388115, -0.043757859617471695, -0.043697621673345566, -0.04374120756983757, -0.04305758327245712], "(2, 5, 2, 3)": [-0.04362582415342331, -0.04338735714554787, -0.043521296232938766, -0.033512819558382034, -0.04352067410945892], "(2, 4, 0, 1)": [-0.03515401855111122, -0.03786594048142433, -0.03580835089087486, -0.03783727064728737, -0.03806489706039429], "(3, 4, 3, 2)": [-0.03464889898896217, -0.04376686364412308, -0.04376079514622688, -0.04376078024506569, -0.04376819729804993], "(2, 4, 4, 2)": [-0.04364091902971268, -0.04376079887151718, -0.04372262954711914, -0.0438397042453289, -0.043921731412410736], "(2, 4, 5, 3)": [0.0, -0.044066376984119415, 0.0, -0.04405513033270836, -0.04390275478363037], "(3, 4, 4, 2)": [-0.0437607578933239, -0.04376079887151718, 0.0, -0.043760716915130615, -0.04457888752222061], "(3, 4, 2, 1)": [-0.0437394343316555, 0.0, 0.0, -0.04367532953619957, -0.04307703673839569], "(3, 4, 2, 2)": [-0.04397241026163101, -0.043754223734140396, -0.04377426207065582, -0.04377559572458267, -0.04373284801840782], "(2, 5, 1, 1)": [-0.043685432523489, -0.043865349143743515, -0.04380439594388008, -0.043824683874845505, -0.04378762096166611], "(2, 5, 0, 1)": [-0.04371967911720276, -0.04372413456439972, -0.043745007365942, -0.04371984675526619, -0.043692268431186676], "(2, 4, 0, 2)": [-0.043830506503582, -0.04383786767721176, -0.043677184730768204, -0.04377899318933487, -0.04386845603585243], "(1, 4, 2, 2)": [-0.04408266022801399, -0.0438799224793911, -0.04408266022801399, -0.04408266022801399, -0.0438799224793911], "(2, 4, 2, 3)": [0.0, 0.0, -0.043677184730768204, 0.0, 0.0], "(1, 5, 2, 2)": [0.0, -0.021838592365384102, 0.0, 0.0, 0.0], "(2, 5, 5, 3)": [-0.03450072556734085, -0.034015145152807236, -0.03534342348575592, -0.03512266278266907, -0.02979886159300804], "(1, 4, 0, 1)": [-0.0432756207883358, -0.03848078101873398, -0.04408266022801399, -0.026579147204756737, -0.04259064421057701], "(1, 4, 1, 2)": [-0.04349604621529579, 0.0, 0.0, -0.04408266022801399, -0.021814648061990738], "(1, 4, 3, 2)": [-0.04408266022801399, -0.04408266022801399, -0.04408266022801399, -0.04408266022801399, -0.04408266022801399], "(1, 4, 3, 3)": [0.0, -0.04408266022801399, 0.0, 0.0, 0.0], "(1, 4, 1, 1)": [-0.02177642658352852, 0.0, -0.032721973955631256, -0.04408266022801399, 0.0], "(2, 4, 0, 0)": [-0.02322174236178398, -0.023775987327098846, -0.030519280582666397, -0.02754957415163517, -0.02477722242474556], "(2, 5, 5, 4)": [-0.0330098494887352, -0.027591995894908905, -0.022103285416960716, -0.022291382774710655, -0.027726007625460625], "(3, 5, 1, 2)": [-0.04377555474638939, -0.044578805565834045, -0.04457888752222061, -0.04457752779126167, -0.04457888752222061], "(3, 4, 1, 1)": [-0.04304482415318489, -0.043433599174022675, -0.04240760952234268, -0.044382985681295395, -0.04377526417374611], "(3, 5, 4, 3)": [-0.04417724162340164, -0.04457888752222061, -0.027490809559822083, -0.02471899800002575, -0.0332174077630043], "(3, 5, 3, 2)": [-0.04417724162340164, -0.04457888752222061, -0.04457888752222061, -0.04457888752222061, -0.04457888752222061], "(3, 5, 2, 2)": [-0.044177114963531494, -0.04457888379693031, -0.04457888752222061, -0.04457854852080345, -0.044177234172821045], "(3, 4, 1, 2)": [0.0, 0.0, -0.04377543181180954, 0.0, 0.0], "(1, 4, 0, 2)": [-0.04341042414307594, 0.0, 0.0, 0.0, 0.0], "(3, 4, 5, 3)": [-0.04457888752222061, 0.0, 0.0, 0.0, 0.0], "(3, 4, 0, 1)": [-0.04156052693724632, 0.0, -0.04449182003736496, 0.0, 0.0], "(3, 4, 0, 0)": [-0.022289445623755455, 0.0, 0.0, 0.0, 0.0], "(3, 4, 4, 3)": [0.0, 0.0, 0.0, -0.04457888752222061, 0.0], "(3, 5, 5, 3)": [-0.022043032571673393, -0.04457888752222061, 0.0, 0.0, -0.04457888752222061], "(3, 5, 1, 1)": [0.0, 0.0, -0.04457820951938629, 0.0, 0.0], "(1, 4, 0, 0)": [0.0, 0.0, 0.0, 0.0, 0.0], "(3, 5, 3, 3)": [0.0, 0.0, 0.0, 0.0, 0.0], "(2, 4, -1, 0)": [-0.022308407351374626, -0.022233249619603157, -0.022131409496068954, -0.024324683472514153, -0.02204439789056778], "(2, 5, 6, 3)": [-0.02740759402513504, -0.021908413618803024, 0.0, 0.0, 0.0], "(1, 4, -1, 0)": [0.0, 0.0, 0.0, 0.0, 0.0], "(2, 5, 6, 4)": [-0.027700275182724, -0.02206714265048504, -0.021979734301567078, 0.0, 0.0], "(2, 4, -1, 1)": [-0.03332427516579628, -0.021905967965722084, -0.027315888553857803, -0.022146161645650864, -0.03272810950875282], "(3, 5, 6, 4)": [-0.0220302976667881, 0.0, 0.0, 0.0, 0.0], "(1, 4, -1, 1)": [0.0, 0.0, 0.0, 0.0, 0.0]}, "n_values": {"(2, 5, 2, 2)": [253.0, 237.0, 263.0, 314.0, 2936.0], "(2, 5, 3, 2)": [104.0, 147.0, 133.0, 126.0, 1321.0], "(2, 5, 3, 3)": [121.0, 109.0, 114.0, 1171.0, 162.0], "(2, 4, 2, 2)": [3154.0, 371.0, 301.0, 276.0, 297.0], "(2, 4, 3, 2)": [93.0, 194.0, 69.0, 66.0, 53.0], "(2, 4, 3, 3)": [9.0, 9.0, 11.0, 10.0, 12.0], "(2, 4, 4, 3)": [13.0, 13.0, 13.0, 11.0, 10.0], "(2, 4, 1, 1)": [218.0, 173.0, 2373.0, 188.0, 184.0], "(2, 4, 2, 1)": [2.0, 6.0, 5.0, 2.0, 2.0], "(2, 5, 4, 3)": [174.0, 164.0, 178.0, 2776.0, 168.0], "(2, 4, 1, 2)": [215.0, 1530.0, 138.0, 132.0, 152.0], "(2, 5, 1, 2)": [46.0, 40.0, 54.0, 173.0, 77.0], "(2, 5, 0, 2)": [4.0, 2.0, 4.0, 3.0, 2.0], "(2, 5, 2, 3)": [2.0, 2.0, 1.0, 7.0, 1.0], "(2, 4, 0, 1)": [2102.0, 120.0, 120.0, 147.0, 137.0], "(2, 4, 4, 2)": [6.0, 1.0, 2.0, 4.0, 2.0], "(2, 4, 5, 3)": [0.0, 2.0, 0.0, 1.0, 2.0], "(3, 4, 4, 2)": [1.0, 1.0, 0.0, 1.0, 1.0], "(3, 4, 3, 2)": [3.0, 2.0, 1.0, 1.0, 2.0], "(3, 4, 2, 1)": [1.0, 0.0, 0.0, 1.0, 1.0], "(3, 4, 2, 2)": [3.0, 1.0, 1.0, 1.0, 1.0], "(2, 5, 1, 1)": [13.0, 6.0, 7.0, 7.0, 6.0], "(2, 5, 0, 1)": [8.0, 4.0, 7.0, 5.0, 9.0], "(2, 4, 0, 2)": [2.0, 1.0, 1.0, 3.0, 6.0], "(1, 4, 2, 2)": [2.0, 2.0, 1.0, 1.0, 2.0], "(2, 4, 2, 3)": [0.0, 0.0, 1.0, 0.0, 0.0], "(1, 5, 2, 2)": [0.0, 1.0, 0.0, 0.0, 0.0], "(2, 5, 5, 3)": [44.0, 14.0, 18.0, 21.0, 364.0], "(1, 4, 0, 1)": [2.0, 2.0, 1.0, 6.0, 2.0], "(1, 4, 1, 2)": [1.0, 0.0, 0.0, 1.0, 1.0], "(1, 4, 3, 2)": [1.0, 1.0, 1.0, 1.0, 1.0], "(1, 4, 3, 3)": [0.0, 1.0, 0.0, 0.0, 0.0], "(1, 4, 1, 1)": [1.0, 0.0, 1.0, 1.0, 0.0], "(2, 4, 0, 0)": [11.0, 13.0, 2.0, 4.0, 4.0], "(2, 5, 5, 4)": [1.0, 2.0, 4.0, 1.0, 2.0], "(3, 5, 4, 3)": [2.0, 2.0, 2.0, 4.0, 2.0], "(3, 5, 3, 2)": [2.0, 4.0, 1.0, 1.0, 1.0], "(3, 5, 2, 2)": [2.0, 5.0, 1.0, 1.0, 2.0], "(3, 5, 1, 2)": [1.0, 1.0, 1.0, 1.0, 1.0], "(3, 4, 1, 2)": [0.0, 0.0, 1.0, 0.0, 0.0], "(3, 4, 1, 1)": [3.0, 1.0, 1.0, 2.0, 1.0], "(1, 4, 0, 2)": [2.0, 0.0, 0.0, 0.0, 0.0], "(3, 4, 4, 3)": [0.0, 0.0, 0.0, 1.0, 0.0],