{"q_values": {"(2, 5, 2, 2)": [-0.04325862601399422, -0.04309052601456642, -0.04347485676407814, -0.042882826179265976, -0.041859496384859085], "(2, 5, 3, 2)": [-0.04338575154542923, -0.04290264844894409, -0.04279019311070442, -0.04292203113436699, -0.04138806462287903], "(2, 5, 3, 3)": [-0.040659815073013306, -0.040716253221035004, -0.041030216962099075, -0.03847970813512802, -0.039330240339040756], "(2, 4, 2, 2)": [-0.04241195321083069, -0.04274478554725647, -0.04306117817759514, -0.04302893579006195, -0.04348987340927124], "(2, 4, 3, 2)": [-0.04340828210115433, -0.04339728504419327, -0.04372695833444595, -0.043575718998909, -0.04375167191028595], "(2, 4, 3, 3)": [-0.04372824355959892, -0.04382561147212982, -0.04379330202937126, -0.04385627061128616, -0.04369773715734482], "(2, 4, 4, 3)": [-0.043842945247888565, -0.04379410296678543, -0.04385003820061684, -0.04389004036784172, -0.04391181841492653], "(2, 4, 1, 1)": [-0.039187654852867126, -0.03923381119966507, -0.03784644603729248, -0.04093428701162338, -0.04028564319014549], "(2, 4, 2, 1)": [-0.03789675980806351, -0.03819245845079422, -0.03498324006795883, -0.043798238039016724, -0.037036191672086716], "(2, 5, 4, 3)": [-0.03976837545633316, -0.0396939255297184, -0.03968598693609238, -0.03669676184654236, -0.03849392011761665], "(2, 4, 1, 2)": [-0.041413601487874985, -0.04120045527815819, -0.04302261397242546, -0.04142502322793007, -0.043386563658714294], "(2, 5, 1, 2)": [-0.043732162564992905, -0.04375309869647026, -0.04356267675757408, -0.04296651855111122, -0.04356323555111885], "(2, 5, 0, 2)": [-0.04310668632388115, -0.043757859617471695, -0.043697621673345566, -0.04374120756983757, -0.04305758327245712], "(2, 5, 2, 3)": [-0.04362582415342331, -0.04338735714554787, -0.043521296232938766, -0.033512819558382034, -0.04352067410945892], "(2, 4, 0, 1)": [-0.036523062735795975, -0.03987077623605728, -0.03799544274806976, -0.03931927680969238, -0.03721814975142479], "(3, 4, 3, 2)": [-0.03464889898896217, -0.04376686364412308, -0.04376079514622688, -0.04376078024506569, -0.04376819729804993], "(2, 4, 4, 2)": [-0.04364091902971268, -0.04376079887151718, -0.04372262954711914, -0.0438397042453289, -0.043921731412410736], "(2, 4, 5, 3)": [0.0, -0.044066376984119415, 0.0, -0.04405513033270836, -0.04390275478363037], "(3, 4, 4, 2)": [-0.0437607578933239, -0.04376079887151718, 0.0, -0.043760716915130615, -0.04457888752222061], "(3, 4, 2, 1)": [-0.0437394343316555, 0.0, 0.0, -0.04367532953619957, -0.04307703673839569], "(3, 4, 2, 2)": [-0.04397241026163101, -0.043754223734140396, -0.04377426207065582, -0.04377559572458267, -0.04373284801840782], "(2, 5, 1, 1)": [-0.04369078949093819, -0.043865349143743515, -0.04380439594388008, -0.043824683874845505, -0.04378762096166611], "(2, 5, 0, 1)": [-0.04371967911720276, -0.04372413456439972, -0.043745007365942, -0.04371984675526619, -0.043692268431186676], "(2, 4, 0, 2)": [-0.043830506503582, -0.04383786767721176, -0.043677184730768204, -0.043617039918899536, -0.043276913464069366], "(1, 4, 2, 2)": [-0.04408266022801399, -0.0438799224793911, -0.04408266022801399, -0.04408266022801399, -0.0438799224793911], "(2, 4, 2, 3)": [0.0, 0.0, -0.043677184730768204, 0.0, 0.0], "(1, 5, 2, 2)": [0.0, -0.021838592365384102, 0.0, 0.0, 0.0], "(2, 5, 5, 3)": [-0.03287883475422859, -0.04254961758852005, -0.038262948393821716, -0.03824956715106964, -0.03830106928944588], "(1, 4, 0, 1)": [-0.0432756207883358, -0.03848078101873398, -0.04408266022801399, -0.038358718156814575, -0.04259064421057701], "(1, 4, 1, 2)": [-0.04349604621529579, 0.0, 0.0, -0.04408266022801399, 0.0], "(1, 4, 3, 2)": [-0.04408266022801399, -0.04408266022801399, -0.04408266022801399, -0.04408266022801399, -0.04408266022801399], "(1, 4, 3, 3)": [0.0, -0.04408266022801399, 0.0, 0.0, 0.0], "(1, 4, 1, 1)": [0.0, 0.0, 0.0, -0.04408266022801399, 0.0], "(2, 4, 0, 0)": [-0.021962739527225494, 0.0, 0.0, 0.0, -0.02182083949446678], "(2, 5, 5, 4)": [0.0, -0.027591995894908905, -0.022184761241078377, 0.0, 0.0], "(3, 5, 1, 2)": [-0.04377555474638939, -0.044578805565834045, -0.04457888752222061, -0.04457752779126167, -0.04457888752222061], "(3, 4, 1, 1)": [-0.04304482415318489, -0.043433599174022675, -0.04240760952234268, -0.044382985681295395, -0.04377526417374611], "(3, 5, 4, 3)": [-0.04417724162340164, -0.04457888752222061, -0.027490809559822083, 0.0, -0.04457888752222061], "(3, 5, 3, 2)": [-0.04417724162340164, -0.04457888752222061, -0.04457888752222061, -0.04457888752222061, -0.04457888752222061], "(3, 5, 2, 2)": [-0.044177114963531494, -0.04457888379693031, -0.04457888752222061, -0.04457854852080345, -0.044177234172821045], "(3, 4, 1, 2)": [0.0, 0.0, -0.04377543181180954, 0.0, 0.0], "(1, 4, 0, 2)": [-0.04341042414307594, 0.0, 0.0, 0.0, 0.0], "(3, 4, 5, 3)": [-0.04457888752222061, 0.0, 0.0, 0.0, 0.0], "(3, 4, 0, 1)": [-0.04156052693724632, 0.0, -0.04449182003736496, 0.0, 0.0], "(3, 4, 0, 0)": [-0.022289445623755455, 0.0, 0.0, 0.0, 0.0], "(3, 4, 4, 3)": [0.0, 0.0, 0.0, -0.04457888752222061, 0.0], "(3, 5, 5, 3)": [0.0, -0.04457888752222061, 0.0, 0.0, -0.04457888752222061], "(3, 5, 1, 1)": [0.0, 0.0, -0.04457820951938629, 0.0, 0.0]}, "n_values": {"(2, 5, 2, 2)": [120.0, 122.0, 133.0, 172.0, 313.0], "(2, 5, 3, 2)": [45.0, 72.0, 62.0, 54.0, 168.0], "(2, 5, 3, 3)": [61.0, 61.0, 62.0, 101.0, 92.0], "(2, 4, 2, 2)": [424.0, 218.0, 156.0, 140.0, 150.0], "(2, 4, 3, 2)": [79.0, 106.0, 64.0, 56.0, 45.0], "(2, 4, 3, 3)": [6.0, 9.0, 11.0, 10.0, 10.0], "(2, 4, 4, 3)": [12.0, 13.0, 11.0, 10.0, 10.0], "(2, 4, 1, 1)": [82.0, 69.0, 160.0, 72.0, 86.0], "(2, 4, 2, 1)": [2.0, 3.0, 4.0, 2.0, 2.0], "(2, 5, 4, 3)": [48.0, 49.0, 45.0, 112.0, 46.0], "(2, 4, 1, 2)": [129.0, 154.0, 61.0, 66.0, 78.0], "(2, 5, 1, 2)": [40.0, 33.0, 46.0, 104.0, 67.0], "(2, 5, 0, 2)": [4.0, 2.0, 4.0, 3.0, 2.0], "(2, 5, 2, 3)": [2.0, 2.0, 1.0, 7.0, 1.0], "(2, 4, 0, 1)": [149.0, 44.0, 41.0, 47.0, 63.0], "(2, 4, 4, 2)": [6.0, 1.0, 2.0, 4.0, 2.0], "(2, 4, 5, 3)": [0.0, 2.0, 0.0, 1.0, 2.0], "(3, 4, 4, 2)": [1.0, 1.0, 0.0, 1.0, 1.0], "(3, 4, 3, 2)": [3.0, 2.0, 1.0, 1.0, 2.0], "(3, 4, 2, 1)": [1.0, 0.0, 0.0, 1.0, 1.0], "(3, 4, 2, 2)": [3.0, 1.0, 1.0, 1.0, 1.0], "(2, 5, 1, 1)": [11.0, 6.0, 7.0, 7.0, 6.0], "(2, 5, 0, 1)": [8.0, 4.0, 7.0, 5.0, 9.0], "(2, 4, 0, 2)": [2.0, 1.0, 1.0, 2.0, 2.0], "(1, 4, 2, 2)": [2.0, 2.0, 1.0, 1.0, 2.0], "(2, 4, 2, 3)": [0.0, 0.0, 1.0, 0.0, 0.0], "(1, 5, 2, 2)": [0.0, 1.0, 0.0, 0.0, 0.0], "(2, 5, 5, 3)": [10.0, 1.0, 6.0, 5.0, 4.0], "(1, 4, 0, 1)": [2.0, 2.0, 1.0, 1.0, 2.0], "(1, 4, 1, 2)": [1.0, 0.0, 0.0, 1.0, 0.0], "(1, 4, 3, 2)": [1.0, 1.0, 1.0, 1.0, 1.0], "(1, 4, 3, 3)": [0.0, 1.0, 0.0, 0.0, 0.0], "(1, 4, 1, 1)": [0.0, 0.0, 0.0, 1.0, 0.0], "(2, 4, 0, 0)": [1.0, 0.0, 0.0, 0.0, 1.0], "(2, 5, 5, 4)": [0.0, 2.0, 1.0, 0.0, 0.0], "(3, 5, 4, 3)": [2.0, 2.0, 2.0, 0.0, 1.0], "(3, 5, 3, 2)": [2.0, 4.0, 1.0, 1.0, 1.0], "(3, 5, 2, 2)": [2.0, 5.0, 1.0, 1.0, 2.0], "(3, 5, 1, 2)": [1.0, 1.0, 1.0, 1.0, 1.0], "(3, 4, 1, 2)": [0.0, 0.0, 1.0, 0.0, 0.0], "(3, 4, 1, 1)": [3.0, 1.0, 1.0, 2.0, 1.0], "(1, 4, 0, 2)": [2.0, 0.0, 0.0, 0.0, 0.0], "(3, 4, 4, 3)": [0.0, 0.0, 0.0, 1.0, 0.0], "(3, 4, 5, 3)": [1.0, 0.0, 0.0, 0.0, 0.0], "(3, 5, 5, 3)": [0.0, 1.0, 0.0, 0.0, 1.0], "(3, 5, 1, 1)": [0.0, 0.0, 1.0, 0.0, 0.0], "(3, 4, 0, 1)": [3.0, 0.0, 1.0, 0.0, 0.0], "(3, 4, 0, 0)": [1.0, 0.0, 0.0, 0.0, 0.0]}}