{"q_values": {"(2, 6, 1, 1)": [-4.386462688446045, -4.386979103088379, -4.383660316467285, -4.386424541473389, -4.383694171905518, -4.383304119110107, -4.383776664733887], "(2, 6, 2, 1)": [-4.3793044090271, -4.380044460296631, -4.376849174499512, -4.370765209197998, -4.375978469848633, -4.369096279144287, -4.372643947601318], "(2, 7, 1, 1)": [-4.378774642944336, -4.37655782699585, -4.381041049957275, -4.3761420249938965, -4.383166313171387, -4.370683670043945, -4.366298198699951], "(2, 6, 0, 1)": [-4.387308120727539, -4.373475551605225, -4.375978469848633, -4.374612808227539, -4.3852386474609375, -4.3789963722229, -4.379877090454102], "(2, 7, 2, 1)": [-4.3708577156066895, -4.367039203643799, -4.349623203277588, -4.36160135269165, -4.35176944732666, -4.342974662780762, -4.302950382232666], "(2, 8, 2, 2)": [-4.238119125366211, -4.0746989250183105, -4.125110626220703, -4.120306015014648, -4.072487831115723, -4.096171855926514, -3.9003825187683105], "(2, 9, 2, 1)": [-4.118075847625732, -3.9935975074768066, -4.098414421081543, -4.176306247711182, -3.95444655418396, -3.89497447013855, -3.763728380203247], "(2, 10, 2, 1)": [-3.0756068229675293, -2.8038415908813477, -2.9778101444244385, -2.981492757797241, -3.0362823009490967, -2.5139732360839844, -2.6417579650878906], "(2, 10, 1, 1)": [-4.181020259857178, -4.116618633270264, -3.7367403507232666, -3.490054130554199, -3.7437384128570557, -3.3815789222717285, -3.290517568588257], "(2, 0, 1, 1)": [-3.4787192344665527, -3.8547022342681885, -3.7065443992614746, -3.6844773292541504, -3.9490396976470947, -3.729552984237671, -3.904571533203125], "(2, 0, 2, 1)": [-4.344651222229004, -4.363534450531006, -4.383759498596191, -4.370237350463867, -4.34498929977417, -4.388490676879883, -4.366318225860596], "(2, 1, 2, 1)": [-4.36476993560791, -4.371849536895752, -4.355360507965088, -4.3454813957214355, -4.3548173904418945, -4.359057426452637, -4.36573600769043], "(2, 2, 2, 1)": [-4.357328414916992, -4.358173847198486, -4.37484884262085, -4.358915328979492, -4.369543552398682, -4.374685764312744, -4.365910530090332], "(2, 3, 2, 1)": [-4.364498615264893, -4.396876811981201, -4.369744777679443, -4.372480392456055, -4.362177848815918, -4.362863540649414, -4.377533912658691], "(2, 4, 2, 1)": [-4.388490200042725, -4.379121780395508, -4.380344867706299, -4.37543249130249, -4.384276866912842, -4.386449337005615, -4.376573085784912], "(2, 5, 2, 1)": [-4.382229328155518, -4.382358074188232, -4.380631923675537, -4.39105224609375, -4.384899139404297, -4.379146575927734, -4.381468772888184], "(2, 5, 1, 1)": [-4.3888397216796875, -4.39781379699707, -4.394665718078613, -4.3904900550842285, -4.389465808868408, -4.383909225463867, -4.389575004577637], "(3, 6, 2, 1)": [-4.353297233581543, 0.0, 0.0, 0.0, 0.0, 0.0, -4.353297233581543], "(3, 6, 1, 1)": [-4.353297233581543, 0.0, 0.0, 0.0, 0.0, 0.0, -4.353297233581543], "(3, 5, 1, 1)": [-4.353297233581543, -4.353297233581543, 0.0, -4.353297233581543, 0.0, -4.353297233581543, 0.0], "(3, 4, 0, 0)": [0.0, 0.0, 0.0, 0.0, -4.353297233581543, 0.0, 0.0], "(3, 4, 1, 1)": [0.0, 0.0, -4.353297233581543, 0.0, 0.0, 0.0, -4.353297233581543], "(3, 3, 1, 1)": [-4.353296279907227, 0.0, -4.353297233581543, -4.353297233581543, 0.0, -4.353297233581543, 0.0], "(3, 2, 1, 1)": [-4.353281021118164, 0.0, 0.0, -4.353230953216553, -4.3532891273498535, -4.35329532623291, -4.3531646728515625], "(3, 2, 2, 1)": [0.0, 0.0, -4.352766036987305, 0.0, 0.0, 0.0, 0.0], "(3, 1, 1, 1)": [-3.8091354370117188, 0.0, 0.0, -4.081216335296631, -4.349046230316162, -4.351171970367432, 0.0], "(3, 1, 2, 1)": [-4.285277366638184, 0.0, -4.344794750213623, -4.319287300109863, -4.336292266845703, 0.0, 0.0], "(3, 0, 1, 1)": [0.0, 0.0, 0.0, -3.2649731636047363, -2.1766488552093506, 0.0, 0.0], "(2, 8, 1, 1)": [-4.372008323669434, -4.379176139831543, -4.369167327880859, -4.361334800720215, -4.355567932128906, -4.336972713470459, -4.35560417175293], "(2, 8, 2, 1)": [-4.346217632293701, -4.330629348754883, -4.319864273071289, -4.310803413391113, -4.288331985473633, -4.266699314117432, -4.147268772125244], "(2, 2, 1, 1)": [-4.316781520843506, -4.345582008361816, -4.355589389801025, -4.3547043800354, -4.357091426849365, -4.370187282562256, -4.367427825927734], "(2, 3, 1, 1)": [-4.373061656951904, -4.378312110900879, -4.3796000480651855, -4.387473106384277, -4.381997108459473, -4.377692222595215, -4.376575946807861], "(2, 1, 1, 1)": [-4.154566287994385, -4.232856750488281, -4.236701965332031, -4.273768901824951, -4.312030792236328, -4.29652214050293, -4.330143451690674], "(2, 1, 0, 1)": [-3.6021246910095215, -3.7563586235046387, -3.897211790084839, -3.853198528289795, -3.9939634799957275, -4.029778003692627, -4.148217678070068], "(2, 0, 0, 1)": [-2.661684513092041, -2.527461528778076, -2.703162431716919, -3.0695135593414307, -2.8169896602630615, -3.1474075317382812, -2.949660301208496], "(2, 9, 1, 1)": [-4.352669715881348, -4.331180095672607, -4.305969715118408, -4.253607749938965, -4.275052070617676, -4.198674201965332, -4.247315406799316], "(2, 4, 1, 1)": [-4.383739471435547, -4.387973308563232, -4.386264801025391, -4.3851823806762695, -4.394721508026123, -4.388737678527832, -4.384784698486328], "(2, 3, 0, 1)": [-4.344911098480225, -4.328603267669678, -4.36088228225708, -4.3531270027160645, -4.374143123626709, -4.362890243530273, -4.376288414001465], "(2, 2, 0, 1)": [-4.183506488800049, -4.226147174835205, -4.2433881759643555, -4.288205623626709, -4.292497634887695, -4.317142486572266, -4.333019256591797], "(2, 10, 0, 1)": [-4.316310405731201, -4.388307571411133, -4.388574123382568, -4.365467071533203, -4.378951549530029, -4.37308406829834, -4.411681175231934], "(2, 9, 0, 1)": [-4.377756595611572, -4.385949611663818, -4.383645057678223, -4.377249717712402, -4.380997180938721, -4.397220134735107, -4.352477073669434], "(2, 7, 2, 2)": [-4.358614921569824, -4.323965072631836, -4.315382957458496, -4.216630458831787, -4.3540754318237305, -4.261350631713867, -4.222672462463379], "(2, 8, 0, 1)": [-4.388574123382568, -4.377522945404053, -4.3870697021484375, -4.384550094604492, -4.386847972869873, -4.369495391845703, -4.376006126403809], "(2, 7, 0, 1)": [-4.384711742401123, -4.380908012390137, -4.373838424682617, -4.373859882354736, -4.381812572479248, -4.3765177726745605, -4.382519721984863], "(1, 10, 0, 1)": [-4.361204147338867, -4.22904634475708, -4.363335609436035, -4.348414897918701, -3.8197836875915527, 0.0, -4.356941223144531], "(2, 5, 0, 1)": [-4.382462978363037, -4.387235641479492, -4.394242286682129, -4.383441925048828, -4.390549182891846, -4.394167900085449, -4.383466720581055], "(1, 7, 1, 1)": [-4.368961334228516, -4.368961334228516, -4.368961334228516, 0.0, 0.0, 0.0, 0.0], "(1, 1, 1, 1)": [-4.290167808532715, -4.335056304931641, -4.3684282302856445, -4.365873336791992, -4.345975875854492, -4.364695072174072, -4.367321491241455], "(1, 7, 0, 1)": [-4.368961334228516, -4.368961334228516, -4.368961334228516, 0.0, -4.386013031005859, -4.368961334228516, -4.394448280334473], "(1, 8, 0, 1)": [-4.368961334228516, -4.368961334228516, -4.410604476928711, -4.40952730178833, 0.0, 0.0, 0.0], "(1, 6, 0, 1)": [-4.368961334228516, -4.368961334228516, -4.368961334228516, 0.0, 0.0, 0.0, 0.0], "(1, 5, 0, 1)": [-4.368961334228516, 0.0, 0.0, 0.0, 0.0, 0.0, 0.0], "(1, 5, 0, 0)": [0.0, 0.0, -4.368961334228516, -4.368961334228516, 0.0, 0.0, 0.0], "(1, 4, 0, 0)": [0.0, 0.0, -4.368961334228516, 0.0, 0.0, 0.0, 0.0], "(1, 3, 0, 0)": [0.0, -4.368961334228516, 0.0, 0.0, -4.368961334228516, 0.0, 0.0], "(1, 2, 0, 0)": [0.0, 0.0, 0.0, 0.0, -4.368961334228516, 0.0, 0.0], "(1, 2, 0, 1)": [0.0, 0.0, 0.0, 0.0, -4.368961334228516, 0.0, 0.0], "(1, 1, 0, 1)": [0.0, -4.368961334228516, -4.368961334228516, -4.0959014892578125, -4.368961334228516, -4.368961334228516, 0.0], "(1, 0, 0, 1)": [-4.368961334228516, -4.368961334228516, -4.368961334228516, -4.368961334228516, -4.368961334228516, -4.368961334228516, -3.2767210006713867],