{"q_values": {"(2, 5, 2, 2)": [-0.04331346973776817, -0.04281352087855339, -0.04296816885471344, -0.04250459000468254, -0.04168589040637016], "(2, 5, 3, 2)": [-0.0431133508682251, -0.042707305401563644, -0.042023491114377975, -0.04214496910572052, -0.041120391339063644], "(2, 5, 3, 3)": [-0.0415167473256588, -0.040088292211294174, -0.04050150141119957, -0.037803858518600464, -0.03901879861950874], "(2, 4, 2, 2)": [-0.041938841342926025, -0.04260140657424927, -0.042712513357400894, -0.04308580979704857, -0.04350719600915909], "(2, 4, 3, 2)": [-0.04346698522567749, -0.04329206049442291, -0.0437128022313118, -0.04361077398061752, -0.043764129281044006], "(2, 4, 3, 3)": [-0.04372328147292137, -0.04382561147212982, -0.04379330202937126, -0.04385627061128616, -0.043749790638685226], "(2, 4, 4, 3)": [-0.04387116804718971, -0.04379410296678543, -0.04387447237968445, -0.043919116258621216, -0.04391181841492653], "(2, 4, 1, 1)": [-0.038362205028533936, -0.03907053917646408, -0.038201428949832916, -0.0401284322142601, -0.04009847342967987], "(2, 4, 2, 1)": [-0.03789675980806351, -0.03604528680443764, -0.03498324006795883, -0.043798238039016724, -0.037036191672086716], "(2, 5, 4, 3)": [-0.03860138729214668, -0.03869817778468132, -0.03750591352581978, -0.03647732362151146, -0.03812728449702263], "(2, 4, 1, 2)": [-0.041138991713523865, -0.04085191711783409, -0.042228903621435165, -0.04142988845705986, -0.04263968765735626], "(2, 5, 1, 2)": [-0.043743111193180084, -0.04376111552119255, -0.04350962117314339, -0.0428752601146698, -0.04348663613200188], "(2, 5, 0, 2)": [-0.04310668632388115, -0.043757859617471695, -0.043697621673345566, -0.04374120756983757, -0.04305758327245712], "(2, 5, 2, 3)": [-0.04362582415342331, -0.04338735714554787, -0.043521296232938766, -0.033512819558382034, -0.04352067410945892], "(2, 4, 0, 1)": [-0.03610134497284889, -0.03765382990241051, -0.036534328013658524, -0.03915228322148323, -0.037770312279462814], "(3, 4, 3, 2)": [-0.03464889898896217, -0.04376686364412308, -0.04376079514622688, -0.04376078024506569, -0.04376819729804993], "(2, 4, 4, 2)": [-0.04364091902971268, -0.04376079887151718, -0.04372262954711914, -0.0438397042453289, -0.043921731412410736], "(2, 4, 5, 3)": [0.0, -0.044066376984119415, 0.0, -0.04405513033270836, -0.04390275478363037], "(3, 4, 4, 2)": [-0.0437607578933239, -0.04376079887151718, 0.0, -0.043760716915130615, -0.04457888752222061], "(3, 4, 2, 1)": [-0.0437394343316555, 0.0, 0.0, -0.04367532953619957, -0.04307703673839569], "(3, 4, 2, 2)": [-0.04397241026163101, -0.043754223734140396, -0.04377426207065582, -0.04377559572458267, -0.04373284801840782], "(2, 5, 1, 1)": [-0.043685432523489, -0.043865349143743515, -0.04380439594388008, -0.043824683874845505, -0.04378762096166611], "(2, 5, 0, 1)": [-0.04371967911720276, -0.04372413456439972, -0.043745007365942, -0.04371984675526619, -0.043692268431186676], "(2, 4, 0, 2)": [-0.043830506503582, -0.04383786767721176, -0.043677184730768204, -0.04377899318933487, -0.043649353086948395], "(1, 4, 2, 2)": [-0.04408266022801399, -0.0438799224793911, -0.04408266022801399, -0.04408266022801399, -0.0438799224793911], "(2, 4, 2, 3)": [0.0, 0.0, -0.043677184730768204, 0.0, 0.0], "(1, 5, 2, 2)": [0.0, -0.021838592365384102, 0.0, 0.0, 0.0], "(2, 5, 5, 3)": [-0.03429703041911125, -0.03577243164181709, -0.03794170543551445, -0.0358133465051651, -0.03399278596043587], "(1, 4, 0, 1)": [-0.0432756207883358, -0.03848078101873398, -0.04408266022801399, -0.027413779869675636, -0.04259064421057701], "(1, 4, 1, 2)": [-0.04349604621529579, 0.0, 0.0, -0.04408266022801399, 0.0], "(1, 4, 3, 2)": [-0.04408266022801399, -0.04408266022801399, -0.04408266022801399, -0.04408266022801399, -0.04408266022801399], "(1, 4, 3, 3)": [0.0, -0.04408266022801399, 0.0, 0.0, 0.0], "(1, 4, 1, 1)": [0.0, 0.0, 0.0, -0.04408266022801399, 0.0], "(2, 4, 0, 0)": [-0.021962739527225494, -0.021779440343379974, 0.0, -0.022061295807361603, -0.02182083949446678], "(2, 5, 5, 4)": [-0.0330098494887352, -0.027591995894908905, -0.022184761241078377, 0.0, 0.0], "(3, 5, 1, 2)": [-0.04377555474638939, -0.044578805565834045, -0.04457888752222061, -0.04457752779126167, -0.04457888752222061], "(3, 4, 1, 1)": [-0.04304482415318489, -0.043433599174022675, -0.04240760952234268, -0.044382985681295395, -0.04377526417374611], "(3, 5, 4, 3)": [-0.04417724162340164, -0.04457888752222061, -0.027490809559822083, -0.027308331802487373, -0.0332174077630043], "(3, 5, 3, 2)": [-0.04417724162340164, -0.04457888752222061, -0.04457888752222061, -0.04457888752222061, -0.04457888752222061], "(3, 5, 2, 2)": [-0.044177114963531494, -0.04457888379693031, -0.04457888752222061, -0.04457854852080345, -0.044177234172821045], "(3, 4, 1, 2)": [0.0, 0.0, -0.04377543181180954, 0.0, 0.0], "(1, 4, 0, 2)": [-0.04341042414307594, 0.0, 0.0, 0.0, 0.0], "(3, 4, 5, 3)": [-0.04457888752222061, 0.0, 0.0, 0.0, 0.0], "(3, 4, 0, 1)": [-0.04156052693724632, 0.0, -0.04449182003736496, 0.0, 0.0], "(3, 4, 0, 0)": [-0.022289445623755455, 0.0, 0.0, 0.0, 0.0], "(3, 4, 4, 3)": [0.0, 0.0, 0.0, -0.04457888752222061, 0.0], "(3, 5, 5, 3)": [0.0, -0.04457888752222061, 0.0, 0.0, -0.04457888752222061], "(3, 5, 1, 1)": [0.0, 0.0, -0.04457820951938629, 0.0, 0.0], "(1, 4, 0, 0)": [0.0, 0.0, 0.0, 0.0, 0.0], "(3, 5, 3, 3)": [0.0, 0.0, 0.0, 0.0, 0.0], "(2, 4, -1, 0)": [0.0, 0.0, 0.0, 0.0, 0.0]}, "n_values": {"(2, 5, 2, 2)": [187.0, 178.0, 194.0, 243.0, 884.0], "(2, 5, 3, 2)": [76.0, 115.0, 104.0, 96.0, 428.0], "(2, 5, 3, 3)": [101.0, 93.0, 89.0, 389.0, 138.0], "(2, 4, 2, 2)": [1067.0, 309.0, 242.0, 219.0, 233.0], "(2, 4, 3, 2)": [92.0, 168.0, 69.0, 63.0, 53.0], "(2, 4, 3, 3)": [8.0, 9.0, 11.0, 10.0, 12.0], "(2, 4, 4, 3)": [13.0, 13.0, 13.0, 11.0, 10.0], "(2, 4, 1, 1)": [124.0, 114.0, 537.0, 131.0, 135.0], "(2, 4, 2, 1)": [2.0, 6.0, 4.0, 2.0, 2.0], "(2, 5, 4, 3)": [108.0, 104.0, 104.0, 499.0, 96.0], "(2, 4, 1, 2)": [183.0, 496.0, 105.0, 105.0, 115.0], "(2, 5, 1, 2)": [45.0, 38.0, 53.0, 144.0, 75.0], "(2, 5, 0, 2)": [4.0, 2.0, 4.0, 3.0, 2.0], "(2, 5, 2, 3)": [2.0, 2.0, 1.0, 7.0, 1.0], "(2, 4, 0, 1)": [423.0, 75.0, 76.0, 81.0, 91.0], "(2, 4, 4, 2)": [6.0, 1.0, 2.0, 4.0, 2.0], "(2, 4, 5, 3)": [0.0, 2.0, 0.0, 1.0, 2.0], "(3, 4, 4, 2)": [1.0, 1.0, 0.0, 1.0, 1.0], "(3, 4, 3, 2)": [3.0, 2.0, 1.0, 1.0, 2.0], "(3, 4, 2, 1)": [1.0, 0.0, 0.0, 1.0, 1.0], "(3, 4, 2, 2)": [3.0, 1.0, 1.0, 1.0, 1.0], "(2, 5, 1, 1)": [13.0, 6.0, 7.0, 7.0, 6.0], "(2, 5, 0, 1)": [8.0, 4.0, 7.0, 5.0, 9.0], "(2, 4, 0, 2)": [2.0, 1.0, 1.0, 3.0, 4.0], "(1, 4, 2, 2)": [2.0, 2.0, 1.0, 1.0, 2.0], "(2, 4, 2, 3)": [0.0, 0.0, 1.0, 0.0, 0.0], "(1, 5, 2, 2)": [0.0, 1.0, 0.0, 0.0, 0.0], "(2, 5, 5, 3)": [30.0, 7.0, 11.0, 11.0, 12.0], "(1, 4, 0, 1)": [2.0, 2.0, 1.0, 3.0, 2.0], "(1, 4, 1, 2)": [1.0, 0.0, 0.0, 1.0, 0.0], "(1, 4, 3, 2)": [1.0, 1.0, 1.0, 1.0, 1.0], "(1, 4, 3, 3)": [0.0, 1.0, 0.0, 0.0, 0.0], "(1, 4, 1, 1)": [0.0, 0.0, 0.0, 1.0, 0.0], "(2, 4, 0, 0)": [1.0, 1.0, 0.0, 1.0, 1.0], "(2, 5, 5, 4)": [1.0, 2.0, 1.0, 0.0, 0.0], "(3, 5, 4, 3)": [2.0, 2.0, 2.0, 2.0, 2.0], "(3, 5, 3, 2)": [2.0, 4.0, 1.0, 1.0, 1.0], "(3, 5, 2, 2)": [2.0, 5.0, 1.0, 1.0, 2.0], "(3, 5, 1, 2)": [1.0, 1.0, 1.0, 1.0, 1.0], "(3, 4, 1, 2)": [0.0, 0.0, 1.0, 0.0, 0.0], "(3, 4, 1, 1)": [3.0, 1.0, 1.0, 2.0, 1.0], "(1, 4, 0, 2)": [2.0, 0.0, 0.0, 0.0, 0.0], "(3, 4, 4, 3)": [0.0, 0.0, 0.0, 1.0, 0.0], "(3, 4, 5, 3)": [1.0, 0.0, 0.0, 0.0, 0.0], "(3, 5, 5, 3)": [0.0, 1.0, 0.0, 0.0, 1.0], "(3, 5, 1, 1)": [0.0, 0.0, 1.0, 0.0, 0.0], "(3, 4, 0, 1)": [3.0, 0.0, 1.0, 0.0, 0.0], "(3, 4, 0, 0)": [1.0, 0.0, 0.0, 0.0, 0.0]}}