{"q_values": {"(2, 6, 1, 1)": [-4.375452995300293, -4.377697467803955, -4.374118804931641, -4.369141578674316, -4.375481605529785, -4.373645305633545, -4.371457099914551], "(2, 6, 2, 1)": [-4.376905918121338, -4.371829032897949, -4.380099773406982, -4.385098457336426, -4.384140491485596, -4.362819671630859, -4.373142719268799], "(2, 7, 1, 1)": [-4.37099027633667, -4.376392364501953, -4.373752593994141, -4.38004207611084, -4.383481502532959, -4.377050876617432, -4.379358768463135], "(2, 6, 0, 1)": [-4.3862128257751465, -4.387539386749268, -4.390650272369385, -4.377321720123291, -4.369177341461182, -4.364455699920654, -4.381381034851074], "(2, 7, 2, 1)": [-4.37505578994751, -4.370832920074463, -4.368166923522949, -4.39199686050415, -4.379143714904785, -4.364490985870361, -4.341745376586914], "(2, 8, 2, 2)": [-4.2227277755737305, -4.016366958618164, 0.0, -4.084305763244629, -4.327218532562256, -4.237907409667969, 0.0], "(2, 9, 2, 1)": [-4.258886337280273, -4.006814002990723, -3.819509983062744, -4.054323673248291, -4.010373115539551, -4.024559497833252, -3.880944013595581], "(2, 10, 2, 1)": [-3.4371745586395264, -3.2637252807617188, -2.7384753227233887, -3.6848790645599365, -2.7819948196411133, -2.6227009296417236, -2.371431827545166], "(2, 10, 1, 1)": [-4.091952800750732, -3.3992955684661865, -3.8635566234588623, -4.123534202575684, -3.859178066253662, -3.8505067825317383, -3.430921792984009], "(2, 0, 1, 1)": [-3.443267822265625, -3.5086560249328613, -3.6171343326568604, -3.7332494258880615, -3.687307834625244, -4.156703948974609, -3.781578540802002], "(2, 0, 2, 1)": [-4.226668357849121, -4.353297233581543, 0.0, 0.0, 0.0, 0.0, -4.329169273376465], "(2, 1, 2, 1)": [-4.329145431518555, -4.360901832580566, -4.372396469116211, -4.36303186416626, -4.371331691741943, -4.37261438369751, -4.3581647872924805], "(2, 2, 2, 1)": [-4.389400005340576, 0.0, -4.372392654418945, -4.374325752258301, -4.379480361938477, -4.374524116516113, -4.3854451179504395], "(2, 3, 2, 1)": [-4.386595726013184, -4.373434543609619, -4.395474433898926, -4.3690505027771, -4.363736152648926, -4.379323482513428, -4.374790191650391], "(2, 4, 2, 1)": [-4.363790512084961, -4.370902061462402, -4.363804340362549, -4.3737664222717285, -4.363095760345459, -4.375905990600586, -4.363053798675537], "(2, 5, 2, 1)": [-4.3754963874816895, -4.37834358215332, -4.375137805938721, -4.361595153808594, -4.383131504058838, -4.376008987426758, -4.375331401824951], "(2, 5, 1, 1)": [-4.378967761993408, -4.375883102416992, -4.372689723968506, -4.37759256362915, -4.372970104217529, -4.382445812225342, -4.382651329040527], "(3, 6, 2, 1)": [-4.362486839294434, -4.371676445007324, 0.0, 0.0, -4.371409893035889, 0.0, -4.353297233581543], "(3, 6, 1, 1)": [-4.353297233581543, 0.0, -4.371676445007324, -4.371676445007324, 0.0, -4.371676445007324, -4.353297233581543], "(3, 5, 1, 1)": [-4.362486362457275, -4.362486839294434, -4.371676445007324, -4.362486839294434, -4.371672630310059, -4.362485885620117, -4.371676445007324], "(3, 4, 0, 0)": [0.0, 0.0, 0.0, 0.0, -4.353297233581543, 0.0, 0.0], "(3, 4, 1, 1)": [0.0, 0.0, -4.353297233581543, 0.0, 0.0, 0.0, -4.353297233581543], "(3, 3, 1, 1)": [-4.353296279907227, 0.0, -4.353297233581543, -4.353297233581543, 0.0, -4.353297233581543, 0.0], "(3, 2, 1, 1)": [-4.353281021118164, 0.0, 0.0, -4.353230953216553, -4.3532891273498535, -4.35329532623291, -4.3531646728515625], "(3, 2, 2, 1)": [0.0, 0.0, -4.352766036987305, 0.0, 0.0, 0.0, 0.0], "(3, 1, 1, 1)": [-3.8091354370117188, 0.0, 0.0, -4.081216335296631, -4.349046230316162, -4.351171970367432, 0.0], "(3, 1, 2, 1)": [-4.285277366638184, 0.0, -4.344794750213623, -4.319287300109863, -4.336292266845703, 0.0, 0.0], "(3, 0, 1, 1)": [0.0, 0.0, 0.0, -3.2649731636047363, -2.1766488552093506, 0.0, 0.0], "(2, 8, 1, 1)": [-4.3787665367126465, -4.377285957336426, -4.374093055725098, -4.3600754737854, -4.376923561096191, -4.3643107414245605, -4.351692199707031], "(2, 8, 2, 1)": [-4.364389419555664, -4.364030838012695, -4.350534439086914, -4.377398490905762, -4.311127185821533, -4.334935665130615, -4.293304443359375], "(2, 2, 1, 1)": [-4.34782600402832, -4.373200416564941, -4.363391876220703, -4.368140697479248, -4.3739333152771, -4.371706485748291, -4.371741771697998], "(2, 3, 1, 1)": [-4.361833095550537, -4.367351055145264, -4.366271495819092, -4.374206066131592, -4.369132041931152, -4.367737293243408, -4.371371746063232], "(2, 1, 1, 1)": [-4.284535884857178, -4.330846309661865, -4.290018081665039, -4.308112621307373, -4.339874267578125, -4.325509548187256, -4.353687763214111], "(2, 1, 0, 1)": [-3.81685209274292, -3.813638925552368, -4.117537498474121, -3.9005746841430664, -4.061307907104492, -4.118335247039795, -4.217545986175537], "(2, 0, 0, 1)": [-2.615250825881958, -2.8473401069641113, -3.2865991592407227, -2.9233999252319336, -2.8418776988983154, -2.6031174659729004, -3.462461233139038], "(2, 9, 1, 1)": [-4.344826698303223, -4.336431980133057, -4.332129955291748, -4.356168270111084, -4.2144694328308105, -4.2743377685546875, -4.239706993103027], "(2, 4, 1, 1)": [-4.374045372009277, -4.372590065002441, -4.373116493225098, -4.374222755432129, -4.377912521362305, -4.371836185455322, -4.371158599853516], "(2, 5, 0, 1)": [-4.382984638214111, -4.366721153259277, -4.382238388061523, -4.388761520385742, -4.375473976135254, -4.388908863067627, -4.374730110168457], "(2, 10, 2, 2)": [-2.1936633586883545, 0.0, -2.1959729194641113, -2.1773576736450195, -2.1834380626678467, -2.1980104446411133, -2.2003326416015625], "(2, 4, 0, 1)": [-4.381399631500244, -4.372660160064697, -4.3819475173950195, -4.374988079071045, -4.374168872833252, -4.3854756355285645, -4.373987197875977], "(2, 3, 0, 1)": [-4.365035533905029, -4.356139183044434, -4.3303303718566895, -4.353896617889404, -4.381909370422363, -4.36643123626709, -4.377255916595459], "(2, 2, 0, 1)": [-4.323129177093506, -4.256907939910889, -4.3390793800354, -4.319053649902344, -4.361614227294922, -4.265914440155029, -4.361125469207764], "(2, 1, 0, 0)": [-3.5519208908081055, -3.3167731761932373, -2.9356720447540283, -3.540954113006592, -3.851384162902832, -3.267622232437134, -3.2099101543426514], "(2, 2, 0, 0)": [-4.346806526184082, -3.894301176071167, -4.072990894317627, -3.9787120819091797, -4.216475486755371, -4.080460071563721, -4.233307838439941], "(2, 7, 0, 1)": [-4.38831901550293, -4.376137733459473, -4.387670516967773, -4.379368305206299, -4.376989841461182, -4.3779449462890625, -4.375509738922119], "(2, 6, 0, 0)": [0.0, -4.401905536651611, 0.0, 0.0, -4.3856000900268555, 0.0, -4.401906490325928], "(2, 4, 0, 0)": [-4.351280689239502, 0.0, -4.330197334289551, -4.391633987426758, 0.0, -4.353529453277588, -4.395907402038574], "(2, 5, 2, 2)": [-4.369203567504883, 0.0, -4.354128360748291, -4.383890151977539, 0.0, 0.0, -4.3238935470581055], "(2, 3, 0, 0)": [-4.323474884033203, -4.284165382385254, -4.285576820373535, -4.222152233123779, 0.0, -4.3718438148498535, -4.369137287139893], "(2, 8, 0, 1)": [-4.376040935516357, -4.369056224822998, -4.385911464691162, -4.381191253662109, -4.404668807983398, 0.0, -4.368113994598389], "(1, 1, 0, 0)": [0.0, 0.0, 0.0, 0.0, -3.2687630653381348, -3.303502082824707, 0.0], "(2, 0, 0, 0)": [-2.2007908821105957, -2.20418381690979, -2.1855711936950684, -2.211182117462158, -2.177680730819702, -2.207937717437744, 0.0], "(2, 9, 2, 2)": [-3.2723746299743652, -3.268284797668457, -3.8304531574249268, -3.4690101146698, -3.547729969024658, -2.17844820022583, -3.5878353118896484], "(2, 5, 0, 0)": [0.0, 0.0, 0.0, 0.0, -4.385583400726318, 0.0, 0.0], "(1, 3, 0, 0)": [-4.400367736816406, 0.0, 0.0, 0.0, 0.0, 0.0, 0.0], "(2, 9, 0, 1)": [-4.404668807983398, -4.404668807983398, 0.0, -4.372706890106201, -4.388421058654785, -4.347606658935547, -4.404668807983398], "(1, 4, 0, 1)": [0.0, 0.0, 0.0, 0.0, 0.0, 0.0, -4.402518272399902], "(1, 3, 0, 1)": [0.0, -4.387463092803955, 0.0, -4.396066188812256, 0.0, 0.0, 0.0],