{"q_values": {"(2, 6, 1, 1)": [2.887197494506836, 2.5307679176330566, 2.8903086185455322, 2.732577085494995, 2.5189297199249268, 2.643277883529663, 2.4748947620391846], "(2, 6, 2, 1)": [0.9612318277359009, 1.2054545879364014, 1.139876365661621, 1.39767324924469, 0.9907768964767456, 1.251064419746399, 1.2159191370010376], "(2, 7, 1, 1)": [2.077594757080078, 2.2918014526367188, 1.6753038167953491, 2.0554378032684326, 1.8620134592056274, 2.0755600929260254, 1.8642936944961548], "(2, 6, 0, 1)": [0.944944441318512, 0.7936776876449585, 0.3725214898586273, 1.5169378519058228, 0.9321642518043518, 1.9063503742218018, 1.1576143503189087], "(2, 7, 2, 1)": [0.9568817019462585, 0.7553156018257141, 1.0301644802093506, 0.4206019639968872, 0.5519354343414307, 0.9073305130004883, 0.7283200621604919], "(2, 8, 2, 2)": [0.4302417039871216, 0.10114225000143051, 0.0, 0.0, 0.3252943754196167, 0.0, 0.08915742486715317], "(2, 9, 2, 1)": [0.39062827825546265, 0.6802288293838501, 0.44209522008895874, 0.40131258964538574, 0.3037099242210388, 0.1622372418642044, 0.5879718065261841], "(2, 10, 2, 1)": [-0.4205414652824402, -0.09144476056098938, 0.2110069841146469, -0.14292576909065247, -0.41556936502456665, 0.06559418886899948, -0.31658297777175903], "(2, 10, 1, 1)": [-0.07867400348186493, 0.276162713766098, 0.29503124952316284, -0.13124167919158936, 0.3297056555747986, 0.25257688760757446, 0.005386963486671448], "(2, 0, 1, 1)": [0.04526251554489136, 0.8797074556350708, 0.9026630520820618, 1.0225163698196411, 0.7426867485046387, 1.0371949672698975, 1.0192623138427734], "(2, 0, 2, 1)": [0.3474119305610657, 0.489429771900177, 0.43833619356155396, 0.43624040484428406, 0.3349822163581848, 0.36334502696990967, 0.5566905736923218], "(2, 1, 2, 1)": [1.5109093189239502, 0.7395519614219666, 0.7910052537918091, 1.3024792671203613, 0.6277816295623779, 1.271589994430542, 1.0415292978286743], "(2, 2, 2, 1)": [1.2419917583465576, 0.6215351223945618, 0.7239227890968323, 1.0112475156784058, 1.573216199874878, 1.3696993589401245, 1.1597458124160767], "(2, 3, 2, 1)": [0.6452277302742004, 0.28292351961135864, 0.13241654634475708, 1.3476821184158325, 0.4681570827960968, 0.6173514127731323, 0.9353123903274536], "(2, 4, 2, 1)": [1.4072213172912598, 0.6913127303123474, 1.2790615558624268, 1.553305745124817, 1.0230580568313599, 1.051581859588623, 1.0229849815368652], "(2, 5, 2, 1)": [0.8005421161651611, 1.361252784729004, 1.1187342405319214, 1.1280574798583984, 1.6122324466705322, 1.0756880044937134, 1.3588919639587402], "(2, 5, 1, 1)": [2.666429281234741, 3.1595077514648438, 2.637664318084717, 2.765087842941284, 3.068584442138672, 2.6849923133850098, 2.5179824829101562], "(3, 6, 2, 1)": [0.19811668992042542, 0.0, 0.09851071238517761, 0.0, 0.0974297896027565, 0.0, 0.1880454272031784], "(3, 6, 1, 1)": [0.0997876301407814, 0.0, 0.0, 0.0, 0.0, 0.11605866253376007, 0.2779165804386139], "(3, 5, 1, 1)": [0.18974965810775757, 0.0999763086438179, 0.0, 0.09999936819076538, 0.0, 0.09940396994352341, 0.0], "(3, 4, 0, 0)": [0.0, 0.0, 0.0, 0.0, 0.09899310022592545, 0.0, 0.0], "(3, 4, 1, 1)": [0.0, 0.0, 0.09840106964111328, 0.0, 0.0, 0.0, 0.09868393838405609], "(3, 3, 1, 1)": [0.09565338492393494, 0.0, 0.09797404706478119, 0.27904826402664185, 0.0, 0.1839572787284851, 0.0], "(3, 2, 1, 1)": [0.1923947036266327, 0.0, 0.0, 0.0933951884508133, 0.09468936175107956, 0.25613486766815186, 0.1844215989112854], "(3, 2, 2, 1)": [0.0, 0.0, 0.10143624991178513, 0.0, 0.0, 0.0, 0.0], "(3, 1, 1, 1)": [0.0864960178732872, 0.0, 0.0, 0.08807047456502914, 0.09139516204595566, 0.09137711673974991, 0.0], "(3, 1, 2, 1)": [0.09828932583332062, 0.0, 0.0912654772400856, 0.09081770479679108, 0.17103831470012665, 0.0, 0.0], "(3, 0, 1, 1)": [0.0, 0.0, 0.0, 0.08442651480436325, -0.21766488254070282, 0.0, 0.0], "(2, 8, 1, 1)": [2.1843454837799072, 2.1309866905212402, 1.9277178049087524, 1.8377324342727661, 1.8040375709533691, 1.9646191596984863, 1.4853394031524658], "(2, 8, 2, 1)": [0.8991190195083618, 0.9417362809181213, 0.2266213297843933, 0.6428576707839966, 1.0644818544387817, 0.9234632253646851, 0.17221978306770325], "(2, 2, 1, 1)": [2.2769529819488525, 2.0708060264587402, 1.895614743232727, 1.8790754079818726, 2.2187366485595703, 1.781762719154358, 1.7468703985214233], "(2, 3, 1, 1)": [2.1404104232788086, 2.2542428970336914, 2.3232579231262207, 2.6905946731567383, 1.9753925800323486, 2.1504783630371094, 2.4017326831817627], "(2, 1, 1, 1)": [2.0559401512145996, 2.2132952213287354, 2.0736241340637207, 2.191958427429199, 2.666189670562744, 2.325601577758789, 2.2702813148498535], "(2, 1, 0, 1)": [1.2611727714538574, 1.015445351600647, 0.9441983699798584, 0.9236690402030945, 1.0224584341049194, 0.2569514214992523, 1.24974524974823], "(2, 0, 0, 1)": [-0.12832413613796234, -0.5311974287033081, 0.056364506483078, -0.3604632318019867, -0.19556304812431335, -0.035912252962589264, 0.07083335518836975], "(2, 9, 1, 1)": [1.1328078508377075, 1.1776360273361206, 1.2127028703689575, 1.1413917541503906, 1.3800828456878662, 1.3016722202301025, 1.2981854677200317], "(2, 4, 1, 1)": [3.079516649246216, 3.258197784423828, 2.9820547103881836, 3.032585859298706, 2.873765707015991, 3.0527102947235107, 3.2697930335998535], "(2, 5, 0, 1)": [1.0803401470184326, 0.9017345309257507, 0.8286138772964478, 1.896207571029663, 1.3924708366394043, 1.1945701837539673, 1.3432042598724365], "(2, 10, 2, 2)": [-0.6298686861991882, 0.0, -0.1737743616104126, 0.0, -0.19896334409713745, 0.0, -0.7468631267547607], "(2, 4, 0, 1)": [1.1514979600906372, 1.2734935283660889, 0.8989043235778809, 1.7905157804489136, 0.9802676439285278, 0.8182535767555237, 1.616782546043396], "(2, 3, 0, 1)": [1.0576711893081665, 1.1257249116897583, 0.8108977675437927, 1.030351161956787, 1.0855188369750977, 1.013623595237732, 0.6475003361701965], "(2, 2, 0, 1)": [0.6530109643936157, 0.8191923499107361, 1.0021822452545166, 1.4557784795761108, 1.285286545753479, 0.9842529892921448, 0.7964787483215332], "(2, 2, 0, 0)": [0.1312728375196457, 0.0, 0.3789881765842438, 0.11047305911779404, 0.10037603229284286, 0.25931915640830994, 0.5434132218360901], "(2, 7, 0, 1)": [0.6175497770309448, 1.246195673942566, 0.6816561818122864, 0.6259074807167053, 0.0, 0.638818621635437, 0.5987406969070435], "(2, 1, 0, 0)": [0.08592138439416885, -0.030614912509918213, -0.1407318413257599, 0.09733646363019943, 0.17744192481040955, 0.6867713928222656, 0.2600841820240021], "(2, 0, 0, 0)": [-0.21974097192287445, -0.21975652873516083, -0.39656803011894226, -0.22067129611968994, -0.41492968797683716, -0.37449249625205994, 0.0], "(2, 8, 0, 1)": [1.1064205169677734, 0.5740850567817688, 0.8132048845291138, 0.5560290813446045, 0.3757423758506775, 0.5362499356269836, 0.648368239402771], "(2, 5, 0, 0)": [0.20213131606578827, 0.09937015175819397, 0.09935638308525085, 0.0, 0.13196848332881927, 0.0, 0.0], "(2, 9, 0, 1)": [0.0, 0.2789290249347687, 0.17696690559387207, 0.09164540469646454, 0.09198316186666489, 0.4252106547355652, 0.0937257781624794], "(2, 7, 0, 0)": [0.1742946356534958, 0.0, 0.09984567016363144, 0.0, 0.0, 0.10863468796014786, 0.0], "(2, 6, 0, 0)": [0.0, 0.0, 0.09984876215457916, 0.355810284614563, 0.39562028646469116, 0.0, 0.0], "(2, 4, 0, 0)": [0.09844070672988892, 0.13141918182373047, 0.3209884762763977, 0.09738605469465256, 0.2769860029220581, 0.0, 0.24788466095924377], "(2, 3, 0, 0)": [0.09231101721525192, 0.0, 0.14285798370838165, 0.11548304557800293, 0.18964138627052307, 0.3322789669036865, 0.1912143975496292], "(1, 3, 0, 1)": [0.1031389981508255, 0.0, 0.09548082202672958, 0.0, 0.0959552451968193, 0.0, 0.0], "(1, 2, 0, 1)": [0.09219050407409668, 0.09477068483829498, 0.0, 0.0933467373251915, 0.2488347291946411, 0.09359311312437057, 0.0], "(1, 2, 1, 1)": [0.0, 0.0946771577000618, 0.42487674951553345, 0.2633829116821289, 0.38027042150497437, 0.3778415620326996, 0.0], "(1, 1, 1, 1)": [0.10756593197584152, 0.37900441884994507, 0.0, 0.09141180664300919, 0.3455602526664734, 0.19738399982452393, 0.3746609091758728],