{"q_values": {"(2, 5, 2, 2)": [0.016675567254424095, 0.01796233467757702, 0.01849469542503357, 0.01750527322292328, 0.014753497205674648, 0.01793418452143669, 0.01837935857474804, 0.01628430187702179, 0.016344349831342697], "(2, 5, 3, 2)": [0.018659375607967377, 0.018292998895049095, 0.01873049885034561, 0.01876884140074253, 0.018265949562191963, 0.018780983984470367, 0.01856154017150402, 0.01827099546790123, 0.018996207043528557], "(2, 5, 3, 3)": [0.015370658598840237, 0.017303524538874626, 0.013420204631984234, 0.01319914124906063, 0.015437786467373371, 0.015241704881191254, 0.01641845516860485, 0.014150920324027538, 0.017093395814299583], "(2, 5, 4, 3)": [0.01614655926823616, 0.0134183494374156, 0.016392957419157028, 0.013368039391934872, 0.01371275819838047, 0.0138165932148695, 0.014877629466354847, 0.016756786033511162, 0.008888531476259232], "(2, 4, 2, 2)": [0.018591152504086494, 0.016434891149401665, 0.018591031432151794, 0.018008287996053696, 0.01773758977651596, 0.018588446080684662, 0.018576432019472122, 0.018862362951040268, 0.01776939630508423], "(2, 4, 3, 2)": [0.01903311163187027, 0.017582178115844727, 0.019087854772806168, 0.0190481748431921, 0.019289681687951088, 0.019064657390117645, 0.01906747557222843, 0.019014302641153336, 0.018894491717219353], "(2, 4, 3, 3)": [0.018970372155308723, 0.01850038580596447, 0.015438484959304333, 0.01935875415802002, 0.018316294997930527, 0.017945611849427223, 0.01867871731519699, 0.016138294711709023, 0.018130511045455933], "(2, 4, 4, 3)": [0.01805671863257885, 0.019129350781440735, 0.01779554970562458, 0.01801876723766327, 0.01866435818374157, 0.018103493377566338, 0.018531518056988716, 0.018382497131824493, 0.017660096287727356], "(2, 5, 1, 2)": [0.01890961453318596, 0.01739039272069931, 0.018877729773521423, 0.01882353238761425, 0.018784604966640472, 0.0188673697412014, 0.01875666156411171, 0.018907299265265465, 0.018578460440039635], "(2, 5, 0, 1)": [0.018503135070204735, 0.01803206279873848, 0.018780753016471863, 0.01836404949426651, 0.01930719055235386, 0.018269743770360947, 0.018508240580558777, 0.018997224047780037, 0.018658606335520744], "(2, 5, 0, 2)": [0.016701558604836464, 0.016918327659368515, 0.015533534809947014, 0.019397687166929245, 0.016493724659085274, 0.013622079975903034, 0.012479699216783047, 0.014478073455393314, 0.017045138403773308], "(2, 4, 0, 1)": [0.0149599714204669, 0.014782472513616085, 0.013726676814258099, 0.010184229351580143, 0.015505907125771046, 0.0155838867649436, 0.015425506979227066, 0.013584630563855171, 0.01744960993528366], "(2, 4, 0, 2)": [0.0019568984862416983, 0.0, 0.009707022458314896, 0.004427231382578611, 0.0, 0.0019352808594703674, 0.0027502081356942654, 0.0018288675928488374, 0.002894049044698477], "(2, 4, 1, 2)": [0.015923745930194855, 0.018904004245996475, 0.018989287316799164, 0.018610334023833275, 0.018891897052526474, 0.018616430461406708, 0.01898900233209133, 0.01724010705947876, 0.019341520965099335], "(2, 5, 2, 3)": [0.009448318742215633, 0.0030907499603927135, 0.002022769069299102, 0.005659753922373056, 0.005288825370371342, 0.00024407613091170788, 0.010949826799333096, 0.007399325259029865, 0.006623389199376106], "(2, 4, 1, 1)": [0.010694273747503757, 0.016263263300061226, 0.016410578042268753, 0.014842092990875244, 0.012948451563715935, 0.01533428579568863, 0.01581139862537384, 0.010088547132909298, 0.013483989052474499], "(2, 5, 1, 1)": [0.016582991927862167, 0.01717306114733219, 0.01677987352013588, 0.01638071797788143, 0.016358578577637672, 0.015264245681464672, 0.01957421749830246, 0.01716899685561657, 0.0179767943918705], "(2, 4, 4, 2)": [0.01383843645453453, 0.013325696811079979, 0.018769416958093643, 0.01228646095842123, 0.015577155165374279, 0.013794748112559319, 0.012826377525925636, 0.013716686517000198, 0.014455117285251617], "(2, 4, 2, 1)": [0.003974586725234985, 0.011796441860496998, 0.0161056499928236, 0.002860243897885084, 0.0072606089524924755, 0.007072539068758488, 0.00626274524256587, 0.008224854245781898, 0.005848750472068787], "(2, 5, 4, 2)": [0.00252704368904233, 0.0012804194120690227, 0.0, 0.001822057063691318, 0.010937975719571114, 0.0, 0.004486134275794029, 0.0, 0.0], "(3, 5, 4, 3)": [0.015776710584759712, 0.012209879234433174, 0.005755336955189705, 0.0068670460022985935, 0.007882311008870602, 0.011892545036971569, 0.011202985420823097, 0.005920866504311562, 0.004071250092238188], "(3, 5, 3, 2)": [0.018256396055221558, 0.01677328161895275, 0.017158495262265205, 0.01857178844511509, 0.01655687764286995, 0.01749301329255104, 0.01560848206281662, 0.015197612345218658, 0.017365869134664536], "(3, 5, 3, 3)": [0.008499015122652054, 0.005346931517124176, 0.0030417456291615963, 0.0004731803201138973, 0.014295171946287155, 0.007288644555956125, 0.005802636966109276, 0.006355305202305317, 0.00302091334015131], "(3, 5, 2, 2)": [0.01647586189210415, 0.018608011305332184, 0.01339040882885456, 0.0165239367634058, 0.016268014907836914, 0.017640314996242523, 0.016583358868956566, 0.017914272844791412, 0.017411787062883377], "(3, 5, 1, 2)": [0.012069239281117916, 0.006523889023810625, 0.012114698067307472, 0.011482874862849712, 0.016993533819913864, 0.008595437742769718, 0.010625522583723068, 0.012350154109299183, 0.010449381545186043], "(3, 4, 3, 2)": [0.014923007227480412, 0.015548625960946083, 0.015914427116513252, 0.015847114846110344, 0.015887482091784477, 0.015391561202704906, 0.01736876741051674, 0.01619107648730278, 0.013440033420920372], "(3, 4, 2, 2)": [0.013734905980527401, 0.01361007709056139, 0.014887646771967411, 0.013444880023598671, 0.013561380095779896, 0.016360517591238022, 0.014287687838077545, 0.014757154509425163, 0.014624789357185364], "(3, 4, 1, 1)": [0.006154956296086311, 0.004474871791899204, 0.005533719435334206, 0.0030678901821374893, 0.012399575673043728, 0.008130915462970734, 0.006254231557250023, 0.009544581174850464, 0.006655379664152861], "(3, 4, 2, 1)": [0.0030354131013154984, 0.004997480195015669, 0.004912824369966984, 0.0022375837434083223, 0.0, 0.005354766733944416, 0.0033874069340527058, 0.004288125783205032, 0.008858038112521172], "(3, 5, 4, 2)": [0.005189071875065565, 0.005964501760900021, 0.006778044626116753, 0.00508459284901619, 0.007247011177241802, 0.003590480424463749, 0.012325325049459934, 0.0041913604363799095, 0.006459137890487909], "(3, 5, 1, 1)": [0.0058210548013448715, 0.007746476214379072, 0.0125602837651968, 0.005939223803579807, 0.004366271197795868, 0.002226279117166996, 0.004547666758298874, 0.003449571318924427, 0.006035502068698406], "(3, 5, 0, 1)": [0.0037087113596498966, 0.0011255586287006736, 0.0, 0.0, 0.0011965858284384012, 0.00117568823043257, 0.0, 0.0, 0.0010477579198777676], "(3, 4, 1, 2)": [0.00565353175625205, 0.005251546390354633, 0.0010928980773314834, 0.00270682480186224, 0.005622555036097765, 0.010708821937441826, 0.0011292765848338604, 0.00568681163713336, 0.002222139621153474], "(3, 4, 4, 2)": [0.017080605030059814, 0.0031731363851577044, 0.00827076006680727, 0.009512996301054955, 0.006575641222298145, 0.0067177810706198215, 0.00929045770317316, 0.011351004242897034, 0.012036311440169811], "(1, 5, 1, 2)": [0.011564455926418304, 0.013973049819469452, 0.011076153255999088, 0.01311923936009407, 0.015437702648341656, 0.013085070066154003, 0.014511318877339363, 0.011487457901239395, 0.010837504640221596], "(1, 5, 2, 2)": [0.011834830045700073, 0.007232132367789745, 0.0027543429750949144, 0.0077339415438473225, 0.010637756437063217, 0.008239991962909698, 0.007562524639070034, 0.008431930094957352, 0.01473024021834135], "(1, 5, 2, 3)": [0.011463339440524578, 0.006998063996434212, 0.005151357501745224, 0.008115383796393871, 0.004761386662721634, 0.0010168080916628242, 0.002513233572244644, 0.002042622771114111, 0.0060870773158967495], "(2, 5, 2, 1)": [0.0, 0.001890601241029799, 0.0, 0.0, 0.0, 0.0, 0.0, 0.0, 0.0],