{"q_values": {"(2, 5, 2, 2)": [0.019223537296056747, 0.017875704914331436, 0.018729280680418015, 0.018909433856606483, 0.018762823194265366, 0.01797821745276451, 0.0174829363822937, 0.018843190744519234, 0.018953900784254074], "(2, 5, 3, 2)": [0.01859314553439617, 0.019015129655599594, 0.01880611479282379, 0.018501034006476402, 0.01847502775490284, 0.01869519241154194, 0.0184612013399601, 0.017023788765072823, 0.01853489875793457], "(2, 5, 3, 3)": [0.016023319214582443, 0.013479044660925865, 0.013758989982306957, 0.016313280910253525, 0.016830164939165115, 0.01570310816168785, 0.01361833792179823, 0.012120510451495647, 0.015785323455929756], "(2, 5, 4, 3)": [0.016779078170657158, 0.012993822805583477, 0.015316863544285297, 0.01446620561182499, 0.013862842693924904, 0.013041382655501366, 0.01297619566321373, 0.01427526120096445, 0.013529019430279732], "(2, 4, 2, 2)": [0.016369525343179703, 0.01866147294640541, 0.016615571454167366, 0.018844449892640114, 0.018365206196904182, 0.018291650339961052, 0.01635311357676983, 0.01864013448357582, 0.018178101629018784], "(2, 4, 3, 2)": [0.0191167201846838, 0.019068457186222076, 0.019052056595683098, 0.01901356503367424, 0.019064921885728836, 0.019020171836018562, 0.018873196095228195, 0.01912812702357769, 0.0192455742508173], "(2, 4, 3, 3)": [0.01902846060693264, 0.018679354339838028, 0.016146669164299965, 0.019396645948290825, 0.018316294997930527, 0.018311478197574615, 0.01894211955368519, 0.016717132180929184, 0.018372803926467896], "(2, 4, 4, 3)": [0.018202541396021843, 0.018708057701587677, 0.018241317942738533, 0.01848852075636387, 0.019275173544883728, 0.018384864553809166, 0.018743809312582016, 0.01869095116853714, 0.018033798784017563], "(2, 5, 1, 2)": [0.019178830087184906, 0.019316434860229492, 0.01891670562326908, 0.018817337229847908, 0.019066868349909782, 0.018840700387954712, 0.01893049106001854, 0.018853535875678062, 0.018315168097615242], "(2, 5, 0, 1)": [0.019050758332014084, 0.018322475254535675, 0.018994227051734924, 0.018913043662905693, 0.01907215267419815, 0.01860486902296543, 0.01878323033452034, 0.01951124705374241, 0.01912911795079708], "(2, 5, 0, 2)": [0.017349861562252045, 0.017355378717184067, 0.016279801726341248, 0.019229978322982788, 0.0174766406416893, 0.015965398401021957, 0.012479699216783047, 0.014478073455393314, 0.01746189035475254], "(2, 4, 0, 1)": [0.01252124086022377, 0.013055517338216305, 0.013041005469858646, 0.012445294298231602, 0.015468246303498745, 0.014224258251488209, 0.017551174387335777, 0.015581144951283932, 0.01625794544816017], "(2, 4, 0, 2)": [0.0019568984862416983, 0.0, 0.012228237465023994, 0.004427231382578611, 0.0, 0.0019352808594703674, 0.0027502081356942654, 0.0018288675928488374, 0.006059225648641586], "(2, 4, 1, 2)": [0.01838003657758236, 0.017469914630055428, 0.018920868635177612, 0.016874587163329124, 0.016871893778443336, 0.01880568452179432, 0.016242457553744316, 0.018410583958029747, 0.018022866919636726], "(2, 5, 2, 3)": [0.010367034934461117, 0.005808478686958551, 0.002022769069299102, 0.004857913125306368, 0.005288825370371342, 0.00024407613091170788, 0.009581172838807106, 0.008439820259809494, 0.005356727167963982], "(2, 4, 1, 1)": [0.016195550560951233, 0.016138171777129173, 0.01412920095026493, 0.01783926971256733, 0.010769199579954147, 0.016794869676232338, 0.01238279975950718, 0.012895800173282623, 0.01571226678788662], "(2, 5, 1, 1)": [0.01761540211737156, 0.017615431919693947, 0.01677987352013588, 0.01698889583349228, 0.016966896131634712, 0.015705524012446404, 0.01941770315170288, 0.01757550612092018, 0.018360275775194168], "(2, 4, 4, 2)": [0.01383843645453453, 0.013927160762250423, 0.01890580728650093, 0.01451796106994152, 0.01651754416525364, 0.015640875324606895, 0.014481174759566784, 0.014257080852985382, 0.014961546286940575], "(2, 4, 2, 1)": [0.006562686525285244, 0.01274508610367775, 0.01126626506447792, 0.004255041945725679, 0.008371604606509209, 0.007072539068758488, 0.0073553938418626785, 0.008224854245781898, 0.006491020321846008], "(2, 5, 4, 2)": [0.00252704368904233, 0.0012804194120690227, 0.0, 0.001822057063691318, 0.010937975719571114, 0.0, 0.004486134275794029, 0.0, 0.0], "(3, 5, 4, 3)": [0.01656382344663143, 0.012209879234433174, 0.005755336955189705, 0.008113685995340347, 0.007882311008870602, 0.011892545036971569, 0.011202985420823097, 0.005920866504311562, 0.004071250092238188], "(3, 5, 3, 2)": [0.018359947949647903, 0.017108161002397537, 0.0173296220600605, 0.018697787076234818, 0.01673373579978943, 0.017707383260130882, 0.01560848206281662, 0.015523415990173817, 0.017970873042941093], "(3, 5, 3, 3)": [0.008499015122652054, 0.005346931517124176, 0.0030417456291615963, 0.0021736910566687584, 0.014295171946287155, 0.007288644555956125, 0.005802636966109276, 0.006355305202305317, 0.00302091334015131], "(3, 5, 2, 2)": [0.01647586189210415, 0.01809239387512207, 0.014321789145469666, 0.01632821373641491, 0.015823157504200935, 0.01783316396176815, 0.014239620417356491, 0.015466240234673023, 0.017719946801662445], "(3, 5, 1, 2)": [0.012069239281117916, 0.007724909111857414, 0.01323743350803852, 0.011482874862849712, 0.017636289820075035, 0.008595437742769718, 0.011376586742699146, 0.012350154109299183, 0.01188250444829464], "(3, 4, 3, 2)": [0.016100967302918434, 0.01702810265123844, 0.01615591160953045, 0.01659439504146576, 0.01651935651898384, 0.016611341387033463, 0.01712770387530327, 0.01371027436107397, 0.015458760783076286], "(3, 4, 2, 2)": [0.014128478243947029, 0.01361007709056139, 0.014887646771967411, 0.013444880023598671, 0.013561380095779896, 0.01726922206580639, 0.014287687838077545, 0.015391066670417786, 0.015123862773180008], "(3, 4, 1, 1)": [0.006154956296086311, 0.0056355902925133705, 0.006470733787864447, 0.00428449921309948, 0.012635933235287666, 0.008770525455474854, 0.006254231557250023, 0.009702635928988457, 0.006655379664152861], "(3, 4, 2, 1)": [0.0040204464457929134, 0.004997480195015669, 0.004912824369966984, 0.005023169331252575, -0.001553177717141807, 0.005354766733944416, 0.004838672466576099, 0.004288125783205032, 0.009773398749530315], "(3, 5, 4, 2)": [0.005189071875065565, 0.005964501760900021, 0.006778044626116753, 0.006252220831811428, 0.007247011177241802, 0.003590480424463749, 0.014190987683832645, 0.0041913604363799095, 0.006459137890487909], "(3, 5, 1, 1)": [0.0058210548013448715, 0.007746476214379072, 0.01392653863877058, 0.005939223803579807, 0.005544749088585377, 0.002226279117166996, 0.004547666758298874, 0.003449571318924427, 0.006035502068698406], "(3, 5, 0, 1)": [0.0037087113596498966, 0.0011255586287006736, 0.0, 0.0, 0.0011965858284384012, 0.00117568823043257, 0.0, 0.0, 0.0010477579198777676], "(3, 4, 1, 2)": [0.00565353175625205, 0.005251546390354633, 0.0010928980773314834, 0.00270682480186224, 0.005622555036097765, 0.010708821937441826, 0.0011292765848338604, 0.00568681163713336, 0.002222139621153474], "(3, 4, 4, 2)": [0.017341963946819305, 0.006013721227645874, 0.010060850530862808, 0.011903767473995686, 0.008882327936589718, 0.00890869926661253, 0.011765786446630955, 0.012708485126495361, 0.012036311440169811], "(1, 5, 1, 2)": [0.014115837402641773, 0.014809645712375641, 0.013022324070334435, 0.01414681039750576, 0.018240472301840782, 0.014370420947670937, 0.015514730475842953, 0.012156849727034569, 0.012393005192279816], "(1, 5, 2, 2)": [0.011834830045700073, 0.007232132367789745, 0.0027543429750949144, 0.009541764855384827, 0.010637756437063217, 0.01002725400030613, 0.007562524639070034, 0.008431930094957352, 0.016294734552502632], "(1, 5, 2, 3)": [0.01276479847729206, 0.006998063996434212, 0.007345607038587332, 0.008817899972200394, 0.005964153446257114, 0.0010168080916628242, 0.002513233572244644, 0.0032609901390969753, 0.0036135800182819366], "(2, 5, 2, 1)": [0.0, 0.001890601241029799, 0.0, 0.0, 0.0, 0.0, 0.0, 0.0, 0.0],