{"q_values": {"(2, 5, 2, 2)": [0.015342950820922852, 0.018527882173657417, 0.01882903464138508, 0.018840940669178963, 0.018481316044926643, 0.015669452026486397, 0.018028365448117256, 0.01709708385169506, 0.018886584788560867], "(2, 5, 3, 2)": [0.018600326031446457, 0.018385399132966995, 0.01844773069024086, 0.01878107711672783, 0.018976856023073196, 0.01849493756890297, 0.017035195603966713, 0.01825683005154133, 0.01873333379626274], "(2, 5, 3, 3)": [0.01751510612666607, 0.015981372445821762, 0.016232190653681755, 0.015558067709207535, 0.01516962330788374, 0.017712721601128578, 0.011956227011978626, 0.014022155664861202, 0.018056698143482208], "(2, 5, 4, 3)": [0.014950906857848167, 0.017287451773881912, 0.01227730792015791, 0.014625109732151031, 0.012331213802099228, 0.015050189569592476, 0.014646057970821857, 0.008957738056778908, 0.014402547851204872], "(2, 4, 2, 2)": [0.015947546809911728, 0.018507931381464005, 0.01852446235716343, 0.017036259174346924, 0.018609829246997833, 0.01866714470088482, 0.01670016162097454, 0.015106631442904472, 0.01841149665415287], "(2, 4, 3, 2)": [0.018505748361349106, 0.016374049708247185, 0.0188775472342968, 0.018706418573856354, 0.018586164340376854, 0.017610276117920876, 0.01869380846619606, 0.018634475767612457, 0.018639953806996346], "(2, 4, 3, 3)": [0.017547262832522392, 0.013985821977257729, 0.010247639380395412, 0.018827984109520912, 0.016119275242090225, 0.013580932281911373, 0.012623954564332962, 0.012641086243093014, 0.012281278148293495], "(2, 4, 4, 3)": [0.013995420187711716, 0.0175333209335804, 0.011337704956531525, 0.01560569740831852, 0.01580737717449665, 0.012915217317640781, 0.013270105235278606, 0.013173041865229607, 0.01511356420814991], "(2, 5, 1, 2)": [0.018788514658808708, 0.016958126798272133, 0.019203482195734978, 0.018780793994665146, 0.018778489902615547, 0.018760599195957184, 0.019008148461580276, 0.018903909251093864, 0.01865994557738304], "(2, 5, 0, 1)": [0.016094543039798737, 0.015562592074275017, 0.015070859342813492, 0.015805210918188095, 0.018639931455254555, 0.016441138461232185, 0.01405263226479292, 0.01660965383052826, 0.016356879845261574], "(2, 5, 0, 2)": [0.010123267769813538, 0.00919492170214653, 0.012704875320196152, 0.017168855294585228, 0.011549608781933784, 0.008340307511389256, 0.009130389429628849, 0.008348293602466583, 0.008040467277169228], "(2, 4, 0, 1)": [0.011772050522267818, 0.01528831198811531, 0.013625692576169968, 0.014948965981602669, 0.014900238253176212, 0.013297755271196365, 0.01582900807261467, 0.014831557869911194, 0.016185883432626724], "(2, 4, 0, 2)": [0.0, 0.0, 0.007084648124873638, 0.0027416134253144264, 0.0, 0.0, 0.0027502081356942654, 0.0, 0.0010436221491545439], "(2, 4, 1, 2)": [0.015300285071134567, 0.018521640449762344, 0.01867014914751053, 0.015525709837675095, 0.01563015580177307, 0.018646173179149628, 0.018810316920280457, 0.01790318451821804, 0.018091244623064995], "(2, 5, 2, 3)": [0.003301020711660385, 0.0009094249689951539, 0.0002886044094339013, 0.0027254181914031506, 0.0037877170834690332, 0.0011819717474281788, 0.003739861072972417, 0.004326364025473595, 0.0059488555416464806], "(2, 4, 1, 1)": [0.012067851610481739, 0.01568690501153469, 0.01563030108809471, 0.007992508821189404, 0.014803312718868256, 0.013323968276381493, 0.013368936255574226, 0.01510501466691494, 0.01752309873700142], "(2, 5, 1, 1)": [0.01406177319586277, 0.014638388529419899, 0.011728746816515923, 0.012651866301894188, 0.00887950137257576, 0.009715829975903034, 0.018551265820860863, 0.010710880160331726, 0.013570768758654594], "(2, 4, 4, 2)": [0.012148575857281685, 0.006250148173421621, 0.015583282336592674, 0.010650618001818657, 0.011814083904027939, 0.011770864017307758, 0.008853135630488396, 0.009214538149535656, 0.01122282538563013], "(2, 4, 2, 1)": [0.0024264114908874035, 0.009615923278033733, 0.011660510674118996, 0.0012554138666018844, 0.005408616736531258, 0.005975655745714903, 0.00626274524256587, 0.007868749089539051, 0.00403168611228466], "(2, 5, 4, 2)": [0.00252704368904233, 0.0, 0.0, 0.0, 0.004172609653323889, 0.0, 0.0017928986344486475, 0.0, 0.0], "(3, 5, 4, 3)": [0.0091921491548419, 0.00876107532531023, 0.005606729071587324, 0.004459087736904621, 0.005009776912629604, 0.008060977794229984, 0.006255929358303547, 0.002214895561337471, -0.001093628234229982], "(3, 5, 3, 2)": [0.016126982867717743, 0.012293707579374313, 0.01215688232332468, 0.014899102039635181, 0.013330777175724506, 0.012407969683408737, 0.014267115853726864, 0.011769866570830345, 0.01425043772906065], "(3, 5, 3, 3)": [0.002366026397794485, 0.002790424507111311, 0.0030417456291615963, 0.000388262327760458, 0.00712366309016943, 0.005565438885241747, 0.00276360334828496, 0.003558990778401494, 0.001569243147969246], "(3, 5, 2, 2)": [0.013085446320474148, 0.013950507156550884, 0.013537580147385597, 0.014240540564060211, 0.009570005349814892, 0.012574704363942146, 0.011985926888883114, 0.012652928940951824, 0.014124920591711998], "(3, 5, 1, 2)": [0.005400326102972031, 0.00372485164552927, 0.008195198141038418, 0.007698136381804943, 0.01190217025578022, 0.006244081072509289, 0.008437174372375011, 0.007986444048583508, 0.004751234780997038], "(3, 4, 3, 2)": [0.011047344654798508, 0.010651550255715847, 0.010259420610964298, 0.00800368096679449, 0.011545872315764427, 0.011363898403942585, 0.016785897314548492, 0.010301811620593071, 0.013754207640886307], "(3, 4, 2, 2)": [0.010874842293560505, 0.007526318076997995, 0.010731726884841919, 0.011338012292981148, 0.008408441208302975, 0.01209747139364481, 0.010617829859256744, 0.008806735277175903, 0.015269327908754349], "(3, 4, 1, 1)": [0.0049594007432460785, 0.004474871791899204, 0.00278218905441463, 0.0, 0.007151138037443161, 0.004428565967828035, 0.00385740352794528, 0.0028321160934865475, 0.0043967911042273045], "(3, 4, 2, 1)": [-0.0005304089281708002, 0.002259516157209873, 0.00356344785541296, 0.0022375837434083223, 0.0, 0.0038922333624213934, 0.0, 0.002785992808640003, 0.00844058208167553], "(3, 5, 4, 2)": [0.004113622009754181, 0.00489488011226058, 0.005792128387838602, 0.00508459284901619, 0.004791448824107647, 0.003590480424463749, 0.009785937145352364, 0.0011855884222313762, 0.005261313170194626], "(3, 5, 1, 1)": [0.002710910513997078, 0.003637495916336775, 0.006527141202241182, 0.001990166725590825, 0.0009917361894622445, 0.000999973970465362, 0.0034701561089605093, 0.0022340910509228706, 0.0012850197963416576], "(3, 5, 0, 1)": [0.001275904243811965, 0.0, 0.0, 0.0, 0.0, 0.00117568823043257, 0.0, 0.0, 0.0010477579198777676], "(3, 4, 1, 2)": [0.00259600137360394, 0.001682294881902635, 0.0010928980773314834, 0.0, 0.0028663044795393944, 0.0012679927749559283, 0.0011292765848338604, 0.0021568837109953165, 0.002222139621153474], "(3, 4, 4, 2)": [0.012414914555847645, 0.0016376118874177337, 0.00542564457282424, 0.008154596202075481, 0.0028811716474592686, 0.004441439639776945, 0.005341630429029465, 0.006317478604614735, 0.009247426874935627], "(1, 5, 1, 2)": [0.012262012809515, 0.00963762030005455, 0.009780658408999443, 0.014995544217526913, 0.009882311336696148, 0.009453284554183483, 0.012267566286027431, 0.008875071071088314, 0.010785738006234169], "(1, 5, 2, 2)": [0.008051852695643902, 0.00514216348528862, 0.0027543429750949144, 0.00589209608733654, 0.009411903098225594, 0.006324343848973513, 0.005477518774569035, 0.0067863683216273785, 0.010186569765210152], "(1, 5, 2, 3)": [0.009809308685362339, 0.004727425519376993, 0.00012505380436778069, 0.002274158876389265, 0.0037323401775211096, -0.0005132812075316906, 0.002513233572244644, 0.004164166748523712, 0.005054916720837355], "(2, 5, 2, 1)": [0.0, 0.001890601241029799, 0.0, 0.0, 0.0, 0.0, 0.0, 0.0, 0.0], "(2, 4, 5, 3)": [0.0, 0.002709490479901433, 0.0, 0.0010679233819246292, 0.002991003915667534, 0.0, 0.0015395808732137084, 0.0, 0.0],