{"q_values": {"(2, 5, 2, 2)": [0.018946662545204163, 0.019071491435170174, 0.017558226361870766, 0.015959445387125015, 0.016763323917984962, 0.01905427873134613, 0.019162526354193687, 0.019103191792964935, 0.016738399863243103], "(2, 5, 3, 2)": [0.019323593005537987, 0.01937827095389366, 0.019360918551683426, 0.019314058125019073, 0.01653115823864937, 0.018512766808271408, 0.019294504076242447, 0.01836622878909111, 0.019334325566887856], "(2, 5, 3, 3)": [0.01583843119442463, 0.015947585925459862, 0.016308244317770004, 0.0181825440376997, 0.017061468213796616, 0.016672207042574883, 0.017454296350479126, 0.016985736787319183, 0.01648842915892601], "(2, 5, 4, 3)": [0.019785070791840553, 0.018053444102406502, 0.018317319452762604, 0.018337838351726532, 0.018950752913951874, 0.018946457654237747, 0.018363704904913902, 0.01917259581387043, 0.018483109772205353], "(2, 4, 2, 2)": [0.019491806626319885, 0.019526518881320953, 0.018016910180449486, 0.01682957448065281, 0.01944579929113388, 0.01951785758137703, 0.019492898136377335, 0.01965249702334404, 0.019523561000823975], "(2, 4, 3, 2)": [0.019442232325673103, 0.019297417253255844, 0.018649974837899208, 0.01954338699579239, 0.019676757976412773, 0.0191369466483593, 0.019273538142442703, 0.01937374845147133, 0.01957296021282673], "(2, 4, 3, 3)": [0.019575253129005432, 0.01974070817232132, 0.019617149606347084, 0.019440757110714912, 0.01966223306953907, 0.019673358649015427, 0.01960800401866436, 0.019624941051006317, 0.01955248974263668], "(2, 4, 4, 3)": [0.019606294110417366, 0.019642140716314316, 0.019671600311994553, 0.01960700750350952, 0.01954551413655281, 0.01973113790154457, 0.01965480111539364, 0.019580328837037086, 0.01954019069671631], "(2, 5, 1, 2)": [0.019677765667438507, 0.01968870498239994, 0.019589105620980263, 0.019662244245409966, 0.01950976997613907, 0.0195559561252594, 0.01962599903345108, 0.01854732073843479, 0.019584400579333305], "(2, 5, 0, 1)": [0.019577309489250183, 0.019635509699583054, 0.019628766924142838, 0.019615953788161278, 0.019537359476089478, 0.019659247249364853, 0.019755538552999496, 0.01963150128722191, 0.01956840045750141], "(2, 5, 0, 2)": [0.019389217719435692, 0.01947038620710373, 0.019515253603458405, 0.01934908702969551, 0.019450215622782707, 0.019243178889155388, 0.019207758828997612, 0.019260786473751068, 0.019405316561460495], "(2, 4, 0, 1)": [0.019018109887838364, 0.018177133053541183, 0.018693402409553528, 0.016611576080322266, 0.013774705119431019, 0.019224612042307854, 0.018335264176130295, 0.018813369795680046, 0.019470704719424248], "(2, 4, 0, 2)": [0.010189134627580643, 0.011058144271373749, 0.019711200147867203, 0.013057448901236057, 0.009116286411881447, 0.01172224897891283, 0.011290719732642174, 0.013219998218119144, 0.013678708113729954], "(2, 4, 1, 2)": [0.019449448212981224, 0.01960410736501217, 0.019560134038329124, 0.019406907260417938, 0.01952970027923584, 0.019373038783669472, 0.018769413232803345, 0.019455868750810623, 0.018719986081123352], "(2, 5, 2, 3)": [0.012633596546947956, 0.009404400363564491, 0.012242996133863926, 0.01628122292459011, 0.01375543512403965, 0.008180450648069382, 0.005512504372745752, 0.011982042342424393, 0.012484717182815075], "(2, 4, 1, 1)": [0.014822245575487614, 0.016363507136702538, 0.0180953498929739, 0.017871201038360596, 0.01793530397117138, 0.017927374690771103, 0.015843551605939865, 0.019217247143387794, 0.016511745750904083], "(2, 5, 1, 1)": [0.019615374505519867, 0.019680427387356758, 0.01955384761095047, 0.01976153627038002, 0.019705895334482193, 0.0196845605969429, 0.019726134836673737, 0.019819367676973343, 0.019690020009875298], "(2, 4, 4, 2)": [0.018518749624490738, 0.019079526886343956, 0.018321987241506577, 0.01850861683487892, 0.018843211233615875, 0.019141584634780884, 0.019699150696396828, 0.018817568197846413, 0.01903798058629036], "(2, 4, 2, 1)": [0.009277552366256714, 0.011122645810246468, 0.01283169724047184, 0.007745721843093634, 0.010803152807056904, 0.013807075098156929, 0.010794517584145069, 0.010215643793344498, 0.015920458361506462], "(2, 5, 4, 2)": [0.008342712186276913, 0.008753607049584389, 0.00900126900523901, 0.009911417961120605, 0.01968386396765709, 0.006621966138482094, 0.012333976104855537, 0.00528195034712553, 0.006663937587291002], "(3, 5, 4, 3)": [0.015709225088357925, 0.01312783919274807, 0.010219690389931202, 0.014535271562635899, 0.014634331688284874, 0.013640835881233215, 0.013192967511713505, 0.014133155345916748, 0.014831019565463066], "(3, 5, 3, 2)": [0.016010722145438194, 0.018167788162827492, 0.01841745711863041, 0.018800782039761543, 0.01884596049785614, 0.018620653077960014, 0.01726977340877056, 0.017182528972625732, 0.018745986744761467], "(3, 5, 3, 3)": [0.010643260553479195, 0.007873502559959888, 0.004582538735121489, 0.0036248730029910803, 0.01585545390844345, 0.009535165503621101, 0.012148099020123482, 0.009594263508915901, 0.0071610515005886555], "(3, 5, 2, 2)": [0.017995119094848633, 0.016840387135744095, 0.01801692694425583, 0.0185567494481802, 0.01816539838910103, 0.015602094121277332, 0.015351938083767891, 0.01850227266550064, 0.018493112176656723], "(3, 5, 1, 2)": [0.016668226569890976, 0.015498965978622437, 0.016095638275146484, 0.01883469708263874, 0.016239557415246964, 0.010411807335913181, 0.015614536590874195, 0.01628907024860382, 0.015628503635525703], "(3, 4, 3, 2)": [0.018976153805851936, 0.018135951831936836, 0.018201831728219986, 0.016112346202135086, 0.015888700261712074, 0.01825111359357834, 0.018970083445310593, 0.017323363572359085, 0.016909155994653702], "(3, 4, 2, 2)": [0.01817621849477291, 0.015514327213168144, 0.01886052079498768, 0.018562478944659233, 0.01897219754755497, 0.018431244418025017, 0.018984124064445496, 0.01896587945520878, 0.017558574676513672], "(3, 4, 1, 1)": [0.014628300443291664, 0.014003858901560307, 0.011476569809019566, 0.01388173270970583, 0.015470507554709911, 0.0139557970687747, 0.011855117976665497, 0.016350803896784782, 0.013388711027801037], "(3, 4, 2, 1)": [0.00698600709438324, 0.010844034142792225, 0.009756525978446007, 0.0112595334649086, 0.01069303322583437, 0.014135335572063923, 0.010945558547973633, 0.008713172748684883, 0.013844347558915615], "(3, 5, 4, 2)": [0.006439529825001955, 0.008495284244418144, 0.014623683877289295, 0.01234415639191866, 0.010550507344305515, 0.00902403425425291, 0.018965980038046837, 0.009366480633616447, 0.008866407908499241], "(3, 5, 1, 1)": [0.01214334275573492, 0.010595990344882011, 0.01879335194826126, 0.01076614111661911, 0.009068997576832771, 0.007528982125222683, 0.010975755751132965, 0.012246234342455864, 0.009919127449393272], "(3, 5, 0, 1)": [0.01271894946694374, 0.005317367147654295, 0.0017205638578161597, 0.0013839349849149585, 0.005357783753424883, 0.0030218767933547497, 0.0027296494226902723, 0.0031215958297252655, 0.003479132428765297], "(3, 4, 1, 2)": [0.007047154940664768, 0.007890510372817516, 0.004582720808684826, 0.005183396395295858, 0.005622555036097765, 0.01689237356185913, 0.005992559716105461, 0.008183291181921959, 0.002222139621153474], "(3, 4, 4, 2)": [0.019155222922563553, 0.013420318253338337, 0.016883408650755882, 0.01748127117753029, 0.01821524277329445, 0.016424143686890602, 0.01712050475180149, 0.016789905726909637, 0.017378265038132668], "(1, 5, 1, 2)": [0.01777326874434948, 0.018595470115542412, 0.01711839996278286, 0.01850496046245098, 0.016609882935881615, 0.015243788249790668, 0.01586957462131977, 0.016736935824155807, 0.01588265411555767], "(1, 5, 2, 2)": [0.01853124611079693, 0.017038490623235703, 0.017096038907766342, 0.017707234248518944, 0.01785442978143692, 0.01722421869635582, 0.01828160509467125, 0.015411550179123878, 0.01786285638809204], "(1, 5, 2, 3)": [0.011308783665299416, 0.017378896474838257, 0.009729032404720783, 0.014264475554227829, 0.008748444728553295, 0.01138400286436081, 0.011921276338398457, 0.01023340318351984, 0.0004251158097758889],