{"q_values": {"(2, 5, 2, 2)": [0.017802532762289047, 0.01877211220562458, 0.018948301672935486, 0.01952827349305153, 0.018076203763484955, 0.01877097226679325, 0.01813613623380661, 0.018955489620566368, 0.016756530851125717], "(2, 5, 3, 2)": [0.019069800153374672, 0.01873883046209812, 0.019386667758226395, 0.01892859861254692, 0.018927432596683502, 0.01904626004397869, 0.019100498408079147, 0.019110601395368576, 0.01911242865025997], "(2, 5, 3, 3)": [0.016831163316965103, 0.01634543016552925, 0.01787288300693035, 0.014428972266614437, 0.014506020583212376, 0.015811478719115257, 0.014298936352133751, 0.015352216549217701, 0.016876734793186188], "(2, 5, 4, 3)": [0.018792787566781044, 0.016885673627257347, 0.017540277913212776, 0.016403276473283768, 0.016864148899912834, 0.016471367329359055, 0.014144016429781914, 0.015082724392414093, 0.015466008335351944], "(2, 4, 2, 2)": [0.019072944298386574, 0.018857352435588837, 0.016702968627214432, 0.017371714115142822, 0.01909131556749344, 0.019001075997948647, 0.01892821118235588, 0.01914467290043831, 0.019523832947015762], "(2, 4, 3, 2)": [0.017118260264396667, 0.01830472983419895, 0.018994273617863655, 0.019115140661597252, 0.01906089298427105, 0.01642267405986786, 0.01904270425438881, 0.019510159268975258, 0.018990883603692055], "(2, 4, 3, 3)": [0.01952541619539261, 0.01960132271051407, 0.01932699605822563, 0.019491691142320633, 0.01942290924489498, 0.019338242709636688, 0.019552260637283325, 0.019295278936624527, 0.019389377906918526], "(2, 4, 4, 3)": [0.019510379061102867, 0.019253361970186234, 0.019384944811463356, 0.019397981464862823, 0.01932848058640957, 0.019382614642381668, 0.01930278353393078, 0.01905779540538788, 0.019119156524538994], "(2, 5, 1, 2)": [0.019518297165632248, 0.01918322965502739, 0.01920369267463684, 0.01919201761484146, 0.01899890974164009, 0.01853790134191513, 0.019180793315172195, 0.01632138341665268, 0.019204871729016304], "(2, 5, 0, 1)": [0.01958552375435829, 0.019617170095443726, 0.019523467868566513, 0.019580375403165817, 0.019577421247959137, 0.01957125961780548, 0.019629381597042084, 0.01961611583828926, 0.019536832347512245], "(2, 5, 0, 2)": [0.01925521343946457, 0.018930237740278244, 0.01916196569800377, 0.019160358235239983, 0.019139910116791725, 0.01853220909833908, 0.018781838938593864, 0.01815195195376873, 0.0190103892236948], "(2, 4, 0, 1)": [0.017340192571282387, 0.01767726056277752, 0.01787789911031723, 0.016749149188399315, 0.018213870003819466, 0.017483962699770927, 0.016704682260751724, 0.018676595762372017, 0.015301734209060669], "(2, 4, 0, 2)": [0.00519535830244422, 0.00660353247076273, 0.01912495866417885, 0.005963790230453014, 0.005149154923856258, 0.0087431063875556, 0.00929761677980423, 0.010004030540585518, 0.010595991276204586], "(2, 4, 1, 2)": [0.01911930926144123, 0.01910431683063507, 0.0166127048432827, 0.019168522208929062, 0.01922493427991867, 0.019113188609480858, 0.01917724311351776, 0.016952652484178543, 0.019148238003253937], "(2, 5, 2, 3)": [0.013344782404601574, 0.010392609983682632, 0.007395363412797451, 0.009173184633255005, 0.008616051636636257, 0.005805647931993008, 0.010125400498509407, 0.010077564045786858, 0.011028317734599113], "(2, 4, 1, 1)": [0.014913320541381836, 0.013141420669853687, 0.015793289989233017, 0.016675643622875214, 0.014719321392476559, 0.016031399369239807, 0.016512183472514153, 0.01677991822361946, 0.01669054850935936], "(2, 5, 1, 1)": [0.019481297582387924, 0.019390951842069626, 0.019624438136816025, 0.01908775232732296, 0.019291270524263382, 0.018841251730918884, 0.01922028511762619, 0.01941045932471752, 0.019411960616707802], "(2, 4, 4, 2)": [0.017497751861810684, 0.017978839576244354, 0.016329390928149223, 0.017315318807959557, 0.017932265996932983, 0.01711609773337841, 0.018778080120682716, 0.01838686503469944, 0.018018996343016624], "(2, 4, 2, 1)": [0.008190483786165714, 0.008511949330568314, 0.007330327294766903, 0.005066923797130585, 0.008927501738071442, 0.009876396507024765, 0.009918224066495895, 0.008292408660054207, 0.012787409126758575], "(2, 5, 4, 2)": [0.004226332530379295, 0.004660859704017639, 0.005102297756820917, 0.003398476168513298, 0.016862230375409126, 0.0017588612390682101, 0.008481750264763832, 0.0019568060524761677, 0.0019755279645323753], "(3, 5, 4, 3)": [0.01750081218779087, 0.012759356759488583, 0.005780452862381935, 0.011545085348188877, 0.01039476040750742, 0.015253945253789425, 0.01190259587019682, 0.011922961100935936, 0.007743979804217815], "(3, 5, 3, 2)": [0.01701466180384159, 0.01809976063668728, 0.018408693373203278, 0.015425174497067928, 0.016332358121871948, 0.015519533306360245, 0.01811807230114937, 0.016831766813993454, 0.01640300638973713], "(3, 5, 3, 3)": [0.008499015122652054, 0.007635294459760189, 0.004582538735121489, 0.0036248730029910803, 0.012161996215581894, 0.006190037354826927, 0.010208098217844963, 0.00666982913389802, 0.004413010086864233], "(3, 5, 2, 2)": [0.014728822745382786, 0.017642494291067123, 0.01777041144669056, 0.01755225472152233, 0.014379865489900112, 0.018033239990472794, 0.01756603829562664, 0.017553096637129784, 0.015332824550569057], "(3, 5, 1, 2)": [0.013214661739766598, 0.008633742108941078, 0.013781463727355003, 0.013918677344918251, 0.017621340230107307, 0.008595437742769718, 0.013435395434498787, 0.013917871750891209, 0.014349385164678097], "(3, 4, 3, 2)": [0.01757916994392872, 0.018629904836416245, 0.014856926165521145, 0.017769962549209595, 0.018177926540374756, 0.01839938573539257, 0.016854302957654, 0.017821134999394417, 0.017755258828401566], "(3, 4, 2, 2)": [0.01745462603867054, 0.013896587304770947, 0.013594720512628555, 0.01612078957259655, 0.01640862226486206, 0.016618402674794197, 0.01676151715219021, 0.012491937726736069, 0.018595874309539795], "(3, 4, 1, 1)": [0.006154956296086311, 0.007502010092139244, 0.0073371282778680325, 0.00520959822461009, 0.01496175117790699, 0.009798401035368443, 0.008309300988912582, 0.0117800273001194, 0.007639395538717508], "(3, 4, 2, 1)": [0.003514672629535198, 0.009381805546581745, 0.006969577167183161, 0.006270712241530418, 0.0006970145041123033, 0.010398497804999352, 0.004360994324088097, 0.004673385061323643, 0.01563449203968048], "(3, 5, 4, 2)": [0.006439529825001955, 0.007295329589396715, 0.010067539289593697, 0.0074829519726336, 0.008460123091936111, 0.003590480424463749, 0.017724039033055305, 0.007033742964267731, 0.0077359662391245365], "(3, 5, 1, 1)": [0.0058210548013448715, 0.008600885979831219, 0.014674898236989975, 0.005939223803579807, 0.005544749088585377, 0.002226279117166996, 0.004547666758298874, 0.0050185676664114, 0.006035502068698406], "(3, 5, 0, 1)": [0.007679234724491835, 0.002892980584874749, 0.0, 0.0, 0.0011965858284384012, 0.00117568823043257, 0.001247166539542377, 0.0019467435777187347, 0.002124081365764141], "(3, 4, 1, 2)": [0.00565353175625205, 0.005251546390354633, 0.0010928980773314834, 0.00270682480186224, 0.005622555036097765, 0.011498658917844296, 0.0011292765848338604, 0.00568681163713336, 0.002222139621153474], "(3, 4, 4, 2)": [0.018244102597236633, 0.007253952790051699, 0.010060850530862808, 0.011903767473995686, 0.009934076108038425, 0.00992128998041153, 0.012996876612305641, 0.013013350777328014, 0.013231487013399601], "(1, 5, 1, 2)": [0.017463356256484985, 0.017665773630142212, 0.01617620326578617, 0.016808785498142242, 0.018318772315979004, 0.017324980348348618, 0.017699191346764565, 0.017425891011953354, 0.016948943957686424], "(1, 5, 2, 2)": [0.014258094131946564, 0.012584815733134747, 0.009737232699990273, 0.013499381020665169, 0.012615575455129147, 0.011971005238592625, 0.008349212817847729, 0.007257168646901846, 0.017437564209103584], "(1, 5, 2, 3)": [0.008763723075389862, 0.00928267277777195, 0.009504728019237518, 0.011875666677951813, 0.009599737823009491, 0.009706593118607998, 0.0071078138425946236, 0.006895385682582855, 0.004425826482474804],