{"q_values": {"(2, 5, 2, 2)": [0.018736300989985466, 0.01869574747979641, 0.018585853278636932, 0.017754653468728065, 0.018581487238407135, 0.015614092350006104, 0.018702339380979538, 0.01575855351984501, 0.018277188763022423], "(2, 5, 3, 2)": [0.018953105434775352, 0.018969886004924774, 0.017801230773329735, 0.018935799598693848, 0.018516477197408676, 0.017388658598065376, 0.01644931361079216, 0.01883285492658615, 0.017296381294727325], "(2, 5, 3, 3)": [0.014394128695130348, 0.01752951554954052, 0.01739899441599846, 0.011440067552030087, 0.018345661461353302, 0.01444126944988966, 0.015061890706419945, 0.017814142629504204, 0.016140351071953773], "(2, 5, 4, 3)": [0.01783609949052334, 0.01950417459011078, 0.017498571425676346, 0.01663251221179962, 0.0180831141769886, 0.017471320927143097, 0.015880396589636803, 0.018052969127893448, 0.017187578603625298], "(2, 4, 2, 2)": [0.019362660124897957, 0.0195404551923275, 0.019490022212266922, 0.019440991804003716, 0.017386844381690025, 0.019601766020059586, 0.019498474895954132, 0.01954498142004013, 0.019602609798312187], "(2, 4, 3, 2)": [0.017992369830608368, 0.017938314005732536, 0.019247794523835182, 0.019268564879894257, 0.018670570105314255, 0.019253330305218697, 0.018555860966444016, 0.019449666142463684, 0.01968277618288994], "(2, 4, 3, 3)": [0.019617706537246704, 0.019642503932118416, 0.019564902409911156, 0.019660385325551033, 0.019684333354234695, 0.019626570865511894, 0.019696684554219246, 0.019609631970524788, 0.019676905125379562], "(2, 4, 4, 3)": [0.01958843506872654, 0.019601639360189438, 0.01951778307557106, 0.019558416679501534, 0.01948324590921402, 0.019698157906532288, 0.019413283094763756, 0.019584722816944122, 0.019345052540302277], "(2, 5, 1, 2)": [0.01928967423737049, 0.01916496641933918, 0.01928984373807907, 0.01917724870145321, 0.019269393756985664, 0.016749689355492592, 0.019262459129095078, 0.019260618835687637, 0.015993600711226463], "(2, 5, 0, 1)": [0.01960677281022072, 0.019709929823875427, 0.01963530294597149, 0.01966216042637825, 0.01963663473725319, 0.019712157547473907, 0.019602186977863312, 0.01964453049004078, 0.019636735320091248], "(2, 5, 0, 2)": [0.01949290744960308, 0.01945076696574688, 0.01941106840968132, 0.01950194127857685, 0.01958836056292057, 0.019418010488152504, 0.019344355911016464, 0.01924293488264084, 0.019385406747460365], "(2, 4, 0, 1)": [0.019084956496953964, 0.01841987483203411, 0.019173163920640945, 0.018949994817376137, 0.017439089715480804, 0.018651410937309265, 0.019653206691145897, 0.018547406420111656, 0.018971795216202736], "(2, 4, 0, 2)": [0.010189134627580643, 0.011058144271373749, 0.019640479236841202, 0.013057448901236057, 0.007939601317048073, 0.01172224897891283, 0.011290719732642174, 0.013219998218119144, 0.013018757104873657], "(2, 4, 1, 2)": [0.01946343667805195, 0.019451284781098366, 0.01946588233113289, 0.01949152536690235, 0.017893413081765175, 0.01963230036199093, 0.01948384754359722, 0.01951276697218418, 0.01975511945784092], "(2, 5, 2, 3)": [0.011167100630700588, 0.011290870606899261, 0.012242996133863926, 0.01698588952422142, 0.013176389038562775, 0.008180450648069382, 0.0075078606605529785, 0.011413938365876675, 0.012484717182815075], "(2, 4, 1, 1)": [0.015497693791985512, 0.01659361459314823, 0.01737205870449543, 0.018405530601739883, 0.018503375351428986, 0.016883879899978638, 0.01736726239323616, 0.018793286755681038, 0.019682755693793297], "(2, 5, 1, 1)": [0.01961202174425125, 0.019581492990255356, 0.019722003489732742, 0.019711077213287354, 0.019676003605127335, 0.019643085077404976, 0.019684888422489166, 0.019658105447888374, 0.019538039341568947], "(2, 4, 4, 2)": [0.018518749624490738, 0.018786847591400146, 0.01780230738222599, 0.01837502419948578, 0.01873558945953846, 0.018569782376289368, 0.019506122916936874, 0.018679684028029442, 0.01887650229036808], "(2, 4, 2, 1)": [0.007070798426866531, 0.011122645810246468, 0.010413623414933681, 0.006409285124391317, 0.010803152807056904, 0.013150373473763466, 0.010794517584145069, 0.010215643793344498, 0.017410412430763245], "(2, 5, 4, 2)": [0.008342712186276913, 0.007513514254242182, 0.007867766544222832, 0.008820975199341774, 0.019365619868040085, 0.003541266545653343, 0.011495016515254974, 0.00528195034712553, 0.006663937587291002], "(3, 5, 4, 3)": [0.015504337847232819, 0.01312783919274807, 0.010219690389931202, 0.013999072834849358, 0.012418176978826523, 0.01227804645895958, 0.012486100196838379, 0.012672764249145985, 0.012748795561492443], "(3, 5, 3, 2)": [0.019211454316973686, 0.01699918694794178, 0.018109848722815514, 0.018664244562387466, 0.018725119531154633, 0.018401814624667168, 0.016480382531881332, 0.016824210062623024, 0.01877507008612156], "(3, 5, 3, 3)": [0.010643260553479195, 0.007873502559959888, 0.004582538735121489, 0.0036248730029910803, 0.01501499768346548, 0.009535165503621101, 0.012148099020123482, 0.009594263508915901, 0.0071610515005886555], "(3, 5, 2, 2)": [0.017810504883527756, 0.018885718658566475, 0.017527908086776733, 0.018392154946923256, 0.018185829743742943, 0.018315665423870087, 0.018276900053024292, 0.018180035054683685, 0.018377702683210373], "(3, 5, 1, 2)": [0.016668226569890976, 0.013440601527690887, 0.016095638275146484, 0.018400482833385468, 0.015943866223096848, 0.010411807335913181, 0.015199261717498302, 0.01628907024860382, 0.015214161947369576], "(3, 4, 3, 2)": [0.01632101647555828, 0.018762100487947464, 0.01797407865524292, 0.017141589894890785, 0.01721225306391716, 0.018576381728053093, 0.016007592901587486, 0.01849433034658432, 0.01772640272974968], "(3, 4, 2, 2)": [0.016630442813038826, 0.01790449023246765, 0.018510520458221436, 0.018672045320272446, 0.018123116344213486, 0.0170250553637743, 0.018281007185578346, 0.017438258975744247, 0.018790774047374725], "(3, 4, 1, 1)": [0.012867510318756104, 0.011302454397082329, 0.009687602519989014, 0.012242667376995087, 0.015002649277448654, 0.013401851058006287, 0.011855117976665497, 0.017116542905569077, 0.012061522342264652], "(3, 4, 2, 1)": [0.008230132050812244, 0.009167464450001717, 0.008705136366188526, 0.0112595334649086, 0.00886845588684082, 0.014200255274772644, 0.009156718850135803, 0.009703462943434715, 0.01364176720380783], "(3, 5, 4, 2)": [0.006439529825001955, 0.008495284244418144, 0.014052631333470345, 0.011533638462424278, 0.010550507344305515, 0.00902403425425291, 0.018308859318494797, 0.009366480633616447, 0.008866407908499241], "(3, 5, 1, 1)": [0.011322684586048126, 0.010595990344882011, 0.018498443067073822, 0.01076614111661911, 0.009068997576832771, 0.006203308701515198, 0.010975755751132965, 0.009615270420908928, 0.009919127449393272], "(3, 5, 0, 1)": [0.0121445432305336, 0.005317367147654295, 0.0017205638578161597, 0.0013839349849149585, 0.005357783753424883, 0.0030218767933547497, 0.0027296494226902723, 0.0031215958297252655, 0.003479132428765297], "(3, 4, 1, 2)": [0.007047154940664768, 0.007890510372817516, 0.0029292854014784098, 0.005183396395295858, 0.005622555036097765, 0.01689237356185913, 0.005992559716105461, 0.008183291181921959, 0.002222139621153474], "(3, 4, 4, 2)": [0.019420655444264412, 0.01206267811357975, 0.015182802453637123, 0.013805332593619823, 0.016840409487485886, 0.01582765020430088, 0.01618834212422371, 0.015596803277730942, 0.015711570158600807], "(1, 5, 1, 2)": [0.017102038487792015, 0.01920604519546032, 0.015652332454919815, 0.017973942682147026, 0.0190386064350605, 0.01771702617406845, 0.018969792872667313, 0.01907486654818058, 0.018909044563770294], "(1, 5, 2, 2)": [0.018850885331630707, 0.016710205003619194, 0.015644585713744164, 0.01727231964468956, 0.01746712066233158, 0.017012974247336388, 0.018062494695186615, 0.012921767309308052, 0.01743735745549202], "(1, 5, 2, 3)": [0.011308783665299416, 0.013764210976660252, 0.010520503856241703, 0.013269590213894844, 0.009463728405535221, 0.010543080978095531, 0.011268158443272114, 0.009389610029757023, 0.003680644789710641],