{"q_values": {"(2, 5, 2, 2)": [0.01178435143083334, 0.01372080110013485, 0.011785553768277168, 0.012258474715054035, 0.013234059326350689], "(2, 5, 3, 2)": [0.014077047817409039, 0.013767914846539497, 0.01366110984236002, 0.013720600865781307, 0.013207337819039822], "(2, 5, 3, 3)": [0.009852946735918522, 0.01378293801099062, 0.010021436959505081, 0.012834645807743073, 0.010044745169579983], "(2, 4, 2, 2)": [0.010267095640301704, 0.010233158245682716, 0.01102718897163868, 0.012733951210975647, 0.01143035851418972], "(2, 4, 3, 2)": [0.013047577813267708, 0.01270346250385046, 0.013170698657631874, 0.010281546041369438, 0.013716544024646282], "(2, 4, 3, 3)": [0.014112968929111958, 0.014096247032284737, 0.014051469042897224, 0.014092042110860348, 0.014117431826889515], "(2, 4, 4, 3)": [0.014057614840567112, 0.014054086990654469, 0.014072173275053501, 0.014071506448090076, 0.014147034846246243], "(2, 4, 1, 1)": [0.012435656040906906, 0.009848286397755146, 0.010004790499806404, 0.009784726426005363, 0.00842624343931675], "(2, 4, 2, 1)": [0.005213333293795586, 0.004884376190602779, 0.00425357511267066, 0.006251598708331585, 0.011684080585837364], "(2, 5, 4, 3)": [0.014016893692314625, 0.013662675395607948, 0.013448302634060383, 0.013763687573373318, 0.01329256035387516], "(2, 4, 1, 2)": [0.010538988746702671, 0.01020156592130661, 0.013293868862092495, 0.013236535713076591, 0.012399374507367611], "(2, 5, 1, 2)": [0.013834116980433464, 0.013675104826688766, 0.013638644479215145, 0.013664056546986103, 0.013642074540257454], "(2, 5, 0, 2)": [0.013911604881286621, 0.013655233196914196, 0.013653450645506382, 0.012856699526309967, 0.013642656616866589], "(2, 5, 2, 3)": [0.006732890382409096, 0.0057684071362018585, 0.00536035792902112, 0.00580540020018816, 0.005894281901419163], "(2, 4, 0, 1)": [0.00852142833173275, 0.009432882070541382, 0.008301960304379463, 0.00908171571791172, 0.011073448695242405], "(2, 4, 4, 2)": [0.013359545730054379, 0.013750148937106133, 0.013700602576136589, 0.0136251300573349, 0.013494700193405151], "(2, 4, 5, 3)": [0.014182906597852707, 0.013714665547013283, 0.013824660331010818, 0.013764257542788982, 0.013619309291243553], "(3, 4, 4, 2)": [0.013765625655651093, 0.013667527586221695, 0.01364718284457922, 0.01370268501341343, 0.013719577342271805], "(3, 4, 3, 2)": [0.013563908636569977, 0.010497722774744034, 0.013466045260429382, 0.01122711319476366, 0.010304488241672516], "(3, 4, 2, 1)": [0.009891419671475887, 0.008661014959216118, 0.009540093131363392, 0.01033239345997572, 0.011211546137928963], "(3, 4, 2, 2)": [0.01360414084047079, 0.013192785903811455, 0.013710648752748966, 0.012603276409208775, 0.01373958308249712], "(3, 4, 3, 1)": [0.008194603957235813, -9.296135976910591e-05, 0.0015246854163706303, 0.0008712960407137871, 0.002362418919801712], "(2, 5, 0, 1)": [0.014023599214851856, 0.014013745822012424, 0.01411156915128231, 0.014042479917407036, 0.014046706259250641], "(2, 5, 5, 3)": [0.014061449095606804, 0.008625886403024197, 0.007585334591567516, 0.009188949130475521, 0.00939817726612091], "(3, 5, 4, 3)": [0.01387713197618723, 0.010669788345694542, 0.012279712595045567, 0.01086971815675497, 0.010053973644971848], "(3, 5, 3, 2)": [0.014034029096364975, 0.01385339256376028, 0.013399369083344936, 0.0136019391939044, 0.013221672736108303], "(3, 5, 2, 2)": [0.012884610332548618, 0.01416704896837473, 0.013769395649433136, 0.013765532523393631, 0.013410561718046665], "(3, 5, 1, 1)": [0.014028836973011494, 0.014047390781342983, 0.014079383574426174, 0.014050456695258617, 0.014056368730962276], "(3, 5, 1, 2)": [0.013717968948185444, 0.013725919649004936, 0.014154861681163311, 0.013695341534912586, 0.01366861816495657], "(3, 4, 1, 1)": [0.012904816307127476, 0.01303790882229805, 0.012139338068664074, 0.01329055242240429, 0.01113116554915905], "(2, 4, 0, 0)": [-6.463739555329084e-05, 0.0023856335319578648, 0.00033883971627801657, 0.0010410075774416327, 0.004842626862227917], "(1, 4, 0, 1)": [0.01297308411449194, 0.013209686614573002, 0.012708965688943863, 0.014005584642291069, 0.011445853859186172], "(1, 4, 1, 2)": [0.013837862759828568, 0.013742254115641117, 0.013759144581854343, 0.013904950581490993, 0.013897441327571869], "(1, 4, 2, 2)": [0.010612525045871735, 0.013533584773540497, 0.013549224473536015, 0.010454037226736546, 0.013575680553913116], "(1, 4, 3, 2)": [0.013839444145560265, 0.013882448896765709, 0.01400231383740902, 0.013928303495049477, 0.013934035785496235], "(1, 4, 4, 3)": [0.014119232073426247, 0.011933583766222, 0.011343707330524921, 0.008575605228543282, 0.010359165258705616], "(2, 5, 1, 1)": [0.014057098887860775, 0.014075729995965958, 0.01405525766313076, 0.014082444831728935, 0.014110708609223366], "(2, 4, 0, 2)": [0.012996881268918514, 0.013325432315468788, 0.013193350285291672, 0.011776911094784737, 0.01405846606940031], "(2, 4, 2, 3)": [0.01401297003030777, 0.003841732395812869, 0.004890755750238895, 0.0038155559450387955, 0.0038092336617410183], "(3, 5, 3, 3)": [0.010583764873445034, 0.0073007759638130665, 0.011211934499442577, 0.011074899695813656, 0.010949842631816864], "(3, 5, 0, 1)": [0.013494538143277168, 0.01219446025788784, 0.012761498801410198, 0.013922161422669888, 0.011427653022110462], "(3, 5, 0, 2)": [0.0036765439435839653, 0.0, 0.010598015040159225, 0.0, 0.0022937883622944355], "(3, 4, 4, 3)": [0.014047740958631039, 0.013988926075398922, 0.01413801871240139, 0.014046639204025269, 0.014034751802682877], "(3, 5, 4, 2)": [0.013677913695573807, 0.01379673182964325, 0.013876521028578281, 0.013853463344275951, 0.013373462483286858], "(3, 5, 5, 3)": [0.009955705143511295, 0.00952555239200592, 0.013204979710280895, 0.00976887159049511, 0.009265102446079254], "(3, 4, 0, 1)": [0.008444203063845634, 0.009657000191509724, 0.009902029298245907, 0.009782022796571255, 0.010641597211360931], "(2, 5, 4, 2)": [0.014203239232301712, 0.012452259659767151, 0.01303567923605442, 0.011890510097146034, 0.01292088720947504], "(1, 4, 1, 1)": [0.00951204914599657, 0.00983881950378418, 0.011726247146725655, 0.011295538395643234, 0.013592216186225414], "(1, 5, 2, 2)": [0.013985146768391132, 0.014260010793805122, 0.013645428232848644, 0.013783590868115425, 0.013802042230963707], "(1, 5, 1, 2)": [0.014205984771251678, 0.013896519318223, 0.01381696481257677, 0.0136070866137743, 0.013996931724250317], "(1, 5, 2, 3)": [0.013928760774433613, 0.010557539761066437, 0.008857287466526031, 0.010866516269743443, 0.010270422324538231], "(1, 5, 3, 3)": [0.012496717274188995, 0.014107591472566128, 0.012938227504491806, 0.012136758305132389, 0.011583372950553894], "(2, 5, 2, 1)": [0.0, 0.01345815323293209, 0.0014127357862889767, 0.00270603084936738, 0.0014222607715055346], "(2, 4, -1, 1)": [0.0025100838392972946, 0.0026343197096139193, 0.012472170405089855, 0.0, 0.001359491958282888], "(2, 4, -1, 0)": [-0.0006868969649076462, -0.0038912519812583923, 0.00799094419926405, 0.003898180555552244, -0.0005599281284958124], "(1, 4, -1, 0)": [0.0, 0.0009590714471414685, 6.688782013952732e-05, 0.005226609297096729, 0.0023255699779838324], "(3, 4, 1, 2)": [0.010625220835208893, 0.010469557717442513, 0.00903304573148489, 0.012361107394099236, 0.014200706034898758], "(3, 4, 5, 3)": [0.00956265814602375, 0.013945147395133972, 0.011757160536944866, 0.012418810278177261, 0.01216978207230568], "(1, 4, 3, 3)": [0.014011237770318985, 0.013993535190820694, 0.014227290637791157, 0.013936527073383331, 0.014045510441064835], "(1, 5, 4, 3)": [0.009096040390431881, 0.013916621915996075, 0.010361135937273502, 0.009260597638785839, 0.010133631527423859], "(2, 4, 5, 2)": [0.0, 0.0, 0.004195045214146376, 0.009108870290219784, 0.0009086569189094007], "(3, 4, 5, 2)": [0.00749980891123414, 0.006954320706427097, 0.0048529920168221, 0.003747564507648349, 0.013587858527898788], "(3, 4, 6, 3)": [0.00136752484831959, 0.010848638601601124, 0.0013910112902522087, 0.002609207760542631, 0.0],