{"q_values": {"(2, 5, 2, 2)": [0.013766842894256115, 0.012583489529788494, 0.01019586343318224, 0.012458870187401772, 0.012216906063258648], "(2, 5, 3, 2)": [0.013992112129926682, 0.013646382838487625, 0.013828125782310963, 0.013895380310714245, 0.013159940019249916], "(2, 5, 3, 3)": [0.011158370412886143, 0.01373501680791378, 0.009882756508886814, 0.01251787319779396, 0.012770742177963257], "(2, 4, 2, 2)": [0.012056630104780197, 0.01174570620059967, 0.013042842969298363, 0.01362658105790615, 0.01130335871130228], "(2, 4, 3, 2)": [0.013304670341312885, 0.013355916365981102, 0.01341559924185276, 0.012442555278539658, 0.01396684255450964], "(2, 4, 3, 3)": [0.014059644192457199, 0.013989260420203209, 0.014010222628712654, 0.01401020959019661, 0.014014692977070808], "(2, 4, 4, 3)": [0.013910160399973392, 0.01394643634557724, 0.013975683599710464, 0.01408989168703556, 0.014015279710292816], "(2, 4, 1, 1)": [0.0117119662463665, 0.009778047911822796, 0.010445517487823963, 0.009849684312939644, 0.011386942118406296], "(2, 4, 2, 1)": [0.0020256764255464077, 0.003592509776353836, 0.006347199436277151, 0.006584964692592621, 0.007138819899410009], "(2, 5, 4, 3)": [0.010998536832630634, 0.014039003290235996, 0.013063214719295502, 0.012555602937936783, 0.01229821890592575], "(2, 4, 1, 2)": [0.01285501103848219, 0.013189981691539288, 0.010490434244275093, 0.01327317114919424, 0.012334369122982025], "(2, 5, 1, 2)": [0.013834740966558456, 0.010751024819910526, 0.013524350710213184, 0.013567592948675156, 0.01368310209363699], "(2, 5, 0, 2)": [0.01385426800698042, 0.013688771054148674, 0.013803091831505299, 0.013912149704992771, 0.013724233955144882], "(2, 5, 2, 3)": [0.011009336449205875, 0.0030726019758731127, 0.008090998977422714, 0.009514383040368557, 0.0044729397632181644], "(2, 4, 0, 1)": [0.010479899123311043, 0.007267310284078121, 0.010627707466483116, 0.01350322738289833, 0.009934430941939354], "(2, 4, 4, 2)": [0.01365749817341566, 0.01361458282917738, 0.013673665001988411, 0.01367956679314375, 0.013682380318641663], "(2, 4, 5, 3)": [0.014010130427777767, 0.01265114638954401, 0.013443429954349995, 0.01300526037812233, 0.013158809393644333], "(3, 4, 4, 2)": [0.013658691197633743, 0.013456454500555992, 0.01351979747414589, 0.013218075968325138, 0.013549809344112873], "(3, 4, 3, 2)": [0.01080089807510376, 0.01168601680546999, 0.00983689446002245, 0.012121740728616714, 0.012915442697703838], "(3, 4, 2, 1)": [0.006163947284221649, 0.008694378659129143, 0.009216967970132828, 0.008603882975876331, 0.012213998474180698], "(3, 4, 2, 2)": [0.012468159198760986, 0.011152584105730057, 0.013384309597313404, 0.01033636275678873, 0.013301261700689793], "(3, 4, 3, 1)": [0.0019065376836806536, 0.002255655126646161, 0.0026766108348965645, 0.0008712960407137871, 0.001215892843902111], "(2, 5, 0, 1)": [0.013865148648619652, 0.013955545611679554, 0.014126872643828392, 0.013981768861413002, 0.013940767385065556], "(2, 5, 5, 3)": [0.013252109289169312, 0.00938431452959776, 0.0028538040351122618, 0.007925120182335377, 0.009631456807255745], "(3, 5, 4, 3)": [0.01377399917691946, 0.00886034220457077, 0.011642688885331154, 0.008829845115542412, 0.011222684755921364], "(3, 5, 3, 2)": [0.013943279162049294, 0.013706766068935394, 0.01365379523485899, 0.013714540749788284, 0.013048086315393448], "(3, 5, 2, 2)": [0.013829471543431282, 0.013487454503774643, 0.013833120465278625, 0.011796110309660435, 0.012232852168381214], "(3, 5, 1, 1)": [0.013960890471935272, 0.0130844097584486, 0.012965673580765724, 0.013123315759003162, 0.01335203181952238], "(3, 5, 1, 2)": [0.012444693595170975, 0.013517702929675579, 0.010176926851272583, 0.01074278075248003, 0.012827375903725624], "(3, 4, 1, 1)": [0.00986663531512022, 0.012025931850075722, 0.011046946048736572, 0.009699725545942783, 0.012840459123253822], "(2, 4, 0, 0)": [-0.0013066980754956603, -0.0014964286237955093, -0.0011562136933207512, 0.0, -0.0006723911501467228], "(1, 4, 0, 1)": [0.008958721533417702, 0.009260478429496288, 0.009584023617208004, 0.009560788981616497, 0.011235072277486324], "(1, 4, 1, 2)": [0.013608921319246292, 0.013492722064256668, 0.013096747919917107, 0.01360170915722847, 0.01358466874808073], "(1, 4, 2, 2)": [0.013299407437443733, 0.013646758161485195, 0.013640516437590122, 0.012966575101017952, 0.013630549423396587], "(1, 4, 3, 2)": [0.013695120811462402, 0.013757730834186077, 0.013667083345353603, 0.013814646750688553, 0.013762501999735832], "(1, 4, 4, 3)": [0.013671381399035454, 0.01047481968998909, 0.009875540621578693, 0.007248448673635721, 0.010359165258705616], "(2, 5, 1, 1)": [0.01408042199909687, 0.013989592902362347, 0.013916694559156895, 0.014016065746545792, 0.013875789009034634], "(2, 4, 0, 2)": [0.010422581806778908, 0.011398807168006897, 0.012585562653839588, 0.00856633298099041, 0.014039397239685059], "(2, 4, 2, 3)": [0.012376390397548676, 0.003841732395812869, 0.0026977630332112312, 0.0026572756469249725, 0.0026485794223845005], "(3, 5, 3, 3)": [0.010304690338671207, 0.0026568793691694736, 0.007733172737061977, 0.0076643722131848335, 0.0076102265156805515], "(3, 5, 0, 1)": [0.013806341215968132, 0.011359833180904388, 0.011639288626611233, 0.010944325476884842, 0.009629621170461178], "(3, 5, 0, 2)": [0.0012931745732203126, 0.0, 0.004137921147048473, 0.0, 0.0009813966462388635], "(3, 4, 4, 3)": [0.012876773253083229, 0.00909851398319006, 0.014074517413973808, 0.012722027488052845, 0.012696035206317902], "(3, 5, 4, 2)": [0.013374000787734985, 0.014089806005358696, 0.013367650099098682, 0.012878110632300377, 0.010356266051530838], "(3, 5, 5, 3)": [0.013406017795205116, 0.008889549411833286, 0.0072300368919968605, 0.01005485374480486, 0.010966988280415535], "(3, 4, 0, 1)": [0.008097494952380657, 0.008620196022093296, 0.0077920276671648026, 0.008341030217707157, 0.00925302691757679], "(2, 5, 4, 2)": [0.012977160513401031, 0.010694153606891632, 0.011467586271464825, 0.01411614753305912, 0.01204140018671751], "(1, 4, 1, 1)": [0.01128578931093216, 0.010261476039886475, 0.010646364651620388, 0.007823459804058075, 0.013106916099786758], "(1, 5, 2, 2)": [0.014177732169628143, 0.014177817851305008, 0.014154612086713314, 0.014180411584675312, 0.014187617227435112], "(1, 5, 1, 2)": [0.014164580963551998, 0.013997377827763557, 0.014036762528121471, 0.01313942763954401, 0.014133919030427933], "(1, 5, 2, 3)": [0.013360055163502693, 0.0105763990432024, 0.011080439202487469, 0.008416001684963703, 0.010336114093661308], "(1, 5, 3, 3)": [0.014161985367536545, 0.013863902539014816, 0.013233458623290062, 0.013910576701164246, 0.013524224050343037], "(2, 5, 2, 1)": [0.0, 0.009110155515372753, 0.0, 0.00270603084936738, 0.0014222607715055346], "(2, 4, -1, 1)": [0.0012688012793660164, 0.0018288297578692436, 0.008187624625861645, 0.0, 0.001359491958282888], "(2, 4, -1, 0)": [-0.002151351422071457, -0.0021106002386659384, -0.0005049912724643946, -0.0013661119155585766, -0.0025897775776684284], "(1, 4, -1, 0)": [0.0, 0.0009590714471414685, 0.0021619016770273447, 0.007837438955903053, 0.0010471182176843286], "(3, 4, 1, 2)": [0.007521417457610369, 0.004587143659591675, 0.005505179986357689, 0.006310309749096632, 0.013812481425702572], "(3, 4, 5, 3)": [0.004555528983473778, 0.013985997997224331, 0.006504369899630547, 0.009567225351929665, 0.00815763883292675], "(1, 4, 3, 3)": [0.014046738855540752, 0.014022516086697578, 0.014044038951396942, 0.01405657920986414, 0.013867552392184734], "(1, 5, 4, 3)": [0.014144062995910645, 0.008698121644556522, 0.008569050580263138, 0.006533756852149963, 0.009293507784605026], "(2, 4, 5, 2)": [0.0, 0.0, 0.004195045214146376, 0.006476094480603933, 0.0009086569189094007], "(3, 4, 5, 2)": [0.00308665307238698, 0.005310798995196819, 0.0014168460620567203, 0.002582257380709052, 0.012981917709112167], "(3, 4, 6, 3)": [0.00136752484831959, 0.005069822072982788, 0.0013910112902522087, 0.0013751295628026128, 0.0],