{"q_values": {"(2, 5, 2, 2)": [0.012834550812840462, 0.014201940037310123, 0.013660076074302197, 0.012849879451096058, 0.013497124426066875], "(2, 5, 3, 2)": [0.013843273743987083, 0.014184853993356228, 0.013400002382695675, 0.012889014557003975, 0.013845321722328663], "(2, 5, 3, 3)": [0.010000452399253845, 0.013857275247573853, 0.012650270015001297, 0.011329016648232937, 0.011190716177225113], "(2, 4, 2, 2)": [0.013251864351332188, 0.013231857679784298, 0.013325536623597145, 0.010057985782623291, 0.013315164484083652], "(2, 4, 3, 2)": [0.013449523597955704, 0.010603023692965508, 0.013211751356720924, 0.013573449105024338, 0.013634661212563515], "(2, 4, 3, 3)": [0.014038976281881332, 0.013981803320348263, 0.01402848120778799, 0.014088721945881844, 0.014057663269340992], "(2, 4, 4, 3)": [0.0140098687261343, 0.01406780630350113, 0.013998081907629967, 0.014010913670063019, 0.013990994542837143], "(2, 4, 1, 1)": [0.008238106034696102, 0.01076271291822195, 0.011920810677111149, 0.009048535488545895, 0.013551274314522743], "(2, 4, 2, 1)": [0.005213333293795586, 0.0039022204000502825, 0.004359363578259945, 0.00807183701545, 0.012727370485663414], "(2, 5, 4, 3)": [0.013159094378352165, 0.010959848761558533, 0.008024961687624454, 0.010736324824392796, 0.011362627148628235], "(2, 4, 1, 2)": [0.012166672386229038, 0.013621474616229534, 0.013497543521225452, 0.011873051524162292, 0.013535719364881516], "(2, 5, 1, 2)": [0.014087056741118431, 0.013692805543541908, 0.013714760541915894, 0.01367165520787239, 0.013712425716221333], "(2, 5, 0, 2)": [0.013982309959828854, 0.01364324614405632, 0.013252057135105133, 0.013836244121193886, 0.013683066703379154], "(2, 5, 2, 3)": [0.01111846324056387, 0.0029731940012425184, 0.00832113716751337, 0.00810885988175869, 0.008886673487722874], "(2, 4, 0, 1)": [0.011672059074044228, 0.010447503998875618, 0.010119890794157982, 0.013582658022642136, 0.011586014181375504], "(2, 4, 4, 2)": [0.01358093973249197, 0.013510066084563732, 0.01351070124655962, 0.013466021046042442, 0.01390838623046875], "(2, 4, 5, 3)": [0.01353647280484438, 0.01339815091341734, 0.013507016934454441, 0.01373822707682848, 0.013683807104825974], "(3, 4, 4, 2)": [0.013522719964385033, 0.013521495275199413, 0.013562089763581753, 0.013519328087568283, 0.013706734403967857], "(3, 4, 3, 2)": [0.013492097146809101, 0.011597197502851486, 0.013725937344133854, 0.013771902769804, 0.013717972673475742], "(3, 4, 2, 1)": [0.008573764935135841, 0.008921688422560692, 0.009275972843170166, 0.007637763395905495, 0.007439853623509407], "(3, 4, 2, 2)": [0.012252522632479668, 0.013781526125967503, 0.013617306016385555, 0.013806039467453957, 0.014076512306928635], "(3, 4, 3, 1)": [0.005589858163148165, -9.296135976910591e-05, 0.0015246854163706303, 0.0008712960407137871, 0.001215892843902111], "(2, 5, 0, 1)": [0.014042234048247337, 0.014105366542935371, 0.01403430663049221, 0.013978430069983006, 0.014018543064594269], "(2, 5, 5, 3)": [0.004600014071911573, 0.005255216732621193, 0.011463770642876625, 0.007204713765531778, 0.008377179503440857], "(3, 5, 4, 3)": [0.010754612274467945, 0.01311732642352581, 0.013608010485768318, 0.01153911929577589, 0.009599268436431885], "(3, 5, 3, 2)": [0.013791477307677269, 0.013569407165050507, 0.013603993691504002, 0.011451606638729572, 0.009070557542145252], "(3, 5, 2, 2)": [0.013547052629292011, 0.013299960643053055, 0.013293086551129818, 0.011818695813417435, 0.013397269882261753], "(3, 5, 1, 1)": [0.014064359478652477, 0.013968787156045437, 0.013926838524639606, 0.014068558812141418, 0.014050349593162537], "(3, 5, 1, 2)": [0.013748183846473694, 0.013712425716221333, 0.01361518632620573, 0.013665327802300453, 0.013672457076609135], "(3, 4, 1, 1)": [0.01373191736638546, 0.012024774216115475, 0.01346123218536377, 0.012165108695626259, 0.013697211630642414], "(2, 4, 0, 0)": [-6.463739555329084e-05, -0.00010099983774125576, 0.00033883971627801657, 0.0, 0.005157207138836384], "(1, 4, 0, 1)": [0.010399210266768932, 0.009412232786417007, 0.010476669296622276, 0.011359332129359245, 0.013995512388646603], "(1, 4, 1, 2)": [0.013850482180714607, 0.013802779838442802, 0.013882572762668133, 0.014162939041852951, 0.013702809810638428], "(1, 4, 2, 2)": [0.013361677527427673, 0.01355834398418665, 0.013619823381304741, 0.013551384210586548, 0.01411003340035677], "(1, 4, 3, 2)": [0.013909182511270046, 0.013932283036410809, 0.013942083343863487, 0.013916581869125366, 0.013603375293314457], "(1, 4, 4, 3)": [0.01406644843518734, 0.011386804282665253, 0.011020650155842304, 0.007944545708596706, 0.010359165258705616], "(2, 5, 1, 1)": [0.014062520116567612, 0.01409120298922062, 0.01406679768115282, 0.014071043580770493, 0.01412719115614891], "(2, 4, 0, 2)": [0.012736134231090546, 0.012840044684708118, 0.013078398071229458, 0.011502422392368317, 0.01415320672094822], "(2, 4, 2, 3)": [0.013751481659710407, 0.003841732395812869, 0.004890755750238895, 0.0026572756469249725, 0.0038092336617410183], "(3, 5, 3, 3)": [0.013259539380669594, 0.0073007759638130665, 0.011211934499442577, 0.010742181912064552, 0.010595252737402916], "(3, 5, 0, 1)": [0.013544007204473019, 0.01219446025788784, 0.012660766020417213, 0.01347666047513485, 0.011130951344966888], "(3, 5, 0, 2)": [0.0036765439435839653, 0.0, 0.010317028500139713, 0.0, 0.0022937883622944355], "(3, 4, 4, 3)": [0.014160390011966228, 0.013804672285914421, 0.01393351424485445, 0.013955100439488888, 0.013918309472501278], "(3, 5, 4, 2)": [0.013826198875904083, 0.013963996432721615, 0.013709096238017082, 0.013889884576201439, 0.012525111436843872], "(3, 5, 5, 3)": [0.013794153928756714, 0.010503897443413734, 0.01026544626802206, 0.007701935712248087, 0.011064896360039711], "(3, 4, 0, 1)": [0.012216422706842422, 0.010621344670653343, 0.01033546682447195, 0.009735658764839172, 0.007805335335433483], "(2, 5, 4, 2)": [0.013760899193584919, 0.011839821003377438, 0.012452010996639729, 0.011050159111618996, 0.012444715946912766], "(1, 4, 1, 1)": [0.008552033454179764, 0.008362662978470325, 0.009138867259025574, 0.009274965152144432, 0.012795606628060341], "(1, 5, 2, 2)": [0.013835260644555092, 0.013601476326584816, 0.010643589310348034, 0.013785235583782196, 0.013813609257340431], "(1, 5, 1, 2)": [0.01345948688685894, 0.013552858494222164, 0.013625498861074448, 0.013434546068310738, 0.010555122047662735], "(1, 5, 2, 3)": [0.010287347249686718, 0.008844207040965557, 0.009509764611721039, 0.011281261220574379, 0.009682630188763142], "(1, 5, 3, 3)": [0.01058746688067913, 0.013782474212348461, 0.013681605458259583, 0.013860444538295269, 0.013069708831608295], "(2, 5, 2, 1)": [0.0, 0.012295246124267578, 0.0, 0.00270603084936738, 0.0014222607715055346], "(2, 4, -1, 1)": [0.0025100838392972946, 0.0026343197096139193, 0.012285515666007996, 0.0, 0.001359491958282888], "(2, 4, -1, 0)": [-0.002151351422071457, -0.0038912519812583923, 0.005752449855208397, 0.0006491197273135185, 0.0014284865465015173], "(1, 4, -1, 0)": [0.0, 0.0009590714471414685, 6.688782013952732e-05, 0.003639554139226675, 0.0010471182176843286], "(3, 4, 1, 2)": [0.009816919453442097, 0.00907590426504612, 0.00903304573148489, 0.011939744465053082, 0.014110312797129154], "(3, 4, 5, 3)": [0.00956265814602375, 0.013751378282904625, 0.010720159858465195, 0.012084834277629852, 0.011311259120702744], "(1, 4, 3, 3)": [0.01413308922201395, 0.01413807924836874, 0.014165850356221199, 0.01411988865584135, 0.014050038531422615], "(1, 5, 4, 3)": [0.014035013504326344, 0.01086762547492981, 0.010845613665878773, 0.006533756852149963, 0.009293507784605026], "(2, 4, 5, 2)": [0.0, 0.0, 0.004195045214146376, 0.007797562517225742, 0.0009086569189094007], "(3, 4, 5, 2)": [0.006774101871997118, 0.005310798995196819, 0.0038468092679977417, 0.002582257380709052, 0.01385782565921545], "(3, 4, 6, 3)": [0.00136752484831959, 0.008038351312279701, 0.0013910112902522087, 0.0013751295628026128, 0.0],