{"q_values": {"(2, 5, 2, 2)": [0.014076169580221176, 0.013278701342642307, 0.01233674306422472, 0.013772196136415005, 0.012853431515395641], "(2, 5, 3, 2)": [0.013756758533418179, 0.014138509519398212, 0.013885262422263622, 0.013914222829043865, 0.01286935992538929], "(2, 5, 3, 3)": [0.013102805241942406, 0.013789374381303787, 0.01293911412358284, 0.01313040405511856, 0.013213529251515865], "(2, 4, 2, 2)": [0.013666748069226742, 0.013511354103684425, 0.013730288483202457, 0.013646450825035572, 0.014013431034982204], "(2, 4, 3, 2)": [0.010830264538526535, 0.013712713494896889, 0.013698689639568329, 0.013635590672492981, 0.014171210117638111], "(2, 4, 3, 3)": [0.014087415300309658, 0.014049965888261795, 0.014134985394775867, 0.014062561094760895, 0.014214224182069302], "(2, 4, 4, 3)": [0.014077048748731613, 0.014008559286594391, 0.014192959293723106, 0.013964459300041199, 0.014056699350476265], "(2, 4, 1, 1)": [0.011937020346522331, 0.012235510163009167, 0.011560497805476189, 0.011461343616247177, 0.014014181680977345], "(2, 4, 2, 1)": [0.004258866887539625, 0.004599435720592737, 0.003308301093056798, 0.007580045145004988, 0.008780856616795063], "(2, 5, 4, 3)": [0.014064040035009384, 0.013901655562222004, 0.012185165658593178, 0.013798268511891365, 0.013439463451504707], "(2, 4, 1, 2)": [0.011044713668525219, 0.013861958868801594, 0.01387733593583107, 0.01381359901279211, 0.014056472107768059], "(2, 5, 1, 2)": [0.013862659223377705, 0.01372847706079483, 0.013926040381193161, 0.013805324211716652, 0.013858288526535034], "(2, 5, 0, 2)": [0.013813522644340992, 0.013763364404439926, 0.012755476869642735, 0.013690306805074215, 0.013587228953838348], "(2, 5, 2, 3)": [0.012401252053678036, 0.0017635640688240528, 0.007300851866602898, 0.00854448601603508, 0.0073058526031672955], "(2, 4, 0, 1)": [0.013402149081230164, 0.013427448458969593, 0.013057400472462177, 0.01338979136198759, 0.013981888070702553], "(2, 4, 4, 2)": [0.013459528796374798, 0.013441751711070538, 0.013549016788601875, 0.01178071927279234, 0.01400656346231699], "(2, 4, 5, 3)": [0.014083873480558395, 0.013250472955405712, 0.013675980269908905, 0.013642492704093456, 0.013504602946341038], "(3, 4, 4, 2)": [0.013732503168284893, 0.01352764293551445, 0.013725943863391876, 0.013716736808419228, 0.01383596658706665], "(3, 4, 3, 2)": [0.013458495028316975, 0.01329298410564661, 0.013606220483779907, 0.013561493717133999, 0.013406033627688885], "(3, 4, 2, 1)": [0.005045316182076931, 0.010784231126308441, 0.009603656828403473, 0.008879883214831352, 0.010741138830780983], "(3, 4, 2, 2)": [0.013439640402793884, 0.013652751222252846, 0.013565187342464924, 0.013627704232931137, 0.013599881902337074], "(3, 4, 3, 1)": [0.0019065376836806536, 0.002255655126646161, 0.0015246854163706303, 0.0008712960407137871, 0.001215892843902111], "(2, 5, 0, 1)": [0.014120331034064293, 0.014143774285912514, 0.014073341153562069, 0.014123691245913506, 0.014101594686508179], "(2, 5, 5, 3)": [0.008046525530517101, 0.005796924699097872, 0.00455999281257391, 0.013066287152469158, 0.007271267008036375], "(3, 5, 4, 3)": [0.014098777435719967, 0.011981330811977386, 0.011279855854809284, 0.012186462990939617, 0.008564728312194347], "(3, 5, 3, 2)": [0.014178002253174782, 0.01398954726755619, 0.013957975432276726, 0.01401987299323082, 0.013993010856211185], "(3, 5, 2, 2)": [0.013896152377128601, 0.014012167230248451, 0.014112490229308605, 0.013832678087055683, 0.014032730832695961], "(3, 5, 1, 1)": [0.014155564829707146, 0.013746458105742931, 0.013409925624728203, 0.013815844431519508, 0.013869605958461761], "(3, 5, 1, 2)": [0.012628448195755482, 0.014132168143987656, 0.011467489413917065, 0.01171957142651081, 0.013451811857521534], "(3, 4, 1, 1)": [0.013080562464892864, 0.013410617597401142, 0.01281492505222559, 0.010087656788527966, 0.013516619801521301], "(2, 4, 0, 0)": [-0.0013066980754956603, -0.0014964286237955093, 0.00033883971627801657, 0.0, 0.007931024767458439], "(1, 4, 0, 1)": [0.011316275224089622, 0.01188439130783081, 0.010228927247226238, 0.010596317239105701, 0.014152535237371922], "(1, 4, 1, 2)": [0.012941856868565083, 0.013809805735945702, 0.014104691334068775, 0.013820880092680454, 0.01421475037932396], "(1, 4, 2, 2)": [0.013467175886034966, 0.013559865765273571, 0.013424252159893513, 0.013610003516077995, 0.014208583161234856], "(1, 4, 3, 2)": [0.013791647739708424, 0.013806089758872986, 0.013764914125204086, 0.013759320601820946, 0.013639735989272594], "(1, 4, 4, 3)": [0.013864368200302124, 0.01047481968998909, 0.010300712659955025, 0.007248448673635721, 0.010359165258705616], "(2, 5, 1, 1)": [0.014219705015420914, 0.014051287434995174, 0.014039510861039162, 0.014081284403800964, 0.014147334732115269], "(2, 4, 0, 2)": [0.01171932090073824, 0.012152967043220997, 0.012840833514928818, 0.01008160226047039, 0.01409399788826704], "(2, 4, 2, 3)": [0.012563531287014484, 0.003841732395812869, 0.0038525802083313465, 0.0026572756469249725, 0.0038092336617410183], "(3, 5, 3, 3)": [0.01285545900464058, 0.0037113609723746777, 0.00833952147513628, 0.0076643722131848335, 0.00823065172880888], "(3, 5, 0, 1)": [0.013782680034637451, 0.011828407645225525, 0.01210772804915905, 0.011742452159523964, 0.010053219273686409], "(3, 5, 0, 2)": [0.0012931745732203126, 0.0, 0.005928757134824991, 0.0, 0.0009813966462388635], "(3, 4, 4, 3)": [0.013355997391045094, 0.012436022982001305, 0.014211930334568024, 0.01347854733467102, 0.013647633604705334], "(3, 5, 4, 2)": [0.013661064207553864, 0.014165805652737617, 0.013582166284322739, 0.01328742690384388, 0.011402684263885021], "(3, 5, 5, 3)": [0.013382253237068653, 0.009270125068724155, 0.009378532879054546, 0.00924625527113676, 0.009039174765348434], "(3, 4, 0, 1)": [0.009110750630497932, 0.01204853504896164, 0.010549874976277351, 0.010265834629535675, 0.01081725675612688], "(2, 5, 4, 2)": [0.012977160513401031, 0.01131516695022583, 0.012038071639835835, 0.014040765352547169, 0.01204140018671751], "(1, 4, 1, 1)": [0.009942359291017056, 0.010838334448635578, 0.008724241517484188, 0.007823459804058075, 0.010761803016066551], "(1, 5, 2, 2)": [0.01404818519949913, 0.01138976775109768, 0.013732769526541233, 0.01367361843585968, 0.012750423513352871], "(1, 5, 1, 2)": [0.014078744687139988, 0.013738155364990234, 0.013604048639535904, 0.013889600522816181, 0.012382015585899353], "(1, 5, 2, 3)": [0.013932217843830585, 0.007704806514084339, 0.007827607914805412, 0.009929899126291275, 0.009186219424009323], "(1, 5, 3, 3)": [0.014031387865543365, 0.01334457378834486, 0.013632789254188538, 0.013471628539264202, 0.011603248305618763], "(2, 5, 2, 1)": [0.0, 0.00947906356304884, 0.0, 0.00270603084936738, 0.0014222607715055346], "(2, 4, -1, 1)": [0.0012688012793660164, 0.0018288297578692436, 0.009899341501295567, 0.0, 0.001359491958282888], "(2, 4, -1, 0)": [-0.002151351422071457, -0.0021106002386659384, 0.0049146548844873905, 0.00017264904454350471, 0.0014284865465015173], "(1, 4, -1, 0)": [0.0, 0.0009590714471414685, 6.688782013952732e-05, 0.008758814074099064, 0.0010471182176843286], "(3, 4, 1, 2)": [0.007521417457610369, 0.0063993073999881744, 0.005505179986357689, 0.007796542253345251, 0.014018666930496693], "(3, 4, 5, 3)": [0.007127794437110424, 0.013978356495499611, 0.00947523396462202, 0.011601659469306469, 0.010550245642662048], "(1, 4, 3, 3)": [0.014043579809367657, 0.014067335054278374, 0.014062630943953991, 0.014159691520035267, 0.013973291032016277], "(1, 5, 4, 3)": [0.013972008600831032, 0.00970630906522274, 0.00911455787718296, 0.006533756852149963, 0.009293507784605026], "(2, 4, 5, 2)": [0.0, 0.0, 0.004195045214146376, 0.006476094480603933, 0.0009086569189094007], "(3, 4, 5, 2)": [0.005099467001855373, 0.005310798995196819, 0.00269425380975008, 0.002582257380709052, 0.013353523798286915], "(3, 4, 6, 3)": [0.00136752484831959, 0.005874444264918566, 0.0013910112902522087, 0.0013751295628026128, 0.0],