{"q_values": {"(2, 5, 2, 2)": [0.013873233459889889, 0.011212545447051525, 0.01222539134323597, 0.010046468116343021, 0.012574436143040657], "(2, 5, 3, 2)": [0.01395146083086729, 0.01082697231322527, 0.013399078510701656, 0.013224777765572071, 0.010996277444064617], "(2, 5, 3, 3)": [0.008541278541088104, 0.01268777996301651, 0.010378913953900337, 0.013390254229307175, 0.010051334276795387], "(2, 4, 2, 2)": [0.013073493726551533, 0.012142790481448174, 0.00984517578035593, 0.011372068896889687, 0.011597803793847561], "(2, 4, 3, 2)": [0.013798173516988754, 0.013811931014060974, 0.013960180804133415, 0.013544781133532524, 0.013889103196561337], "(2, 4, 3, 3)": [0.014017369598150253, 0.014065196737647057, 0.014080407097935677, 0.014064973220229149, 0.01403449010103941], "(2, 4, 4, 3)": [0.014038055203855038, 0.014074774459004402, 0.013967367820441723, 0.014056826941668987, 0.014031914062798023], "(2, 4, 1, 1)": [0.010981154628098011, 0.010485761798918247, 0.011972197331488132, 0.010950434021651745, 0.009920533746480942], "(2, 4, 2, 1)": [0.004674745723605156, 0.0027262824587523937, 0.0067820120602846146, 0.005376121029257774, 0.004817083477973938], "(2, 5, 4, 3)": [0.010765926912426949, 0.012283184565603733, 0.010313632898032665, 0.00971786119043827, 0.011297347955405712], "(2, 4, 1, 2)": [0.01322132721543312, 0.013360107317566872, 0.010245366021990776, 0.011030799709260464, 0.011386564932763577], "(2, 5, 1, 2)": [0.01405765488743782, 0.013864933513104916, 0.013782007619738579, 0.013758105225861073, 0.013884824700653553], "(2, 5, 0, 2)": [0.014200559817254543, 0.013669546693563461, 0.013882414437830448, 0.013922097161412239, 0.013793092221021652], "(2, 5, 2, 3)": [0.013231690973043442, 0.0030726019758731127, 0.008090998977422714, 0.009196944534778595, 0.0044729397632181644], "(2, 4, 0, 1)": [0.012953927740454674, 0.011864932253956795, 0.013270050287246704, 0.010380944237112999, 0.011030921712517738], "(2, 4, 4, 2)": [0.01386436726897955, 0.01387003343552351, 0.01397203654050827, 0.013807078823447227, 0.0138257360085845], "(2, 4, 5, 3)": [0.014055504463613033, 0.012476885691285133, 0.013361434452235699, 0.01300526037812233, 0.013051078654825687], "(3, 4, 4, 2)": [0.013726748526096344, 0.013685162179172039, 0.013759002089500427, 0.013186879456043243, 0.013965760357677937], "(3, 4, 3, 2)": [0.013222993351519108, 0.011222380213439465, 0.013017550110816956, 0.011188252829015255, 0.013900216668844223], "(3, 4, 2, 1)": [0.006163947284221649, 0.008694378659129143, 0.008150451816618443, 0.008090997114777565, 0.011675572954118252], "(3, 4, 2, 2)": [0.012079953216016293, 0.011003791354596615, 0.013670203275978565, 0.013464183546602726, 0.013369569554924965], "(3, 4, 3, 1)": [0.00098165322560817, 0.0038260279688984156, 0.0015982447657734156, 0.0008712960407137871, 0.0], "(2, 5, 0, 1)": [0.01412915624678135, 0.014040516689419746, 0.014047084376215935, 0.014060541987419128, 0.013683409430086613], "(2, 5, 5, 3)": [0.009172368794679642, 0.009017879143357277, 0.005214775446802378, 0.009718257933855057, 0.010254879482090473], "(3, 5, 4, 3)": [0.013807319104671478, 0.008297530934214592, 0.011098379269242287, 0.008829845115542412, 0.01055185217410326], "(3, 5, 3, 2)": [0.0140606127679348, 0.01341457199305296, 0.01368197426199913, 0.013582264073193073, 0.012926683761179447], "(3, 5, 2, 2)": [0.013914020732045174, 0.013545575551688671, 0.013691361993551254, 0.011796110309660435, 0.011843139305710793], "(3, 5, 1, 1)": [0.013843114487826824, 0.013034779578447342, 0.012965673580765724, 0.012898607179522514, 0.013283396139740944], "(3, 5, 1, 2)": [0.012444693595170975, 0.013417798094451427, 0.010176926851272583, 0.01074278075248003, 0.012827375903725624], "(3, 4, 1, 1)": [0.013069606386125088, 0.012025931850075722, 0.01074289996176958, 0.011885798536241055, 0.012681846506893635], "(2, 4, 0, 0)": [-0.0013066980754956603, 0.0027657533064484596, 0.001039684982970357, 0.0, -0.0006723911501467228], "(1, 4, 0, 1)": [0.010262604802846909, 0.013538193888962269, 0.013067636638879776, 0.011114312335848808, 0.012711193412542343], "(1, 4, 1, 2)": [0.013755963183939457, 0.013758625835180283, 0.013792856596410275, 0.013273993507027626, 0.013911513611674309], "(1, 4, 2, 2)": [0.011156799271702766, 0.013704278506338596, 0.013136455789208412, 0.01377120241522789, 0.013680901378393173], "(1, 4, 3, 2)": [0.013711502775549889, 0.013749705627560616, 0.013715486973524094, 0.013875262811779976, 0.014030068181455135], "(1, 4, 4, 3)": [0.01382677722722292, 0.0064787305891513824, 0.008338242769241333, 0.00568161578848958, 0.008752993308007717], "(2, 5, 1, 1)": [0.01414196565747261, 0.014150791801512241, 0.014144429005682468, 0.014104803092777729, 0.014115785248577595], "(2, 4, 0, 2)": [0.010422581806778908, 0.011398807168006897, 0.012585562653839588, 0.00856633298099041, 0.014145279303193092], "(2, 4, 2, 3)": [0.012376390397548676, 0.0026995944790542126, 0.0026977630332112312, 0.0026572756469249725, 0.0026485794223845005], "(3, 5, 3, 3)": [0.010021785274147987, 0.0026568793691694736, 0.007733172737061977, 0.0076643722131848335, 0.0076102265156805515], "(3, 5, 0, 1)": [0.013651847839355469, 0.011359833180904388, 0.011639288626611233, 0.010944325476884842, 0.009629621170461178], "(3, 5, 0, 2)": [0.0012931745732203126, 0.0, 0.004137921147048473, 0.0, 0.0009813966462388635], "(3, 4, 4, 3)": [0.012727268040180206, 0.00909851398319006, 0.014095643535256386, 0.012722027488052845, 0.012562348507344723], "(3, 5, 4, 2)": [0.013185493648052216, 0.014051026664674282, 0.013237600214779377, 0.012736753560602665, 0.010356266051530838], "(3, 5, 5, 3)": [0.012986401095986366, 0.00830361433327198, 0.0072300368919968605, 0.01005485374480486, 0.010966988280415535], "(3, 4, 0, 1)": [0.008097494952380657, 0.008089675568044186, 0.009721662849187851, 0.008104534819722176, 0.011065362021327019], "(2, 5, 4, 2)": [0.012461843900382519, 0.009881007485091686, 0.011164063587784767, 0.014134486205875874, 0.011330455541610718], "(1, 4, 1, 1)": [0.009875426068902016, 0.009205198846757412, 0.009010102599859238, 0.005655174609273672, 0.013108719140291214], "(1, 5, 2, 2)": [0.014156173914670944, 0.014248364605009556, 0.014187423512339592, 0.014145820401608944, 0.014144480228424072], "(1, 5, 1, 2)": [0.014225996099412441, 0.013967945240437984, 0.013922818936407566, 0.012593328021466732, 0.01410068478435278], "(1, 5, 2, 3)": [0.013267816975712776, 0.010204429738223553, 0.011080439202487469, 0.007778686936944723, 0.010336114093661308], "(1, 5, 3, 3)": [0.014185687527060509, 0.013738943263888359, 0.01300025638192892, 0.013887333683669567, 0.01336594857275486], "(2, 5, 2, 1)": [0.0, 0.007213291712105274, 0.0, 0.00270603084936738, 0.0], "(2, 4, -1, 1)": [0.0012688012793660164, 0.0018288297578692436, 0.008187624625861645, 0.0, 0.001359491958282888], "(2, 4, -1, 0)": [-0.002151351422071457, -0.0021106002386659384, 0.002010354306548834, -0.0013661119155585766, -0.0004913130542263389], "(1, 4, -1, 0)": [0.0, 0.0009590714471414685, 0.0021619016770273447, 0.006840553600341082, 0.0010471182176843286], "(3, 4, 1, 2)": [0.007521417457610369, 0.004587143659591675, 0.005505179986357689, 0.006310309749096632, 0.013812481425702572], "(3, 4, 5, 3)": [0.0023230775259435177, 0.01367981731891632, 0.0060132648795843124, 0.007921222597360611, 0.00815763883292675], "(1, 4, 3, 3)": [0.014159392565488815, 0.014085141010582447, 0.01402490958571434, 0.014030443504452705, 0.013809156604111195], "(1, 5, 4, 3)": [0.014053452759981155, 0.00740769412368536, 0.006497504655271769, 0.0056780059821903706, 0.008747193962335587], "(2, 4, 5, 2)": [0.0, 0.0, 0.004195045214146376, 0.005682724062353373, 0.0009086569189094007], "(3, 4, 5, 2)": [0.00308665307238698, 0.0034139533527195454, 0.0014168460620567203, 0.002582257380709052, 0.012941301800310612], "(3, 4, 6, 3)": [0.0, 0.005069822072982788, 0.0013910112902522087, 0.0013751295628026128, 0.0], "(1, 5, 3, 2)": [0.014236717484891415, 0.01218758150935173, 0.011895551346242428, 0.011675101704895496, 0.010650765150785446],