{"q_values": {"(2, 5, 2, 2)": [0.013808067888021469, 0.013271532952785492, 0.01344391144812107, 0.01333035808056593, 0.013194194063544273], "(2, 5, 3, 2)": [0.01376182772219181, 0.013976817950606346, 0.013706413097679615, 0.013843024149537086, 0.013443117961287498], "(2, 5, 3, 3)": [0.012160522863268852, 0.013865821063518524, 0.01053347997367382, 0.011709926649928093, 0.011661228723824024], "(2, 4, 2, 2)": [0.01303150411695242, 0.01364905945956707, 0.013819362036883831, 0.013989428989589214, 0.013684436678886414], "(2, 4, 3, 2)": [0.012150602415204048, 0.012683159671723843, 0.013647949323058128, 0.014110565185546875, 0.013697379268705845], "(2, 4, 3, 3)": [0.014055379666388035, 0.014165187254548073, 0.01406116783618927, 0.014074678532779217, 0.014103680849075317], "(2, 4, 4, 3)": [0.01404013205319643, 0.014069603756070137, 0.014118482358753681, 0.014059909619390965, 0.014046103693544865], "(2, 4, 1, 1)": [0.012810686603188515, 0.013115501962602139, 0.012516236864030361, 0.014067289419472218, 0.013188932090997696], "(2, 4, 2, 1)": [0.005933851003646851, 0.004884376190602779, 0.005147398449480534, 0.010326717980206013, 0.006271513644605875], "(2, 5, 4, 3)": [0.01398006733506918, 0.012932851910591125, 0.0126017602160573, 0.013077964074909687, 0.011013519018888474], "(2, 4, 1, 2)": [0.0139009989798069, 0.011499454267323017, 0.013909939676523209, 0.013735998421907425, 0.014153225347399712], "(2, 5, 1, 2)": [0.013790098950266838, 0.01347464881837368, 0.013793728314340115, 0.01356133259832859, 0.010811413638293743], "(2, 5, 0, 2)": [0.013494662009179592, 0.01190096978098154, 0.014123652130365372, 0.013436632230877876, 0.013522776775062084], "(2, 5, 2, 3)": [0.012134118936955929, 0.007025082129985094, 0.006071512121707201, 0.00580540020018816, 0.006697526201605797], "(2, 4, 0, 1)": [0.013532932847738266, 0.013792934827506542, 0.013624262064695358, 0.010720405727624893, 0.013982736505568027], "(2, 4, 4, 2)": [0.013638298958539963, 0.013757296837866306, 0.013764850795269012, 0.014049461111426353, 0.013720761984586716], "(2, 4, 5, 3)": [0.013896188698709011, 0.013933232054114342, 0.01391652412712574, 0.013882552273571491, 0.013861337676644325], "(3, 4, 4, 2)": [0.012347611598670483, 0.011881142854690552, 0.014215858653187752, 0.01237307395786047, 0.012934869155287743], "(3, 4, 3, 2)": [0.013151622377336025, 0.013917733915150166, 0.013819118961691856, 0.012618498876690865, 0.014098409563302994], "(3, 4, 2, 1)": [0.009422977454960346, 0.009524211287498474, 0.009906691499054432, 0.011085791513323784, 0.010733220726251602], "(3, 4, 2, 2)": [0.013227598741650581, 0.013704235665500164, 0.013379686512053013, 0.014033104293048382, 0.012447930872440338], "(3, 4, 3, 1)": [0.006857634987682104, -9.296135976910591e-05, 0.0015246854163706303, 0.0008712960407137871, 0.003418149659410119], "(2, 5, 0, 1)": [0.014015899039804935, 0.01413659192621708, 0.014087449759244919, 0.01405871007591486, 0.01406041905283928], "(2, 5, 5, 3)": [0.009760287590324879, 0.01058627013117075, 0.00974552147090435, 0.009769050404429436, 0.008625173941254616], "(3, 5, 4, 3)": [0.013817052356898785, 0.011783165857195854, 0.0105974692851305, 0.010591589845716953, 0.011292650364339352], "(3, 5, 3, 2)": [0.014231447130441666, 0.01195710152387619, 0.013598057441413403, 0.01372621487826109, 0.01196633093059063], "(3, 5, 2, 2)": [0.014129980467259884, 0.013561519794166088, 0.013020684942603111, 0.011879011988639832, 0.013831954449415207], "(3, 5, 1, 1)": [0.01401943527162075, 0.014189234003424644, 0.014023832976818085, 0.014079767279326916, 0.01406091172248125], "(3, 5, 1, 2)": [0.0141610037535429, 0.013881071470677853, 0.013905554078519344, 0.013735312037169933, 0.013529794290661812], "(3, 4, 1, 1)": [0.012204461731016636, 0.011668229475617409, 0.010875443927943707, 0.010725443251430988, 0.01405333075672388], "(2, 4, 0, 0)": [-6.463739555329084e-05, 0.0045329611748456955, 0.002852207748219371, 0.0010410075774416327, 0.007672309875488281], "(1, 4, 0, 1)": [0.01318032294511795, 0.0131158959120512, 0.013528061099350452, 0.012925263494253159, 0.014229868538677692], "(1, 4, 1, 2)": [0.014136506244540215, 0.01391503307968378, 0.013874292373657227, 0.014262726530432701, 0.013845990411937237], "(1, 4, 2, 2)": [0.014140477403998375, 0.013589744456112385, 0.014064179733395576, 0.01421614270657301, 0.014253395609557629], "(1, 4, 3, 2)": [0.01349952258169651, 0.013675243593752384, 0.013581153005361557, 0.013872295618057251, 0.01423631887882948], "(1, 4, 4, 3)": [0.014228248968720436, 0.011933583766222, 0.011844020336866379, 0.011398051865398884, 0.012266752310097218], "(2, 5, 1, 1)": [0.014047181233763695, 0.01408577524125576, 0.014081853441894054, 0.01412869244813919, 0.014026309363543987], "(2, 4, 0, 2)": [0.013110784813761711, 0.013453458435833454, 0.01346537284553051, 0.012017576023936272, 0.014220491982996464], "(2, 4, 2, 3)": [0.014084906317293644, 0.0048257517628371716, 0.005796380806714296, 0.0038155559450387955, 0.0038092336617410183], "(3, 5, 3, 3)": [0.01400802843272686, 0.008615454658865929, 0.01047439593821764, 0.011652973480522633, 0.010920723900198936], "(3, 5, 0, 1)": [0.01362022664397955, 0.01246640458703041, 0.013137203641235828, 0.014026707038283348, 0.011938298121094704], "(3, 5, 0, 2)": [0.0036765439435839653, 0.0, 0.010806991718709469, 0.0, 0.0022937883622944355], "(3, 4, 4, 3)": [0.014105517417192459, 0.014232218265533447, 0.013897123746573925, 0.014030714519321918, 0.014109437353909016], "(3, 5, 4, 2)": [0.014197839424014091, 0.013846871443092823, 0.01398875005543232, 0.01397609431296587, 0.013675162568688393], "(3, 5, 5, 3)": [0.010090423747897148, 0.008092031814157963, 0.012211479246616364, 0.008229325525462627, 0.010152561590075493], "(3, 4, 0, 1)": [0.00983286090195179, 0.009015191346406937, 0.005883226171135902, 0.01016273070126772, 0.012582572177052498], "(2, 5, 4, 2)": [0.014130769297480583, 0.013051541522145271, 0.013265945948660374, 0.012330754660069942, 0.013400629162788391], "(1, 4, 1, 1)": [0.008179080672562122, 0.011017076671123505, 0.011889862827956676, 0.01219194009900093, 0.014181239530444145], "(1, 5, 2, 2)": [0.014143671840429306, 0.014080755412578583, 0.01398463360965252, 0.014052961952984333, 0.014075241982936859], "(1, 5, 1, 2)": [0.012665990740060806, 0.013712821528315544, 0.010499556548893452, 0.013530674390494823, 0.013520889915525913], "(1, 5, 2, 3)": [0.009269817732274532, 0.010321639478206635, 0.009750922210514545, 0.009936211630702019, 0.009566145949065685], "(1, 5, 3, 3)": [0.014099113643169403, 0.012936432845890522, 0.01262896042317152, 0.013325956650078297, 0.012848176062107086], "(2, 5, 2, 1)": [0.0, 0.01409063208848238, 0.0014127357862889767, 0.00270603084936738, 0.0014222607715055346], "(2, 4, -1, 1)": [0.0025100838392972946, 0.0026343197096139193, 0.013273049145936966, 0.0, 0.001359491958282888], "(2, 4, -1, 0)": [-0.0006868969649076462, -0.0038912519812583923, 0.009165357798337936, 0.003898180555552244, -0.0023413109593093395], "(1, 4, -1, 0)": [0.0, 0.002164795994758606, 6.688782013952732e-05, 0.005226609297096729, 0.0023255699779838324], "(3, 4, 1, 2)": [0.012931674718856812, 0.012418684549629688, 0.01081051491200924, 0.0128323407843709, 0.014154129661619663], "(3, 4, 5, 3)": [0.010024718940258026, 0.014085504226386547, 0.011757160536944866, 0.012886864133179188, 0.012541194446384907], "(1, 4, 3, 3)": [0.014241217635571957, 0.014070503413677216, 0.014080988243222237, 0.014104818925261497, 0.014031191356480122], "(1, 5, 4, 3)": [0.014134646393358707, 0.01075389888137579, 0.01119211595505476, 0.010208799503743649, 0.010314707644283772], "(2, 4, 5, 2)": [0.0, 0.0, 0.004195045214146376, 0.009108870290219784, 0.0009086569189094007], "(3, 4, 5, 2)": [0.008145991712808609, 0.006954320706427097, 0.0048529920168221, 0.003747564507648349, 0.013797570019960403], "(3, 4, 6, 3)": [0.00136752484831959, 0.011449038982391357, 0.0013910112902522087, 0.002609207760542631, 0.0],