{"q_values": {"(2, 5, 2, 2)": [0.013247950002551079, 0.013202404603362083, 0.010203858837485313, 0.013263817876577377, 0.013271821662783623], "(2, 5, 3, 2)": [0.013500025495886803, 0.013397082686424255, 0.010504134930670261, 0.013466103002429008, 0.009821162559092045], "(2, 5, 3, 3)": [0.01186283864080906, 0.009029403328895569, 0.00937307346612215, 0.009861769154667854, 0.009044298902153969], "(2, 4, 2, 2)": [0.010910619981586933, 0.013515754602849483, 0.01358756609261036, 0.01354419719427824, 0.01344413124024868], "(2, 4, 3, 2)": [0.0107066435739398, 0.013742238283157349, 0.013798696920275688, 0.013815303333103657, 0.013786515220999718], "(2, 4, 3, 3)": [0.014062118716537952, 0.014065372757613659, 0.013984383083879948, 0.014063837938010693, 0.01405300386250019], "(2, 4, 4, 3)": [0.01397552341222763, 0.013945311307907104, 0.013936428353190422, 0.014110766351222992, 0.013933575712144375], "(2, 4, 1, 1)": [0.010741042904555798, 0.013206511735916138, 0.013332527130842209, 0.012361598201096058, 0.014174645766615868], "(2, 4, 2, 1)": [0.005213333293795586, 0.004599435720592737, 0.003308301093056798, 0.007580045145004988, 0.01087854616343975], "(2, 5, 4, 3)": [0.009353889152407646, 0.01051566656678915, 0.008417613804340363, 0.009208355098962784, 0.008914695121347904], "(2, 4, 1, 2)": [0.013105388730764389, 0.014027033001184464, 0.013914951123297215, 0.014105179347097874, 0.013813965022563934], "(2, 5, 1, 2)": [0.013687548227608204, 0.01378719974309206, 0.013746213167905807, 0.013772031292319298, 0.013772623613476753], "(2, 5, 0, 2)": [0.013554530218243599, 0.013948699459433556, 0.013000095263123512, 0.013610105961561203, 0.013647924177348614], "(2, 5, 2, 3)": [0.012667259201407433, 0.0017635640688240528, 0.007300851866602898, 0.009027992375195026, 0.007837903685867786], "(2, 4, 0, 1)": [0.013909952715039253, 0.01378590427339077, 0.013793304562568665, 0.013946941122412682, 0.013794024474918842], "(2, 4, 4, 2)": [0.013496950268745422, 0.013588333502411842, 0.013700117357075214, 0.012154516763985157, 0.013927225023508072], "(2, 4, 5, 3)": [0.013968689367175102, 0.013310929760336876, 0.013675980269908905, 0.01371422503143549, 0.013504602946341038], "(3, 4, 4, 2)": [0.013782195746898651, 0.01356168370693922, 0.01377488486468792, 0.013759471476078033, 0.014091703109443188], "(3, 4, 3, 2)": [0.010900954715907574, 0.013510577380657196, 0.013435794971883297, 0.013429163955152035, 0.013985431753098965], "(3, 4, 2, 1)": [0.007394688203930855, 0.009379059076309204, 0.006872174330055714, 0.009300931356847286, 0.01099670585244894], "(3, 4, 2, 2)": [0.013536212965846062, 0.013550398871302605, 0.013565187342464924, 0.013683011755347252, 0.014077604748308659], "(3, 4, 3, 1)": [0.0019065376836806536, 0.002255655126646161, 0.0015246854163706303, 0.0008712960407137871, 0.001215892843902111], "(2, 5, 0, 1)": [0.013969535939395428, 0.013933380134403706, 0.013981664553284645, 0.013917769305408001, 0.013992439024150372], "(2, 5, 5, 3)": [0.011925728060305119, 0.007294695358723402, 0.0061163948848843575, 0.008053780533373356, 0.007928389124572277], "(3, 5, 4, 3)": [0.013682239688932896, 0.010042315348982811, 0.01023861300200224, 0.011095519177615643, 0.007466182112693787], "(3, 5, 3, 2)": [0.013658996671438217, 0.013711342588067055, 0.01409231498837471, 0.013681929558515549, 0.012977535836398602], "(3, 5, 2, 2)": [0.013868213631212711, 0.014090201817452908, 0.013940082862973213, 0.013625014573335648, 0.012898411601781845], "(3, 5, 1, 1)": [0.013844190165400505, 0.013746610842645168, 0.013422721065580845, 0.013815844431519508, 0.014107028022408485], "(3, 5, 1, 2)": [0.012855332344770432, 0.014028942212462425, 0.01174625288695097, 0.012109982781112194, 0.013451811857521534], "(3, 4, 1, 1)": [0.013178090564906597, 0.010466963984072208, 0.013173297047615051, 0.010087656788527966, 0.013959255069494247], "(2, 4, 0, 0)": [-0.0013066980754956603, -0.0014964286237955093, 0.00033883971627801657, 0.0, 0.007931024767458439], "(1, 4, 0, 1)": [0.00914254691451788, 0.010959711857140064, 0.010782941244542599, 0.0072565749287605286, 0.013028495945036411], "(1, 4, 1, 2)": [0.013358003459870815, 0.013668237254023552, 0.01364502590149641, 0.01367119885981083, 0.012138486839830875], "(1, 4, 2, 2)": [0.010630106553435326, 0.013711534440517426, 0.013546889647841454, 0.013805174268782139, 0.012820637784898281], "(1, 4, 3, 2)": [0.014051162637770176, 0.01387933548539877, 0.014000538736581802, 0.013839472085237503, 0.013835810124874115], "(1, 4, 4, 3)": [0.014018284156918526, 0.010839483700692654, 0.010666717775166035, 0.007944545708596706, 0.010359165258705616], "(2, 5, 1, 1)": [0.014132005162537098, 0.014087652787566185, 0.014139706268906593, 0.014152436517179012, 0.01406455971300602], "(2, 4, 0, 2)": [0.01171932090073824, 0.012359067797660828, 0.012977058067917824, 0.01049807295203209, 0.014187919907271862], "(2, 4, 2, 3)": [0.013143420219421387, 0.003841732395812869, 0.0038525802083313465, 0.0026572756469249725, 0.0038092336617410183], "(3, 5, 3, 3)": [0.013502344489097595, 0.004741320386528969, 0.00889010913670063, 0.008311564102768898, 0.009298126213252544], "(3, 5, 0, 1)": [0.014013933949172497, 0.011828407645225525, 0.01210772804915905, 0.012786208651959896, 0.010792937129735947], "(3, 5, 0, 2)": [0.0012931745732203126, 0.0, 0.005928757134824991, 0.0, 0.0009813966462388635], "(3, 4, 4, 3)": [0.013432753272354603, 0.013081120327115059, 0.014069079421460629, 0.013570223934948444, 0.013815660029649734], "(3, 5, 4, 2)": [0.013694199733436108, 0.013967333361506462, 0.013644866645336151, 0.01328742690384388, 0.011402684263885021], "(3, 5, 5, 3)": [0.01353658176958561, 0.01010648999363184, 0.009378532879054546, 0.00924625527113676, 0.010143168270587921], "(3, 4, 0, 1)": [0.010246358811855316, 0.00988838355988264, 0.010818775743246078, 0.010265834629535675, 0.012715640477836132], "(2, 5, 4, 2)": [0.013075437396764755, 0.011587434448301792, 0.012038071639835835, 0.014015941880643368, 0.01204140018671751], "(1, 4, 1, 1)": [0.008552033454179764, 0.011056335642933846, 0.009116752073168755, 0.008289851248264313, 0.009034820832312107], "(1, 5, 2, 2)": [0.014070718549191952, 0.012529532425105572, 0.013784284703433514, 0.013833525590598583, 0.013030598871409893], "(1, 5, 1, 2)": [0.013500199653208256, 0.013720281422138214, 0.013242209330201149, 0.0135139599442482, 0.011062023229897022], "(1, 5, 2, 3)": [0.010315712541341782, 0.008337421342730522, 0.008419017307460308, 0.009929899126291275, 0.009682630188763142], "(1, 5, 3, 3)": [0.014109345152974129, 0.013427693396806717, 0.013701777905225754, 0.013651570305228233, 0.012285355478525162], "(2, 5, 2, 1)": [0.0, 0.00947906356304884, 0.0, 0.00270603084936738, 0.0014222607715055346], "(2, 4, -1, 1)": [0.0025100838392972946, 0.0026343197096139193, 0.011173912324011326, 0.0, 0.001359491958282888], "(2, 4, -1, 0)": [-0.002151351422071457, -0.0021106002386659384, 0.0057175955735147, 0.00017264904454350471, 0.0014284865465015173], "(1, 4, -1, 0)": [0.0, 0.0009590714471414685, 6.688782013952732e-05, 0.008758814074099064, 0.0010471182176843286], "(3, 4, 1, 2)": [0.007521417457610369, 0.00787101499736309, 0.006364591419696808, 0.007796542253345251, 0.014161726459860802], "(3, 4, 5, 3)": [0.009042400866746902, 0.013784386217594147, 0.009948821738362312, 0.011601659469306469, 0.010900795459747314], "(1, 4, 3, 3)": [0.014077357947826385, 0.01406655553728342, 0.014116175472736359, 0.014210905879735947, 0.01399676688015461], "(1, 5, 4, 3)": [0.014035065658390522, 0.010134064592421055, 0.00911455787718296, 0.006533756852149963, 0.009293507784605026], "(2, 4, 5, 2)": [0.0, 0.0, 0.004195045214146376, 0.006476094480603933, 0.0009086569189094007], "(3, 4, 5, 2)": [0.005099467001855373, 0.005310798995196819, 0.00269425380975008, 0.002582257380709052, 0.013353523798286915], "(3, 4, 6, 3)": [0.00136752484831959, 0.005874444264918566, 0.0013910112902522087, 0.0013751295628026128, 0.0],