{"q_values": {"(2, 5, 2, 2)": [0.013876384124159813, 0.012558188289403915, 0.013206759467720985, 0.012299582362174988, 0.011828157119452953], "(2, 5, 3, 2)": [0.01351219229400158, 0.013913478702306747, 0.013670500367879868, 0.013735336251556873, 0.013593396171927452], "(2, 5, 3, 3)": [0.013698112219572067, 0.010618086904287338, 0.01019595842808485, 0.010063594207167625, 0.006172157358378172], "(2, 4, 2, 2)": [0.01362702064216137, 0.012656552717089653, 0.013658198527991772, 0.014155658893287182, 0.0137702114880085], "(2, 4, 3, 2)": [0.01362447626888752, 0.01349013950675726, 0.013702984899282455, 0.013619478791952133, 0.014151418581604958], "(2, 4, 3, 3)": [0.014030693098902702, 0.01402139849960804, 0.013997634872794151, 0.014164339751005173, 0.01396789401769638], "(2, 4, 4, 3)": [0.014097554609179497, 0.013919751159846783, 0.013914762064814568, 0.01403877604752779, 0.01383371464908123], "(2, 4, 1, 1)": [0.009717566892504692, 0.010446179658174515, 0.004782362841069698, 0.010265972465276718, 0.013966849073767662], "(2, 4, 2, 1)": [0.005213333293795586, 0.0039022204000502825, 0.004359363578259945, 0.008513407781720161, 0.009809221141040325], "(2, 5, 4, 3)": [0.007948825135827065, 0.007797123398631811, 0.013807183131575584, 0.010975886136293411, 0.011253886856138706], "(2, 4, 1, 2)": [0.013488582335412502, 0.013622719794511795, 0.011147817596793175, 0.013257204554975033, 0.014132772572338581], "(2, 5, 1, 2)": [0.014093689620494843, 0.013408423401415348, 0.013731739483773708, 0.013579556718468666, 0.013497498817741871], "(2, 5, 0, 2)": [0.01354256086051464, 0.014016130939126015, 0.013348937965929508, 0.011605314910411835, 0.013545765541493893], "(2, 5, 2, 3)": [0.0070030465722084045, 0.004935939330607653, 0.006693248171359301, 0.00810885988175869, 0.006689532659947872], "(2, 4, 0, 1)": [0.010596884414553642, 0.010818525217473507, 0.008960713632404804, 0.010526005178689957, 0.014002327807247639], "(2, 4, 4, 2)": [0.01386172603815794, 0.013471212238073349, 0.013628273271024227, 0.013423746451735497, 0.013472581282258034], "(2, 4, 5, 3)": [0.0134821692481637, 0.01339815091341734, 0.013455693610012531, 0.013419065624475479, 0.013246087357401848], "(3, 4, 4, 2)": [0.013585003092885017, 0.013521495275199413, 0.013614274561405182, 0.01352023147046566, 0.013770115561783314], "(3, 4, 3, 2)": [0.013548851013183594, 0.011845927685499191, 0.0134567366912961, 0.013461686670780182, 0.010728823021054268], "(3, 4, 2, 1)": [0.009346931241452694, 0.009707031771540642, 0.00791171845048666, 0.008666127920150757, 0.0086048673838377], "(3, 4, 2, 2)": [0.012667139992117882, 0.013557970523834229, 0.013617306016385555, 0.013756686821579933, 0.013781901448965073], "(3, 4, 3, 1)": [0.00410996749997139, -9.296135976910591e-05, 0.0015246854163706303, 0.0008712960407137871, 0.001215892843902111], "(2, 5, 0, 1)": [0.013997896574437618, 0.01399501133710146, 0.013905099593102932, 0.014026226475834846, 0.014133798889815807], "(2, 5, 5, 3)": [0.006991286296397448, 0.00678916834294796, 0.009538447484374046, 0.005645988509058952, 0.008246916346251965], "(3, 5, 4, 3)": [0.011077036149799824, 0.013712753541767597, 0.010511999018490314, 0.011957680806517601, 0.010421670973300934], "(3, 5, 3, 2)": [0.013733210042119026, 0.013682311400771141, 0.01381278969347477, 0.011712847277522087, 0.010802275501191616], "(3, 5, 2, 2)": [0.014032751321792603, 0.01343946997076273, 0.013497158885002136, 0.012050456367433071, 0.013453768566250801], "(3, 5, 1, 1)": [0.014013347215950489, 0.013968787156045437, 0.013926838524639606, 0.014028200879693031, 0.0139940045773983], "(3, 5, 1, 2)": [0.013960347510874271, 0.013762587681412697, 0.013773011043667793, 0.01364138163626194, 0.01371874287724495], "(3, 4, 1, 1)": [0.013183551840484142, 0.012386873364448547, 0.010615210048854351, 0.012483369559049606, 0.013466455042362213], "(2, 4, 0, 0)": [-6.463739555329084e-05, 0.0012067381758242846, 0.00033883971627801657, 0.0, 0.00848610419780016], "(1, 4, 0, 1)": [0.010776990093290806, 0.009412232786417007, 0.010476669296622276, 0.012229925952851772, 0.014139370061457157], "(1, 4, 1, 2)": [0.013934227637946606, 0.013999799266457558, 0.014003375545144081, 0.01411732379347086, 0.013846849091351032], "(1, 4, 2, 2)": [0.013449723832309246, 0.01355834398418665, 0.013734349049627781, 0.013769268989562988, 0.014189801178872585], "(1, 4, 3, 2)": [0.013909182511270046, 0.013932283036410809, 0.014048328623175621, 0.014006749726831913, 0.013603375293314457], "(1, 4, 4, 3)": [0.014051332138478756, 0.011386804282665253, 0.011020650155842304, 0.007944545708596706, 0.010359165258705616], "(2, 5, 1, 1)": [0.01401756051927805, 0.014134341850876808, 0.014040380716323853, 0.014051209203898907, 0.014035573229193687], "(2, 4, 0, 2)": [0.012736134231090546, 0.013138581067323685, 0.013078398071229458, 0.011502422392368317, 0.01413364801555872], "(2, 4, 2, 3)": [0.01389811560511589, 0.003841732395812869, 0.004890755750238895, 0.0026572756469249725, 0.0038092336617410183], "(3, 5, 3, 3)": [0.013648750260472298, 0.0073007759638130665, 0.011211934499442577, 0.010742181912064552, 0.010595252737402916], "(3, 5, 0, 1)": [0.01342573668807745, 0.01219446025788784, 0.012660766020417213, 0.013791587203741074, 0.011130951344966888], "(3, 5, 0, 2)": [0.0036765439435839653, 0.0, 0.010317028500139713, 0.0, 0.0022937883622944355], "(3, 4, 4, 3)": [0.01411927305161953, 0.013850396499037743, 0.013960453681647778, 0.013955100439488888, 0.013918309472501278], "(3, 5, 4, 2)": [0.013859705999493599, 0.01414075493812561, 0.013758854940533638, 0.013889884576201439, 0.012525111436843872], "(3, 5, 5, 3)": [0.013847114518284798, 0.010503897443413734, 0.01026544626802206, 0.007701935712248087, 0.011286837048828602], "(3, 4, 0, 1)": [0.01284876000136137, 0.010919446125626564, 0.010709741152822971, 0.009782022796571255, 0.008670669980347157], "(2, 5, 4, 2)": [0.013842691667377949, 0.011839821003377438, 0.012452010996639729, 0.011358330957591534, 0.012444715946912766], "(1, 4, 1, 1)": [0.008552033454179764, 0.008947394788265228, 0.009138867259025574, 0.009274965152144432, 0.013179796747863293], "(1, 5, 2, 2)": [0.01357735600322485, 0.01357855461537838, 0.011927050538361073, 0.013555309735238552, 0.010488338768482208], "(1, 5, 1, 2)": [0.013606969267129898, 0.013576086610555649, 0.01361694186925888, 0.013705022633075714, 0.012562247924506664], "(1, 5, 2, 3)": [0.010621078312397003, 0.009291997179389, 0.009908810257911682, 0.013039395213127136, 0.010755408555269241], "(1, 5, 3, 3)": [0.012512631714344025, 0.008199227973818779, 0.009616095572710037, 0.007638856302946806, 0.009530341252684593], "(2, 5, 2, 1)": [0.0, 0.012487572617828846, 0.0, 0.00270603084936738, 0.0014222607715055346], "(2, 4, -1, 1)": [0.0025100838392972946, 0.0026343197096139193, 0.012285515666007996, 0.0, 0.001359491958282888], "(2, 4, -1, 0)": [-0.002151351422071457, -0.0038912519812583923, 0.006814649794250727, 0.0028409170918166637, 0.0014284865465015173], "(1, 4, -1, 0)": [0.0, 0.0009590714471414685, 6.688782013952732e-05, 0.003639554139226675, 0.0010471182176843286], "(3, 4, 1, 2)": [0.009816919453442097, 0.009583992883563042, 0.00903304573148489, 0.011939744465053082, 0.014047139324247837], "(3, 4, 5, 3)": [0.00956265814602375, 0.01354929804801941, 0.011378610506653786, 0.012420859187841415, 0.01183906476944685], "(1, 4, 3, 3)": [0.014044880867004395, 0.013982371427118778, 0.014014332555234432, 0.014050595462322235, 0.014085961505770683], "(1, 5, 4, 3)": [0.010366270318627357, 0.011152579449117184, 0.008843956515192986, 0.008258775807917118, 0.009293507784605026], "(2, 4, 5, 2)": [0.0, 0.0, 0.004195045214146376, 0.008382624015212059, 0.0009086569189094007], "(3, 4, 5, 2)": [0.00749980891123414, 0.005310798995196819, 0.0038468092679977417, 0.002582257380709052, 0.013737715780735016], "(3, 4, 6, 3)": [0.00136752484831959, 0.00917946919798851, 0.0013910112902522087, 0.0013751295628026128, 0.0],