{"q_values": {"(2, 5, 2, 2)": [0.008296948857605457, 0.012027380056679249, 0.013662902638316154, 0.011981481686234474, 0.013406716287136078], "(2, 5, 3, 2)": [0.013642738573253155, 0.013036017306149006, 0.013260831125080585, 0.0134328193962574, 0.013128591701388359], "(2, 5, 3, 3)": [0.0064095123670995235, 0.009895019233226776, 0.011069399304687977, 0.005813498515635729, 0.009947366081178188], "(2, 4, 2, 2)": [0.01342526264488697, 0.010050899349153042, 0.013393435627222061, 0.013245469890534878, 0.010710511356592178], "(2, 4, 3, 2)": [0.013472706079483032, 0.0138686653226614, 0.013738220557570457, 0.013680249452590942, 0.013749927282333374], "(2, 4, 3, 3)": [0.011445866897702217, 0.01256170216947794, 0.013551303185522556, 0.011851576156914234, 0.012242715805768967], "(2, 4, 4, 3)": [0.013659318909049034, 0.013877473771572113, 0.013446721248328686, 0.01338093914091587, 0.013430662453174591], "(2, 4, 1, 1)": [0.004336354322731495, 0.011663512326776981, 0.012630519457161427, 0.01016685739159584, 0.013167633675038815], "(2, 4, 2, 1)": [0.0050852131098508835, 0.00457502156496048, 0.004013620316982269, 0.0029593310318887234, 0.008508699014782906], "(2, 5, 4, 3)": [0.006247448734939098, 0.010776113718748093, 0.012094840407371521, 0.011808999814093113, 0.00998535007238388], "(2, 4, 1, 2)": [0.013551210053265095, 0.012447194196283817, 0.013557134196162224, 0.013353043235838413, 0.013461235910654068], "(2, 5, 1, 2)": [0.013805986382067204, 0.013493097387254238, 0.013843892142176628, 0.013523506000638008, 0.013606753200292587], "(2, 5, 0, 2)": [0.00826561450958252, 0.008621307089924812, 0.007840229198336601, 0.010145108215510845, 0.007295777089893818], "(2, 5, 2, 3)": [0.005237107630819082, 0.007572226691991091, 0.00393974082544446, 0.0024205679073929787, 0.006757773458957672], "(2, 4, 0, 1)": [0.0031524428632110357, 0.009753718040883541, 0.007185162510722876, 0.01195402629673481, 0.007975558750331402], "(2, 4, 4, 2)": [0.010458753444254398, 0.004690253175795078, 0.009863880462944508, 0.012078026309609413, 0.008282676339149475], "(2, 4, 5, 3)": [0.004824556410312653, 0.0023519229143857956, 0.0031694844365119934, 0.0013202562695369124, 0.0009986507939174771], "(3, 4, 4, 2)": [0.0018938146531581879, 0.004886721260845661, 0.0012360280379652977, 0.003013220615684986, 0.0011046732543036342], "(3, 4, 3, 2)": [0.00139426754321903, 0.005086670164018869, 0.0082719586789608, 0.0043565561063587666, 0.007294957526028156], "(3, 4, 2, 1)": [0.0010766861960291862, 0.0009640131611377001, 0.0, 0.002552004996687174, 0.0025340563151985407], "(3, 4, 2, 2)": [0.00876547396183014, 0.004001040942966938, 0.003685424569994211, 0.0022138962522149086, 0.005586155690252781], "(3, 4, 3, 1)": [0.0, 0.0, 0.0, 0.0, 0.0], "(2, 5, 0, 1)": [0.012433886528015137, 0.011952967382967472, 0.012626980431377888, 0.0118362195789814, 0.012820659205317497], "(2, 5, 5, 3)": [0.005196575075387955, 0.002187181729823351, 0.006667284294962883, 0.004094140604138374, 0.0003848089836537838], "(3, 5, 4, 3)": [0.006944417953491211, 0.00984749011695385, 0.002442426048219204, 0.007608807645738125, 0.006626712623983622], "(3, 5, 3, 2)": [0.008760696277022362, 0.0067148357629776, 0.011011411435902119, 0.00854484923183918, 0.007681830786168575], "(3, 5, 2, 2)": [0.011531597003340721, 0.008023998700082302, 0.00917991902679205, 0.006712592672556639, 0.00763285206630826], "(3, 5, 1, 1)": [0.005956037901341915, 0.002041023224592209, 0.0029224969912320375, 0.002111529465764761, 0.003705191658809781], "(3, 5, 1, 2)": [0.005718206986784935, 0.006626623682677746, 0.005858276970684528, 0.005545320454984903, 0.006181286182254553], "(3, 4, 1, 1)": [0.0015197678003460169, 0.0031242803670465946, 0.003228103509172797, 0.004972002934664488, 0.004157903138548136], "(2, 4, 0, 0)": [0.0, 0.0010805894853547215, 0.0, 0.0, 0.0], "(1, 4, 0, 1)": [-0.0013052289141342044, 0.0038653789088129997, 0.0020885211415588856, 0.0009129394893534482, 0.004512975458055735], "(1, 4, 1, 2)": [0.0011688749073073268, 0.002883697859942913, 0.00029055809136480093, 0.003542519873008132, 0.0036556636914610863], "(1, 4, 2, 2)": [0.003369525307789445, 0.0010814126580953598, 0.003578346688300371, 0.0062359292060136795, 0.005220235325396061], "(1, 4, 3, 2)": [0.0026556882075965405, 0.0026693916879594326, 0.0025068996474146843, 0.0050147175788879395, 0.005656501743942499], "(1, 4, 4, 3)": [0.0009561666520312428, 0.0, 0.0, 0.0, 0.0011502908309921622], "(2, 5, 1, 1)": [0.010107886046171188, 0.012465696781873703, 0.009649538435041904, 0.009635008871555328, 0.009326749481260777], "(2, 4, 0, 2)": [0.0, 0.0013358874712139368, 0.0013366718776524067, 0.0, 0.003677514847368002], "(2, 4, 2, 3)": [0.0010343826143071055, 0.0, 0.0, 0.0, 0.0], "(3, 5, 3, 3)": [0.001916370471008122, -0.003128437325358391, 0.004679929465055466, 0.002193898893892765, -0.000889691524207592], "(3, 5, 0, 1)": [0.0028576476033777, 0.0019763896707445383, 0.001009907340630889, 0.0010589807061478496, 0.001897586276754737], "(3, 5, 0, 2)": [0.0, 0.0, 0.002010838594287634, 0.0, 0.0], "(3, 4, 4, 3)": [0.0, 0.0, 0.003101496724411845, 0.0, 0.0009977322770282626], "(3, 5, 4, 2)": [0.0033118892461061478, 0.002190021798014641, 0.0032282855827361345, 0.0, 0.004743305500596762], "(3, 5, 5, 3)": [0.0, 0.0011877584038302302, 0.0, 0.0010686255991458893, 0.0], "(3, 4, 0, 1)": [0.004176298156380653, -0.0013656194787472486, 0.0028318888507783413, 0.0, 0.0031101228669285774], "(2, 5, 4, 2)": [0.002639171900227666, 0.002306288806721568, 0.0013635813957080245, 0.0055234236642718315, 0.0], "(1, 4, 1, 1)": [0.0008702022023499012, 0.0, 0.0, 0.0, 0.0], "(1, 5, 2, 2)": [0.0, 0.0, 0.0010303802555426955, 0.0018663546070456505, 0.001985630253329873], "(1, 5, 1, 2)": [0.0, 0.0, 0.0, 0.001995173515751958, 0.0], "(1, 5, 2, 3)": [0.002143978839740157, 0.0, 0.0, 0.0, 0.0018216560129076242], "(1, 5, 3, 3)": [0.0, 0.0, 0.002746173180639744, 0.0013218497624620795, 0.0], "(2, 5, 2, 1)": [0.0, 0.0014026955468580127, 0.0, 0.0, 0.0], "(2, 4, -1, 1)": [0.0, 0.0, 0.0009342093835584819, 0.0, 0.0], "(2, 4, -1, 0)": [0.0, 0.0, 0.0, 0.0009029453503899276, 0.0], "(1, 4, -1, 0)": [0.0, 0.0009590714471414685, 0.0, 0.0, 0.0], "(3, 4, 1, 2)": [0.0009920794982463121, 0.0010961747029796243, 0.0, 0.0, 0.0011005037231370807], "(3, 4, 5, 3)": [0.0009998795576393604, 0.0010315139079466462, 0.0, 0.0, 0.0], "(1, 4, 3, 3)": [0.001907098339870572, 0.002083422848954797, 0.0009974153945222497, 0.0, 0.0], "(1, 5, 4, 3)": [0.002235453575849533, 0.0010261018760502338, 0.0, 0.0, 0.0]}}