{"q_values": {"(2, 5, 2, 2)": [0.0, 0.0010044364025816321, 0.0009593654540367424, 0.0, 0.0018865620950236917], "(2, 5, 3, 2)": [0.0, 0.0018686932744458318, 0.002631237031891942, 0.0018183772917836905, 0.001920448848977685], "(2, 5, 3, 3)": [0.0, 0.002586826914921403, 0.0010147186694666743, -0.0012189227854833007, 0.0009092781110666692]}}