{"q_values": {"(2, 5, 2, 2)": [0.010911624878644943, 0.013440530747175217, 0.012502997182309628, 0.008286801166832447, 0.01357340719550848], "(2, 5, 3, 2)": [0.01369987241923809, 0.013460441492497921, 0.010316990315914154, 0.013041820377111435, 0.013471471145749092], "(2, 5, 3, 3)": [0.009379607625305653, 0.012494700960814953, 0.010664529167115688, 0.008827481418848038, 0.013088716194033623], "(2, 4, 2, 2)": [0.013591738417744637, 0.012446211650967598, 0.013406938873231411, 0.01246795803308487, 0.010575253516435623], "(2, 4, 3, 2)": [0.013413926586508751, 0.013268759474158287, 0.013519298285245895, 0.013804738409817219, 0.013504182919859886], "(2, 4, 3, 3)": [0.013272241689264774, 0.013682834804058075, 0.01406317763030529, 0.013759643770754337, 0.013656757771968842], "(2, 4, 4, 3)": [0.01371801644563675, 0.013681829907000065, 0.013745451346039772, 0.013672800734639168, 0.013935980387032032], "(2, 4, 1, 1)": [0.011407667770981789, 0.010032561607658863, 0.010411771014332771, 0.009698738344013691, 0.010392600670456886], "(2, 4, 2, 1)": [0.0031490311957895756, 0.005078556016087532, 0.005754502955824137, 0.0035899861250072718, 0.008355421014130116], "(2, 5, 4, 3)": [0.009488514624536037, 0.01029159128665924, 0.008717427961528301, 0.011523240245878696, 0.012265456840395927], "(2, 4, 1, 2)": [0.013649080879986286, 0.013153704814612865, 0.013447591103613377, 0.013615487143397331, 0.013344084843993187], "(2, 5, 1, 2)": [0.013721942901611328, 0.012687811627984047, 0.013865931890904903, 0.013735081069171429, 0.013590522110462189], "(2, 5, 0, 2)": [0.01165618747472763, 0.011720659211277962, 0.011967283673584461, 0.013310324400663376, 0.011762205511331558], "(2, 5, 2, 3)": [0.007061158772557974, 0.005489745177328587, 0.0028263770509511232, 0.004925359971821308, 0.007862167432904243], "(2, 4, 0, 1)": [0.008232612162828445, 0.011234915815293789, 0.010176090523600578, 0.010467412881553173, 0.012775263749063015], "(2, 4, 4, 2)": [0.012826519086956978, 0.011575265787541866, 0.012647794559597969, 0.013649866916239262, 0.012698964215815067], "(2, 4, 5, 3)": [0.009078643284738064, 0.006586840376257896, 0.007516765501350164, 0.0043699610978364944, 0.005124561954289675], "(3, 4, 4, 2)": [0.0028381231240928173, 0.009090856648981571, 0.003424189519137144, 0.004476639442145824, 0.00210386049002409], "(3, 4, 3, 2)": [0.005808412097394466, 0.008800294250249863, 0.01121959276497364, 0.007363399025052786, 0.010088002309203148], "(3, 4, 2, 1)": [0.0007829449605196714, 0.0049753873609006405, 0.0010281309951096773, 0.005399360787123442, 0.002197202295064926], "(3, 4, 2, 2)": [0.010222147218883038, 0.006708419416099787, 0.005363018251955509, 0.0041679153218865395, 0.007292664609849453], "(3, 4, 3, 1)": [0.000996608636341989, 0.0, 0.0009417759138159454, 0.0010736078256741166, 0.0], "(2, 5, 0, 1)": [0.013771598227322102, 0.013788139447569847, 0.0137608228251338, 0.013701772317290306, 0.013874877244234085], "(2, 5, 5, 3)": [0.004895814228802919, 0.00695515051484108, 0.011123833246529102, 0.007694085128605366, 0.0015651419525966048], "(3, 5, 4, 3)": [0.00840908195823431, 0.011486376635730267, 0.006294244900345802, 0.00758571969345212, 0.006685377564281225], "(3, 5, 3, 2)": [0.01045942772179842, 0.00909775123000145, 0.008965442888438702, 0.00854484923183918, 0.009209901094436646], "(3, 5, 2, 2)": [0.011840665712952614, 0.009509406983852386, 0.009501797147095203, 0.00826252717524767, 0.008412817493081093], "(3, 5, 1, 1)": [0.008369327522814274, 0.0030522067099809647, 0.0029224969912320375, 0.0031316163949668407, 0.003705191658809781], "(3, 5, 1, 2)": [0.005718206986784935, 0.0089177330955863, 0.0064049214124679565, 0.005545320454984903, 0.006181286182254553], "(3, 4, 1, 1)": [0.0026150993071496487, 0.002635951153934002, 0.004796075168997049, 0.008007962256669998, 0.004401772283017635], "(2, 4, 0, 0)": [0.0, 0.0010805894853547215, 0.0, 0.0, 0.0], "(1, 4, 0, 1)": [0.0021998449228703976, 0.0072263143956661224, 0.0028403454925864935, 0.00021714018657803535, 0.006091805640608072], "(1, 4, 1, 2)": [0.003580071497708559, 0.002883697859942913, 9.626755490899086e-05, 0.0023623043671250343, 0.0036556636914610863], "(1, 4, 2, 2)": [0.004111060872673988, 0.0010814126580953598, 0.003578346688300371, 0.0073125590570271015, 0.005758615676313639], "(1, 4, 3, 2)": [0.0026556882075965405, 0.004172095563262701, 0.0025068996474146843, 0.0050147175788879395, 0.006658534519374371], "(1, 4, 4, 3)": [0.0009561666520312428, 0.0, 0.0, 0.0, 0.0011502908309921622], "(2, 5, 1, 1)": [0.013131726533174515, 0.013952276669442654, 0.012144533917307854, 0.013432073406875134, 0.012927468866109848], "(2, 4, 0, 2)": [0.0014161203289404511, 0.003458726219832897, 0.0023422609083354473, 0.0026066191494464874, 0.008090457879006863], "(2, 4, 2, 3)": [0.0010343826143071055, 0.0, 0.0, 0.0, 0.0], "(3, 5, 3, 3)": [0.0029451793525367975, -0.003128437325358391, 0.0023346280213445425, 0.0032353349961340427, -0.000889691524207592], "(3, 5, 0, 1)": [0.004686314612627029, 0.0019763896707445383, 0.0029087874572724104, 0.0010589807061478496, 0.002814500592648983], "(3, 5, 0, 2)": [0.0, 0.0, 0.002010838594287634, 0.0, 0.0], "(3, 4, 4, 3)": [0.0012724521802738309, 0.0, 0.00457932660356164, 0.0, 0.0009977322770282626], "(3, 5, 4, 2)": [0.0033118892461061478, 0.002190021798014641, 0.0032282855827361345, 0.0012584602227434516, 0.004743305500596762], "(3, 5, 5, 3)": [0.0, -7.69405160099268e-05, 0.0, 0.0010686255991458893, 0.0], "(3, 4, 0, 1)": [0.004176298156380653, -0.0013656194787472486, 0.0028318888507783413, 0.0, 0.0031101228669285774], "(2, 5, 4, 2)": [0.004420883487910032, 0.002306288806721568, 0.0013635813957080245, 0.008966855704784393, 0.004419662058353424], "(1, 4, 1, 1)": [0.0008702022023499012, 0.0, 0.0, 0.0009393069776706398, 0.000993350287899375], "(1, 5, 2, 2)": [0.0029402696527540684, 0.008003744296729565, 0.00538073992356658, 0.005081373266875744, 0.004969209898263216], "(1, 5, 1, 2)": [0.004988627973943949, 0.004519259557127953, 0.0009025867329910398, 0.009930368512868881, 0.007265571504831314], "(1, 5, 2, 3)": [0.0007114685140550137, 0.0009136533481068909, 0.002127284649759531, 0.0010596148204058409, 0.0003814857918769121], "(1, 5, 3, 3)": [-0.002075035823509097, 0.0, 0.002746173180639744, 0.0038241541478782892, 0.0], "(2, 5, 2, 1)": [0.0, 0.0014026955468580127, 0.0, 0.0, 0.0], "(2, 4, -1, 1)": [0.0, 0.0, 0.0021627130918204784, 0.0, 0.0], "(2, 4, -1, 0)": [0.0, 0.0, 0.0, 0.0009029453503899276, 0.0], "(1, 4, -1, 0)": [0.0, 0.0009590714471414685, 0.0, 0.0011129396734759212, 0.0], "(3, 4, 1, 2)": [0.0009920794982463121, 0.0010961747029796243, 0.0, 0.0, 0.0011005037231370807], "(3, 4, 5, 3)": [0.0009998795576393604, 0.0020652362145483494, 0.001029309001751244, 0.0, 0.0], "(1, 4, 3, 3)": [0.001907098339870572, 0.002083422848954797, 0.0009974153945222497, 0.0, 0.0], "(1, 5, 4, 3)": [0.002235453575849533, 0.0010261018760502338, 0.0, 0.0, 0.0], "(2, 4, 5, 2)": [0.0, 0.0, 0.0, 0.001679401844739914, 0.0009086569189094007], "(3, 4, 5, 2)": [0.002100628335028887, 0.0026821838691830635, 0.0, 0.002582257380709052, 0.003668933641165495], "(3, 4, 6, 3)": [0.0, 0.001038669259287417, 0.0, 0.0, 0.0], "(1, 5, 3, 2)": [0.0010562987299636006, 0.0, 0.0, 0.0, 0.0], "(1, 5, 0, 2)": [0.0, 0.0012372604105621576, 0.0009596490417607129, 0.0019718697294592857, 0.0], "(1, 5, 0, 1)": [0.0019269257318228483, 0.0, 0.0, 0.0009994154097512364, 0.0], "(1, 4, 0, 2)": [0.0, 0.0012183274375274777, 0.0, 0.0, 0.0], "(2, 4, 6, 3)": [0.0012260546209290624, 0.0, 0.0, 0.0, 0.0], "(1, 4, -1, 1)": [0.0, 0.0, 0.0, 0.0, 0.0008912854245863855], "(2, 5, 4, 4)": [-0.0018192343413829803, 0.0, 0.0, 0.0, 0.0]}}