{"q_values": {"(2, 5, 2, 2)": [0.012676022946834564, 0.01381462998688221, 0.013151248916983604, 0.01050368882715702, 0.01066320575773716], "(2, 5, 3, 2)": [0.013852556236088276, 0.010556882247328758, 0.011138548143208027, 0.013294357806444168, 0.01187102124094963], "(2, 5, 3, 3)": [0.007822001352906227, 0.013449852354824543, 0.010519013740122318, 0.009344786405563354, 0.009500103071331978], "(2, 4, 2, 2)": [0.010875367559492588, 0.013386123813688755, 0.01334682572633028, 0.014125232584774494, 0.013602380640804768], "(2, 4, 3, 2)": [0.013743681833148003, 0.013749351724982262, 0.013785348273813725, 0.014145770110189915, 0.013728078454732895], "(2, 4, 3, 3)": [0.013987765647470951, 0.01401962898671627, 0.014116470701992512, 0.014016891829669476, 0.013999264687299728], "(2, 4, 4, 3)": [0.014083882793784142, 0.014039517380297184, 0.01402292586863041, 0.01404912956058979, 0.014119815081357956], "(2, 4, 1, 1)": [0.010028488002717495, 0.011731641367077827, 0.010486152023077011, 0.013738404959440231, 0.011445014737546444], "(2, 4, 2, 1)": [0.007229379843920469, 0.005816669203341007, 0.00459667993709445, 0.010435554198920727, 0.007476368919014931], "(2, 5, 4, 3)": [0.010520248673856258, 0.013543293811380863, 0.01340972539037466, 0.012281615287065506, 0.012249428778886795], "(2, 4, 1, 2)": [0.013738278299570084, 0.013734887354075909, 0.013729945756494999, 0.013792545534670353, 0.014089550822973251], "(2, 5, 1, 2)": [0.0138293681666255, 0.013437576591968536, 0.013401166535913944, 0.011444341391324997, 0.013397913426160812], "(2, 5, 0, 2)": [0.013994187116622925, 0.012339303269982338, 0.013317296281456947, 0.013344759121537209, 0.01355436909943819], "(2, 5, 2, 3)": [0.011218415573239326, 0.007702664006501436, 0.004706716630607843, 0.00580540020018816, 0.00798447523266077], "(2, 4, 0, 1)": [0.009801339358091354, 0.009805917739868164, 0.011059197597205639, 0.01044750027358532, 0.014114491641521454], "(2, 4, 4, 2)": [0.013706070370972157, 0.013635056093335152, 0.013815882615745068, 0.014011546969413757, 0.013727381825447083], "(2, 4, 5, 3)": [0.013908455148339272, 0.014105952344834805, 0.013865399174392223, 0.013882552273571491, 0.013861337676644325], "(3, 4, 4, 2)": [0.013548346236348152, 0.01358860544860363, 0.01276810560375452, 0.013565664179623127, 0.014010132290422916], "(3, 4, 3, 2)": [0.01253325492143631, 0.0130980359390378, 0.010519172064960003, 0.013274649158120155, 0.01362145971506834], "(3, 4, 2, 1)": [0.009165669791400433, 0.008391449227929115, 0.008370161056518555, 0.008693643845617771, 0.010132875293493271], "(3, 4, 2, 2)": [0.011294284835457802, 0.012600110843777657, 0.01322087086737156, 0.013702530413866043, 0.014011516235768795], "(3, 4, 3, 1)": [0.002874586498364806, -9.296135976910591e-05, 0.0015246854163706303, 0.0008712960407137871, 0.0065710777416825294], "(2, 5, 0, 1)": [0.013929554261267185, 0.01391891110688448, 0.014049381017684937, 0.013983316719532013, 0.01392932515591383], "(2, 5, 5, 3)": [0.011674342676997185, 0.0138960350304842, 0.00974552147090435, 0.010188080370426178, 0.007994265295565128], "(3, 5, 4, 3)": [0.010907106101512909, 0.010591225698590279, 0.012202436104416847, 0.012216320261359215, 0.013301623053848743], "(3, 5, 3, 2)": [0.011075161397457123, 0.013404682278633118, 0.01042210217565298, 0.013399748131632805, 0.013286394067108631], "(3, 5, 2, 2)": [0.013721833005547523, 0.013711425475776196, 0.013569409027695656, 0.010434872470796108, 0.01361896749585867], "(3, 5, 1, 1)": [0.01405968889594078, 0.014048132114112377, 0.014075025916099548, 0.01403158437460661, 0.01400510873645544], "(3, 5, 1, 2)": [0.013855904340744019, 0.01386482547968626, 0.013863464817404747, 0.013849993236362934, 0.013585052452981472], "(3, 4, 1, 1)": [0.0114787258207798, 0.010581489652395248, 0.00858769565820694, 0.013841469772160053, 0.01142126601189375], "(2, 4, 0, 0)": [-6.463739555329084e-05, 0.0045329611748456955, 0.002852207748219371, 0.0010410075774416327, 0.006521783769130707], "(1, 4, 0, 1)": [0.012450090609490871, 0.010157228447496891, 0.007147948257625103, 0.010400413535535336, 0.01078624278306961], "(1, 4, 1, 2)": [0.013615853153169155, 0.01336621679365635, 0.014041101559996605, 0.0138875562697649, 0.013775687664747238], "(1, 4, 2, 2)": [0.013772309757769108, 0.013838889077305794, 0.013861609622836113, 0.01373444776982069, 0.014043305069208145], "(1, 4, 3, 2)": [0.013788498006761074, 0.013918189331889153, 0.013745274394750595, 0.013880164362490177, 0.01386857870966196], "(1, 4, 4, 3)": [0.01411630678921938, 0.012486611492931843, 0.012039611116051674, 0.011679032817482948, 0.013122569769620895], "(2, 5, 1, 1)": [0.014170914888381958, 0.014016903005540371, 0.014069638215005398, 0.014002418145537376, 0.01404338888823986], "(2, 4, 0, 2)": [0.013110784813761711, 0.013426807709038258, 0.013540303334593773, 0.012553161010146141, 0.01399470679461956], "(2, 4, 2, 3)": [0.014120746403932571, 0.005769382230937481, 0.005796380806714296, 0.0038155559450387955, 0.0038092336617410183], "(3, 5, 3, 3)": [0.01192206609994173, 0.00951438769698143, 0.010429995134472847, 0.006237608380615711, 0.009656356647610664], "(3, 5, 0, 1)": [0.01362022664397955, 0.012764274142682552, 0.013241223990917206, 0.014044925570487976, 0.011938298121094704], "(3, 5, 0, 2)": [0.0036765439435839653, 0.0, 0.010806991718709469, 0.0, 0.0022937883622944355], "(3, 4, 4, 3)": [0.0140824681147933, 0.014058996923267841, 0.01399910170584917, 0.014082941226661205, 0.014078828506171703], "(3, 5, 4, 2)": [0.014062692411243916, 0.014006067998707294, 0.01396693754941225, 0.013989510014653206, 0.013852189294993877], "(3, 5, 5, 3)": [0.008851604536175728, 0.010870418511331081, 0.01064116321504116, 0.009802008979022503, 0.00906901340931654], "(3, 4, 0, 1)": [0.01151455007493496, 0.009931948035955429, 0.006669850088655949, 0.013626893982291222, 0.010276629589498043], "(2, 5, 4, 2)": [0.01410946436226368, 0.013324444182217121, 0.013445408083498478, 0.012513093650341034, 0.013469647616147995], "(1, 4, 1, 1)": [0.009252052754163742, 0.010394399985671043, 0.010767750442028046, 0.009964284487068653, 0.013662774115800858], "(1, 5, 2, 2)": [0.01380749512463808, 0.011098428629338741, 0.013121764175593853, 0.013600324280560017, 0.010169590823352337], "(1, 5, 1, 2)": [0.013204097747802734, 0.01018366776406765, 0.013295705430209637, 0.013387409970164299, 0.013315962627530098], "(1, 5, 2, 3)": [0.00940806046128273, 0.007412460166960955, 0.007313930429518223, 0.009632634930312634, 0.009126855060458183], "(1, 5, 3, 3)": [0.013652583584189415, 0.011323045939207077, 0.008506021462380886, 0.010869206860661507, 0.011148951947689056], "(2, 5, 2, 1)": [0.00142026343382895, 0.014152760617434978, 0.0014127357862889767, 0.00373575440607965, 0.003854572307318449], "(2, 4, -1, 1)": [0.003594230394810438, 0.003675851272419095, 0.012924449518322945, 0.0, 0.0025158505886793137], "(2, 4, -1, 0)": [-0.0006868969649076462, -0.002145716454833746, 0.008641713298857212, 0.003898180555552244, -0.0007948522688820958], "(1, 4, -1, 0)": [0.0, 0.00015205377712845802, 6.688782013952732e-05, 0.001297246664762497, 0.0037883964832872152], "(3, 4, 1, 2)": [0.013154279440641403, 0.01259060762822628, 0.011447477154433727, 0.012963125482201576, 0.014147128909826279], "(3, 4, 5, 3)": [0.01171370130032301, 0.013966718688607216, 0.012603500857949257, 0.01367566455155611, 0.012985270470380783], "(1, 4, 3, 3)": [0.014103936031460762, 0.014089277945458889, 0.014092246070504189, 0.014162953943014145, 0.014119728468358517], "(1, 5, 4, 3)": [0.013954450376331806, 0.01168842613697052, 0.012003425508737564, 0.010445211082696915, 0.010701997205615044], "(2, 4, 5, 2)": [0.0, 0.0, 0.0050286115147173405, 0.011981613002717495, 0.0009086569189094007], "(3, 4, 5, 2)": [0.008749468252062798, 0.008302508853375912, 0.005736977327615023, 0.003747564507648349, 0.013868981972336769], "(3, 4, 6, 3)": [0.00136752484831959, 0.011449038982391357, 0.0013910112902522087, 0.002609207760542631, 0.0],