{"q_values": {"(2, 5, 2, 2)": [0.013774191960692406, 0.013809556141495705, 0.013884075917303562, 0.011818485334515572, 0.013709595426917076], "(2, 5, 3, 2)": [0.013624763116240501, 0.012639245949685574, 0.012237184680998325, 0.009820790961384773, 0.01274742092937231], "(2, 5, 3, 3)": [0.012097544968128204, 0.012803535908460617, 0.011771788820624352, 0.00665340106934309, 0.008827046491205692], "(2, 4, 2, 2)": [0.010516495443880558, 0.011884398758411407, 0.012261425144970417, 0.013477528467774391, 0.013554013334214687], "(2, 4, 3, 2)": [0.013714129105210304, 0.013665280304849148, 0.013650031760334969, 0.013606682419776917, 0.013588029891252518], "(2, 4, 3, 3)": [0.013589915819466114, 0.013753330335021019, 0.014019779860973358, 0.013889498077332973, 0.01380141545087099], "(2, 4, 4, 3)": [0.013913328759372234, 0.013724735006690025, 0.013761263340711594, 0.013754326850175858, 0.013794314116239548], "(2, 4, 1, 1)": [0.008009097538888454, 0.010690332390367985, 0.00955765601247549, 0.00859399326145649, 0.012498670257627964], "(2, 4, 2, 1)": [0.007485746871680021, 0.00560577679425478, 0.006378299556672573, 0.006010168232023716, 0.009576245211064816], "(2, 5, 4, 3)": [0.013185224495828152, 0.011180794797837734, 0.012316212058067322, 0.0106895063072443, 0.009058507159352303], "(2, 4, 1, 2)": [0.013258248567581177, 0.010993119329214096, 0.013486861251294613, 0.012379259802401066, 0.013700277544558048], "(2, 5, 1, 2)": [0.013798560947179794, 0.013888169080018997, 0.013601881451904774, 0.013863824307918549, 0.013596625067293644], "(2, 5, 0, 2)": [0.012866825796663761, 0.012899499386548996, 0.013004636391997337, 0.013672962784767151, 0.012729010544717312], "(2, 5, 2, 3)": [0.005760643165558577, 0.006640954874455929, 0.0027747226413339376, 0.006967001128941774, 0.0007139348890632391], "(2, 4, 0, 1)": [0.011550704948604107, 0.007628020830452442, 0.00958127062767744, 0.012335349805653095, 0.013258320279419422], "(2, 4, 4, 2)": [0.013229434378445148, 0.012532951310276985, 0.012983759865164757, 0.013530271127820015, 0.013065596111118793], "(2, 4, 5, 3)": [0.010571305640041828, 0.0073075140826404095, 0.008729961700737476, 0.006082598585635424, 0.006939717568457127], "(3, 4, 4, 2)": [0.004625806584954262, 0.01113852858543396, 0.0057741026394069195, 0.006681457161903381, 0.004901645705103874], "(3, 4, 3, 2)": [0.008916369639337063, 0.010378613136708736, 0.00965278223156929, 0.010553354397416115, 0.008328097872436047], "(3, 4, 2, 1)": [0.001732217031531036, 0.006202246993780136, 0.0021051231306046247, 0.0017667057691141963, 0.004031043034046888], "(3, 4, 2, 2)": [0.007940909825265408, 0.009762963280081749, 0.00745722372084856, 0.007098624482750893, 0.007870043627917767], "(3, 4, 3, 1)": [0.000996608636341989, 0.0, 0.0009417759138159454, 0.0021853577345609665, 0.0], "(2, 5, 0, 1)": [0.013813662342727184, 0.013826734386384487, 0.013984724879264832, 0.013859611935913563, 0.013954369351267815], "(2, 5, 5, 3)": [0.004895814228802919, 0.007572723086923361, 0.012030263431370258, 0.00825585424900055, 0.0015651419525966048], "(3, 5, 4, 3)": [0.00840908195823431, 0.011536157689988613, 0.006294244900345802, 0.008149775676429272, 0.006685377564281225], "(3, 5, 3, 2)": [0.011533933691680431, 0.006695699878036976, 0.008965442888438702, 0.009844249114394188, 0.009935137815773487], "(3, 5, 2, 2)": [0.012354640290141106, 0.010130860842764378, 0.009807716123759747, 0.008799707517027855, 0.008878083899617195], "(3, 5, 1, 1)": [0.008759385906159878, 0.004164205864071846, 0.003756091929972172, 0.0031316163949668407, 0.004498833324760199], "(3, 5, 1, 2)": [0.0070460946299135685, 0.00994369387626648, 0.007467659190297127, 0.005545320454984903, 0.0067476690746843815], "(3, 4, 1, 1)": [0.004381109029054642, 0.004488979000598192, 0.006263925693929195, 0.010153830982744694, 0.005138353444635868], "(2, 4, 0, 0)": [0.0, 0.0010805894853547215, 0.0, 0.0, 0.0], "(1, 4, 0, 1)": [0.0021998449228703976, 0.008208580315113068, 0.0059169577434659, 0.004904455505311489, 0.008047789335250854], "(1, 4, 1, 2)": [0.007257907651364803, 0.0064610387198626995, 0.003274542512372136, 0.005003089550882578, 0.00953410379588604], "(1, 4, 2, 2)": [0.008255669847130775, 0.005046477075666189, 0.006016651168465614, 0.011836245656013489, 0.008955597877502441], "(1, 4, 3, 2)": [0.0037959767505526543, 0.006295078434050083, 0.004283888265490532, 0.006564815528690815, 0.00938406866043806], "(1, 4, 4, 3)": [0.0037436934653669596, 0.0010645044967532158, 0.0, 0.0, 0.0011502908309921622], "(2, 5, 1, 1)": [0.01349671185016632, 0.013952509500086308, 0.013384336605668068, 0.013704393990337849, 0.013631217181682587], "(2, 4, 0, 2)": [0.0014161203289404511, 0.003458726219832897, 0.0023422609083354473, 0.0026066191494464874, 0.008681630715727806], "(2, 4, 2, 3)": [0.0023503038100898266, 0.0, 0.0, 0.0, 0.0], "(3, 5, 3, 3)": [0.0029451793525367975, -0.00046210980508476496, 0.003917721100151539, 0.0032353349961340427, 0.00045097130350768566], "(3, 5, 0, 1)": [0.005480055231601, 0.0019763896707445383, 0.0029087874572724104, 0.0010589807061478496, 0.004576484207063913], "(3, 5, 0, 2)": [0.0, 0.0, 0.002010838594287634, 0.0, 0.0], "(3, 4, 4, 3)": [0.0012724521802738309, 0.0, 0.00457932660356164, 0.0, 0.0009977322770282626], "(3, 5, 4, 2)": [0.0033118892461061478, 0.004320019856095314, 0.0032282855827361345, 0.0012584602227434516, 0.004743305500596762], "(3, 5, 5, 3)": [0.0, -7.69405160099268e-05, 0.0, 0.0010686255991458893, 0.0], "(3, 4, 0, 1)": [0.005117141641676426, -0.0013656194787472486, 0.0028318888507783413, 0.0, 0.0031101228669285774], "(2, 5, 4, 2)": [0.004420883487910032, 0.002306288806721568, 0.0026348386891186237, 0.009480517357587814, 0.004419662058353424], "(1, 4, 1, 1)": [-0.0011885829735547304, 0.0, 0.0070787048898637295, 0.0009393069776706398, 0.000993350287899375], "(1, 5, 2, 2)": [0.006981971673667431, 0.010875824838876724, 0.00665282690897584, 0.01031405571848154, 0.008781767450273037], "(1, 5, 1, 2)": [0.009550451301038265, 0.009655611589550972, 0.0046997773461043835, 0.00838262028992176, 0.008520552888512611], "(1, 5, 2, 3)": [0.002578491112217307, 0.0029282730538398027, 0.006647070869803429, 0.0029077015351504087, -0.0007366274949163198], "(1, 5, 3, 3)": [0.0002115367678925395, 0.002205919474363327, 0.003521527862176299, 0.0068374983966350555, 0.003117137122899294], "(2, 5, 2, 1)": [0.0, 0.0014026955468580127, 0.0, 0.0, 0.0], "(2, 4, -1, 1)": [0.0, 0.0, 0.0021627130918204784, 0.0, 0.0], "(2, 4, -1, 0)": [0.0, 0.0, 0.0, 0.0009029453503899276, 0.0], "(1, 4, -1, 0)": [0.0, 0.0009590714471414685, 0.0, 0.0011129396734759212, 0.0], "(3, 4, 1, 2)": [0.0021273791790008545, 0.0010961747029796243, 0.0, 0.0, 0.0011005037231370807], "(3, 4, 5, 3)": [0.0009998795576393604, 0.0020652362145483494, 0.001029309001751244, 0.0, 0.0], "(1, 4, 3, 3)": [0.006701256614178419, 0.0031145329121500254, 0.002761265030130744, 0.0, 0.0010477644391357899], "(1, 5, 4, 3)": [0.002235453575849533, 0.0010261018760502338, 0.0, 0.0013531340518966317, 0.0], "(2, 4, 5, 2)": [0.0, 0.0, 0.0, 0.001679401844739914, 0.0009086569189094007], "(3, 4, 5, 2)": [0.002100628335028887, 0.0026821838691830635, 0.0, 0.002582257380709052, 0.003668933641165495], "(3, 4, 6, 3)": [0.0, 0.001038669259287417, 0.0, 0.0, 0.0], "(1, 5, 3, 2)": [0.00385587802156806, 0.0, 0.0, 0.0012862629955634475, 0.0010778451105579734], "(1, 5, 0, 2)": [0.0010417394805699587, 0.0021713178139179945, 0.0021580581087619066, 0.005535211879760027, 0.0031723054125905037], "(1, 5, 0, 1)": [0.002881432417780161, 0.0, 0.002251251833513379, 0.0028201076202094555, 0.0022126147523522377], "(1, 4, 0, 2)": [0.0, 0.0012183274375274777, 0.002243722788989544, 0.0, 0.0012098402949050069], "(2, 4, 6, 3)": [0.003233897965401411, 0.0, 0.0, 0.0, 0.0], "(1, 4, -1, 1)": [0.0, 0.0, 0.0, 0.0, 0.0008912854245863855], "(2, 5, 4, 4)": [-0.0018192343413829803, 0.0, 0.0, 0.0, 0.0]}}