{"q_values": {"(2, 5, 2, 2)": [0.01357494667172432, 0.013873607851564884, 0.01341489888727665, 0.01142455916851759, 0.013255310244858265], "(2, 5, 3, 2)": [0.013173118233680725, 0.010521397925913334, 0.01350418571382761, 0.013310948386788368, 0.013498337008059025], "(2, 5, 3, 3)": [0.012103922665119171, 0.013557934202253819, 0.009130087681114674, 0.010167491622269154, 0.008755164220929146], "(2, 4, 2, 2)": [0.013873010873794556, 0.013759749010205269, 0.01359617616981268, 0.013491514138877392, 0.013947340659797192], "(2, 4, 3, 2)": [0.01378648728132248, 0.01386019866913557, 0.013741104863584042, 0.014075953513383865, 0.013880500569939613], "(2, 4, 3, 3)": [0.013878397643566132, 0.013975215144455433, 0.01402162667363882, 0.013979386538267136, 0.013951514847576618], "(2, 4, 4, 3)": [0.014025918208062649, 0.01387530006468296, 0.013851872645318508, 0.013902012258768082, 0.013852749019861221], "(2, 4, 1, 1)": [0.013066188432276249, 0.011783361434936523, 0.005833741277456284, 0.009802963584661484, 0.00963648222386837], "(2, 4, 2, 1)": [0.007501149550080299, 0.006358579266816378, 0.007804171182215214, 0.0064051165245473385, 0.011899817734956741], "(2, 5, 4, 3)": [0.010122456587851048, 0.009090343490242958, 0.010691206902265549, 0.012829737737774849, 0.009413419291377068], "(2, 4, 1, 2)": [0.01359464880079031, 0.011739404872059822, 0.01062496192753315, 0.013656753115355968, 0.013710802420973778], "(2, 5, 1, 2)": [0.013969123363494873, 0.013875582255423069, 0.013710200786590576, 0.013748813420534134, 0.01384661253541708], "(2, 5, 0, 2)": [0.013377677649259567, 0.013102426193654537, 0.01345592550933361, 0.013728521764278412, 0.01338936947286129], "(2, 5, 2, 3)": [0.004156229551881552, 0.00513914879411459, 0.007162910886108875, 0.006387501489371061, 0.006960303522646427], "(2, 4, 0, 1)": [0.00932097528129816, 0.008953230455517769, 0.010620013810694218, 0.009863055311143398, 0.009965293109416962], "(2, 4, 4, 2)": [0.01348964311182499, 0.013148795813322067, 0.013354352675378323, 0.013665979728102684, 0.01334508415311575], "(2, 4, 5, 3)": [0.011083215475082397, 0.0073075140826404095, 0.0091589679941535, 0.00845048576593399, 0.006939717568457127], "(3, 4, 4, 2)": [0.006171529646962881, 0.011498053558170795, 0.0057741026394069195, 0.0072188591584563255, 0.004901645705103874], "(3, 4, 3, 2)": [0.009314275346696377, 0.01139011513441801, 0.009957345202565193, 0.006432501599192619, 0.00976637750864029], "(3, 4, 2, 1)": [0.001732217031531036, 0.008184224367141724, 0.002971914131194353, 0.0005005116108804941, 0.004807142540812492], "(3, 4, 2, 2)": [0.009943722747266293, 0.01127968542277813, 0.008008481003344059, 0.00755119975656271, 0.008838741108775139], "(3, 4, 3, 1)": [0.000996608636341989, 0.0, 0.0009417759138159454, 0.0031283372081816196, 0.0], "(2, 5, 0, 1)": [0.013720122165977955, 0.013885839842259884, 0.013915459625422955, 0.014058618806302547, 0.01383355725556612], "(2, 5, 5, 3)": [0.0072288052178919315, 0.007572723086923361, 0.01242884062230587, 0.00825585424900055, 0.0015692934393882751], "(3, 5, 4, 3)": [0.009048761799931526, 0.011721557937562466, 0.006294244900345802, 0.008676593191921711, 0.006685377564281225], "(3, 5, 3, 2)": [0.01202333252876997, 0.008457062765955925, 0.009540803730487823, 0.01067464891821146, 0.01060008816421032], "(3, 5, 2, 2)": [0.012716514989733696, 0.010541949421167374, 0.010104533284902573, 0.010563393123447895, 0.009903021156787872], "(3, 5, 1, 1)": [0.008759385906159878, 0.004164205864071846, 0.004755067173391581, 0.0031316163949668407, 0.004498833324760199], "(3, 5, 1, 2)": [0.008196979761123657, 0.011269528418779373, 0.007467659190297127, 0.005545320454984903, 0.007833657786250114], "(3, 4, 1, 1)": [0.004381109029054642, 0.006128558423370123, 0.006263925693929195, 0.008511556312441826, 0.005823302548378706], "(2, 4, 0, 0)": [0.0, 0.0010805894853547215, 0.0, 0.0, 0.0], "(1, 4, 0, 1)": [0.0031266233418136835, 0.010050429031252861, 0.0039045808371156454, 0.003118577180430293, 0.009074470028281212], "(1, 4, 1, 2)": [0.00841301865875721, 0.007689265534281731, 0.005770853720605373, 0.005568827502429485, 0.011672734282910824], "(1, 4, 2, 2)": [0.008835581131279469, 0.005853492766618729, 0.008426028303802013, 0.012124808505177498, 0.010345962829887867], "(1, 4, 3, 2)": [0.0037959767505526543, 0.006295078434050083, 0.005927072372287512, 0.006564815528690815, 0.00938406866043806], "(1, 4, 4, 3)": [0.0037436934653669596, 0.0010645044967532158, 0.0, 0.0, 0.0011502908309921622], "(2, 5, 1, 1)": [0.013753167353570461, 0.013958169147372246, 0.0138951875269413, 0.013919612392783165, 0.013891687616705894], "(2, 4, 0, 2)": [0.003685292787849903, 0.003458726219832897, 0.00550855090841651, 0.004714906215667725, 0.010609401389956474], "(2, 4, 2, 3)": [0.0023503038100898266, 0.0, 0.0, 0.0, 0.0], "(3, 5, 3, 3)": [0.0029451793525367975, 0.0008630177471786737, 0.004790592473000288, 0.0032353349961340427, 0.0014665754279121757], "(3, 5, 0, 1)": [0.007322913967072964, 0.0019763896707445383, 0.0029087874572724104, 0.0010589807061478496, 0.004576484207063913], "(3, 5, 0, 2)": [0.0, 0.0, 0.002010838594287634, 0.0, 0.0], "(3, 4, 4, 3)": [0.0012724521802738309, 0.0, 0.005466151051223278, 0.0, 0.0009977322770282626], "(3, 5, 4, 2)": [0.0033118892461061478, 0.004320019856095314, 0.0032282855827361345, 0.0012584602227434516, 0.004743305500596762], "(3, 5, 5, 3)": [0.0, -7.69405160099268e-05, 0.0, 0.0010686255991458893, 0.0], "(3, 4, 0, 1)": [0.005117141641676426, -0.0013656194787472486, 0.0028318888507783413, 0.0, 0.0031101228669285774], "(2, 5, 4, 2)": [0.004420883487910032, 0.002306288806721568, 0.0026348386891186237, 0.009948527440428734, 0.005339089781045914], "(1, 4, 1, 1)": [-0.0011885829735547304, 0.0, 0.004908823408186436, 0.0009393069776706398, 0.000993350287899375], "(1, 5, 2, 2)": [0.007781926542520523, 0.011922933161258698, 0.00665282690897584, 0.011479842476546764, 0.009279957041144371], "(1, 5, 1, 2)": [0.01069136057049036, 0.012354295700788498, 0.006261203438043594, 0.009580562822520733, 0.01038990169763565], "(1, 5, 2, 3)": [0.004976264666765928, 0.004650132730603218, 0.00846839603036642, 0.00389639800414443, -8.780858479440212e-06], "(1, 5, 3, 3)": [0.0011768669355660677, 0.005934133660048246, 0.005098332185298204, 0.007722793612629175, 0.004722130950540304], "(2, 5, 2, 1)": [0.0, 0.0014026955468580127, 0.0, 0.0, 0.0], "(2, 4, -1, 1)": [0.0, 0.0, 0.0021627130918204784, 0.0, 0.0], "(2, 4, -1, 0)": [0.0, 0.0, 0.0, 0.0009029453503899276, 0.0], "(1, 4, -1, 0)": [0.0, 0.0009590714471414685, 0.0, 0.0022137402556836605, 0.0], "(3, 4, 1, 2)": [0.0031369763892143965, 0.0010961747029796243, 0.0, 0.0, 0.0033152138348668814], "(3, 4, 5, 3)": [0.0009998795576393604, 0.0028975559398531914, 0.002240794477984309, 0.0, 0.0], "(1, 4, 3, 3)": [0.007235183380544186, 0.0031145329121500254, 0.002761265030130744, 0.0, 0.0010477644391357899], "(1, 5, 4, 3)": [0.003118275897577405, 0.0010261018760502338, 0.0, 0.0013531340518966317, 0.0], "(2, 4, 5, 2)": [0.0, 0.0, 0.0, 0.001679401844739914, 0.0009086569189094007], "(3, 4, 5, 2)": [0.002100628335028887, 0.0026821838691830635, 0.0, 0.002582257380709052, 0.003668933641165495], "(3, 4, 6, 3)": [0.0, 0.001038669259287417, 0.0, 0.0, 0.0], "(1, 5, 3, 2)": [0.00385587802156806, 0.0, 0.0, 0.0012862629955634475, 0.0010778451105579734], "(1, 5, 0, 2)": [0.005368554964661598, 0.007128534372895956, 0.004795203451067209, 0.009386642836034298, 0.007341617252677679], "(1, 5, 0, 1)": [0.005640595685690641, 0.0, 0.004042292479425669, 0.0028201076202094555, 0.003911741077899933], "(1, 4, 0, 2)": [0.002489816164597869, 0.0024063261225819588, 0.0033401460386812687, 0.0010693087242543697, 0.0012098402949050069], "(2, 4, 6, 3)": [0.003233897965401411, 0.0, 0.0, 0.0, 0.0], "(1, 4, -1, 1)": [0.0, 0.0, 0.0, 0.0, 0.001815557130612433], "(2, 5, 4, 4)": [-0.0018192343413829803, 0.0, 0.0, 0.0, 0.0], "(1, 4, 2, 3)": [0.0, 0.0012027714401483536, 0.0, 0.0, 0.0], "(1, 5, 1, 3)": [0.0, 0.0, 0.0, 0.001022323383949697, 0.0],