{"q_values": {"(2, 6, 1, 1)": [-4.39149808883667, -4.391175270080566, -4.397650718688965, -4.39509391784668, -4.389443397521973, -4.389384746551514, -4.383551120758057], "(2, 6, 2, 1)": [-4.3793044090271, -4.381851673126221, -4.3793158531188965, -4.372838497161865, -4.377984523773193, -4.373046875, -4.3492608070373535], "(2, 7, 1, 1)": [-4.378774642944336, -4.374073028564453, -4.383025646209717, -4.377943992614746, -4.382905006408691, -4.371944427490234, -4.366178035736084], "(2, 6, 0, 1)": [-4.394069671630859, -4.381088733673096, -4.38336181640625, -4.387907981872559, -4.3852386474609375, -4.385112762451172, -4.386390209197998], "(2, 7, 2, 1)": [-4.369959354400635, -4.369507312774658, -4.349623203277588, -4.363353729248047, -4.350625991821289, -4.340070724487305, -4.294234275817871], "(2, 8, 2, 2)": [-4.119873046875, -4.105640888214111, -4.113110542297363, -4.090234756469727, -4.072487831115723, -4.084963798522949, -3.8835291862487793], "(2, 9, 2, 1)": [-4.119195938110352, -4.017155647277832, -4.101779937744141, -4.153450012207031, -3.964960813522339, -3.8565986156463623, -3.6984219551086426], "(2, 10, 2, 1)": [-3.0756068229675293, -2.7300217151641846, -2.9778101444244385, -3.0013322830200195, -2.951143980026245, -2.5448529720306396, -2.634503126144409], "(2, 10, 1, 1)": [-4.092477798461914, -4.11593770980835, -3.774582862854004, -3.521491289138794, -3.748657703399658, -3.3815789222717285, -3.303377628326416], "(2, 0, 1, 1)": [-3.4200034141540527, -3.8623239994049072, -3.702202796936035, -3.660491943359375, -3.879972219467163, -3.6891531944274902, -3.9141199588775635], "(2, 0, 2, 1)": [-4.344651222229004, -4.363534450531006, -4.383759498596191, -4.370237350463867, -4.34498929977417, -4.388490676879883, -4.366318225860596], "(2, 1, 2, 1)": [-4.36476993560791, -4.371849536895752, -4.355360507965088, -4.3454813957214355, -4.3548173904418945, -4.359057426452637, -4.36573600769043], "(2, 2, 2, 1)": [-4.357328414916992, -4.358173847198486, -4.37484884262085, -4.358915328979492, -4.369543552398682, -4.374685764312744, -4.365910530090332], "(2, 3, 2, 1)": [-4.364498615264893, -4.396876811981201, -4.369744777679443, -4.372480392456055, -4.362177848815918, -4.362863540649414, -4.377533912658691], "(2, 4, 2, 1)": [-4.388490200042725, -4.379121780395508, -4.380344867706299, -4.379215717315674, -4.384276866912842, -4.386449337005615, -4.38464879989624], "(2, 5, 2, 1)": [-4.389238357543945, -4.384628772735596, -4.385089874267578, -4.39306640625, -4.383611679077148, -4.38139009475708, -4.3842010498046875], "(2, 5, 1, 1)": [-4.394183158874512, -4.397517681121826, -4.394983768463135, -4.394787788391113, -4.394768714904785, -4.39459228515625, -4.393928050994873], "(3, 6, 2, 1)": [-4.353297233581543, 0.0, 0.0, 0.0, 0.0, 0.0, -4.353297233581543], "(3, 6, 1, 1)": [-4.353297233581543, 0.0, 0.0, 0.0, 0.0, 0.0, -4.353297233581543], "(3, 5, 1, 1)": [-4.353297233581543, -4.353297233581543, 0.0, -4.353297233581543, 0.0, -4.353297233581543, 0.0], "(3, 4, 0, 0)": [0.0, 0.0, 0.0, 0.0, -4.353297233581543, 0.0, 0.0], "(3, 4, 1, 1)": [0.0, 0.0, -4.353297233581543, 0.0, 0.0, 0.0, -4.353297233581543], "(3, 3, 1, 1)": [-4.353296279907227, 0.0, -4.353297233581543, -4.353297233581543, 0.0, -4.353297233581543, 0.0], "(3, 2, 1, 1)": [-4.353281021118164, 0.0, 0.0, -4.353230953216553, -4.3532891273498535, -4.35329532623291, -4.3531646728515625], "(3, 2, 2, 1)": [0.0, 0.0, -4.352766036987305, 0.0, 0.0, 0.0, 0.0], "(3, 1, 1, 1)": [-3.8091354370117188, 0.0, 0.0, -4.081216335296631, -4.349046230316162, -4.351171970367432, 0.0], "(3, 1, 2, 1)": [-4.285277366638184, 0.0, -4.344794750213623, -4.319287300109863, -4.336292266845703, 0.0, 0.0], "(3, 0, 1, 1)": [0.0, 0.0, 0.0, -3.2649731636047363, -2.1766488552093506, 0.0, 0.0], "(2, 8, 1, 1)": [-4.371356010437012, -4.378557205200195, -4.369585037231445, -4.358783721923828, -4.356510639190674, -4.3307061195373535, -4.353809356689453], "(2, 8, 2, 1)": [-4.346217632293701, -4.324063301086426, -4.321208477020264, -4.306625843048096, -4.288331985473633, -4.271129131317139, -4.131800174713135], "(2, 2, 1, 1)": [-4.307625770568848, -4.345961570739746, -4.353012561798096, -4.354501724243164, -4.356144428253174, -4.370174407958984, -4.368222713470459], "(2, 3, 1, 1)": [-4.367905139923096, -4.378312110900879, -4.376517295837402, -4.390658855438232, -4.382472515106201, -4.377583026885986, -4.375732898712158], "(2, 1, 1, 1)": [-4.146149158477783, -4.233700752258301, -4.237026214599609, -4.263700485229492, -4.304267406463623, -4.298526763916016, -4.322632789611816], "(2, 1, 0, 1)": [-3.612116575241089, -3.753743886947632, -3.8936431407928467, -3.8506481647491455, -3.9851701259613037, -4.019830703735352, -4.0777668952941895], "(2, 0, 0, 1)": [-2.641240358352661, -2.5305960178375244, -2.7542037963867188, -3.028165102005005, -2.8403725624084473, -3.210423469543457, -2.906895160675049], "(2, 9, 1, 1)": [-4.346867084503174, -4.323421955108643, -4.310190677642822, -4.238311290740967, -4.264934062957764, -4.19236421585083, -4.242075443267822], "(2, 4, 1, 1)": [-4.389534950256348, -4.391205310821533, -4.391021728515625, -4.397838592529297, -4.395325660705566, -4.394413948059082, -4.391802787780762], "(2, 3, 0, 1)": [-4.332779884338379, -4.315409183502197, -4.362740516662598, -4.3531270027160645, -4.37553071975708, -4.368179798126221, -4.380208492279053], "(2, 2, 0, 1)": [-4.14768123626709, -4.219329357147217, -4.236558437347412, -4.288205623626709, -4.274319648742676, -4.314702987670898, -4.329929828643799], "(2, 10, 0, 1)": [-4.316310405731201, -4.388307571411133, -4.388574123382568, -4.365467071533203, -4.378951549530029, -4.37308406829834, -4.411681175231934], "(2, 9, 0, 1)": [-4.377756595611572, -4.385949611663818, -4.383645057678223, -4.377249717712402, -4.380997180938721, -4.397220134735107, -4.352477073669434], "(2, 7, 2, 2)": [-4.363857746124268, -4.2694478034973145, -4.315382957458496, -4.227152347564697, -4.353372573852539, -4.236349582672119, -4.171586990356445], "(2, 8, 0, 1)": [-4.388574123382568, -4.377522945404053, -4.3870697021484375, -4.384550094604492, -4.386847972869873, -4.369495391845703, -4.376006126403809], "(2, 7, 0, 1)": [-4.384711742401123, -4.380908012390137, -4.373838424682617, -4.373859882354736, -4.381812572479248, -4.3765177726745605, -4.382519721984863], "(1, 10, 0, 1)": [-4.361204147338867, -4.22904634475708, -4.363335609436035, -4.348414897918701, -3.8197836875915527, 0.0, -4.356941223144531], "(2, 5, 0, 1)": [-4.390254020690918, -4.387376308441162, -4.403532028198242, -4.399900913238525, -4.39865255355835, -4.395086288452148, -4.389352321624756], "(1, 7, 1, 1)": [-4.368961334228516, -4.368961334228516, -4.368961334228516, 0.0, 0.0, 0.0, 0.0], "(1, 1, 1, 1)": [-4.290167808532715, -4.335056304931641, -4.3684282302856445, -4.365873336791992, -4.345975875854492, -4.364695072174072, -4.367321491241455], "(1, 7, 0, 1)": [-4.368961334228516, -4.368961334228516, -4.368961334228516, 0.0, -4.386013031005859, -4.368961334228516, -4.394448280334473], "(1, 8, 0, 1)": [-4.368961334228516, -4.368961334228516, -4.410604476928711, -4.40952730178833, 0.0, 0.0, 0.0], "(1, 6, 0, 1)": [-4.368961334228516, -4.368961334228516, -4.368961334228516, 0.0, 0.0, 0.0, 0.0], "(1, 5, 0, 1)": [-4.368961334228516, -4.343906402587891, -4.41050386428833, 0.0, 0.0, 0.0, 0.0], "(1, 5, 0, 0)": [0.0, 0.0, -4.368961334228516, -4.368961334228516, 0.0, 0.0, 0.0], "(1, 4, 0, 0)": [-4.222850322723389, 0.0, -4.368961334228516, 0.0, 0.0, 0.0, 0.0], "(1, 3, 0, 0)": [-3.950408458709717, -4.368961334228516, -4.309104919433594, 0.0, -4.368961334228516, 0.0, 0.0], "(1, 2, 0, 0)": [-3.269303321838379, -3.998849391937256, 0.0, 0.0, -4.368961334228516, 0.0, 0.0], "(1, 2, 0, 1)": [0.0, 0.0, 0.0, 0.0, -4.368961334228516, 0.0, 0.0], "(1, 1, 0, 1)": [0.0, -4.368961334228516, -4.368961334228516, -4.0959014892578125, -4.368961334228516, -4.368961334228516, 0.0],