{"q_values": {"(2, 6, 1, 1)": [-4.391056060791016, -4.391175270080566, -4.398212909698486, -4.395518779754639, -4.389644622802734, -4.389736652374268, -4.389483451843262], "(2, 6, 2, 1)": [-4.3793044090271, -4.379487991333008, -4.3793158531188965, -4.372838497161865, -4.377984523773193, -4.373046875, -4.364757061004639], "(2, 7, 1, 1)": [-4.378774642944336, -4.374073028564453, -4.383025646209717, -4.377943992614746, -4.382905006408691, -4.371423721313477, -4.36734676361084], "(2, 6, 0, 1)": [-4.394069671630859, -4.381088733673096, -4.38336181640625, -4.387907981872559, -4.3852386474609375, -4.385112762451172, -4.386390209197998], "(2, 7, 2, 1)": [-4.369959354400635, -4.369507312774658, -4.349623203277588, -4.363353729248047, -4.35037899017334, -4.340070724487305, -4.2989821434021], "(2, 8, 2, 2)": [-4.119873046875, -4.105640888214111, -4.113110542297363, -4.090234756469727, -4.072487831115723, -4.084963798522949, -3.900845527648926], "(2, 9, 2, 1)": [-4.119195938110352, -4.014194965362549, -4.101003170013428, -4.153450012207031, -3.95444655418396, -3.875725507736206, -3.7284095287323], "(2, 10, 2, 1)": [-3.0756068229675293, -2.7529385089874268, -2.9778101444244385, -2.981492757797241, -2.951143980026245, -2.58197021484375, -2.634503126144409], "(2, 10, 1, 1)": [-4.168895244598389, -4.11593770980835, -3.7619130611419678, -3.490054130554199, -3.748657703399658, -3.3815789222717285, -3.3044486045837402], "(2, 0, 1, 1)": [-3.402371644973755, -3.8623239994049072, -3.7069103717803955, -3.678826332092285, -3.922487258911133, -3.687141180038452, -3.9141199588775635], "(2, 0, 2, 1)": [-4.344651222229004, -4.363534450531006, -4.383759498596191, -4.370237350463867, -4.34498929977417, -4.388490676879883, -4.366318225860596], "(2, 1, 2, 1)": [-4.36476993560791, -4.371849536895752, -4.355360507965088, -4.3454813957214355, -4.3548173904418945, -4.359057426452637, -4.36573600769043], "(2, 2, 2, 1)": [-4.357328414916992, -4.358173847198486, -4.37484884262085, -4.358915328979492, -4.369543552398682, -4.374685764312744, -4.365910530090332], "(2, 3, 2, 1)": [-4.364498615264893, -4.396876811981201, -4.369744777679443, -4.372480392456055, -4.362177848815918, -4.362863540649414, -4.377533912658691], "(2, 4, 2, 1)": [-4.388490200042725, -4.379121780395508, -4.380344867706299, -4.379215717315674, -4.384276866912842, -4.386449337005615, -4.38464879989624], "(2, 5, 2, 1)": [-4.389238357543945, -4.379893779754639, -4.385089874267578, -4.39306640625, -4.383611679077148, -4.379973888397217, -4.379972457885742], "(2, 5, 1, 1)": [-4.391913414001465, -4.396336078643799, -4.394983768463135, -4.394865989685059, -4.39158296585083, -4.3915300369262695, -4.391544342041016], "(3, 6, 2, 1)": [-4.353297233581543, 0.0, 0.0, 0.0, 0.0, 0.0, -4.353297233581543], "(3, 6, 1, 1)": [-4.353297233581543, 0.0, 0.0, 0.0, 0.0, 0.0, -4.353297233581543], "(3, 5, 1, 1)": [-4.353297233581543, -4.353297233581543, 0.0, -4.353297233581543, 0.0, -4.353297233581543, 0.0], "(3, 4, 0, 0)": [0.0, 0.0, 0.0, 0.0, -4.353297233581543, 0.0, 0.0], "(3, 4, 1, 1)": [0.0, 0.0, -4.353297233581543, 0.0, 0.0, 0.0, -4.353297233581543], "(3, 3, 1, 1)": [-4.353296279907227, 0.0, -4.353297233581543, -4.353297233581543, 0.0, -4.353297233581543, 0.0], "(3, 2, 1, 1)": [-4.353281021118164, 0.0, 0.0, -4.353230953216553, -4.3532891273498535, -4.35329532623291, -4.3531646728515625], "(3, 2, 2, 1)": [0.0, 0.0, -4.352766036987305, 0.0, 0.0, 0.0, 0.0], "(3, 1, 1, 1)": [-3.8091354370117188, 0.0, 0.0, -4.081216335296631, -4.349046230316162, -4.351171970367432, 0.0], "(3, 1, 2, 1)": [-4.285277366638184, 0.0, -4.344794750213623, -4.319287300109863, -4.336292266845703, 0.0, 0.0], "(3, 0, 1, 1)": [0.0, 0.0, 0.0, -3.2649731636047363, -2.1766488552093506, 0.0, 0.0], "(2, 8, 1, 1)": [-4.371356010437012, -4.378557205200195, -4.369585037231445, -4.358775615692139, -4.356510639190674, -4.335978031158447, -4.357855319976807], "(2, 8, 2, 1)": [-4.346217632293701, -4.324063301086426, -4.321208477020264, -4.306625843048096, -4.288331985473633, -4.271129131317139, -4.132843971252441], "(2, 2, 1, 1)": [-4.30879545211792, -4.345961570739746, -4.353012561798096, -4.354638576507568, -4.356144428253174, -4.370174407958984, -4.368222713470459], "(2, 3, 1, 1)": [-4.365547180175781, -4.378312110900879, -4.376517295837402, -4.3886823654174805, -4.382472515106201, -4.37645959854126, -4.375732898712158], "(2, 1, 1, 1)": [-4.150447845458984, -4.233700752258301, -4.237026214599609, -4.263700485229492, -4.312030792236328, -4.298526763916016, -4.330143451690674], "(2, 1, 0, 1)": [-3.611936330795288, -3.753743886947632, -3.8936431407928467, -3.8502657413482666, -3.990877628326416, -4.019830703735352, -4.0777668952941895], "(2, 0, 0, 1)": [-2.641240358352661, -2.5374178886413574, -2.7542037963867188, -3.028165102005005, -2.8403725624084473, -3.210423469543457, -2.906895160675049], "(2, 9, 1, 1)": [-4.346867084503174, -4.324296951293945, -4.307493686676025, -4.240884304046631, -4.268857002258301, -4.1969709396362305, -4.242075443267822], "(2, 4, 1, 1)": [-4.388458728790283, -4.391205310821533, -4.390313148498535, -4.397838592529297, -4.395280838012695, -4.394413948059082, -4.391802787780762], "(2, 3, 0, 1)": [-4.332779884338379, -4.319584846496582, -4.362740516662598, -4.3531270027160645, -4.373316764831543, -4.365551471710205, -4.380208492279053], "(2, 2, 0, 1)": [-4.152083873748779, -4.219329357147217, -4.236558437347412, -4.288205623626709, -4.274319648742676, -4.314702987670898, -4.329929828643799], "(2, 10, 0, 1)": [-4.316310405731201, -4.388307571411133, -4.388574123382568, -4.365467071533203, -4.378951549530029, -4.37308406829834, -4.411681175231934], "(2, 9, 0, 1)": [-4.377756595611572, -4.385949611663818, -4.383645057678223, -4.377249717712402, -4.380997180938721, -4.397220134735107, -4.352477073669434], "(2, 7, 2, 2)": [-4.363857746124268, -4.2694478034973145, -4.315382957458496, -4.225788116455078, -4.353372573852539, -4.236349582672119, -4.187307357788086], "(2, 8, 0, 1)": [-4.388574123382568, -4.377522945404053, -4.3870697021484375, -4.384550094604492, -4.386847972869873, -4.369495391845703, -4.376006126403809], "(2, 7, 0, 1)": [-4.384711742401123, -4.380908012390137, -4.373838424682617, -4.373859882354736, -4.381812572479248, -4.3765177726745605, -4.382519721984863], "(1, 10, 0, 1)": [-4.361204147338867, -4.22904634475708, -4.363335609436035, -4.348414897918701, -3.8197836875915527, 0.0, -4.356941223144531], "(2, 5, 0, 1)": [-4.390254020690918, -4.387376308441162, -4.403532028198242, -4.399900913238525, -4.39865255355835, -4.395086288452148, -4.386373519897461], "(1, 7, 1, 1)": [-4.368961334228516, -4.368961334228516, -4.368961334228516, 0.0, 0.0, 0.0, 0.0], "(1, 1, 1, 1)": [-4.290167808532715, -4.335056304931641, -4.3684282302856445, -4.365873336791992, -4.345975875854492, -4.364695072174072, -4.367321491241455], "(1, 7, 0, 1)": [-4.368961334228516, -4.368961334228516, -4.368961334228516, 0.0, -4.386013031005859, -4.368961334228516, -4.394448280334473], "(1, 8, 0, 1)": [-4.368961334228516, -4.368961334228516, -4.410604476928711, -4.40952730178833, 0.0, 0.0, 0.0], "(1, 6, 0, 1)": [-4.368961334228516, -4.368961334228516, -4.368961334228516, 0.0, 0.0, 0.0, 0.0], "(1, 5, 0, 1)": [-4.368961334228516, -4.343906402587891, -4.41050386428833, 0.0, 0.0, 0.0, 0.0], "(1, 5, 0, 0)": [0.0, 0.0, -4.368961334228516, -4.368961334228516, 0.0, 0.0, 0.0], "(1, 4, 0, 0)": [-4.222850322723389, 0.0, -4.368961334228516, 0.0, 0.0, 0.0, 0.0], "(1, 3, 0, 0)": [-3.950408458709717, -4.368961334228516, -4.309104919433594, 0.0, -4.368961334228516, 0.0, 0.0], "(1, 2, 0, 0)": [-3.269303321838379, -3.998849391937256, 0.0, 0.0, -4.368961334228516, 0.0, 0.0], "(1, 2, 0, 1)": [0.0, 0.0, 0.0, 0.0, -4.368961334228516, 0.0, 0.0], "(1, 1, 0, 1)": [0.0, -4.368961334228516, -4.368961334228516, -4.0959014892578125, -4.368961334228516, -4.368961334228516, 0.0],