{"q_values": {"(2, 6, 1, 1)": [-4.377263069152832, -4.379075527191162, -4.375263690948486, -4.375418186187744, -4.377269744873047, -4.379969120025635, -4.369777202606201], "(2, 6, 2, 1)": [-4.378427982330322, -4.3747239112854, -4.368520259857178, -4.371945381164551, -4.372072696685791, -4.371387481689453, -4.375524520874023], "(2, 7, 1, 1)": [-4.378523826599121, -4.375341415405273, -4.378544807434082, -4.3787055015563965, -4.378303527832031, -4.379025459289551, -4.368311882019043], "(2, 6, 0, 1)": [-4.387308120727539, -4.369277000427246, -4.372584819793701, -4.374249458312988, -4.39005184173584, -4.377111911773682, -4.379877090454102], "(2, 7, 2, 1)": [-4.376494407653809, -4.3720808029174805, -4.377015590667725, -4.371821403503418, -4.353143215179443, -4.37255859375, -4.3591814041137695], "(2, 8, 2, 2)": [-4.354513645172119, -4.3709588050842285, -4.006843566894531, -4.22612190246582, -4.282254219055176, -4.100603103637695, -4.148818492889404], "(2, 9, 2, 1)": [-4.13645076751709, -4.309793949127197, -4.167637348175049, -4.234724998474121, -4.018230438232422, -3.832261085510254, -4.027526378631592], "(2, 10, 2, 1)": [-3.8285984992980957, -2.732694387435913, -2.7396159172058105, -2.932216167449951, -3.554772138595581, -3.263559579849243, -2.7424674034118652], "(2, 10, 1, 1)": [-4.118011474609375, -4.148157119750977, -3.794212818145752, -3.674142360687256, -3.88017201423645, -3.5461912155151367, -3.37709641456604], "(2, 0, 1, 1)": [-3.8438382148742676, -3.94657564163208, -3.647174119949341, -3.845257520675659, -3.9863247871398926, -3.698556423187256, -3.9173660278320312], "(2, 0, 2, 1)": [-4.344651222229004, -4.363534450531006, -4.383759498596191, -4.366354942321777, -4.34498929977417, -4.388490676879883, -4.366318225860596], "(2, 1, 2, 1)": [-4.36476993560791, -4.35539436340332, -4.355360507965088, -4.3431806564331055, -4.3548173904418945, -4.359472274780273, -4.36573600769043], "(2, 2, 2, 1)": [-4.357328414916992, -4.358173847198486, -4.37484884262085, -4.3552117347717285, -4.369543552398682, -4.374685764312744, -4.365910530090332], "(2, 3, 2, 1)": [-4.361568450927734, -4.396181583404541, -4.374307155609131, -4.364426612854004, -4.357621192932129, -4.362863540649414, -4.396800994873047], "(2, 4, 2, 1)": [-4.371087074279785, -4.37033224105835, -4.379632949829102, -4.358733654022217, -4.386385440826416, -4.378670692443848, -4.376657485961914], "(2, 5, 2, 1)": [-4.381062984466553, -4.376081466674805, -4.367550373077393, -4.399340629577637, -4.372944355010986, -4.374258041381836, -4.376321792602539], "(2, 5, 1, 1)": [-4.382075786590576, -4.38187313079834, -4.381289958953857, -4.371096134185791, -4.384262561798096, -4.382964134216309, -4.3784003257751465], "(3, 6, 2, 1)": [-4.353297233581543, 0.0, 0.0, 0.0, 0.0, 0.0, -4.353297233581543], "(3, 6, 1, 1)": [-4.353297233581543, 0.0, 0.0, 0.0, 0.0, 0.0, -4.353297233581543], "(3, 5, 1, 1)": [-4.353297233581543, -4.353297233581543, 0.0, -4.353297233581543, 0.0, -4.353297233581543, 0.0], "(3, 4, 0, 0)": [0.0, 0.0, 0.0, 0.0, -4.353297233581543, 0.0, 0.0], "(3, 4, 1, 1)": [0.0, 0.0, -4.353297233581543, 0.0, 0.0, 0.0, -4.353297233581543], "(3, 3, 1, 1)": [-4.353296279907227, 0.0, -4.353297233581543, -4.353297233581543, 0.0, -4.353297233581543, 0.0], "(3, 2, 1, 1)": [-4.353281021118164, 0.0, 0.0, -4.353230953216553, -4.3532891273498535, -4.35329532623291, -4.3531646728515625], "(3, 2, 2, 1)": [0.0, 0.0, -4.352766036987305, 0.0, 0.0, 0.0, 0.0], "(3, 1, 1, 1)": [-3.8091354370117188, 0.0, 0.0, -4.081216335296631, -4.349046230316162, -4.351171970367432, 0.0], "(3, 1, 2, 1)": [-4.285277366638184, 0.0, -4.344794750213623, -4.319287300109863, -4.336292266845703, 0.0, 0.0], "(3, 0, 1, 1)": [0.0, 0.0, 0.0, -3.2649731636047363, -2.1766488552093506, 0.0, 0.0], "(2, 8, 1, 1)": [-4.369339942932129, -4.375463485717773, -4.37587833404541, -4.364112854003906, -4.358782768249512, -4.354369163513184, -4.369369983673096], "(2, 8, 2, 1)": [-4.376472473144531, -4.346368789672852, -4.357160568237305, -4.337370872497559, -4.3679118156433105, -4.339535713195801, -4.374930381774902], "(2, 2, 1, 1)": [-4.34651517868042, -4.3535566329956055, -4.360814094543457, -4.355465888977051, -4.356386661529541, -4.3692779541015625, -4.3668928146362305], "(2, 3, 1, 1)": [-4.373232841491699, -4.377476215362549, -4.383471965789795, -4.384093284606934, -4.376761436462402, -4.376011371612549, -4.373722076416016], "(2, 1, 1, 1)": [-4.184020042419434, -4.295167922973633, -4.271148204803467, -4.300290107727051, -4.319987773895264, -4.313145160675049, -4.357114791870117], "(2, 1, 0, 1)": [-3.767230749130249, -3.781217098236084, -3.9135682582855225, -3.9448537826538086, -3.966146230697632, -4.329620838165283, -4.314207077026367], "(2, 0, 0, 1)": [-2.551952362060547, -2.554203748703003, -2.5471606254577637, -2.5548408031463623, -2.7299938201904297, -3.0568032264709473, -2.9241530895233154], "(2, 9, 1, 1)": [-4.372184753417969, -4.307304859161377, -4.320388317108154, -4.299934387207031, -4.2752604484558105, -4.209847450256348, -4.3185930252075195], "(2, 4, 1, 1)": [-4.376974582672119, -4.380631923675537, -4.374261856079102, -4.376536846160889, -4.3753533363342285, -4.379417419433594, -4.373658180236816], "(2, 3, 0, 1)": [-4.355916500091553, -4.361083507537842, -4.37226676940918, -4.375130653381348, -4.378181457519531, -4.358379364013672, -4.37357234954834], "(2, 2, 0, 1)": [-4.236410617828369, -4.312599182128906, -4.235705375671387, -4.338042736053467, -4.357735633850098, -4.31525993347168, -4.342703819274902], "(2, 10, 0, 1)": [-4.380871772766113, -4.388307571411133, -4.388574123382568, -4.365467071533203, -4.385949611663818, -4.37308406829834, -4.411681175231934], "(2, 9, 0, 1)": [-4.377756595611572, -4.385949611663818, -4.38594388961792, -4.375453472137451, -4.381992816925049, -4.396186828613281, -4.391435623168945], "(2, 7, 2, 2)": [-4.362350940704346, -4.347169399261475, -4.356259346008301, -4.2455973625183105, -4.3540754318237305, -4.291993141174316, -4.216772556304932], "(2, 8, 0, 1)": [-4.388574123382568, -4.377522945404053, -4.3870697021484375, -4.390321254730225, -4.386847972869873, -4.3671956062316895, -4.364527702331543], "(2, 7, 0, 1)": [-4.384711742401123, -4.3701395988464355, -4.3684868812561035, -4.368582248687744, -4.381812572479248, -4.3765177726745605, -4.37761926651001], "(1, 10, 0, 1)": [-4.361204147338867, -4.22904634475708, -4.363335609436035, -4.348414897918701, -3.8197836875915527, 0.0, -4.356941223144531], "(2, 5, 0, 1)": [-4.387292861938477, -4.389721393585205, -4.391584873199463, -4.380651473999023, -4.384549140930176, -4.380633354187012, -4.365499496459961], "(1, 7, 1, 1)": [-4.368961334228516, -4.368961334228516, -4.368961334228516, 0.0, 0.0, 0.0, 0.0], "(1, 1, 1, 1)": [-4.290167808532715, -4.335056304931641, -4.3684282302856445, -4.365873336791992, -4.345975875854492, -4.364695072174072, -4.367321491241455], "(1, 7, 0, 1)": [-4.368961334228516, -4.368961334228516, -4.368961334228516, 0.0, -4.386013031005859, -4.368961334228516, -4.394448280334473], "(1, 8, 0, 1)": [-4.368961334228516, -4.368961334228516, -4.410604476928711, -4.40952730178833, 0.0, 0.0, 0.0], "(1, 6, 0, 1)": [-4.368961334228516, -4.368961334228516, -4.368961334228516, 0.0, 0.0, 0.0, 0.0], "(1, 5, 0, 1)": [-4.368961334228516, 0.0, 0.0, 0.0, 0.0, 0.0, 0.0], "(1, 5, 0, 0)": [0.0, 0.0, -4.368961334228516, -4.368961334228516, 0.0, 0.0, 0.0], "(1, 4, 0, 0)": [0.0, 0.0, -4.368961334228516, 0.0, 0.0, 0.0, 0.0], "(1, 3, 0, 0)": [0.0, -4.368961334228516, 0.0, 0.0, -4.368961334228516, 0.0, 0.0], "(1, 2, 0, 0)": [0.0, 0.0, 0.0, 0.0, -4.368961334228516, 0.0, 0.0], "(1, 2, 0, 1)": [0.0, 0.0, 0.0, 0.0, -4.368961334228516, 0.0, 0.0], "(1, 1, 0, 1)": [0.0, -4.368961334228516, -4.368961334228516, -4.0959014892578125, -4.368961334228516, -4.368961334228516, 0.0], "(1, 0, 0, 1)": [-4.368961334228516, -4.368961334228516, -4.368961334228516, -4.368961334228516, -4.368961334228516, -4.368961334228516, -3.2767210006713867],