{"q_values": {"(2, 6, 1, 1)": [-4.39068078994751, -4.391047477722168, -4.3984479904174805, -4.3948516845703125, -4.3905134201049805, -4.391890048980713, -4.389561653137207], "(2, 6, 2, 1)": [-4.377216815948486, -4.381851673126221, -4.380594253540039, -4.372360706329346, -4.377984523773193, -4.373046875, -4.3516669273376465], "(2, 7, 1, 1)": [-4.378493309020996, -4.377264499664307, -4.383025646209717, -4.377943992614746, -4.38096809387207, -4.371944427490234, -4.36617374420166], "(2, 6, 0, 1)": [-4.394069671630859, -4.381088733673096, -4.38336181640625, -4.387907981872559, -4.3852386474609375, -4.385112762451172, -4.386390209197998], "(2, 7, 2, 1)": [-4.369959354400635, -4.369507312774658, -4.349677085876465, -4.363353729248047, -4.350625991821289, -4.340070724487305, -4.2823166847229], "(2, 8, 2, 2)": [-4.091732978820801, -4.10875129699707, -4.113110542297363, -4.090234756469727, -4.072487831115723, -4.084963798522949, -3.8603174686431885], "(2, 9, 2, 1)": [-4.119195938110352, -4.017155647277832, -4.1009931564331055, -4.153450012207031, -3.9415857791900635, -3.839423418045044, -3.6474905014038086], "(2, 10, 2, 1)": [-3.0756068229675293, -2.7300217151641846, -2.898815870285034, -2.9074699878692627, -2.951143980026245, -2.5145962238311768, -2.619793176651001], "(2, 10, 1, 1)": [-4.062286376953125, -4.1031670570373535, -3.791853904724121, -3.5451416969299316, -3.748657703399658, -3.400785446166992, -3.306257724761963], "(2, 0, 1, 1)": [-3.351179599761963, -3.8623239994049072, -3.702202796936035, -3.6761538982391357, -3.879972219467163, -3.691243886947632, -3.923494815826416], "(2, 0, 2, 1)": [-4.344651222229004, -4.363534450531006, -4.383759498596191, -4.370237350463867, -4.34498929977417, -4.388490676879883, -4.366318225860596], "(2, 1, 2, 1)": [-4.36476993560791, -4.371849536895752, -4.355360507965088, -4.3454813957214355, -4.3548173904418945, -4.359057426452637, -4.36573600769043], "(2, 2, 2, 1)": [-4.357328414916992, -4.358173847198486, -4.37484884262085, -4.358915328979492, -4.369543552398682, -4.374685764312744, -4.365910530090332], "(2, 3, 2, 1)": [-4.364498615264893, -4.396876811981201, -4.369744777679443, -4.372480392456055, -4.362177848815918, -4.362863540649414, -4.377533912658691], "(2, 4, 2, 1)": [-4.388490200042725, -4.382164478302002, -4.380344867706299, -4.382557392120361, -4.384276866912842, -4.386449337005615, -4.38464879989624], "(2, 5, 2, 1)": [-4.394387245178223, -4.387911796569824, -4.387577056884766, -4.394195556640625, -4.38827657699585, -4.387053489685059, -4.3892316818237305], "(2, 5, 1, 1)": [-4.397872447967529, -4.3990068435668945, -4.401618003845215, -4.401272296905518, -4.398963928222656, -4.394998550415039, -4.3961591720581055], "(3, 6, 2, 1)": [-4.353297233581543, 0.0, 0.0, 0.0, 0.0, 0.0, -4.353297233581543], "(3, 6, 1, 1)": [-4.353297233581543, 0.0, 0.0, 0.0, 0.0, 0.0, -4.353297233581543], "(3, 5, 1, 1)": [-4.353297233581543, -4.353297233581543, 0.0, -4.353297233581543, 0.0, -4.353297233581543, 0.0], "(3, 4, 0, 0)": [0.0, 0.0, 0.0, 0.0, -4.353297233581543, 0.0, 0.0], "(3, 4, 1, 1)": [0.0, 0.0, -4.353297233581543, 0.0, 0.0, 0.0, -4.353297233581543], "(3, 3, 1, 1)": [-4.353296279907227, 0.0, -4.353297233581543, -4.353297233581543, 0.0, -4.353297233581543, 0.0], "(3, 2, 1, 1)": [-4.353281021118164, 0.0, 0.0, -4.353230953216553, -4.3532891273498535, -4.35329532623291, -4.3531646728515625], "(3, 2, 2, 1)": [0.0, 0.0, -4.352766036987305, 0.0, 0.0, 0.0, 0.0], "(3, 1, 1, 1)": [-3.8091354370117188, 0.0, 0.0, -4.081216335296631, -4.349046230316162, -4.351171970367432, 0.0], "(3, 1, 2, 1)": [-4.285277366638184, 0.0, -4.344794750213623, -4.319287300109863, -4.336292266845703, 0.0, 0.0], "(3, 0, 1, 1)": [0.0, 0.0, 0.0, -3.2649731636047363, -2.1766488552093506, 0.0, 0.0], "(2, 8, 1, 1)": [-4.371196269989014, -4.378557205200195, -4.369585037231445, -4.358783721923828, -4.351762294769287, -4.328555583953857, -4.351964473724365], "(2, 8, 2, 1)": [-4.346217632293701, -4.324063301086426, -4.321208477020264, -4.306625843048096, -4.288331985473633, -4.271129131317139, -4.111321926116943], "(2, 2, 1, 1)": [-4.291800498962402, -4.345961570739746, -4.3519206047058105, -4.354501724243164, -4.353034019470215, -4.370774269104004, -4.368222713470459], "(2, 3, 1, 1)": [-4.369801044464111, -4.378312110900879, -4.376210689544678, -4.38999605178833, -4.382472515106201, -4.378087997436523, -4.375732898712158], "(2, 1, 1, 1)": [-4.130533695220947, -4.233700752258301, -4.237026214599609, -4.260370254516602, -4.307216167449951, -4.298526763916016, -4.322632789611816], "(2, 1, 0, 1)": [-3.591167688369751, -3.743623971939087, -3.8936431407928467, -3.8506481647491455, -3.9851701259613037, -4.009278774261475, -4.031708717346191], "(2, 0, 0, 1)": [-2.6678104400634766, -2.5011556148529053, -2.7542037963867188, -2.9808409214019775, -2.8403725624084473, -3.210423469543457, -2.906895160675049], "(2, 9, 1, 1)": [-4.346867084503174, -4.316350936889648, -4.309826850891113, -4.241447925567627, -4.258773326873779, -4.17649507522583, -4.2384867668151855], "(2, 4, 1, 1)": [-4.391666412353516, -4.395060062408447, -4.3946638107299805, -4.398015975952148, -4.395904541015625, -4.394413948059082, -4.394091606140137], "(2, 3, 0, 1)": [-4.321521282196045, -4.306683540344238, -4.358288288116455, -4.3531270027160645, -4.37553071975708, -4.368179798126221, -4.37633752822876], "(2, 2, 0, 1)": [-4.104791164398193, -4.219329357147217, -4.232023239135742, -4.288205623626709, -4.259654521942139, -4.312751770019531, -4.329929828643799], "(2, 10, 0, 1)": [-4.316310405731201, -4.388307571411133, -4.388574123382568, -4.365467071533203, -4.378951549530029, -4.37308406829834, -4.411681175231934], "(2, 9, 0, 1)": [-4.377756595611572, -4.385949611663818, -4.383645057678223, -4.377249717712402, -4.380997180938721, -4.397220134735107, -4.352477073669434], "(2, 7, 2, 2)": [-4.353682518005371, -4.2694478034973145, -4.315382957458496, -4.227188587188721, -4.353372573852539, -4.236349582672119, -4.161777496337891], "(2, 8, 0, 1)": [-4.388574123382568, -4.377522945404053, -4.3870697021484375, -4.384550094604492, -4.386847972869873, -4.369495391845703, -4.376006126403809], "(2, 7, 0, 1)": [-4.384711742401123, -4.380908012390137, -4.373838424682617, -4.373859882354736, -4.381812572479248, -4.3765177726745605, -4.382519721984863], "(1, 10, 0, 1)": [-4.361204147338867, -4.22904634475708, -4.363335609436035, -4.348414897918701, -3.8197836875915527, 0.0, -4.356941223144531], "(2, 5, 0, 1)": [-4.390254020690918, -4.393548488616943, -4.403532028198242, -4.399900913238525, -4.39865255355835, -4.395086288452148, -4.391470909118652], "(1, 7, 1, 1)": [-4.368961334228516, -4.368961334228516, -4.368961334228516, 0.0, 0.0, 0.0, 0.0], "(1, 1, 1, 1)": [-4.290167808532715, -4.335056304931641, -4.3684282302856445, -4.365873336791992, -4.345975875854492, -4.364695072174072, -4.367321491241455], "(1, 7, 0, 1)": [-4.368961334228516, -4.368961334228516, -4.368961334228516, 0.0, -4.386013031005859, -4.368961334228516, -4.394448280334473], "(1, 8, 0, 1)": [-4.368961334228516, -4.368961334228516, -4.410604476928711, -4.40952730178833, 0.0, 0.0, 0.0], "(1, 6, 0, 1)": [-4.368961334228516, -4.368961334228516, -4.368961334228516, 0.0, 0.0, 0.0, 0.0], "(1, 5, 0, 1)": [-4.368961334228516, -4.343906402587891, -4.41050386428833, 0.0, 0.0, 0.0, 0.0], "(1, 5, 0, 0)": [0.0, 0.0, -4.368961334228516, -4.368961334228516, 0.0, 0.0, 0.0], "(1, 4, 0, 0)": [-4.222850322723389, 0.0, -4.368961334228516, 0.0, 0.0, 0.0, 0.0], "(1, 3, 0, 0)": [-3.950408458709717, -4.368961334228516, -4.309104919433594, 0.0, -4.368961334228516, 0.0, 0.0], "(1, 2, 0, 0)": [-3.269303321838379, -3.998849391937256, 0.0, 0.0, -4.368961334228516, 0.0, 0.0], "(1, 2, 0, 1)": [0.0, 0.0, 0.0, 0.0, -4.368961334228516, 0.0, 0.0], "(1, 1, 0, 1)": [0.0, -4.368961334228516, -4.368961334228516, -4.0959014892578125, -4.368961334228516, -4.368961334228516, 0.0],