{"q_values": {"(2, 6, 1, 1)": [-4.390544414520264, -4.3982439041137695, -4.389524459838867, -4.394343852996826, -4.389732837677002, -4.387752532958984, -4.389140605926514], "(2, 6, 2, 1)": [-4.379978179931641, -4.376503944396973, -4.38316011428833, -4.382226467132568, -4.373824119567871, -4.375755786895752, -4.375709533691406], "(2, 7, 1, 1)": [-4.380924224853516, -4.381004333496094, -4.386375904083252, -4.383017539978027, -4.377806186676025, -4.376562595367432, -4.365609645843506], "(2, 6, 0, 1)": [-4.386213302612305, -4.382138252258301, -4.381458759307861, -4.383201599121094, -4.398608684539795, -4.40401554107666, -4.40070104598999], "(2, 7, 2, 1)": [-4.371701240539551, -4.363556385040283, -4.368231296539307, -4.357729434967041, -4.363531112670898, -4.306507587432861, -4.361100196838379], "(2, 8, 2, 2)": [-4.225245475769043, -4.178507328033447, -4.1338958740234375, -4.102651596069336, -4.137953758239746, -4.093748569488525, -3.8859076499938965], "(2, 9, 2, 1)": [-4.04935884475708, -4.073317527770996, -4.155250072479248, -3.8760056495666504, -3.9537365436553955, -3.9286272525787354, -3.684948205947876], "(2, 10, 2, 1)": [-2.706028699874878, -2.6418161392211914, -3.2648754119873047, -2.986949920654297, -2.916536569595337, -3.191566228866577, -2.548875570297241], "(2, 10, 1, 1)": [-3.784468412399292, -3.659038543701172, -3.813488483428955, -3.7741219997406006, -3.4899275302886963, -3.4072341918945312, -3.692976474761963], "(2, 0, 1, 1)": [-3.363814353942871, -3.8555381298065186, -3.650186777114868, -3.918954372406006, -3.9444496631622314, -3.980175018310547, -4.214343070983887], "(2, 0, 2, 1)": [-4.253270149230957, -4.222001552581787, -4.369621276855469, -4.383787155151367, -4.406910419464111, -4.0883469581604, -4.354310512542725], "(2, 1, 2, 1)": [-4.406910419464111, -4.3730926513671875, -4.353751182556152, -4.379082679748535, -4.369918346405029, -4.37254524230957, -4.377247333526611], "(2, 2, 2, 1)": [-4.377390384674072, -4.375537872314453, -4.363691329956055, -4.378783702850342, -4.3746724128723145, -4.379907131195068, -4.370626926422119], "(2, 3, 2, 1)": [-4.393009662628174, -4.372359275817871, -4.381887435913086, -4.381655216217041, -4.37343168258667, -4.383489608764648, -4.3762946128845215], "(2, 4, 2, 1)": [-4.3906378746032715, -4.388642311096191, -4.388672828674316, -4.390748023986816, -4.389869689941406, -4.40084981918335, -4.3903093338012695], "(2, 5, 2, 1)": [-4.399094581604004, -4.387333869934082, -4.386270523071289, -4.38598108291626, -4.3885602951049805, -4.386587142944336, -4.38580846786499], "(2, 5, 1, 1)": [-4.394087314605713, -4.393277645111084, -4.392096042633057, -4.398625373840332, -4.391146659851074, -4.391602039337158, -4.391500473022461], "(3, 6, 2, 1)": [-4.353297233581543, 0.0, -4.348642349243164, -4.350767612457275, -4.344391345977783, -4.33588981628418, -4.353297233581543], "(3, 6, 1, 1)": [-4.353297233581543, 0.0, 0.0, 0.0, 0.0, 0.0, -4.353297233581543], "(3, 5, 1, 1)": [-4.353297233581543, -4.353297233581543, 0.0, -4.353297233581543, 0.0, -4.353297233581543, 0.0], "(3, 4, 0, 0)": [0.0, 0.0, 0.0, 0.0, -4.353297233581543, 0.0, 0.0], "(3, 4, 1, 1)": [-4.381089210510254, 0.0, -4.375800132751465, 0.0, 0.0, 0.0, -4.353297233581543], "(3, 3, 1, 1)": [-4.353296279907227, -4.353963375091553, -4.353297233581543, -4.353297233581543, -4.3571553230285645, -4.354694366455078, 0.0], "(3, 2, 1, 1)": [-4.353281021118164, -4.341195106506348, -4.290122032165527, -4.353230953216553, -4.219559669494629, -4.35329532623291, -4.3531646728515625], "(3, 2, 2, 1)": [-4.222024917602539, 0.0, -4.352766036987305, 0.0, 0.0, 0.0, -4.3241705894470215], "(3, 1, 1, 1)": [-3.8091354370117188, -3.541053056716919, 0.0, -4.081216335296631, -4.349046230316162, -4.351171970367432, 0.0], "(3, 1, 2, 1)": [-4.285277366638184, 0.0, -4.344794750213623, -4.319287300109863, -4.336292266845703, 0.0, 0.0], "(3, 0, 1, 1)": [0.0, 0.0, 0.0, -3.2649731636047363, -2.1766488552093506, 0.0, 0.0], "(2, 8, 1, 1)": [-4.368803977966309, -4.38355016708374, -4.374693393707275, -4.360116958618164, -4.369993686676025, -4.333930015563965, -4.357670783996582], "(2, 8, 2, 1)": [-4.339778900146484, -4.32805871963501, -4.29235315322876, -4.301484107971191, -4.281379699707031, -4.271468162536621, -4.161229133605957], "(2, 2, 1, 1)": [-4.317805767059326, -4.351490497589111, -4.356246471405029, -4.363593578338623, -4.363465309143066, -4.366030693054199, -4.374969959259033], "(2, 3, 1, 1)": [-4.368781089782715, -4.38300895690918, -4.382959365844727, -4.385826110839844, -4.385406970977783, -4.386189937591553, -4.387859344482422], "(2, 1, 1, 1)": [-4.142585754394531, -4.252976417541504, -4.24711799621582, -4.27388334274292, -4.31639289855957, -4.332860469818115, -4.346686840057373], "(2, 1, 0, 1)": [-3.847508668899536, -3.7580459117889404, -3.801581382751465, -3.963268995285034, -4.038418769836426, -4.051340579986572, -4.174651145935059], "(2, 0, 0, 1)": [-2.487060546875, -2.9258739948272705, -2.7024927139282227, -2.684715986251831, -2.647066831588745, -2.974930763244629, -2.9914560317993164], "(2, 9, 1, 1)": [-4.3120808601379395, -4.334431171417236, -4.272829055786133, -4.188936710357666, -4.254848480224609, -4.264524459838867, -4.131056785583496], "(2, 4, 1, 1)": [-4.382343292236328, -4.39361047744751, -4.393058776855469, -4.392663955688477, -4.391861438751221, -4.392287731170654, -4.391726493835449], "(2, 3, 0, 1)": [-4.35569953918457, -4.368767261505127, -4.334370136260986, -4.364355564117432, -4.377013206481934, -4.368199825286865, -4.368400573730469], "(2, 2, 0, 1)": [-4.29093074798584, -4.188282012939453, -4.280327320098877, -4.308032035827637, -4.307246208190918, -4.29780912399292, -4.320902347564697], "(2, 10, 0, 1)": [-4.393734931945801, -4.390318393707275, -4.393734931945801, -4.393734931945801, -4.393734931945801, -4.393734931945801, 0.0], "(2, 9, 0, 1)": [-4.374729633331299, -4.380873680114746, -4.372475624084473, -4.374575138092041, -4.3688063621521, -4.34274435043335, -4.348676681518555], "(2, 7, 2, 2)": [-4.358389854431152, -4.348838806152344, -4.336428642272949, -4.33488130569458, -4.30989933013916, -4.199695587158203, -4.283775806427002], "(2, 8, 0, 1)": [-4.377339839935303, -4.383237361907959, -4.38087272644043, -4.383303642272949, -4.393144130706787, -4.385030746459961, -4.37949800491333], "(2, 7, 0, 1)": [-4.40697717666626, -4.388411045074463, -4.389914512634277, -4.393728256225586, -4.396374702453613, -4.390403747558594, -4.387903213500977], "(2, 9, 1, 2)": [0.0, 0.0, 0.0, -4.119126796722412, 0.0, 0.0, 0.0], "(2, 2, 0, 0)": [-4.163736820220947, -3.8825385570526123, -4.170592308044434, -4.187041282653809, -4.132516384124756, -4.3134355545043945, -4.300244331359863], "(2, 1, 0, 0)": [-3.0112524032592773, -3.3883657455444336, -3.513801097869873, -3.4524128437042236, -3.4988458156585693, -3.6413116455078125, -3.5085909366607666], "(2, 6, 0, 0)": [-4.438501834869385, -4.451791286468506, 0.0, 0.0, -4.359646320343018, -4.437417984008789, -4.3904500007629395], "(2, 5, 0, 0)": [-4.401059150695801, -4.38350772857666, -4.395570278167725, -4.435250282287598, -4.381999969482422, -4.427529335021973, -4.418171405792236], "(2, 5, 0, 1)": [-4.390462875366211, -4.38895320892334, -4.389601707458496, -4.389655113220215, -4.388483047485352, -4.39261531829834, -4.39113187789917], "(2, 4, 0, 1)": [-4.353645324707031, -4.38793420791626, -4.384774684906006, -4.38345193862915, -4.389202117919922, -4.392586708068848, -4.404827117919922], "(2, 0, 0, 0)": [-2.3219845294952393, -2.206352949142456, -2.2246830463409424, -2.290116548538208, -2.468247652053833, -2.300593376159668, -2.2659354209899902], "(2, 2, 2, 2)": [0.0, 0.0, -4.371755599975586, 0.0, 0.0, 0.0, 0.0], "(2, 10, 2, 2)": [-2.502364158630371, -2.552069664001465, -2.2932894229888916, -2.320037603378296, -2.5589730739593506, -2.216628074645996, -2.3010172843933105], "(2, 4, 0, 0)": [-4.374786853790283, -4.3374810218811035, -4.370168209075928, -4.393113136291504, -4.394608974456787, -4.413670539855957, -4.386694431304932],