{"q_values": {"(2, 6, 1, 1)": [-4.3799357414245605, -4.375641345977783, -4.381658554077148, -4.377113342285156, -4.378808975219727, -4.375803470611572, -4.376320838928223], "(2, 6, 2, 1)": [-4.378509998321533, -4.372762203216553, -4.377003192901611, -4.382622718811035, -4.381491661071777, -4.372375011444092, -4.368663787841797], "(2, 7, 1, 1)": [-4.382705211639404, -4.382431983947754, -4.38751745223999, -4.38740873336792, -4.380697727203369, -4.380944728851318, -4.369311332702637], "(2, 6, 0, 1)": [-4.381425857543945, -4.380884647369385, -4.378733158111572, -4.3765482902526855, -4.389160633087158, -4.376531600952148, -4.377126216888428], "(2, 7, 2, 1)": [-4.370662212371826, -4.367327690124512, -4.3592729568481445, -4.366678237915039, -4.374131202697754, -4.353112697601318, -4.3690385818481445], "(2, 8, 2, 2)": [-4.340973377227783, -4.170176029205322, -4.287283897399902, -4.172882556915283, -4.1749420166015625, -4.250582695007324, -4.013599872589111], "(2, 9, 2, 1)": [-4.1137895584106445, -4.089115142822266, -4.18289041519165, -3.894988775253296, -4.014346599578857, -3.937589168548584, -3.887087106704712], "(2, 10, 2, 1)": [-2.7524642944335938, -2.8378143310546875, -3.2648754119873047, -3.2446646690368652, -2.913029432296753, -3.3007240295410156, -2.6189815998077393], "(2, 10, 1, 1)": [-3.76174259185791, -3.558562994003296, -3.5497913360595703, -3.4142820835113525, -3.6392393112182617, -3.3233208656311035, -3.7266485691070557], "(2, 0, 1, 1)": [-3.4068400859832764, -3.839632272720337, -3.6587672233581543, -4.025052547454834, -3.942464590072632, -4.154036998748779, -4.244898796081543], "(2, 0, 2, 1)": [-4.253270149230957, -4.222001552581787, -4.369621276855469, -4.383787155151367, -4.406910419464111, -4.0883469581604, -4.354310512542725], "(2, 1, 2, 1)": [-4.406910419464111, -4.3730926513671875, -4.356322288513184, -4.379082679748535, -4.369918346405029, -4.37254524230957, -4.377247333526611], "(2, 2, 2, 1)": [-4.377390384674072, -4.375537872314453, -4.363691329956055, -4.378783702850342, -4.3746724128723145, -4.379907131195068, -4.370626926422119], "(2, 3, 2, 1)": [-4.393009662628174, -4.372359275817871, -4.381887435913086, -4.381655216217041, -4.37343168258667, -4.384397506713867, -4.3762946128845215], "(2, 4, 2, 1)": [-4.378222465515137, -4.3923115730285645, -4.388278484344482, -4.391062259674072, -4.37949800491333, -4.382351398468018, -4.388594150543213], "(2, 5, 2, 1)": [-4.393584728240967, -4.382929801940918, -4.377163887023926, -4.38232946395874, -4.380657196044922, -4.37998628616333, -4.380495071411133], "(2, 5, 1, 1)": [-4.386322498321533, -4.389249801635742, -4.381398677825928, -4.378293514251709, -4.372982501983643, -4.376435279846191, -4.380214691162109], "(3, 6, 2, 1)": [-4.353297233581543, 0.0, -4.348642349243164, -4.350767612457275, -4.344391345977783, -4.33588981628418, -4.353297233581543], "(3, 6, 1, 1)": [-4.353297233581543, 0.0, 0.0, 0.0, 0.0, 0.0, -4.353297233581543], "(3, 5, 1, 1)": [-4.353297233581543, -4.353297233581543, 0.0, -4.353297233581543, 0.0, -4.353297233581543, 0.0], "(3, 4, 0, 0)": [0.0, 0.0, 0.0, 0.0, -4.353297233581543, 0.0, 0.0], "(3, 4, 1, 1)": [-4.381089210510254, 0.0, -4.375800132751465, 0.0, 0.0, 0.0, -4.353297233581543], "(3, 3, 1, 1)": [-4.353296279907227, -4.353963375091553, -4.353297233581543, -4.353297233581543, -4.3571553230285645, -4.354694366455078, 0.0], "(3, 2, 1, 1)": [-4.353281021118164, -4.341195106506348, -4.290122032165527, -4.353230953216553, -4.219559669494629, -4.35329532623291, -4.3531646728515625], "(3, 2, 2, 1)": [-4.222024917602539, 0.0, -4.352766036987305, 0.0, 0.0, 0.0, -4.3241705894470215], "(3, 1, 1, 1)": [-3.8091354370117188, -3.541053056716919, 0.0, -4.081216335296631, -4.349046230316162, -4.351171970367432, 0.0], "(3, 1, 2, 1)": [-4.285277366638184, 0.0, -4.344794750213623, -4.319287300109863, -4.336292266845703, 0.0, 0.0], "(3, 0, 1, 1)": [0.0, 0.0, 0.0, -3.2649731636047363, -2.1766488552093506, 0.0, 0.0], "(2, 8, 1, 1)": [-4.373584747314453, -4.382386207580566, -4.375343322753906, -4.373175621032715, -4.370236396789551, -4.353951930999756, -4.364075660705566], "(2, 8, 2, 1)": [-4.370136260986328, -4.356285572052002, -4.329941749572754, -4.329252243041992, -4.303086757659912, -4.316145420074463, -4.263411521911621], "(2, 2, 1, 1)": [-4.355362892150879, -4.353516101837158, -4.354023456573486, -4.368419170379639, -4.369184970855713, -4.368130207061768, -4.377853870391846], "(2, 3, 1, 1)": [-4.381279468536377, -4.382772922515869, -4.375901222229004, -4.384433746337891, -4.384315490722656, -4.388763904571533, -4.384751319885254], "(2, 1, 1, 1)": [-4.188277721405029, -4.2606964111328125, -4.270156383514404, -4.285897254943848, -4.335141181945801, -4.358417987823486, -4.35135555267334], "(2, 1, 0, 1)": [-3.916020393371582, -3.82696795463562, -3.898796319961548, -4.136698246002197, -4.089221000671387, -4.138460159301758, -4.18829345703125], "(2, 0, 0, 1)": [-2.556077241897583, -3.0618348121643066, -2.649857997894287, -2.735774040222168, -2.6542763710021973, -3.963916301727295, -3.0530240535736084], "(2, 9, 1, 1)": [-4.307921409606934, -4.347441673278809, -4.268893718719482, -4.217041015625, -4.258050441741943, -4.281001091003418, -4.1673383712768555], "(2, 4, 1, 1)": [-4.3864946365356445, -4.38629674911499, -4.387693881988525, -4.386290073394775, -4.382320404052734, -4.391360282897949, -4.3865275382995605], "(2, 3, 0, 1)": [-4.363261699676514, -4.3716230392456055, -4.349460601806641, -4.373312473297119, -4.378775596618652, -4.380059242248535, -4.371049404144287], "(2, 2, 0, 1)": [-4.2835493087768555, -4.245774745941162, -4.303348541259766, -4.343360900878906, -4.321350574493408, -4.340616226196289, -4.340097904205322], "(2, 10, 0, 1)": [-4.393734931945801, 0.0, -4.393734931945801, -4.393734931945801, -4.393734931945801, -4.393734931945801, 0.0], "(2, 9, 0, 1)": [-4.374729633331299, -4.380873680114746, -4.372475624084473, -4.374575138092041, -4.3688063621521, -4.333086013793945, -4.336365699768066], "(2, 7, 2, 2)": [-4.374338150024414, -4.362764358520508, -4.3713507652282715, -4.366415500640869, -4.336400508880615, -4.2844133377075195, -4.359673976898193], "(2, 8, 0, 1)": [-4.377339839935303, -4.383237361907959, -4.38087272644043, -4.383303642272949, -4.393144130706787, -4.385030746459961, -4.37949800491333], "(2, 7, 0, 1)": [-4.40697717666626, -4.388411045074463, -4.386296272277832, -4.393728256225586, -4.396374702453613, -4.390403747558594, -4.387903213500977], "(2, 9, 1, 2)": [0.0, 0.0, 0.0, -4.119126796722412, 0.0, 0.0, 0.0], "(2, 2, 0, 0)": [-4.150052070617676, -4.078840732574463, -4.198822975158691, -4.215299606323242, -4.3818359375, -4.275585174560547, -4.321081161499023], "(2, 1, 0, 0)": [-3.3757903575897217, -3.2346155643463135, -3.9296247959136963, -3.1829426288604736, -3.4304940700531006, -3.602518320083618, -4.2230448722839355], "(2, 6, 0, 0)": [0.0, 0.0, 0.0, 0.0, -4.359646320343018, 0.0, -4.3904500007629395], "(2, 5, 0, 0)": [-4.401059150695801, -4.359646320343018, -4.369666576385498, 0.0, -4.379067420959473, -4.427529335021973, 0.0], "(2, 5, 0, 1)": [-4.375693321228027, -4.383792877197266, -4.380667209625244, -4.389351844787598, -4.387430191040039, -4.37336540222168, -4.4083428382873535], "(2, 4, 0, 1)": [-4.371283531188965, -4.368748664855957, -4.370360851287842, -4.380522727966309, -4.389202117919922, -4.38682222366333, -4.41300106048584], "(2, 0, 0, 0)": [-2.207209587097168, -2.2083115577697754, -2.2016069889068604, -2.1985700130462646, -2.5564656257629395, -2.3495211601257324, -2.1992108821868896], "(2, 2, 2, 2)": [0.0, 0.0, -4.371755599975586, 0.0, 0.0, 0.0, 0.0], "(2, 10, 2, 2)": [-2.627110004425049, -2.6246633529663086, -2.1964125633239746, -2.1953272819519043, -2.5589730739593506, -2.2884323596954346, -2.2041714191436768], "(2, 4, 0, 0)": [-4.374786853790283, -4.366426467895508, -4.370168209075928, -4.393113136291504, -4.394608974456787, -4.413670539855957, 0.0],