{"q_values": {"(2, 6, 1, 1)": [-4.386137008666992, -4.385838031768799, -4.389524459838867, -4.393600940704346, -4.386507034301758, -4.385409355163574, -4.387267589569092], "(2, 6, 2, 1)": [-4.379978179931641, -4.376503944396973, -4.38316011428833, -4.382226467132568, -4.3687052726745605, -4.374847888946533, -4.375709533691406], "(2, 7, 1, 1)": [-4.380924224853516, -4.381004333496094, -4.38590145111084, -4.382421970367432, -4.377806186676025, -4.376562595367432, -4.363850116729736], "(2, 6, 0, 1)": [-4.381425857543945, -4.382138252258301, -4.379595756530762, -4.383337020874023, -4.393054008483887, -4.37895393371582, -4.40070104598999], "(2, 7, 2, 1)": [-4.369843006134033, -4.363556385040283, -4.368502140045166, -4.359114646911621, -4.363531112670898, -4.304713726043701, -4.361100196838379], "(2, 8, 2, 2)": [-4.216602325439453, -4.1858696937561035, -4.1338958740234375, -4.102651596069336, -4.137953758239746, -4.093748569488525, -3.8844261169433594], "(2, 9, 2, 1)": [-4.090195655822754, -4.073317527770996, -4.156964302062988, -3.8760056495666504, -3.9537365436553955, -3.944704532623291, -3.6742818355560303], "(2, 10, 2, 1)": [-2.706028699874878, -2.6418161392211914, -3.2648754119873047, -2.986949920654297, -2.916536569595337, -3.191566228866577, -2.5576820373535156], "(2, 10, 1, 1)": [-3.7818033695220947, -3.595012903213501, -3.7892754077911377, -3.4837965965270996, -3.5696589946746826, -3.4154787063598633, -3.692976474761963], "(2, 0, 1, 1)": [-3.4061543941497803, -3.8555381298065186, -3.643526792526245, -3.918954372406006, -3.938148021697998, -3.966322422027588, -4.23354434967041], "(2, 0, 2, 1)": [-4.253270149230957, -4.222001552581787, -4.369621276855469, -4.383787155151367, -4.406910419464111, -4.0883469581604, -4.354310512542725], "(2, 1, 2, 1)": [-4.406910419464111, -4.3730926513671875, -4.353751182556152, -4.379082679748535, -4.369918346405029, -4.37254524230957, -4.377247333526611], "(2, 2, 2, 1)": [-4.377390384674072, -4.375537872314453, -4.363691329956055, -4.378783702850342, -4.3746724128723145, -4.379907131195068, -4.370626926422119], "(2, 3, 2, 1)": [-4.393009662628174, -4.372359275817871, -4.381887435913086, -4.381655216217041, -4.37343168258667, -4.383489608764648, -4.3762946128845215], "(2, 4, 2, 1)": [-4.385905742645264, -4.388642311096191, -4.388672828674316, -4.390748023986816, -4.385677814483643, -4.40084981918335, -4.3903093338012695], "(2, 5, 2, 1)": [-4.399094581604004, -4.386497974395752, -4.386270523071289, -4.382143974304199, -4.3885602951049805, -4.385074138641357, -4.3844075202941895], "(2, 5, 1, 1)": [-4.392911911010742, -4.392988204956055, -4.392096042633057, -4.388438701629639, -4.3881025314331055, -4.388904571533203, -4.387521266937256], "(3, 6, 2, 1)": [-4.353297233581543, 0.0, -4.348642349243164, -4.350767612457275, -4.344391345977783, -4.33588981628418, -4.353297233581543], "(3, 6, 1, 1)": [-4.353297233581543, 0.0, 0.0, 0.0, 0.0, 0.0, -4.353297233581543], "(3, 5, 1, 1)": [-4.353297233581543, -4.353297233581543, 0.0, -4.353297233581543, 0.0, -4.353297233581543, 0.0], "(3, 4, 0, 0)": [0.0, 0.0, 0.0, 0.0, -4.353297233581543, 0.0, 0.0], "(3, 4, 1, 1)": [-4.381089210510254, 0.0, -4.375800132751465, 0.0, 0.0, 0.0, -4.353297233581543], "(3, 3, 1, 1)": [-4.353296279907227, -4.353963375091553, -4.353297233581543, -4.353297233581543, -4.3571553230285645, -4.354694366455078, 0.0], "(3, 2, 1, 1)": [-4.353281021118164, -4.341195106506348, -4.290122032165527, -4.353230953216553, -4.219559669494629, -4.35329532623291, -4.3531646728515625], "(3, 2, 2, 1)": [-4.222024917602539, 0.0, -4.352766036987305, 0.0, 0.0, 0.0, -4.3241705894470215], "(3, 1, 1, 1)": [-3.8091354370117188, -3.541053056716919, 0.0, -4.081216335296631, -4.349046230316162, -4.351171970367432, 0.0], "(3, 1, 2, 1)": [-4.285277366638184, 0.0, -4.344794750213623, -4.319287300109863, -4.336292266845703, 0.0, 0.0], "(3, 0, 1, 1)": [0.0, 0.0, 0.0, -3.2649731636047363, -2.1766488552093506, 0.0, 0.0], "(2, 8, 1, 1)": [-4.368803977966309, -4.382079601287842, -4.374693393707275, -4.359900951385498, -4.369993686676025, -4.332525253295898, -4.357998847961426], "(2, 8, 2, 1)": [-4.3453569412231445, -4.32805871963501, -4.31415319442749, -4.301484107971191, -4.281379699707031, -4.271468162536621, -4.167881488800049], "(2, 2, 1, 1)": [-4.326759338378906, -4.351490497589111, -4.357649326324463, -4.363593578338623, -4.365011692047119, -4.363736629486084, -4.374969959259033], "(2, 3, 1, 1)": [-4.374953746795654, -4.38300895690918, -4.382959365844727, -4.385826110839844, -4.385406970977783, -4.387134075164795, -4.387859344482422], "(2, 1, 1, 1)": [-4.153006553649902, -4.252976417541504, -4.24711799621582, -4.272459983825684, -4.31639289855957, -4.332860469818115, -4.346686840057373], "(2, 1, 0, 1)": [-3.847508668899536, -3.7624239921569824, -3.8362152576446533, -3.9713242053985596, -4.038418769836426, -4.0304341316223145, -4.174651145935059], "(2, 0, 0, 1)": [-2.505373239517212, -2.9258739948272705, -2.735766649246216, -2.7339065074920654, -2.647066831588745, -2.974930763244629, -2.9679815769195557], "(2, 9, 1, 1)": [-4.315352439880371, -4.334431171417236, -4.278995513916016, -4.188936710357666, -4.254848480224609, -4.264669895172119, -4.133160591125488], "(2, 4, 1, 1)": [-4.391712665557861, -4.389255523681641, -4.391416072845459, -4.392663955688477, -4.389524936676025, -4.389472961425781, -4.390132904052734], "(2, 3, 0, 1)": [-4.35569953918457, -4.368767261505127, -4.34518575668335, -4.36484956741333, -4.377013206481934, -4.368199825286865, -4.368400573730469], "(2, 2, 0, 1)": [-4.29093074798584, -4.215978622436523, -4.280327320098877, -4.308050155639648, -4.307246208190918, -4.29780912399292, -4.319758892059326], "(2, 10, 0, 1)": [-4.393734931945801, -4.390318393707275, -4.393734931945801, -4.393734931945801, -4.393734931945801, -4.393734931945801, 0.0], "(2, 9, 0, 1)": [-4.374729633331299, -4.380873680114746, -4.372475624084473, -4.374575138092041, -4.3688063621521, -4.34274435043335, -4.348676681518555], "(2, 7, 2, 2)": [-4.361041069030762, -4.348838806152344, -4.336428642272949, -4.33488130569458, -4.30989933013916, -4.198269367218018, -4.283775806427002], "(2, 8, 0, 1)": [-4.377339839935303, -4.383237361907959, -4.38087272644043, -4.383303642272949, -4.393144130706787, -4.385030746459961, -4.37949800491333], "(2, 7, 0, 1)": [-4.40697717666626, -4.388411045074463, -4.389914512634277, -4.393728256225586, -4.396374702453613, -4.390403747558594, -4.387903213500977], "(2, 9, 1, 2)": [0.0, 0.0, 0.0, -4.119126796722412, 0.0, 0.0, 0.0], "(2, 2, 0, 0)": [-4.163736820220947, -3.9724364280700684, -4.170592308044434, -4.215299606323242, -4.132516384124756, -4.3134355545043945, -4.300244331359863], "(2, 1, 0, 0)": [-3.146843194961548, -3.391880512237549, -3.513801097869873, -3.4524128437042236, -3.4988458156585693, -3.6413116455078125, -3.5085909366607666], "(2, 6, 0, 0)": [-4.438501834869385, 0.0, 0.0, 0.0, -4.359646320343018, -4.437417984008789, -4.3904500007629395], "(2, 5, 0, 0)": [-4.401059150695801, -4.3747782707214355, -4.369666576385498, -4.435250282287598, -4.379067420959473, -4.427529335021973, -4.393263339996338], "(2, 5, 0, 1)": [-4.390462875366211, -4.38895320892334, -4.389601707458496, -4.389655113220215, -4.387807369232178, -4.383974075317383, -4.3879075050354], "(2, 4, 0, 1)": [-4.379878997802734, -4.375500202178955, -4.384774684906006, -4.38345193862915, -4.389202117919922, -4.392586708068848, -4.41300106048584], "(2, 0, 0, 0)": [-2.3357954025268555, -2.205601692199707, -2.2246830463409424, -2.290116548538208, -2.468247652053833, -2.300593376159668, -2.2659354209899902], "(2, 2, 2, 2)": [0.0, 0.0, -4.371755599975586, 0.0, 0.0, 0.0, 0.0], "(2, 10, 2, 2)": [-2.502364158630371, -2.552069664001465, -2.2932894229888916, -2.320037603378296, -2.5589730739593506, -2.2269790172576904, -2.3010172843933105], "(2, 4, 0, 0)": [-4.374786853790283, -4.345261573791504, -4.370168209075928, -4.393113136291504, -4.394608974456787, -4.413670539855957, -4.386694431304932],