{"q_values": {"(2, 6, 1, 1)": [1.9812569618225098, 1.960980772972107, 1.9892359972000122, 1.9814457893371582, 1.9940680265426636, 1.9807809591293335, 1.9681206941604614], "(2, 6, 2, 1)": [1.8585302829742432, 1.9633638858795166, 1.9605822563171387, 1.9634170532226562, 1.0824848413467407, 1.831892490386963, 1.9639360904693604], "(2, 7, 1, 1)": [1.7828115224838257, 1.866228699684143, 1.921331763267517, 1.9363902807235718, 1.945665717124939, 1.8634241819381714, 1.9324029684066772], "(2, 6, 0, 1)": [1.5385870933532715, 1.9702544212341309, 1.9918144941329956, 1.9870998859405518, 1.9882464408874512, 1.9615665674209595, 1.9787362813949585], "(2, 7, 2, 1)": [1.901242971420288, 1.8980700969696045, 1.8390370607376099, 1.8222640752792358, 1.7932374477386475, 1.9414212703704834, 1.9110971689224243], "(2, 8, 2, 2)": [1.6639049053192139, 0.9857353568077087, 1.036973237991333, 0.7730764150619507, 0.9644373655319214, 1.1464028358459473, 0.349611759185791], "(2, 9, 2, 1)": [1.5760704278945923, 0.08012610673904419, 1.135547399520874, 0.4062599539756775, -0.6881906986236572, 0.6121993064880371, 0.3700244426727295], "(2, 10, 2, 1)": [-3.497246265411377, -4.120053768157959, -1.980499267578125, -0.08422517776489258, -2.784391403198242, -3.627450942993164, -2.6742305755615234], "(2, 10, 1, 1)": [1.3276230096817017, -1.0641876459121704, 1.6157240867614746, 0.9108977913856506, 1.3147530555725098, -1.1206923723220825, 1.4964559078216553], "(2, 0, 1, 1)": [1.0209698677062988, -1.794211983680725, -1.3116936683654785, -0.8644596338272095, 1.6898503303527832, 1.0970094203948975, -0.009965449571609497], "(2, 0, 2, 1)": [1.6413400173187256, 1.0049686431884766, 1.5099241733551025, 1.571115255355835, 1.6789345741271973, 1.6012451648712158, 1.6486687660217285], "(2, 1, 2, 1)": [1.869031548500061, 1.8035045862197876, 1.7839192152023315, 1.8497530221939087, 1.7154730558395386, 1.8302781581878662, 1.713341474533081], "(2, 2, 2, 1)": [1.953322410583496, 1.868956208229065, 1.9282188415527344, 1.8394007682800293, 1.941636323928833, 1.8936196565628052, 1.8509798049926758], "(2, 3, 2, 1)": [1.9806621074676514, 1.9237030744552612, 1.0392982959747314, 1.9234901666641235, 1.9811228513717651, 1.9535307884216309, 1.9236719608306885], "(2, 4, 2, 1)": [1.998182773590088, 1.9923452138900757, 1.9899574518203735, 1.991343379020691, 1.9808189868927002, 1.9903653860092163, 1.992932677268982], "(2, 5, 2, 1)": [1.9734067916870117, 1.9383106231689453, 1.9802753925323486, 1.9975483417510986, 1.9808212518692017, 1.9373807907104492, 1.8122427463531494], "(2, 5, 1, 1)": [1.9850794076919556, 1.984161615371704, 1.994382381439209, 1.9951897859573364, 1.850662112236023, 1.9922919273376465, 1.9759153127670288], "(3, 6, 2, 1)": [1.8372995853424072, 1.6979048252105713, 1.750232458114624, 1.845247507095337, 1.873956322669983, 1.508854627609253, 1.8063900470733643], "(3, 6, 1, 1)": [1.8058874607086182, 1.067613124847412, 1.827736735343933, 1.8526617288589478, 1.912251591682434, 1.8870785236358643, 1.9103577136993408], "(3, 5, 1, 1)": [1.4039630889892578, 1.77825927734375, 1.0664552450180054, 1.52360200881958, 1.0784510374069214, 1.9374029636383057, 1.0481985807418823], "(3, 4, 0, 0)": [0.0, 0.0, 0.0, 0.0, 0.890937864780426, 0.0, 0.0], "(3, 4, 1, 1)": [1.655431866645813, 1.4642388820648193, 0.9647033214569092, 1.0723347663879395, 0.9706989526748657, 1.3721363544464111, 1.4340420961380005], "(3, 3, 1, 1)": [1.6844465732574463, 1.701500415802002, 0.8817663788795471, 1.612752914428711, 1.386030912399292, 1.4856914281845093, 0.8895038962364197], "(3, 2, 1, 1)": [0.9177842736244202, 1.591343641281128, 1.6387231349945068, 1.6944174766540527, 0.8522042632102966, 1.3316121101379395, 1.3681257963180542], "(3, 2, 2, 1)": [0.0, 0.0, 1.413193941116333, 0.8515061140060425, 0.0, 0.0, 0.0], "(3, 1, 1, 1)": [0.778464138507843, 1.2771821022033691, 0.0, 0.9005062580108643, 0.8838104009628296, 0.8223940134048462, 0.0], "(3, 1, 2, 1)": [1.1796112060546875, 0.0, 0.8213892579078674, 0.8173592686653137, 0.8837727904319763, 0.0, 0.0], "(3, 0, 1, 1)": [0.7536453008651733, 0.0, 0.0, -1.903813362121582, -1.9589838981628418, -1.968341588973999, -1.9680991172790527], "(2, 8, 1, 1)": [1.8220618963241577, 1.764756202697754, 1.8365832567214966, 1.7220245599746704, 1.8169152736663818, 1.8145077228546143, 1.6923776865005493], "(2, 8, 2, 1)": [1.7111955881118774, 1.6893861293792725, 1.834228515625, 1.7645516395568848, 1.601219654083252, 1.458114504814148, 1.8009848594665527], "(2, 2, 1, 1)": [1.8090851306915283, 1.8417596817016602, 1.8002314567565918, 1.6842358112335205, 1.6355957984924316, 1.8203363418579102, 1.1685504913330078], "(2, 3, 1, 1)": [1.949338674545288, 1.9506913423538208, 1.890217900276184, 1.959578275680542, 1.933765172958374, 1.9609910249710083, 1.9537363052368164], "(2, 1, 1, 1)": [1.6041802167892456, 1.6747031211853027, 0.8081631660461426, 1.6316574811935425, 1.5757478475570679, 0.6575981378555298, -0.04918241500854492], "(2, 1, 0, 1)": [1.235826015472412, 1.2420220375061035, 0.8028852343559265, 1.5057921409606934, 0.03521835803985596, -0.9430344700813293, 1.3387811183929443], "(2, 0, 0, 1)": [-0.7396739721298218, -1.9594109058380127, -2.556950330734253, -1.8427777290344238, 1.1023190021514893, -2.768500328063965, 0.4288210868835449], "(2, 9, 1, 1)": [1.7687731981277466, 1.4118176698684692, 1.6095421314239502, 1.037106990814209, 0.7264429330825806, 1.7093051671981812, 1.5043349266052246], "(2, 4, 1, 1)": [1.9901580810546875, 1.9008948802947998, 1.9862295389175415, 1.9829399585723877, 1.985334873199463, 1.9848648309707642, 1.9882563352584839], "(2, 5, 0, 1)": [1.9902046918869019, 1.5569789409637451, 1.9762227535247803, 1.9903125762939453, 1.9872173070907593, 1.8374415636062622, 1.9014499187469482], "(2, 10, 2, 2)": [-3.690647602081299, -4.03008508682251, -4.025535583496094, -3.836509943008423, -3.3155312538146973, -3.6862361431121826, -3.9362478256225586], "(2, 4, 0, 1)": [1.9617397785186768, 1.9815834760665894, 1.9569122791290283, 1.0883443355560303, 1.9070842266082764, 1.9621540307998657, 1.9190398454666138], "(2, 3, 0, 1)": [1.9125136137008667, 1.876591444015503, 1.7814018726348877, 1.896744728088379, 1.8367438316345215, 1.9186848402023315, 1.8736573457717896], "(2, 2, 0, 1)": [1.3474667072296143, 1.7417196035385132, 1.4983409643173218, 1.8560200929641724, 1.8499506711959839, 1.8562501668930054, 1.8507158756256104], "(2, 2, 0, 0)": [1.6267950534820557, 1.70442533493042, 1.2776150703430176, 0.9791166186332703, -0.6088041067123413, 1.4005637168884277, 1.551063895225525], "(2, 7, 0, 1)": [1.96626877784729, 1.9890480041503906, 1.9371834993362427, 1.917822241783142, 1.8764934539794922, 1.9540059566497803, 1.9571954011917114], "(2, 1, 0, 0)": [-0.8467962741851807, 0.45880526304244995, 0.4589124917984009, -3.304940938949585, 0.5957674980163574, -0.5433030128479004, 0.44539254903793335], "(2, 0, 0, 0)": [-3.4243381023406982, -1.4713401794433594, -3.6553597450256348, -3.46749210357666, -3.5893282890319824, -3.5927391052246094, -3.843325614929199], "(2, 8, 0, 1)": [1.9133529663085938, 1.8308556079864502, 1.8114652633666992, 1.8922533988952637, 1.9107290506362915, 1.5951142311096191, 1.9088776111602783], "(2, 5, 0, 0)": [1.5442529916763306, 1.3862814903259277, 0.0, 1.759950876235962, 1.8730525970458984, 1.978672742843628, 1.9630117416381836], "(2, 9, 0, 1)": [1.7060264348983765, 1.4734721183776855, 1.8767107725143433, 1.7814000844955444, 1.742822527885437, 1.7619240283966064, 1.7947946786880493], "(1, 0, 0, 0)": [-1.9870550632476807, -3.264194965362549, -2.8433210849761963, -2.7945616245269775, -2.865150213241577, 0.0, -1.959884762763977], "(3, 7, 2, 1)": [1.0221328735351562, 1.8284579515457153, 1.7853624820709229, 1.81684410572052, 1.7176417112350464, 1.9190568923950195, 1.6407654285430908], "(3, 7, 1, 1)": [1.9234153032302856, 1.833864450454712, 1.7104824781417847, 1.887090802192688, 1.9222521781921387, 1.6195154190063477, 1.8471078872680664], "(3, 5, 0, 1)": [1.7067970037460327, 0.0, 1.7108192443847656, 0.0, 0.9899628162384033, 0.0, 0.0],