{"q_values": {"(2, 6, 1, 1)": [1.9831122159957886, 1.9483215808868408, 1.964479684829712, 1.9706525802612305, 1.9488595724105835, 1.9223206043243408, 1.975932240486145], "(2, 6, 2, 1)": [1.973474383354187, 1.9861587285995483, 1.9605556726455688, 1.9207109212875366, 1.9538568258285522, 1.895693302154541, 1.9473392963409424], "(2, 7, 1, 1)": [1.93782639503479, 1.941381573677063, 1.9119932651519775, 1.9658418893814087, 1.9320597648620605, 1.978928565979004, 1.833833932876587], "(2, 6, 0, 1)": [1.5385870933532715, 1.9936389923095703, 1.49951171875, 1.9832592010498047, 1.9412455558776855, 1.9828726053237915, 1.950512409210205], "(2, 7, 2, 1)": [1.9017105102539062, 1.8634428977966309, 1.9276723861694336, 1.9012819528579712, 1.9062429666519165, 1.90677011013031, 1.9278991222381592], "(2, 8, 2, 2)": [1.3681342601776123, 0.9857353568077087, 1.036973237991333, 1.5743380784988403, 1.3374382257461548, 0.9857003688812256, 0.9835437536239624], "(2, 9, 2, 1)": [0.6642625331878662, -0.6036859750747681, 1.666145920753479, 1.3563026189804077, -0.4205116033554077, 1.7022669315338135, -0.24277174472808838], "(2, 10, 2, 1)": [-3.8674097061157227, 0.5218777656555176, -0.745416522026062, 1.155827283859253, -1.7995266914367676, -1.1090878248214722, -3.995403289794922], "(2, 10, 1, 1)": [1.2869069576263428, 1.1002105474472046, 0.7128067016601562, 0.92551589012146, -1.3403899669647217, 1.003161072731018, 1.64915132522583], "(2, 0, 1, 1)": [0.6929439306259155, -0.5866421461105347, -1.1523334980010986, 0.468509316444397, -0.2736307382583618, -1.132774829864502, -1.2603756189346313], "(2, 0, 2, 1)": [1.7288891077041626, 1.4677751064300537, 1.5099241733551025, 1.6406680345535278, 1.819035291671753, 1.5001826286315918, 1.753177285194397], "(2, 1, 2, 1)": [1.876926302909851, 1.8197051286697388, 1.800089955329895, 1.840063214302063, 1.821518898010254, 1.8090829849243164, 1.8427499532699585], "(2, 2, 2, 1)": [1.8096975088119507, 1.9175095558166504, 1.9203323125839233, 1.88970947265625, 1.9475799798965454, 1.922074317932129, 1.878913164138794], "(2, 3, 2, 1)": [1.9199299812316895, 1.9280457496643066, 1.9286915063858032, 1.7790992259979248, 1.753261685371399, 1.9087116718292236, 1.919909119606018], "(2, 4, 2, 1)": [1.9475948810577393, 1.9853862524032593, 1.9139273166656494, 1.9557021856307983, 1.8117436170578003, 1.897558569908142, 1.8076858520507812], "(2, 5, 2, 1)": [1.5400099754333496, 1.9966204166412354, 1.5860137939453125, 1.8921951055526733, 1.9988571405410767, 1.9445165395736694, 1.9767208099365234], "(2, 5, 1, 1)": [1.9830163717269897, 1.996270775794983, 1.9984692335128784, 1.99825119972229, 1.997100591659546, 1.9826401472091675, 1.9957313537597656], "(3, 6, 2, 1)": [1.8372995853424072, 1.6979048252105713, 1.750232458114624, 1.845247507095337, 1.873956322669983, 1.508854627609253, 1.8063900470733643], "(3, 6, 1, 1)": [1.8058874607086182, 1.067613124847412, 1.827736735343933, 1.8526617288589478, 1.912251591682434, 1.8870785236358643, 1.9103577136993408], "(3, 5, 1, 1)": [1.4039630889892578, 1.77825927734375, 1.0664552450180054, 1.52360200881958, 1.0784510374069214, 1.9374029636383057, 1.0481985807418823], "(3, 4, 0, 0)": [0.0, 0.0, 0.0, 0.0, 0.890937864780426, 0.0, 0.0], "(3, 4, 1, 1)": [1.655431866645813, 1.6859127283096313, 0.8856096267700195, 1.0723347663879395, 0.8973429203033447, 1.3721363544464111, 0.9960973858833313], "(3, 3, 1, 1)": [0.9952380061149597, 0.0, 0.8817663788795471, 1.0020424127578735, 0.0, 0.9530583024024963, 0.0], "(3, 2, 1, 1)": [0.9177842736244202, 1.1468799114227295, 0.0, 0.8405566215515137, 0.8522042632102966, 0.9380580186843872, 0.9650872349739075], "(3, 2, 2, 1)": [0.0, 0.0, 1.4643579721450806, 0.0, 0.0, 0.0, 0.0], "(3, 1, 1, 1)": [0.778464138507843, 0.0, 0.0, 0.7926341891288757, 0.8225564360618591, 0.8223940134048462, 0.0], "(3, 1, 2, 1)": [1.1796112060546875, 0.0, 0.8213892579078674, 0.8173592686653137, 0.8837727904319763, 0.0, 0.0], "(3, 0, 1, 1)": [0.0, 0.0, 0.0, -1.903813362121582, -1.9589838981628418, 0.0, 0.0], "(2, 8, 1, 1)": [1.8673055171966553, 1.7088943719863892, 1.8268564939498901, 1.8400243520736694, 1.8496410846710205, 1.8371840715408325, 1.626725673675537], "(2, 8, 2, 1)": [1.7906757593154907, 1.7857768535614014, 1.8304393291473389, 1.760097622871399, 1.791978120803833, 1.6651793718338013, 1.723350167274475], "(2, 2, 1, 1)": [1.8422704935073853, 1.7858588695526123, 1.8964080810546875, 1.8656861782073975, 1.8490123748779297, 1.8751435279846191, 1.6895731687545776], "(2, 3, 1, 1)": [1.9077550172805786, 1.9256463050842285, 1.9391467571258545, 1.891445517539978, 1.9451907873153687, 1.929468035697937, 1.8854920864105225], "(2, 1, 1, 1)": [1.3205318450927734, 1.7555713653564453, 1.7501044273376465, 1.7623679637908936, 1.578482985496521, 1.7519700527191162, 0.9365545511245728], "(2, 1, 0, 1)": [1.4413931369781494, 1.4836219549179077, 0.8565508127212524, 1.6360185146331787, 1.4330451488494873, 1.5742855072021484, 0.7540663480758667], "(2, 0, 0, 1)": [-2.332130193710327, -3.4788928031921387, -3.400601863861084, -3.0668678283691406, -3.8537895679473877, -2.5935285091400146, -1.5263431072235107], "(2, 9, 1, 1)": [1.6545771360397339, 1.7468692064285278, 1.7819117307662964, 1.7014514207839966, 1.807660698890686, 1.711688756942749, 1.7367609739303589], "(2, 4, 1, 1)": [1.9768881797790527, 1.940489411354065, 1.972105622291565, 1.9727128744125366, 1.9600828886032104, 1.9735755920410156, 1.9530473947525024], "(2, 5, 0, 1)": [1.9948967695236206, 1.9663360118865967, 1.9953217506408691, 1.9682596921920776, 1.9932398796081543, 1.9886659383773804, 1.9839231967926025], "(2, 10, 2, 2)": [-2.9997119903564453, -3.945615768432617, -2.8506853580474854, -3.8882808685302734, -2.3481647968292236, -3.6679883003234863, -3.1592941284179688], "(2, 4, 0, 1)": [1.9640522003173828, 1.9349545240402222, 1.9719281196594238, 1.9730678796768188, 1.9161605834960938, 1.969327688217163, 1.9809272289276123], "(2, 3, 0, 1)": [1.9140413999557495, 1.804972767829895, 1.8718392848968506, 1.3479959964752197, 1.9251331090927124, 1.894299030303955, 1.922909140586853], "(2, 2, 0, 1)": [1.689456820487976, 1.65334153175354, 1.7241847515106201, 1.7733938694000244, 1.4843122959136963, 1.7667629718780518, 1.6351966857910156], "(2, 2, 0, 0)": [1.3991336822509766, 1.6920926570892334, 0.9943780303001404, 0.9791166186332703, 1.6865872144699097, 1.538299560546875, 1.7780016660690308], "(2, 7, 0, 1)": [1.8889312744140625, 1.9370296001434326, 1.9292391538619995, 1.5851223468780518, 1.9346662759780884, 1.9391729831695557, 1.9518582820892334], "(2, 1, 0, 0)": [-0.3554629981517792, -0.5345950126647949, -0.1836453676223755, -0.855525553226471, 0.029241710901260376, -0.1573934555053711, 0.011958867311477661], "(2, 0, 0, 0)": [-3.4243381023406982, -2.7916431427001953, -2.759746551513672, -3.46749210357666, -3.5893282890319824, -3.406907558441162, -3.365126609802246], "(2, 8, 0, 1)": [1.5295162200927734, 1.8308556079864502, 1.9552491903305054, 1.872539758682251, 1.8323438167572021, 1.8208204507827759, 1.7577054500579834], "(2, 5, 0, 0)": [1.5442529916763306, 1.3862814903259277, 0.0, 1.759950876235962, 1.0267726182937622, 1.8728971481323242, 1.7924333810806274], "(2, 9, 0, 1)": [1.7790831327438354, 1.7680844068527222, 1.7379803657531738, 1.823595643043518, 1.7807209491729736, 1.8648954629898071, 1.7640326023101807], "(1, 0, 0, 0)": [-1.9870550632476807, 0.0, -2.8433210849761963, 0.0, 0.0, 0.0, -1.959884762763977], "(3, 7, 2, 1)": [1.0221328735351562, 1.8284579515457153, 1.7853624820709229, 1.81684410572052, 1.7176417112350464, 1.9190568923950195, 1.6407654285430908], "(3, 7, 1, 1)": [1.9234153032302856, 1.833864450454712, 1.7104824781417847, 1.887090802192688, 1.9222521781921387, 1.6195154190063477, 1.8471078872680664], "(3, 5, 0, 1)": [1.7067970037460327, 0.0, 1.7108192443847656, 0.0, 0.9899628162384033, 0.0, 0.0], "(3, 4, 0, 1)": [1.4632245302200317, 1.8106346130371094, 1.4751216173171997, 0.0, 0.0, 0.0, 0.0], "(3, 3, 0, 1)": [0.0, 0.0, 0.0, 0.0, 0.0, 0.8461158871650696, 0.0],